ISO-10303-21;
HEADER;
/* Generated by software containing ST-Developer
 * from STEP Tools, Inc. (www.steptools.com) 
 */

FILE_DESCRIPTION(
/* description */ ('',
'CAx-IF Rec.Pracs.---Representation and Presentation of Product Manufa
cturing Information (PMI)---4.0---2014-10-13'),
/* implementation_level */ '2;1');

FILE_NAME(
/* name */ 'case-5-right-metal.step',
/* time_stamp */ '2025-01-25T21:11:48-05:00',
/* author */ (''),
/* organization */ (''),
/* preprocessor_version */ 'ST-DEVELOPER v20',
/* originating_system */ 'Autodesk Translation Framework v13.20.0.188',

/* authorisation */ '');

FILE_SCHEMA (('AP242_MANAGED_MODEL_BASED_3D_ENGINEERING_MIM_LF { 1 0 10303 442 1 1 4 }'));
ENDSEC;

DATA;
#10=MECHANICAL_DESIGN_GEOMETRIC_PRESENTATION_REPRESENTATION('',(#13),#5944);
#11=SHAPE_REPRESENTATION_RELATIONSHIP('SRR','None',#5951,#12);
#12=ADVANCED_BREP_SHAPE_REPRESENTATION('',(#14),#5943);
#13=STYLED_ITEM('',(#5961),#14);
#14=MANIFOLD_SOLID_BREP('right',#3210);
#15=B_SPLINE_SURFACE_WITH_KNOTS('',3,3,((#5849,#5850,#5851,#5852,#5853),
(#5854,#5855,#5856,#5857,#5858),(#5859,#5860,#5861,#5862,#5863),(#5864,
#5865,#5866,#5867,#5868),(#5869,#5870,#5871,#5872,#5873),(#5874,#5875,#5876,
#5877,#5878)),.UNSPECIFIED.,.F.,.F.,.F.,(4,1,1,4),(4,1,4),(0.,0.285714285714286,
0.571428571428571,1.),(0.,0.104864923939937,0.209729847879874),
 .UNSPECIFIED.);
#16=SPHERICAL_SURFACE('',#3640,1.);
#17=SPHERICAL_SURFACE('',#3648,1.);
#18=SPHERICAL_SURFACE('',#3649,1.);
#19=SPHERICAL_SURFACE('',#3650,1.);
#20=ELLIPSE('',#3385,0.50973535285171,0.5);
#21=ELLIPSE('',#3386,0.706688775729321,0.5);
#22=ELLIPSE('',#3388,0.517682765995061,0.5);
#23=ELLIPSE('',#3390,0.561450035399742,0.5);
#24=ELLIPSE('',#3496,0.544351704626017,0.5);
#25=(
BOUNDED_SURFACE()
B_SPLINE_SURFACE(2,2,((#4938,#4939,#4940),(#4941,#4942,#4943),(#4944,#4945,
#4946)),.UNSPECIFIED.,.F.,.F.,.F.)
B_SPLINE_SURFACE_WITH_KNOTS((3,3),(3,3),(0.,1.5707963267949),(4.15990730729203E-8,
1.5707963267949),.UNSPECIFIED.)
GEOMETRIC_REPRESENTATION_ITEM()
RATIONAL_B_SPLINE_SURFACE(((1.,0.707106795894041,1.),(0.707106781186538,
0.500000010399761,0.707106781186538),(1.,0.707106795894041,1.)))
REPRESENTATION_ITEM('')
SURFACE()
);
#26=(
BOUNDED_SURFACE()
B_SPLINE_SURFACE(2,2,((#4964,#4965,#4966),(#4967,#4968,#4969),(#4970,#4971,
#4972)),.UNSPECIFIED.,.F.,.F.,.F.)
B_SPLINE_SURFACE_WITH_KNOTS((3,3),(3,3),(0.,1.5707963267949),(0.339836898917409,
1.5707963267949),.UNSPECIFIED.)
GEOMETRIC_REPRESENTATION_ITEM()
RATIONAL_B_SPLINE_SURFACE(((1.,0.816496577886039,1.),(0.707106781186538,
0.577350267038821,0.707106781186538),(1.,0.816496577886039,1.)))
REPRESENTATION_ITEM('')
SURFACE()
);
#27=(
BOUNDED_SURFACE()
B_SPLINE_SURFACE(2,2,((#4990,#4991,#4992),(#4993,#4994,#4995),(#4996,#4997,
#4998)),.UNSPECIFIED.,.F.,.F.,.F.)
B_SPLINE_SURFACE_WITH_KNOTS((3,3),(3,3),(0.,1.5707963267949),(0.848062073349359,
1.5707963267949),.UNSPECIFIED.)
GEOMETRIC_REPRESENTATION_ITEM()
RATIONAL_B_SPLINE_SURFACE(((1.,0.935414345697858,1.),(0.707106781186538,
0.661437827062124,0.707106781186538),(1.,0.935414345697858,1.)))
REPRESENTATION_ITEM('')
SURFACE()
);
#28=(
BOUNDED_SURFACE()
B_SPLINE_SURFACE(2,2,((#5010,#5011,#5012),(#5013,#5014,#5015),(#5016,#5017,
#5018)),.UNSPECIFIED.,.F.,.F.,.F.)
B_SPLINE_SURFACE_WITH_KNOTS((3,3),(3,3),(0.,1.5707963267949),(1.5707963267949,
2.51876591529509),.UNSPECIFIED.)
GEOMETRIC_REPRESENTATION_ITEM()
RATIONAL_B_SPLINE_SURFACE(((1.,0.889756555893149,1.),(0.707106781186538,
0.629152894277224,0.707106781186538),(1.,0.889756555893149,1.)))
REPRESENTATION_ITEM('')
SURFACE()
);
#29=(
BOUNDED_SURFACE()
B_SPLINE_SURFACE(2,2,((#5036,#5037,#5038),(#5039,#5040,#5041),(#5042,#5043,
#5044)),.UNSPECIFIED.,.F.,.F.,.F.)
B_SPLINE_SURFACE_WITH_KNOTS((3,3),(3,3),(0.,1.5707963267949),(1.5707963267949,
2.15648211062051),.UNSPECIFIED.)
GEOMETRIC_REPRESENTATION_ITEM()
RATIONAL_B_SPLINE_SURFACE(((1.,0.957427073062132,1.),(0.707106781186538,
0.677003175853813,0.707106781186538),(1.,0.957427073062132,1.)))
REPRESENTATION_ITEM('')
SURFACE()
);
#30=(
BOUNDED_SURFACE()
B_SPLINE_SURFACE(2,2,((#5062,#5063,#5064),(#5065,#5066,#5067),(#5068,#5069,
#5070)),.UNSPECIFIED.,.F.,.F.,.F.)
B_SPLINE_SURFACE_WITH_KNOTS((3,3),(3,3),(0.,1.57079632679491),(1.5707963267949,
3.14159265358979),.UNSPECIFIED.)
GEOMETRIC_REPRESENTATION_ITEM()
RATIONAL_B_SPLINE_SURFACE(((1.,0.707106781186548,1.),(0.707106781186547,
0.5,0.707106781186547),(1.,0.707106781186548,1.)))
REPRESENTATION_ITEM('')
SURFACE()
);
#31=(
BOUNDED_SURFACE()
B_SPLINE_SURFACE(2,2,((#5082,#5083,#5084),(#5085,#5086,#5087),(#5088,#5089,
#5090)),.UNSPECIFIED.,.F.,.F.,.F.)
B_SPLINE_SURFACE_WITH_KNOTS((3,3),(3,3),(0.,1.5707963267949),(-3.14159265358979,
-2.61853346348185),.UNSPECIFIED.)
GEOMETRIC_REPRESENTATION_ITEM()
RATIONAL_B_SPLINE_SURFACE(((1.,0.965995618634939,1.),(0.707106781186538,
0.68306205253325,0.707106781186538),(1.,0.965995618634939,1.)))
REPRESENTATION_ITEM('')
SURFACE()
);
#32=(
BOUNDED_SURFACE()
B_SPLINE_SURFACE(2,2,((#5102,#5103,#5104),(#5105,#5106,#5107),(#5108,#5109,
#5110)),.UNSPECIFIED.,.F.,.F.,.F.)
B_SPLINE_SURFACE_WITH_KNOTS((3,3),(3,3),(0.,1.5707963267949),(-2.61853346348185,
-1.04773713668704),.UNSPECIFIED.)
GEOMETRIC_REPRESENTATION_ITEM()
RATIONAL_B_SPLINE_SURFACE(((1.,0.707106781186577,1.),(0.707106781186538,
0.500000000000014,0.707106781186538),(1.,0.707106781186577,1.)))
REPRESENTATION_ITEM('')
SURFACE()
);
#33=(
BOUNDED_SURFACE()
B_SPLINE_SURFACE(2,2,((#5134,#5135,#5136),(#5137,#5138,#5139),(#5140,#5141,
#5142)),.UNSPECIFIED.,.F.,.F.,.F.)
B_SPLINE_SURFACE_WITH_KNOTS((3,3),(3,3),(0.,1.5707963267949),(-1.43924645877898,
-0.626314603607059),.UNSPECIFIED.)
GEOMETRIC_REPRESENTATION_ITEM()
RATIONAL_B_SPLINE_SURFACE(((1.,0.918523806852964,1.),(0.707106781186538,
0.649494412507004,0.707106781186538),(1.,0.918523806852964,1.)))
REPRESENTATION_ITEM('')
SURFACE()
);
#34=(
BOUNDED_SURFACE()
B_SPLINE_SURFACE(2,2,((#5166,#5167,#5168),(#5169,#5170,#5171),(#5172,#5173,
#5174)),.UNSPECIFIED.,.F.,.F.,.F.)
B_SPLINE_SURFACE_WITH_KNOTS((3,3),(3,3),(-3.70074341541721E-16,1.5707963267949),
(-1.5707963267949,-0.523598756719088),.UNSPECIFIED.)
GEOMETRIC_REPRESENTATION_ITEM()
RATIONAL_B_SPLINE_SURFACE(((1.,0.866025399064636,1.),(0.707106781186538,
0.612372432358381,0.707106781186538),(1.,0.866025399064636,1.)))
REPRESENTATION_ITEM('')
SURFACE()
);
#35=(
BOUNDED_SURFACE()
B_SPLINE_SURFACE(2,2,((#5284,#5285,#5286),(#5287,#5288,#5289),(#5290,#5291,
#5292)),.UNSPECIFIED.,.F.,.F.,.F.)
B_SPLINE_SURFACE_WITH_KNOTS((3,3),(3,3),(-1.57079632679491,0.),(-3.14159265358979,
-1.57079622876352),.UNSPECIFIED.)
GEOMETRIC_REPRESENTATION_ITEM()
RATIONAL_B_SPLINE_SURFACE(((1.,0.70710674652722,1.),(0.707106781186409,
0.499999975492057,0.707106781186409),(1.,0.70710674652722,1.)))
REPRESENTATION_ITEM('')
SURFACE()
);
#36=(
BOUNDED_SURFACE()
B_SPLINE_SURFACE(2,2,((#5316,#5317,#5318),(#5319,#5320,#5321),(#5322,#5323,
#5324)),.UNSPECIFIED.,.F.,.F.,.F.)
B_SPLINE_SURFACE_WITH_KNOTS((3,3),(3,3),(-1.57079632679492,0.),(-3.14159265358979,
-1.5707963267949),.UNSPECIFIED.)
GEOMETRIC_REPRESENTATION_ITEM()
RATIONAL_B_SPLINE_SURFACE(((1.,0.707106781186548,1.),(0.707106781186409,
0.499999999999902,0.707106781186409),(1.,0.707106781186548,1.)))
REPRESENTATION_ITEM('')
SURFACE()
);
#37=(
BOUNDED_SURFACE()
B_SPLINE_SURFACE(2,2,((#5360,#5361,#5362),(#5363,#5364,#5365),(#5366,#5367,
#5368)),.UNSPECIFIED.,.F.,.F.,.F.)
B_SPLINE_SURFACE_WITH_KNOTS((3,3),(3,3),(-1.57079632679492,0.),(-1.5707963267949,
0.),.UNSPECIFIED.)
GEOMETRIC_REPRESENTATION_ITEM()
RATIONAL_B_SPLINE_SURFACE(((1.,0.707106781186548,1.),(0.707106781186409,
0.499999999999902,0.707106781186409),(1.,0.707106781186548,1.)))
REPRESENTATION_ITEM('')
SURFACE()
);
#38=(
BOUNDED_SURFACE()
B_SPLINE_SURFACE(2,2,((#5386,#5387,#5388),(#5389,#5390,#5391),(#5392,#5393,
#5394)),.UNSPECIFIED.,.F.,.F.,.F.)
B_SPLINE_SURFACE_WITH_KNOTS((3,3),(3,3),(-1.5707963267949,0.),(-1.5707963267949,
-4.47034587125466E-8),.UNSPECIFIED.)
GEOMETRIC_REPRESENTATION_ITEM()
RATIONAL_B_SPLINE_SURFACE(((1.,0.707106796991607,1.),(0.707106781186619,
0.500000011175915,0.707106781186619),(1.,0.707106796991607,1.)))
REPRESENTATION_ITEM('')
SURFACE()
);
#39=(
BOUNDED_SURFACE()
B_SPLINE_SURFACE(2,2,((#5406,#5407,#5408),(#5409,#5410,#5411),(#5412,#5413,
#5414)),.UNSPECIFIED.,.F.,.F.,.F.)
B_SPLINE_SURFACE_WITH_KNOTS((3,3),(3,3),(-1.57079632679495,0.),(0.,1.5707963267949),
 .UNSPECIFIED.)
GEOMETRIC_REPRESENTATION_ITEM()
RATIONAL_B_SPLINE_SURFACE(((1.,0.707106781186548,1.),(0.70710678118653,
0.499999999999988,0.70710678118653),(1.,0.707106781186548,1.)))
REPRESENTATION_ITEM('')
SURFACE()
);
#40=(
BOUNDED_SURFACE()
B_SPLINE_SURFACE(2,2,((#5450,#5451,#5452),(#5453,#5454,#5455),(#5456,#5457,
#5458)),.UNSPECIFIED.,.F.,.F.,.F.)
B_SPLINE_SURFACE_WITH_KNOTS((3,3),(3,3),(-1.57079632679492,0.),(-1.5707963267949,
0.),.UNSPECIFIED.)
GEOMETRIC_REPRESENTATION_ITEM()
RATIONAL_B_SPLINE_SURFACE(((1.,0.707106781186548,1.),(0.707106781186529,
0.499999999999987,0.707106781186529),(1.,0.707106781186548,1.)))
REPRESENTATION_ITEM('')
SURFACE()
);
#41=(
BOUNDED_SURFACE()
B_SPLINE_SURFACE(2,2,((#5482,#5483,#5484),(#5485,#5486,#5487),(#5488,#5489,
#5490)),.UNSPECIFIED.,.F.,.F.,.F.)
B_SPLINE_SURFACE_WITH_KNOTS((3,3),(3,3),(-1.5707963267949,3.5527136788005E-13),
(-3.14159265358979,-1.5707963267949),.UNSPECIFIED.)
GEOMETRIC_REPRESENTATION_ITEM()
RATIONAL_B_SPLINE_SURFACE(((1.,0.707106781186548,1.),(0.707106781186434,
0.49999999999992,0.707106781186434),(1.,0.707106781186548,1.)))
REPRESENTATION_ITEM('')
SURFACE()
);
#42=(
BOUNDED_SURFACE()
B_SPLINE_SURFACE(2,2,((#5526,#5527,#5528),(#5529,#5530,#5531),(#5532,#5533,
#5534)),.UNSPECIFIED.,.F.,.F.,.F.)
B_SPLINE_SURFACE_WITH_KNOTS((3,3),(3,3),(-1.57079632679495,0.),(1.5707963267949,
3.14159265358979),.UNSPECIFIED.)
GEOMETRIC_REPRESENTATION_ITEM()
RATIONAL_B_SPLINE_SURFACE(((1.,0.707106781186548,1.),(0.707106781186524,
0.499999999999983,0.707106781186524),(1.,0.707106781186548,1.)))
REPRESENTATION_ITEM('')
SURFACE()
);
#43=B_SPLINE_CURVE_WITH_KNOTS('',3,(#4921,#4922,#4923,#4924,#4925,#4926,
#4927,#4928,#4929,#4930,#4931,#4932,#4933,#4934),.UNSPECIFIED.,.F.,.F.,
(4,2,2,2,2,2,4),(-0.484631312656085,-0.483694519570603,-0.415596801307413,
-0.347006142149966,-0.228373258600855,-0.113395559859937,0.),
 .UNSPECIFIED.);
#44=B_SPLINE_CURVE_WITH_KNOTS('',3,(#5566,#5567,#5568,#5569,#5570),
 .UNSPECIFIED.,.F.,.F.,(4,1,4),(-0.209729847879874,-0.104864923939937,0.),
 .UNSPECIFIED.);
#45=B_SPLINE_CURVE_WITH_KNOTS('',3,(#5771,#5772,#5773,#5774,#5775,#5776,
#5777,#5778,#5779,#5780,#5781,#5782,#5783,#5784),.UNSPECIFIED.,.F.,.F.,
(4,2,2,2,2,2,4),(-0.000484845497469458,0.,0.0220260445068924,0.043953211592182,
0.0838518226967361,0.122362603965476,0.160228362338735),.UNSPECIFIED.);
#46=B_SPLINE_CURVE_WITH_KNOTS('',3,(#5879,#5880,#5881,#5882,#5883),
 .UNSPECIFIED.,.F.,.F.,(4,1,4),(0.,0.104864923939937,0.209729847879874),
 .UNSPECIFIED.);
#47=CYLINDRICAL_SURFACE('',#3272,0.799999999999983);
#48=CYLINDRICAL_SURFACE('',#3274,0.800000000000001);
#49=CYLINDRICAL_SURFACE('',#3277,0.800000000000001);
#50=CYLINDRICAL_SURFACE('',#3280,0.800000000000001);
#51=CYLINDRICAL_SURFACE('',#3283,3.);
#52=CYLINDRICAL_SURFACE('',#3288,3.);
#53=CYLINDRICAL_SURFACE('',#3297,3.);
#54=CYLINDRICAL_SURFACE('',#3306,3.);
#55=CYLINDRICAL_SURFACE('',#3315,3.);
#56=CYLINDRICAL_SURFACE('',#3324,3.);
#57=CYLINDRICAL_SURFACE('',#3329,3.);
#58=CYLINDRICAL_SURFACE('',#3334,3.);
#59=CYLINDRICAL_SURFACE('',#3339,3.);
#60=CYLINDRICAL_SURFACE('',#3345,3.);
#61=CYLINDRICAL_SURFACE('',#3350,3.);
#62=CYLINDRICAL_SURFACE('',#3356,3.);
#63=CYLINDRICAL_SURFACE('',#3360,5.99999999999999);
#64=CYLINDRICAL_SURFACE('',#3362,6.);
#65=CYLINDRICAL_SURFACE('',#3365,6.);
#66=CYLINDRICAL_SURFACE('',#3367,6.);
#67=CYLINDRICAL_SURFACE('',#3370,6.);
#68=CYLINDRICAL_SURFACE('',#3372,5.99999999999999);
#69=CYLINDRICAL_SURFACE('',#3375,6.);
#70=CYLINDRICAL_SURFACE('',#3377,6.);
#71=CYLINDRICAL_SURFACE('',#3380,6.);
#72=CYLINDRICAL_SURFACE('',#3384,0.5);
#73=CYLINDRICAL_SURFACE('',#3387,0.5);
#74=CYLINDRICAL_SURFACE('',#3389,0.5);
#75=CYLINDRICAL_SURFACE('',#3396,0.5);
#76=CYLINDRICAL_SURFACE('',#3402,0.5);
#77=CYLINDRICAL_SURFACE('',#3407,0.5);
#78=CYLINDRICAL_SURFACE('',#3413,0.5);
#79=CYLINDRICAL_SURFACE('',#3418,0.5);
#80=CYLINDRICAL_SURFACE('',#3424,0.5);
#81=CYLINDRICAL_SURFACE('',#3430,0.5);
#82=CYLINDRICAL_SURFACE('',#3435,0.5);
#83=CYLINDRICAL_SURFACE('',#3444,0.5);
#84=CYLINDRICAL_SURFACE('',#3449,0.5);
#85=CYLINDRICAL_SURFACE('',#3455,0.5);
#86=CYLINDRICAL_SURFACE('',#3461,0.5);
#87=CYLINDRICAL_SURFACE('',#3466,0.5);
#88=CYLINDRICAL_SURFACE('',#3472,0.5);
#89=CYLINDRICAL_SURFACE('',#3477,0.5);
#90=CYLINDRICAL_SURFACE('',#3483,0.5);
#91=CYLINDRICAL_SURFACE('',#3489,0.5);
#92=CYLINDRICAL_SURFACE('',#3494,0.5);
#93=CYLINDRICAL_SURFACE('',#3495,0.5);
#94=CYLINDRICAL_SURFACE('',#3497,0.5);
#95=CYLINDRICAL_SURFACE('',#3498,1.);
#96=CYLINDRICAL_SURFACE('',#3501,1.);
#97=CYLINDRICAL_SURFACE('',#3504,1.);
#98=CYLINDRICAL_SURFACE('',#3508,1.);
#99=CYLINDRICAL_SURFACE('',#3511,1.);
#100=CYLINDRICAL_SURFACE('',#3514,1.);
#101=CYLINDRICAL_SURFACE('',#3517,1.);
#102=CYLINDRICAL_SURFACE('',#3519,1.);
#103=CYLINDRICAL_SURFACE('',#3520,1.);
#104=CYLINDRICAL_SURFACE('',#3522,1.);
#105=CYLINDRICAL_SURFACE('',#3524,1.);
#106=CYLINDRICAL_SURFACE('',#3526,1.);
#107=CYLINDRICAL_SURFACE('',#3528,1.);
#108=CYLINDRICAL_SURFACE('',#3530,1.);
#109=CYLINDRICAL_SURFACE('',#3532,1.);
#110=CYLINDRICAL_SURFACE('',#3534,1.);
#111=CYLINDRICAL_SURFACE('',#3536,1.);
#112=CYLINDRICAL_SURFACE('',#3538,1.);
#113=CYLINDRICAL_SURFACE('',#3544,1.);
#114=CYLINDRICAL_SURFACE('',#3549,1.);
#115=CYLINDRICAL_SURFACE('',#3551,1.);
#116=CYLINDRICAL_SURFACE('',#3554,1.);
#117=CYLINDRICAL_SURFACE('',#3560,1.);
#118=CYLINDRICAL_SURFACE('',#3565,1.);
#119=CYLINDRICAL_SURFACE('',#3572,1.);
#120=CYLINDRICAL_SURFACE('',#3578,1.);
#121=CYLINDRICAL_SURFACE('',#3584,1.);
#122=CYLINDRICAL_SURFACE('',#3590,1.);
#123=CYLINDRICAL_SURFACE('',#3596,1.);
#124=CYLINDRICAL_SURFACE('',#3601,1.);
#125=CYLINDRICAL_SURFACE('',#3606,1.);
#126=CYLINDRICAL_SURFACE('',#3614,1.);
#127=CYLINDRICAL_SURFACE('',#3622,1.);
#128=CYLINDRICAL_SURFACE('',#3630,1.);
#129=CYLINDRICAL_SURFACE('',#3638,1.);
#130=CYLINDRICAL_SURFACE('',#3646,1.);
#131=CYLINDRICAL_SURFACE('',#3652,6.);
#132=CYLINDRICAL_SURFACE('',#3654,6.);
#133=CYLINDRICAL_SURFACE('',#3656,6.);
#134=CYLINDRICAL_SURFACE('',#3658,6.);
#135=CYLINDRICAL_SURFACE('',#3662,1.);
#136=CYLINDRICAL_SURFACE('',#3663,6.);
#137=CYLINDRICAL_SURFACE('',#3664,6.);
#138=CYLINDRICAL_SURFACE('',#3665,6.);
#139=CYLINDRICAL_SURFACE('',#3666,1.);
#140=FACE_BOUND('',#808,.T.);
#141=FACE_BOUND('',#812,.T.);
#142=FACE_BOUND('',#816,.T.);
#143=FACE_BOUND('',#820,.T.);
#144=FACE_BOUND('',#822,.T.);
#145=FACE_BOUND('',#823,.T.);
#146=FACE_BOUND('',#824,.T.);
#147=FACE_BOUND('',#825,.T.);
#148=PLANE('',#3231);
#149=PLANE('',#3240);
#150=PLANE('',#3249);
#151=PLANE('',#3258);
#152=PLANE('',#3260);
#153=PLANE('',#3276);
#154=PLANE('',#3279);
#155=PLANE('',#3282);
#156=PLANE('',#3364);
#157=PLANE('',#3369);
#158=PLANE('',#3374);
#159=PLANE('',#3379);
#160=PLANE('',#3382);
#161=PLANE('',#3383);
#162=PLANE('',#3500);
#163=PLANE('',#3503);
#164=PLANE('',#3506);
#165=PLANE('',#3510);
#166=PLANE('',#3513);
#167=PLANE('',#3516);
#168=PLANE('',#3521);
#169=PLANE('',#3523);
#170=PLANE('',#3525);
#171=PLANE('',#3527);
#172=PLANE('',#3529);
#173=PLANE('',#3531);
#174=PLANE('',#3533);
#175=PLANE('',#3535);
#176=PLANE('',#3537);
#177=PLANE('',#3651);
#178=PLANE('',#3653);
#179=PLANE('',#3655);
#180=PLANE('',#3657);
#181=PLANE('',#3659);
#182=PLANE('',#3660);
#183=PLANE('',#3661);
#184=PLANE('',#3667);
#185=PLANE('',#3668);
#186=PLANE('',#3669);
#187=PLANE('',#3670);
#188=PLANE('',#3671);
#189=PLANE('',#3672);
#190=PLANE('',#3673);
#191=PLANE('',#3674);
#192=PLANE('',#3675);
#193=LINE('',#4795,#394);
#194=LINE('',#4810,#395);
#195=LINE('',#4825,#396);
#196=LINE('',#4840,#397);
#197=LINE('',#4849,#398);
#198=LINE('',#4851,#399);
#199=LINE('',#4853,#400);
#200=LINE('',#4855,#401);
#201=LINE('',#4857,#402);
#202=LINE('',#4859,#403);
#203=LINE('',#4863,#404);
#204=LINE('',#4867,#405);
#205=LINE('',#4871,#406);
#206=LINE('',#4875,#407);
#207=LINE('',#4879,#408);
#208=LINE('',#4883,#409);
#209=LINE('',#4887,#410);
#210=LINE('',#4891,#411);
#211=LINE('',#4896,#412);
#212=LINE('',#4899,#413);
#213=LINE('',#4903,#414);
#214=LINE('',#4908,#415);
#215=LINE('',#4913,#416);
#216=LINE('',#4919,#417);
#217=LINE('',#4936,#418);
#218=LINE('',#4956,#419);
#219=LINE('',#4957,#420);
#220=LINE('',#4982,#421);
#221=LINE('',#4983,#422);
#222=LINE('',#5008,#423);
#223=LINE('',#5009,#424);
#224=LINE('',#5034,#425);
#225=LINE('',#5035,#426);
#226=LINE('',#5060,#427);
#227=LINE('',#5061,#428);
#228=LINE('',#5080,#429);
#229=LINE('',#5081,#430);
#230=LINE('',#5100,#431);
#231=LINE('',#5101,#432);
#232=LINE('',#5120,#433);
#233=LINE('',#5121,#434);
#234=LINE('',#5132,#435);
#235=LINE('',#5133,#436);
#236=LINE('',#5152,#437);
#237=LINE('',#5153,#438);
#238=LINE('',#5164,#439);
#239=LINE('',#5165,#440);
#240=LINE('',#5179,#441);
#241=LINE('',#5182,#442);
#242=LINE('',#5186,#443);
#243=LINE('',#5189,#444);
#244=LINE('',#5190,#445);
#245=LINE('',#5194,#446);
#246=LINE('',#5198,#447);
#247=LINE('',#5201,#448);
#248=LINE('',#5202,#449);
#249=LINE('',#5206,#450);
#250=LINE('',#5210,#451);
#251=LINE('',#5213,#452);
#252=LINE('',#5214,#453);
#253=LINE('',#5218,#454);
#254=LINE('',#5222,#455);
#255=LINE('',#5225,#456);
#256=LINE('',#5226,#457);
#257=LINE('',#5230,#458);
#258=LINE('',#5233,#459);
#259=LINE('',#5234,#460);
#260=LINE('',#5239,#461);
#261=LINE('',#5243,#462);
#262=LINE('',#5247,#463);
#263=LINE('',#5249,#464);
#264=LINE('',#5254,#465);
#265=LINE('',#5258,#466);
#266=LINE('',#5270,#467);
#267=LINE('',#5271,#468);
#268=LINE('',#5282,#469);
#269=LINE('',#5283,#470);
#270=LINE('',#5302,#471);
#271=LINE('',#5303,#472);
#272=LINE('',#5314,#473);
#273=LINE('',#5315,#474);
#274=LINE('',#5334,#475);
#275=LINE('',#5335,#476);
#276=LINE('',#5346,#477);
#277=LINE('',#5347,#478);
#278=LINE('',#5358,#479);
#279=LINE('',#5359,#480);
#280=LINE('',#5378,#481);
#281=LINE('',#5379,#482);
#282=LINE('',#5404,#483);
#283=LINE('',#5405,#484);
#284=LINE('',#5424,#485);
#285=LINE('',#5425,#486);
#286=LINE('',#5436,#487);
#287=LINE('',#5437,#488);
#288=LINE('',#5448,#489);
#289=LINE('',#5449,#490);
#290=LINE('',#5468,#491);
#291=LINE('',#5469,#492);
#292=LINE('',#5480,#493);
#293=LINE('',#5481,#494);
#294=LINE('',#5500,#495);
#295=LINE('',#5501,#496);
#296=LINE('',#5512,#497);
#297=LINE('',#5513,#498);
#298=LINE('',#5524,#499);
#299=LINE('',#5525,#500);
#300=LINE('',#5541,#501);
#301=LINE('',#5542,#502);
#302=LINE('',#5545,#503);
#303=LINE('',#5548,#504);
#304=LINE('',#5550,#505);
#305=LINE('',#5551,#506);
#306=LINE('',#5554,#507);
#307=LINE('',#5557,#508);
#308=LINE('',#5560,#509);
#309=LINE('',#5561,#510);
#310=LINE('',#5571,#511);
#311=LINE('',#5574,#512);
#312=LINE('',#5575,#513);
#313=LINE('',#5579,#514);
#314=LINE('',#5584,#515);
#315=LINE('',#5585,#516);
#316=LINE('',#5589,#517);
#317=LINE('',#5592,#518);
#318=LINE('',#5593,#519);
#319=LINE('',#5597,#520);
#320=LINE('',#5600,#521);
#321=LINE('',#5601,#522);
#322=LINE('',#5605,#523);
#323=LINE('',#5608,#524);
#324=LINE('',#5609,#525);
#325=LINE('',#5613,#526);
#326=LINE('',#5615,#527);
#327=LINE('',#5616,#528);
#328=LINE('',#5618,#529);
#329=LINE('',#5620,#530);
#330=LINE('',#5622,#531);
#331=LINE('',#5624,#532);
#332=LINE('',#5626,#533);
#333=LINE('',#5628,#534);
#334=LINE('',#5630,#535);
#335=LINE('',#5632,#536);
#336=LINE('',#5634,#537);
#337=LINE('',#5636,#538);
#338=LINE('',#5638,#539);
#339=LINE('',#5640,#540);
#340=LINE('',#5642,#541);
#341=LINE('',#5644,#542);
#342=LINE('',#5646,#543);
#343=LINE('',#5648,#544);
#344=LINE('',#5650,#545);
#345=LINE('',#5652,#546);
#346=LINE('',#5658,#547);
#347=LINE('',#5666,#548);
#348=LINE('',#5674,#549);
#349=LINE('',#5679,#550);
#350=LINE('',#5685,#551);
#351=LINE('',#5688,#552);
#352=LINE('',#5696,#553);
#353=LINE('',#5705,#554);
#354=LINE('',#5707,#555);
#355=LINE('',#5718,#556);
#356=LINE('',#5719,#557);
#357=LINE('',#5730,#558);
#358=LINE('',#5731,#559);
#359=LINE('',#5742,#560);
#360=LINE('',#5743,#561);
#361=LINE('',#5754,#562);
#362=LINE('',#5755,#563);
#363=LINE('',#5766,#564);
#364=LINE('',#5767,#565);
#365=LINE('',#5788,#566);
#366=LINE('',#5797,#567);
#367=LINE('',#5809,#568);
#368=LINE('',#5821,#569);
#369=LINE('',#5833,#570);
#370=LINE('',#5845,#571);
#371=LINE('',#5846,#572);
#372=LINE('',#5891,#573);
#373=LINE('',#5896,#574);
#374=LINE('',#5897,#575);
#375=LINE('',#5899,#576);
#376=LINE('',#5901,#577);
#377=LINE('',#5904,#578);
#378=LINE('',#5906,#579);
#379=LINE('',#5907,#580);
#380=LINE('',#5909,#581);
#381=LINE('',#5911,#582);
#382=LINE('',#5912,#583);
#383=LINE('',#5914,#584);
#384=LINE('',#5916,#585);
#385=LINE('',#5917,#586);
#386=LINE('',#5919,#587);
#387=LINE('',#5921,#588);
#388=LINE('',#5923,#589);
#389=LINE('',#5925,#590);
#390=LINE('',#5927,#591);
#391=LINE('',#5932,#592);
#392=LINE('',#5934,#593);
#393=LINE('',#5936,#594);
#394=VECTOR('',#3692,4.49997812499999);
#395=VECTOR('',#3711,4.49997812499999);
#396=VECTOR('',#3730,4.49997812499999);
#397=VECTOR('',#3749,4.49997812500001);
#398=VECTOR('',#3758,10.);
#399=VECTOR('',#3759,10.);
#400=VECTOR('',#3760,10.);
#401=VECTOR('',#3761,10.);
#402=VECTOR('',#3762,10.);
#403=VECTOR('',#3763,10.);
#404=VECTOR('',#3766,10.);
#405=VECTOR('',#3769,10.);
#406=VECTOR('',#3772,10.);
#407=VECTOR('',#3775,10.);
#408=VECTOR('',#3778,10.);
#409=VECTOR('',#3781,10.);
#410=VECTOR('',#3784,10.);
#411=VECTOR('',#3787,10.);
#412=VECTOR('',#3792,10.);
#413=VECTOR('',#3795,0.799999999999983);
#414=VECTOR('',#3800,0.800000000000001);
#415=VECTOR('',#3807,0.800000000000001);
#416=VECTOR('',#3814,0.800000000000001);
#417=VECTOR('',#3821,10.);
#418=VECTOR('',#3822,10.);
#419=VECTOR('',#3835,10.);
#420=VECTOR('',#3836,10.);
#421=VECTOR('',#3855,10.);
#422=VECTOR('',#3856,10.);
#423=VECTOR('',#3875,10.);
#424=VECTOR('',#3876,10.);
#425=VECTOR('',#3895,10.);
#426=VECTOR('',#3896,10.);
#427=VECTOR('',#3915,10.);
#428=VECTOR('',#3916,10.);
#429=VECTOR('',#3927,10.);
#430=VECTOR('',#3928,10.);
#431=VECTOR('',#3939,10.);
#432=VECTOR('',#3940,10.);
#433=VECTOR('',#3951,10.);
#434=VECTOR('',#3952,10.);
#435=VECTOR('',#3965,10.);
#436=VECTOR('',#3966,10.);
#437=VECTOR('',#3977,10.);
#438=VECTOR('',#3978,10.);
#439=VECTOR('',#3991,10.);
#440=VECTOR('',#3992,10.);
#441=VECTOR('',#3999,6.);
#442=VECTOR('',#4002,10.);
#443=VECTOR('',#4007,10.);
#444=VECTOR('',#4010,10.);
#445=VECTOR('',#4011,6.);
#446=VECTOR('',#4016,10.);
#447=VECTOR('',#4021,10.);
#448=VECTOR('',#4024,10.);
#449=VECTOR('',#4025,10.);
#450=VECTOR('',#4030,10.);
#451=VECTOR('',#4035,10.);
#452=VECTOR('',#4038,10.);
#453=VECTOR('',#4039,6.);
#454=VECTOR('',#4044,10.);
#455=VECTOR('',#4049,10.);
#456=VECTOR('',#4052,10.);
#457=VECTOR('',#4053,10.);
#458=VECTOR('',#4058,10.);
#459=VECTOR('',#4061,10.);
#460=VECTOR('',#4062,10.);
#461=VECTOR('',#4067,10.);
#462=VECTOR('',#4070,10.);
#463=VECTOR('',#4075,10.);
#464=VECTOR('',#4076,10.);
#465=VECTOR('',#4081,10.);
#466=VECTOR('',#4084,10.);
#467=VECTOR('',#4099,10.);
#468=VECTOR('',#4100,10.);
#469=VECTOR('',#4113,10.);
#470=VECTOR('',#4114,10.);
#471=VECTOR('',#4125,10.);
#472=VECTOR('',#4126,10.);
#473=VECTOR('',#4139,10.);
#474=VECTOR('',#4140,10.);
#475=VECTOR('',#4151,10.);
#476=VECTOR('',#4152,10.);
#477=VECTOR('',#4165,10.);
#478=VECTOR('',#4166,10.);
#479=VECTOR('',#4179,10.);
#480=VECTOR('',#4180,10.);
#481=VECTOR('',#4191,10.);
#482=VECTOR('',#4192,10.);
#483=VECTOR('',#4211,10.);
#484=VECTOR('',#4212,10.);
#485=VECTOR('',#4223,10.);
#486=VECTOR('',#4224,10.);
#487=VECTOR('',#4237,10.);
#488=VECTOR('',#4238,10.);
#489=VECTOR('',#4251,10.);
#490=VECTOR('',#4252,10.);
#491=VECTOR('',#4263,10.);
#492=VECTOR('',#4264,10.);
#493=VECTOR('',#4277,10.);
#494=VECTOR('',#4278,10.);
#495=VECTOR('',#4289,10.);
#496=VECTOR('',#4290,10.);
#497=VECTOR('',#4303,10.);
#498=VECTOR('',#4304,10.);
#499=VECTOR('',#4317,10.);
#500=VECTOR('',#4318,10.);
#501=VECTOR('',#4327,10.);
#502=VECTOR('',#4328,10.);
#503=VECTOR('',#4331,10.);
#504=VECTOR('',#4334,10.);
#505=VECTOR('',#4337,10.);
#506=VECTOR('',#4338,10.);
#507=VECTOR('',#4341,10.);
#508=VECTOR('',#4344,10.);
#509=VECTOR('',#4347,10.);
#510=VECTOR('',#4348,10.);
#511=VECTOR('',#4353,10.);
#512=VECTOR('',#4356,10.);
#513=VECTOR('',#4357,10.);
#514=VECTOR('',#4362,10.);
#515=VECTOR('',#4367,10.);
#516=VECTOR('',#4368,10.);
#517=VECTOR('',#4373,10.);
#518=VECTOR('',#4376,10.);
#519=VECTOR('',#4377,10.);
#520=VECTOR('',#4382,10.);
#521=VECTOR('',#4385,10.);
#522=VECTOR('',#4386,10.);
#523=VECTOR('',#4391,10.);
#524=VECTOR('',#4394,10.);
#525=VECTOR('',#4395,10.);
#526=VECTOR('',#4400,10.);
#527=VECTOR('',#4403,10.);
#528=VECTOR('',#4404,10.);
#529=VECTOR('',#4407,10.);
#530=VECTOR('',#4410,10.);
#531=VECTOR('',#4413,10.);
#532=VECTOR('',#4416,10.);
#533=VECTOR('',#4419,10.);
#534=VECTOR('',#4422,10.);
#535=VECTOR('',#4425,10.);
#536=VECTOR('',#4428,10.);
#537=VECTOR('',#4431,10.);
#538=VECTOR('',#4434,10.);
#539=VECTOR('',#4437,10.);
#540=VECTOR('',#4440,10.);
#541=VECTOR('',#4443,10.);
#542=VECTOR('',#4446,10.);
#543=VECTOR('',#4449,10.);
#544=VECTOR('',#4452,10.);
#545=VECTOR('',#4455,10.);
#546=VECTOR('',#4458,10.);
#547=VECTOR('',#4465,10.);
#548=VECTOR('',#4476,10.);
#549=VECTOR('',#4487,10.);
#550=VECTOR('',#4492,10.);
#551=VECTOR('',#4499,10.);
#552=VECTOR('',#4502,10.);
#553=VECTOR('',#4513,10.);
#554=VECTOR('',#4524,10.);
#555=VECTOR('',#4527,10.);
#556=VECTOR('',#4540,10.);
#557=VECTOR('',#4541,10.);
#558=VECTOR('',#4554,10.);
#559=VECTOR('',#4555,10.);
#560=VECTOR('',#4568,10.);
#561=VECTOR('',#4569,10.);
#562=VECTOR('',#4582,10.);
#563=VECTOR('',#4583,10.);
#564=VECTOR('',#4596,10.);
#565=VECTOR('',#4597,10.);
#566=VECTOR('',#4606,10.);
#567=VECTOR('',#4619,10.);
#568=VECTOR('',#4636,10.);
#569=VECTOR('',#4653,10.);
#570=VECTOR('',#4670,10.);
#571=VECTOR('',#4687,10.);
#572=VECTOR('',#4688,10.);
#573=VECTOR('',#4705,10.);
#574=VECTOR('',#4714,10.);
#575=VECTOR('',#4715,10.);
#576=VECTOR('',#4718,10.);
#577=VECTOR('',#4721,10.);
#578=VECTOR('',#4726,10.);
#579=VECTOR('',#4729,10.);
#580=VECTOR('',#4730,10.);
#581=VECTOR('',#4733,10.);
#582=VECTOR('',#4736,10.);
#583=VECTOR('',#4737,10.);
#584=VECTOR('',#4740,10.);
#585=VECTOR('',#4743,10.);
#586=VECTOR('',#4744,10.);
#587=VECTOR('',#4747,10.);
#588=VECTOR('',#4750,10.);
#589=VECTOR('',#4753,10.);
#590=VECTOR('',#4756,10.);
#591=VECTOR('',#4759,10.);
#592=VECTOR('',#4768,10.);
#593=VECTOR('',#4771,10.);
#594=VECTOR('',#4774,10.);
#595=CONICAL_SURFACE('',#3229,4.49997812499999,0.78539816339745);
#596=CONICAL_SURFACE('',#3238,4.49997812499999,0.78539816339745);
#597=CONICAL_SURFACE('',#3247,4.49997812499999,0.78539816339745);
#598=CONICAL_SURFACE('',#3256,4.49997812500001,0.78539816339745);
#599=FACE_OUTER_BOUND('',#805,.T.);
#600=FACE_OUTER_BOUND('',#806,.T.);
#601=FACE_OUTER_BOUND('',#807,.T.);
#602=FACE_OUTER_BOUND('',#809,.T.);
#603=FACE_OUTER_BOUND('',#810,.T.);
#604=FACE_OUTER_BOUND('',#811,.T.);
#605=FACE_OUTER_BOUND('',#813,.T.);
#606=FACE_OUTER_BOUND('',#814,.T.);
#607=FACE_OUTER_BOUND('',#815,.T.);
#608=FACE_OUTER_BOUND('',#817,.T.);
#609=FACE_OUTER_BOUND('',#818,.T.);
#610=FACE_OUTER_BOUND('',#819,.T.);
#611=FACE_OUTER_BOUND('',#821,.T.);
#612=FACE_OUTER_BOUND('',#826,.T.);
#613=FACE_OUTER_BOUND('',#827,.T.);
#614=FACE_OUTER_BOUND('',#828,.T.);
#615=FACE_OUTER_BOUND('',#829,.T.);
#616=FACE_OUTER_BOUND('',#830,.T.);
#617=FACE_OUTER_BOUND('',#831,.T.);
#618=FACE_OUTER_BOUND('',#832,.T.);
#619=FACE_OUTER_BOUND('',#833,.T.);
#620=FACE_OUTER_BOUND('',#834,.T.);
#621=FACE_OUTER_BOUND('',#835,.T.);
#622=FACE_OUTER_BOUND('',#836,.T.);
#623=FACE_OUTER_BOUND('',#837,.T.);
#624=FACE_OUTER_BOUND('',#838,.T.);
#625=FACE_OUTER_BOUND('',#839,.T.);
#626=FACE_OUTER_BOUND('',#840,.T.);
#627=FACE_OUTER_BOUND('',#841,.T.);
#628=FACE_OUTER_BOUND('',#842,.T.);
#629=FACE_OUTER_BOUND('',#843,.T.);
#630=FACE_OUTER_BOUND('',#844,.T.);
#631=FACE_OUTER_BOUND('',#845,.T.);
#632=FACE_OUTER_BOUND('',#846,.T.);
#633=FACE_OUTER_BOUND('',#847,.T.);
#634=FACE_OUTER_BOUND('',#848,.T.);
#635=FACE_OUTER_BOUND('',#849,.T.);
#636=FACE_OUTER_BOUND('',#850,.T.);
#637=FACE_OUTER_BOUND('',#851,.T.);
#638=FACE_OUTER_BOUND('',#852,.T.);
#639=FACE_OUTER_BOUND('',#853,.T.);
#640=FACE_OUTER_BOUND('',#854,.T.);
#641=FACE_OUTER_BOUND('',#855,.T.);
#642=FACE_OUTER_BOUND('',#856,.T.);
#643=FACE_OUTER_BOUND('',#857,.T.);
#644=FACE_OUTER_BOUND('',#858,.T.);
#645=FACE_OUTER_BOUND('',#859,.T.);
#646=FACE_OUTER_BOUND('',#860,.T.);
#647=FACE_OUTER_BOUND('',#861,.T.);
#648=FACE_OUTER_BOUND('',#862,.T.);
#649=FACE_OUTER_BOUND('',#863,.T.);
#650=FACE_OUTER_BOUND('',#864,.T.);
#651=FACE_OUTER_BOUND('',#865,.T.);
#652=FACE_OUTER_BOUND('',#866,.T.);
#653=FACE_OUTER_BOUND('',#867,.T.);
#654=FACE_OUTER_BOUND('',#868,.T.);
#655=FACE_OUTER_BOUND('',#869,.T.);
#656=FACE_OUTER_BOUND('',#870,.T.);
#657=FACE_OUTER_BOUND('',#871,.T.);
#658=FACE_OUTER_BOUND('',#872,.T.);
#659=FACE_OUTER_BOUND('',#873,.T.);
#660=FACE_OUTER_BOUND('',#874,.T.);
#661=FACE_OUTER_BOUND('',#875,.T.);
#662=FACE_OUTER_BOUND('',#876,.T.);
#663=FACE_OUTER_BOUND('',#877,.T.);
#664=FACE_OUTER_BOUND('',#878,.T.);
#665=FACE_OUTER_BOUND('',#879,.T.);
#666=FACE_OUTER_BOUND('',#880,.T.);
#667=FACE_OUTER_BOUND('',#881,.T.);
#668=FACE_OUTER_BOUND('',#882,.T.);
#669=FACE_OUTER_BOUND('',#883,.T.);
#670=FACE_OUTER_BOUND('',#884,.T.);
#671=FACE_OUTER_BOUND('',#885,.T.);
#672=FACE_OUTER_BOUND('',#886,.T.);
#673=FACE_OUTER_BOUND('',#887,.T.);
#674=FACE_OUTER_BOUND('',#888,.T.);
#675=FACE_OUTER_BOUND('',#889,.T.);
#676=FACE_OUTER_BOUND('',#890,.T.);
#677=FACE_OUTER_BOUND('',#891,.T.);
#678=FACE_OUTER_BOUND('',#892,.T.);
#679=FACE_OUTER_BOUND('',#893,.T.);
#680=FACE_OUTER_BOUND('',#894,.T.);
#681=FACE_OUTER_BOUND('',#895,.T.);
#682=FACE_OUTER_BOUND('',#896,.T.);
#683=FACE_OUTER_BOUND('',#897,.T.);
#684=FACE_OUTER_BOUND('',#898,.T.);
#685=FACE_OUTER_BOUND('',#899,.T.);
#686=FACE_OUTER_BOUND('',#900,.T.);
#687=FACE_OUTER_BOUND('',#901,.T.);
#688=FACE_OUTER_BOUND('',#902,.T.);
#689=FACE_OUTER_BOUND('',#903,.T.);
#690=FACE_OUTER_BOUND('',#904,.T.);
#691=FACE_OUTER_BOUND('',#905,.T.);
#692=FACE_OUTER_BOUND('',#906,.T.);
#693=FACE_OUTER_BOUND('',#907,.T.);
#694=FACE_OUTER_BOUND('',#908,.T.);
#695=FACE_OUTER_BOUND('',#909,.T.);
#696=FACE_OUTER_BOUND('',#910,.T.);
#697=FACE_OUTER_BOUND('',#911,.T.);
#698=FACE_OUTER_BOUND('',#912,.T.);
#699=FACE_OUTER_BOUND('',#913,.T.);
#700=FACE_OUTER_BOUND('',#914,.T.);
#701=FACE_OUTER_BOUND('',#915,.T.);
#702=FACE_OUTER_BOUND('',#916,.T.);
#703=FACE_OUTER_BOUND('',#917,.T.);
#704=FACE_OUTER_BOUND('',#918,.T.);
#705=FACE_OUTER_BOUND('',#919,.T.);
#706=FACE_OUTER_BOUND('',#920,.T.);
#707=FACE_OUTER_BOUND('',#921,.T.);
#708=FACE_OUTER_BOUND('',#922,.T.);
#709=FACE_OUTER_BOUND('',#923,.T.);
#710=FACE_OUTER_BOUND('',#924,.T.);
#711=FACE_OUTER_BOUND('',#925,.T.);
#712=FACE_OUTER_BOUND('',#926,.T.);
#713=FACE_OUTER_BOUND('',#927,.T.);
#714=FACE_OUTER_BOUND('',#928,.T.);
#715=FACE_OUTER_BOUND('',#929,.T.);
#716=FACE_OUTER_BOUND('',#930,.T.);
#717=FACE_OUTER_BOUND('',#931,.T.);
#718=FACE_OUTER_BOUND('',#932,.T.);
#719=FACE_OUTER_BOUND('',#933,.T.);
#720=FACE_OUTER_BOUND('',#934,.T.);
#721=FACE_OUTER_BOUND('',#935,.T.);
#722=FACE_OUTER_BOUND('',#936,.T.);
#723=FACE_OUTER_BOUND('',#937,.T.);
#724=FACE_OUTER_BOUND('',#938,.T.);
#725=FACE_OUTER_BOUND('',#939,.T.);
#726=FACE_OUTER_BOUND('',#940,.T.);
#727=FACE_OUTER_BOUND('',#941,.T.);
#728=FACE_OUTER_BOUND('',#942,.T.);
#729=FACE_OUTER_BOUND('',#943,.T.);
#730=FACE_OUTER_BOUND('',#944,.T.);
#731=FACE_OUTER_BOUND('',#945,.T.);
#732=FACE_OUTER_BOUND('',#946,.T.);
#733=FACE_OUTER_BOUND('',#947,.T.);
#734=FACE_OUTER_BOUND('',#948,.T.);
#735=FACE_OUTER_BOUND('',#949,.T.);
#736=FACE_OUTER_BOUND('',#950,.T.);
#737=FACE_OUTER_BOUND('',#951,.T.);
#738=FACE_OUTER_BOUND('',#952,.T.);
#739=FACE_OUTER_BOUND('',#953,.T.);
#740=FACE_OUTER_BOUND('',#954,.T.);
#741=FACE_OUTER_BOUND('',#955,.T.);
#742=FACE_OUTER_BOUND('',#956,.T.);
#743=FACE_OUTER_BOUND('',#957,.T.);
#744=FACE_OUTER_BOUND('',#958,.T.);
#745=FACE_OUTER_BOUND('',#959,.T.);
#746=FACE_OUTER_BOUND('',#960,.T.);
#747=FACE_OUTER_BOUND('',#961,.T.);
#748=FACE_OUTER_BOUND('',#962,.T.);
#749=FACE_OUTER_BOUND('',#963,.T.);
#750=FACE_OUTER_BOUND('',#964,.T.);
#751=FACE_OUTER_BOUND('',#965,.T.);
#752=FACE_OUTER_BOUND('',#966,.T.);
#753=FACE_OUTER_BOUND('',#967,.T.);
#754=FACE_OUTER_BOUND('',#968,.T.);
#755=FACE_OUTER_BOUND('',#969,.T.);
#756=FACE_OUTER_BOUND('',#970,.T.);
#757=FACE_OUTER_BOUND('',#971,.T.);
#758=FACE_OUTER_BOUND('',#972,.T.);
#759=FACE_OUTER_BOUND('',#973,.T.);
#760=FACE_OUTER_BOUND('',#974,.T.);
#761=FACE_OUTER_BOUND('',#975,.T.);
#762=FACE_OUTER_BOUND('',#976,.T.);
#763=FACE_OUTER_BOUND('',#977,.T.);
#764=FACE_OUTER_BOUND('',#978,.T.);
#765=FACE_OUTER_BOUND('',#979,.T.);
#766=FACE_OUTER_BOUND('',#980,.T.);
#767=FACE_OUTER_BOUND('',#981,.T.);
#768=FACE_OUTER_BOUND('',#982,.T.);
#769=FACE_OUTER_BOUND('',#983,.T.);
#770=FACE_OUTER_BOUND('',#984,.T.);
#771=FACE_OUTER_BOUND('',#985,.T.);
#772=FACE_OUTER_BOUND('',#986,.T.);
#773=FACE_OUTER_BOUND('',#987,.T.);
#774=FACE_OUTER_BOUND('',#988,.T.);
#775=FACE_OUTER_BOUND('',#989,.T.);
#776=FACE_OUTER_BOUND('',#990,.T.);
#777=FACE_OUTER_BOUND('',#991,.T.);
#778=FACE_OUTER_BOUND('',#992,.T.);
#779=FACE_OUTER_BOUND('',#993,.T.);
#780=FACE_OUTER_BOUND('',#994,.T.);
#781=FACE_OUTER_BOUND('',#995,.T.);
#782=FACE_OUTER_BOUND('',#996,.T.);
#783=FACE_OUTER_BOUND('',#997,.T.);
#784=FACE_OUTER_BOUND('',#998,.T.);
#785=FACE_OUTER_BOUND('',#999,.T.);
#786=FACE_OUTER_BOUND('',#1000,.T.);
#787=FACE_OUTER_BOUND('',#1001,.T.);
#788=FACE_OUTER_BOUND('',#1002,.T.);
#789=FACE_OUTER_BOUND('',#1003,.T.);
#790=FACE_OUTER_BOUND('',#1004,.T.);
#791=FACE_OUTER_BOUND('',#1005,.T.);
#792=FACE_OUTER_BOUND('',#1006,.T.);
#793=FACE_OUTER_BOUND('',#1007,.T.);
#794=FACE_OUTER_BOUND('',#1008,.T.);
#795=FACE_OUTER_BOUND('',#1009,.T.);
#796=FACE_OUTER_BOUND('',#1010,.T.);
#797=FACE_OUTER_BOUND('',#1011,.T.);
#798=FACE_OUTER_BOUND('',#1012,.T.);
#799=FACE_OUTER_BOUND('',#1013,.T.);
#800=FACE_OUTER_BOUND('',#1014,.T.);
#801=FACE_OUTER_BOUND('',#1015,.T.);
#802=FACE_OUTER_BOUND('',#1016,.T.);
#803=FACE_OUTER_BOUND('',#1017,.T.);
#804=FACE_OUTER_BOUND('',#1018,.T.);
#805=EDGE_LOOP('',(#2023,#2024,#2025,#2026,#2027));
#806=EDGE_LOOP('',(#2028,#2029,#2030,#2031,#2032));
#807=EDGE_LOOP('',(#2033));
#808=EDGE_LOOP('',(#2034));
#809=EDGE_LOOP('',(#2035,#2036,#2037,#2038,#2039));
#810=EDGE_LOOP('',(#2040,#2041,#2042,#2043,#2044));
#811=EDGE_LOOP('',(#2045));
#812=EDGE_LOOP('',(#2046));
#813=EDGE_LOOP('',(#2047,#2048,#2049,#2050,#2051));
#814=EDGE_LOOP('',(#2052,#2053,#2054,#2055,#2056));
#815=EDGE_LOOP('',(#2057));
#816=EDGE_LOOP('',(#2058));
#817=EDGE_LOOP('',(#2059,#2060,#2061,#2062,#2063));
#818=EDGE_LOOP('',(#2064,#2065,#2066,#2067,#2068));
#819=EDGE_LOOP('',(#2069));
#820=EDGE_LOOP('',(#2070));
#821=EDGE_LOOP('',(#2071,#2072,#2073,#2074,#2075,#2076,#2077,#2078,#2079,
#2080,#2081,#2082,#2083,#2084,#2085,#2086,#2087,#2088,#2089,#2090,#2091,
#2092,#2093,#2094,#2095,#2096));
#822=EDGE_LOOP('',(#2097));
#823=EDGE_LOOP('',(#2098));
#824=EDGE_LOOP('',(#2099));
#825=EDGE_LOOP('',(#2100));
#826=EDGE_LOOP('',(#2101,#2102,#2103,#2104));
#827=EDGE_LOOP('',(#2105,#2106,#2107,#2108));
#828=EDGE_LOOP('',(#2109));
#829=EDGE_LOOP('',(#2110,#2111,#2112,#2113));
#830=EDGE_LOOP('',(#2114));
#831=EDGE_LOOP('',(#2115,#2116,#2117,#2118));
#832=EDGE_LOOP('',(#2119));
#833=EDGE_LOOP('',(#2120,#2121,#2122,#2123));
#834=EDGE_LOOP('',(#2124,#2125,#2126,#2127));
#835=EDGE_LOOP('',(#2128,#2129,#2130,#2131));
#836=EDGE_LOOP('',(#2132,#2133,#2134,#2135));
#837=EDGE_LOOP('',(#2136,#2137,#2138,#2139));
#838=EDGE_LOOP('',(#2140,#2141,#2142,#2143));
#839=EDGE_LOOP('',(#2144,#2145,#2146,#2147));
#840=EDGE_LOOP('',(#2148,#2149,#2150,#2151));
#841=EDGE_LOOP('',(#2152,#2153,#2154,#2155));
#842=EDGE_LOOP('',(#2156,#2157,#2158,#2159));
#843=EDGE_LOOP('',(#2160,#2161,#2162,#2163));
#844=EDGE_LOOP('',(#2164,#2165,#2166,#2167));
#845=EDGE_LOOP('',(#2168,#2169,#2170,#2171));
#846=EDGE_LOOP('',(#2172,#2173,#2174,#2175));
#847=EDGE_LOOP('',(#2176,#2177,#2178,#2179));
#848=EDGE_LOOP('',(#2180,#2181,#2182,#2183));
#849=EDGE_LOOP('',(#2184,#2185,#2186,#2187));
#850=EDGE_LOOP('',(#2188,#2189,#2190,#2191));
#851=EDGE_LOOP('',(#2192,#2193,#2194,#2195));
#852=EDGE_LOOP('',(#2196,#2197,#2198,#2199));
#853=EDGE_LOOP('',(#2200,#2201,#2202,#2203));
#854=EDGE_LOOP('',(#2204,#2205,#2206,#2207));
#855=EDGE_LOOP('',(#2208,#2209,#2210,#2211));
#856=EDGE_LOOP('',(#2212,#2213,#2214,#2215));
#857=EDGE_LOOP('',(#2216,#2217,#2218,#2219));
#858=EDGE_LOOP('',(#2220,#2221,#2222,#2223));
#859=EDGE_LOOP('',(#2224,#2225,#2226,#2227));
#860=EDGE_LOOP('',(#2228,#2229,#2230,#2231));
#861=EDGE_LOOP('',(#2232,#2233,#2234,#2235));
#862=EDGE_LOOP('',(#2236,#2237,#2238,#2239));
#863=EDGE_LOOP('',(#2240,#2241,#2242,#2243));
#864=EDGE_LOOP('',(#2244,#2245,#2246,#2247));
#865=EDGE_LOOP('',(#2248,#2249,#2250,#2251));
#866=EDGE_LOOP('',(#2252,#2253,#2254,#2255));
#867=EDGE_LOOP('',(#2256,#2257,#2258,#2259));
#868=EDGE_LOOP('',(#2260,#2261,#2262,#2263));
#869=EDGE_LOOP('',(#2264,#2265,#2266,#2267));
#870=EDGE_LOOP('',(#2268,#2269,#2270,#2271));
#871=EDGE_LOOP('',(#2272,#2273,#2274,#2275));
#872=EDGE_LOOP('',(#2276,#2277,#2278,#2279));
#873=EDGE_LOOP('',(#2280,#2281,#2282,#2283));
#874=EDGE_LOOP('',(#2284,#2285,#2286,#2287));
#875=EDGE_LOOP('',(#2288,#2289,#2290,#2291,#2292,#2293,#2294,#2295,#2296,
#2297,#2298,#2299,#2300,#2301,#2302,#2303,#2304,#2305,#2306,#2307,#2308,
#2309,#2310,#2311,#2312,#2313,#2314,#2315));
#876=EDGE_LOOP('',(#2316,#2317,#2318,#2319));
#877=EDGE_LOOP('',(#2320,#2321,#2322,#2323));
#878=EDGE_LOOP('',(#2324,#2325,#2326,#2327));
#879=EDGE_LOOP('',(#2328,#2329,#2330,#2331));
#880=EDGE_LOOP('',(#2332,#2333,#2334,#2335));
#881=EDGE_LOOP('',(#2336,#2337,#2338,#2339));
#882=EDGE_LOOP('',(#2340,#2341,#2342,#2343));
#883=EDGE_LOOP('',(#2344,#2345,#2346,#2347));
#884=EDGE_LOOP('',(#2348,#2349,#2350,#2351));
#885=EDGE_LOOP('',(#2352,#2353,#2354,#2355));
#886=EDGE_LOOP('',(#2356,#2357,#2358,#2359));
#887=EDGE_LOOP('',(#2360,#2361,#2362,#2363));
#888=EDGE_LOOP('',(#2364,#2365,#2366,#2367));
#889=EDGE_LOOP('',(#2368,#2369,#2370,#2371));
#890=EDGE_LOOP('',(#2372,#2373,#2374,#2375));
#891=EDGE_LOOP('',(#2376,#2377,#2378,#2379));
#892=EDGE_LOOP('',(#2380,#2381,#2382,#2383));
#893=EDGE_LOOP('',(#2384,#2385,#2386,#2387));
#894=EDGE_LOOP('',(#2388,#2389,#2390,#2391));
#895=EDGE_LOOP('',(#2392,#2393,#2394,#2395));
#896=EDGE_LOOP('',(#2396,#2397,#2398,#2399));
#897=EDGE_LOOP('',(#2400,#2401,#2402,#2403));
#898=EDGE_LOOP('',(#2404,#2405,#2406,#2407));
#899=EDGE_LOOP('',(#2408,#2409,#2410,#2411));
#900=EDGE_LOOP('',(#2412,#2413,#2414,#2415));
#901=EDGE_LOOP('',(#2416,#2417,#2418,#2419));
#902=EDGE_LOOP('',(#2420,#2421,#2422,#2423));
#903=EDGE_LOOP('',(#2424,#2425,#2426,#2427));
#904=EDGE_LOOP('',(#2428,#2429,#2430,#2431));
#905=EDGE_LOOP('',(#2432,#2433,#2434,#2435));
#906=EDGE_LOOP('',(#2436,#2437,#2438,#2439));
#907=EDGE_LOOP('',(#2440,#2441,#2442,#2443));
#908=EDGE_LOOP('',(#2444,#2445,#2446,#2447));
#909=EDGE_LOOP('',(#2448,#2449,#2450,#2451));
#910=EDGE_LOOP('',(#2452,#2453,#2454,#2455));
#911=EDGE_LOOP('',(#2456,#2457,#2458,#2459));
#912=EDGE_LOOP('',(#2460,#2461,#2462,#2463));
#913=EDGE_LOOP('',(#2464,#2465,#2466,#2467));
#914=EDGE_LOOP('',(#2468,#2469,#2470,#2471));
#915=EDGE_LOOP('',(#2472,#2473,#2474,#2475));
#916=EDGE_LOOP('',(#2476,#2477,#2478,#2479));
#917=EDGE_LOOP('',(#2480,#2481,#2482,#2483));
#918=EDGE_LOOP('',(#2484,#2485,#2486,#2487));
#919=EDGE_LOOP('',(#2488,#2489,#2490,#2491));
#920=EDGE_LOOP('',(#2492,#2493,#2494,#2495,#2496));
#921=EDGE_LOOP('',(#2497,#2498,#2499,#2500));
#922=EDGE_LOOP('',(#2501,#2502,#2503,#2504));
#923=EDGE_LOOP('',(#2505,#2506,#2507,#2508,#2509,#2510,#2511));
#924=EDGE_LOOP('',(#2512,#2513,#2514,#2515));
#925=EDGE_LOOP('',(#2516,#2517,#2518,#2519));
#926=EDGE_LOOP('',(#2520,#2521,#2522,#2523));
#927=EDGE_LOOP('',(#2524,#2525,#2526,#2527));
#928=EDGE_LOOP('',(#2528,#2529,#2530,#2531));
#929=EDGE_LOOP('',(#2532,#2533,#2534,#2535));
#930=EDGE_LOOP('',(#2536,#2537,#2538,#2539));
#931=EDGE_LOOP('',(#2540,#2541,#2542,#2543));
#932=EDGE_LOOP('',(#2544,#2545,#2546,#2547));
#933=EDGE_LOOP('',(#2548,#2549,#2550,#2551));
#934=EDGE_LOOP('',(#2552,#2553,#2554,#2555));
#935=EDGE_LOOP('',(#2556,#2557,#2558,#2559));
#936=EDGE_LOOP('',(#2560,#2561,#2562,#2563));
#937=EDGE_LOOP('',(#2564,#2565,#2566,#2567));
#938=EDGE_LOOP('',(#2568,#2569,#2570,#2571));
#939=EDGE_LOOP('',(#2572,#2573,#2574,#2575));
#940=EDGE_LOOP('',(#2576,#2577,#2578,#2579));
#941=EDGE_LOOP('',(#2580,#2581,#2582,#2583));
#942=EDGE_LOOP('',(#2584,#2585,#2586,#2587));
#943=EDGE_LOOP('',(#2588,#2589,#2590,#2591));
#944=EDGE_LOOP('',(#2592,#2593,#2594,#2595));
#945=EDGE_LOOP('',(#2596,#2597,#2598,#2599));
#946=EDGE_LOOP('',(#2600,#2601,#2602,#2603));
#947=EDGE_LOOP('',(#2604,#2605,#2606,#2607));
#948=EDGE_LOOP('',(#2608,#2609,#2610,#2611));
#949=EDGE_LOOP('',(#2612,#2613,#2614,#2615));
#950=EDGE_LOOP('',(#2616,#2617,#2618,#2619));
#951=EDGE_LOOP('',(#2620,#2621,#2622,#2623));
#952=EDGE_LOOP('',(#2624,#2625,#2626,#2627));
#953=EDGE_LOOP('',(#2628,#2629,#2630,#2631));
#954=EDGE_LOOP('',(#2632,#2633,#2634,#2635));
#955=EDGE_LOOP('',(#2636,#2637,#2638,#2639));
#956=EDGE_LOOP('',(#2640,#2641,#2642,#2643));
#957=EDGE_LOOP('',(#2644,#2645,#2646,#2647));
#958=EDGE_LOOP('',(#2648,#2649,#2650,#2651));
#959=EDGE_LOOP('',(#2652,#2653,#2654,#2655));
#960=EDGE_LOOP('',(#2656,#2657,#2658,#2659));
#961=EDGE_LOOP('',(#2660,#2661,#2662,#2663));
#962=EDGE_LOOP('',(#2664,#2665,#2666,#2667));
#963=EDGE_LOOP('',(#2668,#2669,#2670,#2671));
#964=EDGE_LOOP('',(#2672,#2673,#2674,#2675));
#965=EDGE_LOOP('',(#2676,#2677,#2678,#2679));
#966=EDGE_LOOP('',(#2680,#2681,#2682,#2683));
#967=EDGE_LOOP('',(#2684,#2685,#2686,#2687));
#968=EDGE_LOOP('',(#2688,#2689,#2690,#2691));
#969=EDGE_LOOP('',(#2692,#2693,#2694,#2695));
#970=EDGE_LOOP('',(#2696,#2697,#2698,#2699));
#971=EDGE_LOOP('',(#2700,#2701,#2702,#2703));
#972=EDGE_LOOP('',(#2704,#2705,#2706,#2707));
#973=EDGE_LOOP('',(#2708,#2709,#2710,#2711));
#974=EDGE_LOOP('',(#2712,#2713,#2714,#2715));
#975=EDGE_LOOP('',(#2716,#2717,#2718,#2719));
#976=EDGE_LOOP('',(#2720,#2721,#2722,#2723));
#977=EDGE_LOOP('',(#2724,#2725,#2726,#2727));
#978=EDGE_LOOP('',(#2728,#2729,#2730,#2731));
#979=EDGE_LOOP('',(#2732,#2733,#2734,#2735));
#980=EDGE_LOOP('',(#2736,#2737,#2738,#2739));
#981=EDGE_LOOP('',(#2740,#2741,#2742,#2743));
#982=EDGE_LOOP('',(#2744,#2745,#2746,#2747));
#983=EDGE_LOOP('',(#2748,#2749,#2750,#2751));
#984=EDGE_LOOP('',(#2752,#2753,#2754,#2755));
#985=EDGE_LOOP('',(#2756,#2757,#2758,#2759));
#986=EDGE_LOOP('',(#2760,#2761,#2762,#2763));
#987=EDGE_LOOP('',(#2764,#2765,#2766));
#988=EDGE_LOOP('',(#2767,#2768,#2769,#2770));
#989=EDGE_LOOP('',(#2771,#2772,#2773,#2774));
#990=EDGE_LOOP('',(#2775,#2776,#2777,#2778));
#991=EDGE_LOOP('',(#2779,#2780,#2781));
#992=EDGE_LOOP('',(#2782,#2783,#2784));
#993=EDGE_LOOP('',(#2785,#2786,#2787));
#994=EDGE_LOOP('',(#2788,#2789,#2790,#2791));
#995=EDGE_LOOP('',(#2792,#2793,#2794,#2795));
#996=EDGE_LOOP('',(#2796,#2797,#2798,#2799));
#997=EDGE_LOOP('',(#2800,#2801,#2802,#2803));
#998=EDGE_LOOP('',(#2804,#2805,#2806,#2807,#2808,#2809,#2810,#2811,#2812,
#2813,#2814,#2815,#2816,#2817,#2818,#2819,#2820,#2821,#2822,#2823,#2824,
#2825,#2826,#2827,#2828,#2829,#2830,#2831,#2832,#2833,#2834,#2835,#2836,
#2837,#2838,#2839,#2840,#2841,#2842,#2843,#2844,#2845,#2846,#2847,#2848,
#2849,#2850,#2851,#2852,#2853,#2854,#2855,#2856,#2857));
#999=EDGE_LOOP('',(#2858,#2859,#2860,#2861));
#1000=EDGE_LOOP('',(#2862,#2863,#2864,#2865));
#1001=EDGE_LOOP('',(#2866,#2867,#2868,#2869,#2870,#2871));
#1002=EDGE_LOOP('',(#2872,#2873,#2874,#2875,#2876,#2877,#2878,#2879,#2880,
#2881));
#1003=EDGE_LOOP('',(#2882,#2883,#2884,#2885,#2886,#2887,#2888,#2889,#2890,
#2891,#2892,#2893));
#1004=EDGE_LOOP('',(#2894,#2895,#2896,#2897,#2898,#2899,#2900,#2901,#2902,
#2903,#2904,#2905));
#1005=EDGE_LOOP('',(#2906,#2907,#2908,#2909));
#1006=EDGE_LOOP('',(#2910,#2911,#2912,#2913));
#1007=EDGE_LOOP('',(#2914,#2915,#2916,#2917));
#1008=EDGE_LOOP('',(#2918,#2919,#2920,#2921));
#1009=EDGE_LOOP('',(#2922,#2923,#2924,#2925));
#1010=EDGE_LOOP('',(#2926));
#1011=EDGE_LOOP('',(#2927,#2928,#2929,#2930));
#1012=EDGE_LOOP('',(#2931,#2932,#2933,#2934));
#1013=EDGE_LOOP('',(#2935,#2936,#2937,#2938));
#1014=EDGE_LOOP('',(#2939,#2940,#2941,#2942));
#1015=EDGE_LOOP('',(#2943,#2944,#2945,#2946));
#1016=EDGE_LOOP('',(#2947,#2948,#2949,#2950,#2951,#2952,#2953,#2954));
#1017=EDGE_LOOP('',(#2955,#2956,#2957,#2958));
#1018=EDGE_LOOP('',(#2959,#2960,#2961,#2962));
#1019=CIRCLE('',#3225,2.5857645626269);
#1020=CIRCLE('',#3226,1.);
#1021=CIRCLE('',#3227,3.29287134381344);
#1022=CIRCLE('',#3228,3.29287134381344);
#1023=CIRCLE('',#3230,5.999978125);
#1024=CIRCLE('',#3232,0.800000000000001);
#1025=CIRCLE('',#3234,2.5857645626269);
#1026=CIRCLE('',#3235,1.);
#1027=CIRCLE('',#3236,3.29287134381344);
#1028=CIRCLE('',#3237,3.29287134381344);
#1029=CIRCLE('',#3239,5.999978125);
#1030=CIRCLE('',#3241,0.799999999999983);
#1031=CIRCLE('',#3243,2.5857645626269);
#1032=CIRCLE('',#3244,1.);
#1033=CIRCLE('',#3245,3.29287134381344);
#1034=CIRCLE('',#3246,3.29287134381344);
#1035=CIRCLE('',#3248,5.999978125);
#1036=CIRCLE('',#3250,0.800000000000001);
#1037=CIRCLE('',#3252,2.58576456262691);
#1038=CIRCLE('',#3253,1.);
#1039=CIRCLE('',#3254,3.29287134381346);
#1040=CIRCLE('',#3255,3.29287134381346);
#1041=CIRCLE('',#3257,5.99997812500002);
#1042=CIRCLE('',#3259,0.800000000000001);
#1043=CIRCLE('',#3261,1.);
#1044=CIRCLE('',#3262,1.);
#1045=CIRCLE('',#3263,1.);
#1046=CIRCLE('',#3264,1.);
#1047=CIRCLE('',#3265,1.);
#1048=CIRCLE('',#3266,1.);
#1049=CIRCLE('',#3267,1.);
#1050=CIRCLE('',#3268,1.);
#1051=CIRCLE('',#3269,1.);
#1052=CIRCLE('',#3270,1.);
#1053=CIRCLE('',#3271,1.);
#1054=CIRCLE('',#3273,0.799999999999983);
#1055=CIRCLE('',#3275,0.800000000000001);
#1056=CIRCLE('',#3278,0.800000000000001);
#1057=CIRCLE('',#3281,0.800000000000001);
#1058=CIRCLE('',#3284,3.);
#1059=CIRCLE('',#3285,3.);
#1060=CIRCLE('',#3286,6.);
#1061=CIRCLE('',#3287,3.);
#1062=CIRCLE('',#3289,3.);
#1063=CIRCLE('',#3291,2.99999999999999);
#1064=CIRCLE('',#3292,6.);
#1065=CIRCLE('',#3293,9.);
#1066=CIRCLE('',#3294,3.);
#1067=CIRCLE('',#3295,6.);
#1068=CIRCLE('',#3296,3.);
#1069=CIRCLE('',#3298,3.);
#1070=CIRCLE('',#3300,3.);
#1071=CIRCLE('',#3301,5.99999999999999);
#1072=CIRCLE('',#3302,9.);
#1073=CIRCLE('',#3303,2.99999999999999);
#1074=CIRCLE('',#3304,6.);
#1075=CIRCLE('',#3305,3.);
#1076=CIRCLE('',#3307,3.);
#1077=CIRCLE('',#3308,3.00000000000002);
#1078=CIRCLE('',#3309,6.);
#1079=CIRCLE('',#3310,3.);
#1080=CIRCLE('',#3312,3.);
#1081=CIRCLE('',#3313,6.);
#1082=CIRCLE('',#3314,9.);
#1083=CIRCLE('',#3316,3.);
#1084=CIRCLE('',#3317,3.);
#1085=CIRCLE('',#3318,6.);
#1086=CIRCLE('',#3319,3.);
#1087=CIRCLE('',#3321,3.);
#1088=CIRCLE('',#3322,5.99999999999999);
#1089=CIRCLE('',#3323,9.);
#1090=CIRCLE('',#3325,3.);
#1091=CIRCLE('',#3326,3.00000000000004);
#1092=CIRCLE('',#3327,6.);
#1093=CIRCLE('',#3328,3.);
#1094=CIRCLE('',#3330,3.00000000000001);
#1095=CIRCLE('',#3331,2.99999999999999);
#1096=CIRCLE('',#3332,6.);
#1097=CIRCLE('',#3333,3.);
#1098=CIRCLE('',#3335,3.00000000000004);
#1099=CIRCLE('',#3336,2.99999999999997);
#1100=CIRCLE('',#3337,6.);
#1101=CIRCLE('',#3338,3.);
#1102=CIRCLE('',#3340,3.);
#1103=CIRCLE('',#3342,3.00000000000002);
#1104=CIRCLE('',#3343,6.);
#1105=CIRCLE('',#3344,9.);
#1106=CIRCLE('',#3346,3.);
#1107=CIRCLE('',#3347,3.00000000000001);
#1108=CIRCLE('',#3348,6.);
#1109=CIRCLE('',#3349,3.);
#1110=CIRCLE('',#3351,3.00000000000001);
#1111=CIRCLE('',#3353,2.99999999999997);
#1112=CIRCLE('',#3354,6.);
#1113=CIRCLE('',#3355,9.);
#1114=CIRCLE('',#3357,3.00000000000001);
#1115=CIRCLE('',#3358,3.);
#1116=CIRCLE('',#3359,6.);
#1117=CIRCLE('',#3361,5.99999999999999);
#1118=CIRCLE('',#3363,6.);
#1119=CIRCLE('',#3366,6.);
#1120=CIRCLE('',#3368,6.);
#1121=CIRCLE('',#3371,6.);
#1122=CIRCLE('',#3373,5.99999999999999);
#1123=CIRCLE('',#3376,6.);
#1124=CIRCLE('',#3378,6.);
#1125=CIRCLE('',#3381,6.);
#1126=CIRCLE('',#3391,0.500000000000007);
#1127=CIRCLE('',#3393,0.500000000000007);
#1128=CIRCLE('',#3394,1.);
#1129=CIRCLE('',#3395,1.5);
#1130=CIRCLE('',#3397,0.499999999999998);
#1131=CIRCLE('',#3399,0.500000000000009);
#1132=CIRCLE('',#3400,1.);
#1133=CIRCLE('',#3401,1.5);
#1134=CIRCLE('',#3403,0.500000000000001);
#1135=CIRCLE('',#3404,0.499999999999989);
#1136=CIRCLE('',#3405,1.);
#1137=CIRCLE('',#3406,0.5);
#1138=CIRCLE('',#3408,0.500000000000007);
#1139=CIRCLE('',#3410,0.500000000000007);
#1140=CIRCLE('',#3411,1.);
#1141=CIRCLE('',#3412,1.5);
#1142=CIRCLE('',#3414,0.499999999999998);
#1143=CIRCLE('',#3415,0.499999999999989);
#1144=CIRCLE('',#3416,1.);
#1145=CIRCLE('',#3417,0.5);
#1146=CIRCLE('',#3419,0.500000000000007);
#1147=CIRCLE('',#3421,0.500000000000003);
#1148=CIRCLE('',#3422,1.);
#1149=CIRCLE('',#3423,1.5);
#1150=CIRCLE('',#3425,0.499999999999998);
#1151=CIRCLE('',#3427,0.499999999999989);
#1152=CIRCLE('',#3428,1.);
#1153=CIRCLE('',#3429,1.5);
#1154=CIRCLE('',#3431,0.500000000000007);
#1155=CIRCLE('',#3432,0.499999999999989);
#1156=CIRCLE('',#3433,1.);
#1157=CIRCLE('',#3434,0.5);
#1158=CIRCLE('',#3436,0.499999999999998);
#1159=CIRCLE('',#3438,0.499999999999989);
#1160=CIRCLE('',#3439,1.);
#1161=CIRCLE('',#3440,1.5);
#1162=CIRCLE('',#3441,0.499999999999998);
#1163=CIRCLE('',#3442,1.);
#1164=CIRCLE('',#3443,0.5);
#1165=CIRCLE('',#3445,0.499999999999998);
#1166=CIRCLE('',#3446,0.499999999999998);
#1167=CIRCLE('',#3447,0.5);
#1168=CIRCLE('',#3448,1.);
#1169=CIRCLE('',#3450,0.499999999999998);
#1170=CIRCLE('',#3452,0.499999999999998);
#1171=CIRCLE('',#3453,1.5);
#1172=CIRCLE('',#3454,1.);
#1173=CIRCLE('',#3456,0.499999999999998);
#1174=CIRCLE('',#3458,0.499999999999998);
#1175=CIRCLE('',#3459,1.5);
#1176=CIRCLE('',#3460,1.);
#1177=CIRCLE('',#3462,0.499999999999998);
#1178=CIRCLE('',#3463,0.499999999999998);
#1179=CIRCLE('',#3464,0.5);
#1180=CIRCLE('',#3465,1.);
#1181=CIRCLE('',#3467,0.499999999999998);
#1182=CIRCLE('',#3469,0.499999999999972);
#1183=CIRCLE('',#3470,1.);
#1184=CIRCLE('',#3471,1.5);
#1185=CIRCLE('',#3473,0.500000000000007);
#1186=CIRCLE('',#3474,0.499999999999829);
#1187=CIRCLE('',#3475,0.5);
#1188=CIRCLE('',#3476,1.);
#1189=CIRCLE('',#3478,0.500000000000043);
#1190=CIRCLE('',#3480,0.499999999999829);
#1191=CIRCLE('',#3481,1.5);
#1192=CIRCLE('',#3482,1.);
#1193=CIRCLE('',#3484,0.500000000000007);
#1194=CIRCLE('',#3486,0.500000000000007);
#1195=CIRCLE('',#3487,1.5);
#1196=CIRCLE('',#3488,1.);
#1197=CIRCLE('',#3490,0.500000000000007);
#1198=CIRCLE('',#3491,0.500000000000007);
#1199=CIRCLE('',#3492,0.5);
#1200=CIRCLE('',#3493,1.);
#1201=CIRCLE('',#3499,1.);
#1202=CIRCLE('',#3502,1.);
#1203=CIRCLE('',#3505,0.999999999999996);
#1204=CIRCLE('',#3507,5.);
#1205=CIRCLE('',#3509,1.);
#1206=CIRCLE('',#3512,1.);
#1207=CIRCLE('',#3515,1.);
#1208=CIRCLE('',#3518,1.);
#1209=CIRCLE('',#3539,1.00000000000001);
#1210=CIRCLE('',#3540,1.00000000000001);
#1211=CIRCLE('',#3542,1.);
#1212=CIRCLE('',#3543,2.);
#1213=CIRCLE('',#3545,1.);
#1214=CIRCLE('',#3547,0.999999999999979);
#1215=CIRCLE('',#3548,2.);
#1216=CIRCLE('',#3550,0.999999999999996);
#1217=CIRCLE('',#3552,0.999999999999997);
#1218=CIRCLE('',#3553,1.00000000000001);
#1219=CIRCLE('',#3555,1.00000000000001);
#1220=CIRCLE('',#3556,0.999999999999996);
#1221=CIRCLE('',#3558,1.);
#1222=CIRCLE('',#3559,2.);
#1223=CIRCLE('',#3561,1.);
#1224=CIRCLE('',#3563,1.);
#1225=CIRCLE('',#3564,2.);
#1226=CIRCLE('',#3566,1.);
#1227=CIRCLE('',#3567,1.00000000000001);
#1228=CIRCLE('',#3569,1.);
#1229=CIRCLE('',#3570,5.);
#1230=CIRCLE('',#3571,6.);
#1231=CIRCLE('',#3573,1.);
#1232=CIRCLE('',#3575,1.);
#1233=CIRCLE('',#3576,5.);
#1234=CIRCLE('',#3577,6.);
#1235=CIRCLE('',#3579,1.);
#1236=CIRCLE('',#3581,1.);
#1237=CIRCLE('',#3582,7.);
#1238=CIRCLE('',#3583,6.);
#1239=CIRCLE('',#3585,1.);
#1240=CIRCLE('',#3587,1.);
#1241=CIRCLE('',#3588,5.);
#1242=CIRCLE('',#3589,6.);
#1243=CIRCLE('',#3591,1.);
#1244=CIRCLE('',#3593,1.);
#1245=CIRCLE('',#3594,7.);
#1246=CIRCLE('',#3595,6.);
#1247=CIRCLE('',#3597,1.);
#1248=CIRCLE('',#3599,6.);
#1249=CIRCLE('',#3600,5.);
#1250=CIRCLE('',#3602,1.);
#1251=CIRCLE('',#3604,1.);
#1252=CIRCLE('',#3605,5.);
#1253=CIRCLE('',#3607,1.);
#1254=CIRCLE('',#3609,1.);
#1255=CIRCLE('',#3610,7.);
#1256=CIRCLE('',#3612,1.);
#1257=CIRCLE('',#3613,5.);
#1258=CIRCLE('',#3615,1.);
#1259=CIRCLE('',#3617,1.);
#1260=CIRCLE('',#3618,7.);
#1261=CIRCLE('',#3620,1.);
#1262=CIRCLE('',#3621,5.);
#1263=CIRCLE('',#3623,1.);
#1264=CIRCLE('',#3625,1.);
#1265=CIRCLE('',#3626,5.);
#1266=CIRCLE('',#3628,1.);
#1267=CIRCLE('',#3629,7.);
#1268=CIRCLE('',#3631,1.);
#1269=CIRCLE('',#3633,1.);
#1270=CIRCLE('',#3634,5.);
#1271=CIRCLE('',#3636,1.);
#1272=CIRCLE('',#3637,6.99999999999999);
#1273=CIRCLE('',#3639,1.);
#1274=CIRCLE('',#3641,0.999999999999996);
#1275=CIRCLE('',#3643,0.999999999999997);
#1276=CIRCLE('',#3644,6.);
#1277=CIRCLE('',#3645,1.);
#1278=CIRCLE('',#3647,1.);
#1279=VERTEX_POINT('',#4785);
#1280=VERTEX_POINT('',#4787);
#1281=VERTEX_POINT('',#4789);
#1282=VERTEX_POINT('',#4793);
#1283=VERTEX_POINT('',#4797);
#1284=VERTEX_POINT('',#4800);
#1285=VERTEX_POINT('',#4802);
#1286=VERTEX_POINT('',#4804);
#1287=VERTEX_POINT('',#4808);
#1288=VERTEX_POINT('',#4812);
#1289=VERTEX_POINT('',#4815);
#1290=VERTEX_POINT('',#4817);
#1291=VERTEX_POINT('',#4819);
#1292=VERTEX_POINT('',#4823);
#1293=VERTEX_POINT('',#4827);
#1294=VERTEX_POINT('',#4830);
#1295=VERTEX_POINT('',#4832);
#1296=VERTEX_POINT('',#4834);
#1297=VERTEX_POINT('',#4838);
#1298=VERTEX_POINT('',#4842);
#1299=VERTEX_POINT('',#4845);
#1300=VERTEX_POINT('',#4846);
#1301=VERTEX_POINT('',#4848);
#1302=VERTEX_POINT('',#4850);
#1303=VERTEX_POINT('',#4852);
#1304=VERTEX_POINT('',#4854);
#1305=VERTEX_POINT('',#4856);
#1306=VERTEX_POINT('',#4858);
#1307=VERTEX_POINT('',#4860);
#1308=VERTEX_POINT('',#4862);
#1309=VERTEX_POINT('',#4864);
#1310=VERTEX_POINT('',#4866);
#1311=VERTEX_POINT('',#4868);
#1312=VERTEX_POINT('',#4870);
#1313=VERTEX_POINT('',#4872);
#1314=VERTEX_POINT('',#4874);
#1315=VERTEX_POINT('',#4876);
#1316=VERTEX_POINT('',#4878);
#1317=VERTEX_POINT('',#4880);
#1318=VERTEX_POINT('',#4882);
#1319=VERTEX_POINT('',#4884);
#1320=VERTEX_POINT('',#4886);
#1321=VERTEX_POINT('',#4888);
#1322=VERTEX_POINT('',#4890);
#1323=VERTEX_POINT('',#4892);
#1324=VERTEX_POINT('',#4894);
#1325=VERTEX_POINT('',#4898);
#1326=VERTEX_POINT('',#4902);
#1327=VERTEX_POINT('',#4907);
#1328=VERTEX_POINT('',#4912);
#1329=VERTEX_POINT('',#4917);
#1330=VERTEX_POINT('',#4918);
#1331=VERTEX_POINT('',#4920);
#1332=VERTEX_POINT('',#4935);
#1333=VERTEX_POINT('',#4947);
#1334=VERTEX_POINT('',#4948);
#1335=VERTEX_POINT('',#4953);
#1336=VERTEX_POINT('',#4954);
#1337=VERTEX_POINT('',#4959);
#1338=VERTEX_POINT('',#4960);
#1339=VERTEX_POINT('',#4973);
#1340=VERTEX_POINT('',#4974);
#1341=VERTEX_POINT('',#4979);
#1342=VERTEX_POINT('',#4980);
#1343=VERTEX_POINT('',#4985);
#1344=VERTEX_POINT('',#4986);
#1345=VERTEX_POINT('',#4999);
#1346=VERTEX_POINT('',#5000);
#1347=VERTEX_POINT('',#5005);
#1348=VERTEX_POINT('',#5006);
#1349=VERTEX_POINT('',#5019);
#1350=VERTEX_POINT('',#5020);
#1351=VERTEX_POINT('',#5025);
#1352=VERTEX_POINT('',#5026);
#1353=VERTEX_POINT('',#5031);
#1354=VERTEX_POINT('',#5032);
#1355=VERTEX_POINT('',#5045);
#1356=VERTEX_POINT('',#5046);
#1357=VERTEX_POINT('',#5051);
#1358=VERTEX_POINT('',#5052);
#1359=VERTEX_POINT('',#5057);
#1360=VERTEX_POINT('',#5058);
#1361=VERTEX_POINT('',#5071);
#1362=VERTEX_POINT('',#5072);
#1363=VERTEX_POINT('',#5077);
#1364=VERTEX_POINT('',#5078);
#1365=VERTEX_POINT('',#5091);
#1366=VERTEX_POINT('',#5092);
#1367=VERTEX_POINT('',#5097);
#1368=VERTEX_POINT('',#5098);
#1369=VERTEX_POINT('',#5111);
#1370=VERTEX_POINT('',#5112);
#1371=VERTEX_POINT('',#5117);
#1372=VERTEX_POINT('',#5118);
#1373=VERTEX_POINT('',#5123);
#1374=VERTEX_POINT('',#5124);
#1375=VERTEX_POINT('',#5129);
#1376=VERTEX_POINT('',#5130);
#1377=VERTEX_POINT('',#5143);
#1378=VERTEX_POINT('',#5144);
#1379=VERTEX_POINT('',#5149);
#1380=VERTEX_POINT('',#5150);
#1381=VERTEX_POINT('',#5155);
#1382=VERTEX_POINT('',#5156);
#1383=VERTEX_POINT('',#5161);
#1384=VERTEX_POINT('',#5162);
#1385=VERTEX_POINT('',#5178);
#1386=VERTEX_POINT('',#5180);
#1387=VERTEX_POINT('',#5184);
#1388=VERTEX_POINT('',#5188);
#1389=VERTEX_POINT('',#5192);
#1390=VERTEX_POINT('',#5196);
#1391=VERTEX_POINT('',#5200);
#1392=VERTEX_POINT('',#5204);
#1393=VERTEX_POINT('',#5208);
#1394=VERTEX_POINT('',#5212);
#1395=VERTEX_POINT('',#5216);
#1396=VERTEX_POINT('',#5220);
#1397=VERTEX_POINT('',#5224);
#1398=VERTEX_POINT('',#5228);
#1399=VERTEX_POINT('',#5232);
#1400=VERTEX_POINT('',#5237);
#1401=VERTEX_POINT('',#5238);
#1402=VERTEX_POINT('',#5240);
#1403=VERTEX_POINT('',#5242);
#1404=VERTEX_POINT('',#5246);
#1405=VERTEX_POINT('',#5248);
#1406=VERTEX_POINT('',#5252);
#1407=VERTEX_POINT('',#5253);
#1408=VERTEX_POINT('',#5255);
#1409=VERTEX_POINT('',#5257);
#1410=VERTEX_POINT('',#5261);
#1411=VERTEX_POINT('',#5262);
#1412=VERTEX_POINT('',#5267);
#1413=VERTEX_POINT('',#5268);
#1414=VERTEX_POINT('',#5273);
#1415=VERTEX_POINT('',#5274);
#1416=VERTEX_POINT('',#5279);
#1417=VERTEX_POINT('',#5280);
#1418=VERTEX_POINT('',#5293);
#1419=VERTEX_POINT('',#5294);
#1420=VERTEX_POINT('',#5299);
#1421=VERTEX_POINT('',#5300);
#1422=VERTEX_POINT('',#5305);
#1423=VERTEX_POINT('',#5306);
#1424=VERTEX_POINT('',#5311);
#1425=VERTEX_POINT('',#5312);
#1426=VERTEX_POINT('',#5325);
#1427=VERTEX_POINT('',#5326);
#1428=VERTEX_POINT('',#5331);
#1429=VERTEX_POINT('',#5332);
#1430=VERTEX_POINT('',#5337);
#1431=VERTEX_POINT('',#5338);
#1432=VERTEX_POINT('',#5343);
#1433=VERTEX_POINT('',#5344);
#1434=VERTEX_POINT('',#5349);
#1435=VERTEX_POINT('',#5350);
#1436=VERTEX_POINT('',#5355);
#1437=VERTEX_POINT('',#5356);
#1438=VERTEX_POINT('',#5369);
#1439=VERTEX_POINT('',#5370);
#1440=VERTEX_POINT('',#5375);
#1441=VERTEX_POINT('',#5376);
#1442=VERTEX_POINT('',#5381);
#1443=VERTEX_POINT('',#5382);
#1444=VERTEX_POINT('',#5395);
#1445=VERTEX_POINT('',#5396);
#1446=VERTEX_POINT('',#5401);
#1447=VERTEX_POINT('',#5402);
#1448=VERTEX_POINT('',#5415);
#1449=VERTEX_POINT('',#5416);
#1450=VERTEX_POINT('',#5421);
#1451=VERTEX_POINT('',#5422);
#1452=VERTEX_POINT('',#5427);
#1453=VERTEX_POINT('',#5428);
#1454=VERTEX_POINT('',#5433);
#1455=VERTEX_POINT('',#5434);
#1456=VERTEX_POINT('',#5439);
#1457=VERTEX_POINT('',#5440);
#1458=VERTEX_POINT('',#5445);
#1459=VERTEX_POINT('',#5446);
#1460=VERTEX_POINT('',#5459);
#1461=VERTEX_POINT('',#5460);
#1462=VERTEX_POINT('',#5465);
#1463=VERTEX_POINT('',#5466);
#1464=VERTEX_POINT('',#5471);
#1465=VERTEX_POINT('',#5472);
#1466=VERTEX_POINT('',#5477);
#1467=VERTEX_POINT('',#5478);
#1468=VERTEX_POINT('',#5491);
#1469=VERTEX_POINT('',#5492);
#1470=VERTEX_POINT('',#5497);
#1471=VERTEX_POINT('',#5498);
#1472=VERTEX_POINT('',#5503);
#1473=VERTEX_POINT('',#5504);
#1474=VERTEX_POINT('',#5509);
#1475=VERTEX_POINT('',#5510);
#1476=VERTEX_POINT('',#5515);
#1477=VERTEX_POINT('',#5516);
#1478=VERTEX_POINT('',#5521);
#1479=VERTEX_POINT('',#5522);
#1480=VERTEX_POINT('',#5535);
#1481=VERTEX_POINT('',#5536);
#1482=VERTEX_POINT('',#5544);
#1483=VERTEX_POINT('',#5546);
#1484=VERTEX_POINT('',#5553);
#1485=VERTEX_POINT('',#5555);
#1486=VERTEX_POINT('',#5559);
#1487=VERTEX_POINT('',#5563);
#1488=VERTEX_POINT('',#5565);
#1489=VERTEX_POINT('',#5573);
#1490=VERTEX_POINT('',#5577);
#1491=VERTEX_POINT('',#5581);
#1492=VERTEX_POINT('',#5583);
#1493=VERTEX_POINT('',#5587);
#1494=VERTEX_POINT('',#5591);
#1495=VERTEX_POINT('',#5595);
#1496=VERTEX_POINT('',#5599);
#1497=VERTEX_POINT('',#5603);
#1498=VERTEX_POINT('',#5607);
#1499=VERTEX_POINT('',#5611);
#1500=VERTEX_POINT('',#5654);
#1501=VERTEX_POINT('',#5656);
#1502=VERTEX_POINT('',#5660);
#1503=VERTEX_POINT('',#5664);
#1504=VERTEX_POINT('',#5668);
#1505=VERTEX_POINT('',#5672);
#1506=VERTEX_POINT('',#5676);
#1507=VERTEX_POINT('',#5678);
#1508=VERTEX_POINT('',#5682);
#1509=VERTEX_POINT('',#5684);
#1510=VERTEX_POINT('',#5686);
#1511=VERTEX_POINT('',#5690);
#1512=VERTEX_POINT('',#5694);
#1513=VERTEX_POINT('',#5698);
#1514=VERTEX_POINT('',#5702);
#1515=VERTEX_POINT('',#5703);
#1516=VERTEX_POINT('',#5709);
#1517=VERTEX_POINT('',#5710);
#1518=VERTEX_POINT('',#5715);
#1519=VERTEX_POINT('',#5716);
#1520=VERTEX_POINT('',#5721);
#1521=VERTEX_POINT('',#5722);
#1522=VERTEX_POINT('',#5727);
#1523=VERTEX_POINT('',#5728);
#1524=VERTEX_POINT('',#5733);
#1525=VERTEX_POINT('',#5734);
#1526=VERTEX_POINT('',#5739);
#1527=VERTEX_POINT('',#5740);
#1528=VERTEX_POINT('',#5745);
#1529=VERTEX_POINT('',#5746);
#1530=VERTEX_POINT('',#5751);
#1531=VERTEX_POINT('',#5752);
#1532=VERTEX_POINT('',#5757);
#1533=VERTEX_POINT('',#5758);
#1534=VERTEX_POINT('',#5763);
#1535=VERTEX_POINT('',#5764);
#1536=VERTEX_POINT('',#5770);
#1537=VERTEX_POINT('',#5787);
#1538=VERTEX_POINT('',#5791);
#1539=VERTEX_POINT('',#5795);
#1540=VERTEX_POINT('',#5799);
#1541=VERTEX_POINT('',#5803);
#1542=VERTEX_POINT('',#5807);
#1543=VERTEX_POINT('',#5811);
#1544=VERTEX_POINT('',#5815);
#1545=VERTEX_POINT('',#5819);
#1546=VERTEX_POINT('',#5823);
#1547=VERTEX_POINT('',#5827);
#1548=VERTEX_POINT('',#5831);
#1549=VERTEX_POINT('',#5835);
#1550=VERTEX_POINT('',#5839);
#1551=VERTEX_POINT('',#5843);
#1552=VERTEX_POINT('',#5886);
#1553=EDGE_CURVE('',#1279,#1279,#1019,.T.);
#1554=EDGE_CURVE('',#1279,#1280,#1020,.T.);
#1555=EDGE_CURVE('',#1281,#1280,#1021,.T.);
#1556=EDGE_CURVE('',#1280,#1281,#1022,.T.);
#1557=EDGE_CURVE('',#1282,#1282,#1023,.T.);
#1558=EDGE_CURVE('',#1282,#1281,#193,.T.);
#1559=EDGE_CURVE('',#1283,#1283,#1024,.T.);
#1560=EDGE_CURVE('',#1284,#1284,#1025,.T.);
#1561=EDGE_CURVE('',#1284,#1285,#1026,.T.);
#1562=EDGE_CURVE('',#1286,#1285,#1027,.T.);
#1563=EDGE_CURVE('',#1285,#1286,#1028,.T.);
#1564=EDGE_CURVE('',#1287,#1287,#1029,.T.);
#1565=EDGE_CURVE('',#1287,#1286,#194,.T.);
#1566=EDGE_CURVE('',#1288,#1288,#1030,.T.);
#1567=EDGE_CURVE('',#1289,#1289,#1031,.T.);
#1568=EDGE_CURVE('',#1289,#1290,#1032,.T.);
#1569=EDGE_CURVE('',#1291,#1290,#1033,.T.);
#1570=EDGE_CURVE('',#1290,#1291,#1034,.T.);
#1571=EDGE_CURVE('',#1292,#1292,#1035,.T.);
#1572=EDGE_CURVE('',#1292,#1291,#195,.T.);
#1573=EDGE_CURVE('',#1293,#1293,#1036,.T.);
#1574=EDGE_CURVE('',#1294,#1294,#1037,.T.);
#1575=EDGE_CURVE('',#1294,#1295,#1038,.T.);
#1576=EDGE_CURVE('',#1296,#1295,#1039,.T.);
#1577=EDGE_CURVE('',#1295,#1296,#1040,.T.);
#1578=EDGE_CURVE('',#1297,#1297,#1041,.T.);
#1579=EDGE_CURVE('',#1297,#1296,#196,.T.);
#1580=EDGE_CURVE('',#1298,#1298,#1042,.T.);
#1581=EDGE_CURVE('',#1299,#1300,#1043,.T.);
#1582=EDGE_CURVE('',#1301,#1299,#197,.T.);
#1583=EDGE_CURVE('',#1302,#1301,#198,.T.);
#1584=EDGE_CURVE('',#1303,#1302,#199,.T.);
#1585=EDGE_CURVE('',#1304,#1303,#200,.T.);
#1586=EDGE_CURVE('',#1305,#1304,#201,.T.);
#1587=EDGE_CURVE('',#1306,#1305,#202,.T.);
#1588=EDGE_CURVE('',#1307,#1306,#1044,.T.);
#1589=EDGE_CURVE('',#1308,#1307,#203,.T.);
#1590=EDGE_CURVE('',#1309,#1308,#1045,.T.);
#1591=EDGE_CURVE('',#1310,#1309,#204,.T.);
#1592=EDGE_CURVE('',#1310,#1311,#1046,.F.);
#1593=EDGE_CURVE('',#1312,#1311,#205,.T.);
#1594=EDGE_CURVE('',#1313,#1312,#1047,.T.);
#1595=EDGE_CURVE('',#1314,#1313,#206,.T.);
#1596=EDGE_CURVE('',#1314,#1315,#1048,.F.);
#1597=EDGE_CURVE('',#1316,#1315,#207,.T.);
#1598=EDGE_CURVE('',#1317,#1316,#1049,.T.);
#1599=EDGE_CURVE('',#1318,#1317,#208,.T.);
#1600=EDGE_CURVE('',#1319,#1318,#1050,.T.);
#1601=EDGE_CURVE('',#1320,#1319,#209,.T.);
#1602=EDGE_CURVE('',#1320,#1321,#1051,.F.);
#1603=EDGE_CURVE('',#1322,#1321,#210,.T.);
#1604=EDGE_CURVE('',#1323,#1322,#1052,.T.);
#1605=EDGE_CURVE('',#1323,#1324,#1053,.F.);
#1606=EDGE_CURVE('',#1300,#1324,#211,.T.);
#1607=EDGE_CURVE('',#1288,#1325,#212,.T.);
#1608=EDGE_CURVE('',#1325,#1325,#1054,.T.);
#1609=EDGE_CURVE('',#1293,#1326,#213,.T.);
#1610=EDGE_CURVE('',#1326,#1326,#1055,.T.);
#1611=EDGE_CURVE('',#1283,#1327,#214,.T.);
#1612=EDGE_CURVE('',#1327,#1327,#1056,.T.);
#1613=EDGE_CURVE('',#1298,#1328,#215,.T.);
#1614=EDGE_CURVE('',#1328,#1328,#1057,.T.);
#1615=EDGE_CURVE('',#1329,#1330,#216,.T.);
#1616=EDGE_CURVE('',#1331,#1329,#43,.T.);
#1617=EDGE_CURVE('',#1332,#1331,#217,.T.);
#1618=EDGE_CURVE('',#1330,#1332,#1058,.T.);
#1619=EDGE_CURVE('',#1333,#1334,#1059,.T.);
#1620=EDGE_CURVE('',#1330,#1333,#1060,.T.);
#1621=EDGE_CURVE('',#1334,#1332,#1061,.T.);
#1622=EDGE_CURVE('',#1335,#1336,#1062,.T.);
#1623=EDGE_CURVE('',#1333,#1335,#218,.T.);
#1624=EDGE_CURVE('',#1336,#1334,#219,.T.);
#1625=EDGE_CURVE('',#1337,#1338,#1063,.T.);
#1626=EDGE_CURVE('',#1335,#1337,#1064,.T.);
#1627=EDGE_CURVE('',#1338,#1336,#1065,.T.);
#1628=EDGE_CURVE('',#1339,#1340,#1066,.T.);
#1629=EDGE_CURVE('',#1337,#1339,#1067,.T.);
#1630=EDGE_CURVE('',#1340,#1338,#1068,.T.);
#1631=EDGE_CURVE('',#1341,#1342,#1069,.T.);
#1632=EDGE_CURVE('',#1339,#1341,#220,.T.);
#1633=EDGE_CURVE('',#1342,#1340,#221,.T.);
#1634=EDGE_CURVE('',#1343,#1344,#1070,.T.);
#1635=EDGE_CURVE('',#1341,#1343,#1071,.T.);
#1636=EDGE_CURVE('',#1344,#1342,#1072,.T.);
#1637=EDGE_CURVE('',#1345,#1346,#1073,.T.);
#1638=EDGE_CURVE('',#1343,#1345,#1074,.T.);
#1639=EDGE_CURVE('',#1346,#1344,#1075,.T.);
#1640=EDGE_CURVE('',#1347,#1348,#1076,.T.);
#1641=EDGE_CURVE('',#1345,#1347,#222,.T.);
#1642=EDGE_CURVE('',#1348,#1346,#223,.T.);
#1643=EDGE_CURVE('',#1349,#1350,#1077,.T.);
#1644=EDGE_CURVE('',#1347,#1349,#1078,.T.);
#1645=EDGE_CURVE('',#1350,#1348,#1079,.T.);
#1646=EDGE_CURVE('',#1351,#1352,#1080,.T.);
#1647=EDGE_CURVE('',#1349,#1351,#1081,.T.);
#1648=EDGE_CURVE('',#1352,#1350,#1082,.T.);
#1649=EDGE_CURVE('',#1353,#1354,#1083,.T.);
#1650=EDGE_CURVE('',#1351,#1353,#224,.T.);
#1651=EDGE_CURVE('',#1354,#1352,#225,.T.);
#1652=EDGE_CURVE('',#1355,#1356,#1084,.T.);
#1653=EDGE_CURVE('',#1353,#1355,#1085,.T.);
#1654=EDGE_CURVE('',#1356,#1354,#1086,.T.);
#1655=EDGE_CURVE('',#1357,#1358,#1087,.T.);
#1656=EDGE_CURVE('',#1355,#1357,#1088,.T.);
#1657=EDGE_CURVE('',#1358,#1356,#1089,.T.);
#1658=EDGE_CURVE('',#1359,#1360,#1090,.T.);
#1659=EDGE_CURVE('',#1357,#1359,#226,.T.);
#1660=EDGE_CURVE('',#1360,#1358,#227,.T.);
#1661=EDGE_CURVE('',#1361,#1362,#1091,.T.);
#1662=EDGE_CURVE('',#1359,#1361,#1092,.T.);
#1663=EDGE_CURVE('',#1362,#1360,#1093,.T.);
#1664=EDGE_CURVE('',#1363,#1364,#1094,.T.);
#1665=EDGE_CURVE('',#1361,#1363,#228,.T.);
#1666=EDGE_CURVE('',#1364,#1362,#229,.T.);
#1667=EDGE_CURVE('',#1365,#1366,#1095,.T.);
#1668=EDGE_CURVE('',#1363,#1365,#1096,.T.);
#1669=EDGE_CURVE('',#1366,#1364,#1097,.T.);
#1670=EDGE_CURVE('',#1367,#1368,#1098,.T.);
#1671=EDGE_CURVE('',#1365,#1367,#230,.T.);
#1672=EDGE_CURVE('',#1368,#1366,#231,.T.);
#1673=EDGE_CURVE('',#1369,#1370,#1099,.T.);
#1674=EDGE_CURVE('',#1367,#1369,#1100,.T.);
#1675=EDGE_CURVE('',#1370,#1368,#1101,.T.);
#1676=EDGE_CURVE('',#1371,#1372,#1102,.T.);
#1677=EDGE_CURVE('',#1369,#1371,#232,.T.);
#1678=EDGE_CURVE('',#1372,#1370,#233,.T.);
#1679=EDGE_CURVE('',#1373,#1374,#1103,.T.);
#1680=EDGE_CURVE('',#1371,#1373,#1104,.T.);
#1681=EDGE_CURVE('',#1374,#1372,#1105,.T.);
#1682=EDGE_CURVE('',#1375,#1376,#1106,.T.);
#1683=EDGE_CURVE('',#1373,#1375,#234,.T.);
#1684=EDGE_CURVE('',#1376,#1374,#235,.T.);
#1685=EDGE_CURVE('',#1377,#1378,#1107,.T.);
#1686=EDGE_CURVE('',#1375,#1377,#1108,.T.);
#1687=EDGE_CURVE('',#1378,#1376,#1109,.T.);
#1688=EDGE_CURVE('',#1379,#1380,#1110,.T.);
#1689=EDGE_CURVE('',#1377,#1379,#236,.T.);
#1690=EDGE_CURVE('',#1380,#1378,#237,.T.);
#1691=EDGE_CURVE('',#1381,#1382,#1111,.T.);
#1692=EDGE_CURVE('',#1379,#1381,#1112,.T.);
#1693=EDGE_CURVE('',#1382,#1380,#1113,.T.);
#1694=EDGE_CURVE('',#1383,#1384,#1114,.T.);
#1695=EDGE_CURVE('',#1381,#1383,#238,.T.);
#1696=EDGE_CURVE('',#1384,#1382,#239,.T.);
#1697=EDGE_CURVE('',#1331,#1384,#1115,.T.);
#1698=EDGE_CURVE('',#1383,#1329,#1116,.T.);
#1699=EDGE_CURVE('',#1385,#1357,#240,.T.);
#1700=EDGE_CURVE('',#1385,#1386,#1117,.T.);
#1701=EDGE_CURVE('',#1386,#1355,#241,.T.);
#1702=EDGE_CURVE('',#1386,#1387,#1118,.T.);
#1703=EDGE_CURVE('',#1387,#1353,#242,.T.);
#1704=EDGE_CURVE('',#1387,#1388,#243,.T.);
#1705=EDGE_CURVE('',#1388,#1351,#244,.T.);
#1706=EDGE_CURVE('',#1388,#1389,#1119,.T.);
#1707=EDGE_CURVE('',#1389,#1349,#245,.T.);
#1708=EDGE_CURVE('',#1389,#1390,#1120,.T.);
#1709=EDGE_CURVE('',#1390,#1347,#246,.T.);
#1710=EDGE_CURVE('',#1390,#1391,#247,.T.);
#1711=EDGE_CURVE('',#1391,#1345,#248,.T.);
#1712=EDGE_CURVE('',#1391,#1392,#1121,.T.);
#1713=EDGE_CURVE('',#1343,#1392,#249,.T.);
#1714=EDGE_CURVE('',#1392,#1393,#1122,.T.);
#1715=EDGE_CURVE('',#1393,#1341,#250,.T.);
#1716=EDGE_CURVE('',#1393,#1394,#251,.T.);
#1717=EDGE_CURVE('',#1394,#1339,#252,.T.);
#1718=EDGE_CURVE('',#1394,#1395,#1123,.T.);
#1719=EDGE_CURVE('',#1395,#1337,#253,.T.);
#1720=EDGE_CURVE('',#1395,#1396,#1124,.T.);
#1721=EDGE_CURVE('',#1396,#1335,#254,.T.);
#1722=EDGE_CURVE('',#1396,#1397,#255,.T.);
#1723=EDGE_CURVE('',#1397,#1333,#256,.T.);
#1724=EDGE_CURVE('',#1397,#1398,#1125,.T.);
#1725=EDGE_CURVE('',#1398,#1330,#257,.T.);
#1726=EDGE_CURVE('',#1398,#1399,#258,.T.);
#1727=EDGE_CURVE('',#1329,#1399,#259,.T.);
#1728=EDGE_CURVE('',#1400,#1401,#260,.T.);
#1729=EDGE_CURVE('',#1400,#1402,#20,.T.);
#1730=EDGE_CURVE('',#1403,#1402,#261,.T.);
#1731=EDGE_CURVE('',#1401,#1403,#21,.T.);
#1732=EDGE_CURVE('',#1401,#1404,#262,.T.);
#1733=EDGE_CURVE('',#1405,#1403,#263,.T.);
#1734=EDGE_CURVE('',#1404,#1405,#22,.T.);
#1735=EDGE_CURVE('',#1406,#1407,#264,.T.);
#1736=EDGE_CURVE('',#1408,#1406,#23,.T.);
#1737=EDGE_CURVE('',#1409,#1408,#265,.T.);
#1738=EDGE_CURVE('',#1407,#1409,#1126,.T.);
#1739=EDGE_CURVE('',#1410,#1411,#1127,.T.);
#1740=EDGE_CURVE('',#1407,#1410,#1128,.T.);
#1741=EDGE_CURVE('',#1411,#1409,#1129,.T.);
#1742=EDGE_CURVE('',#1412,#1413,#1130,.T.);
#1743=EDGE_CURVE('',#1410,#1412,#266,.T.);
#1744=EDGE_CURVE('',#1413,#1411,#267,.T.);
#1745=EDGE_CURVE('',#1414,#1415,#1131,.T.);
#1746=EDGE_CURVE('',#1412,#1414,#1132,.T.);
#1747=EDGE_CURVE('',#1415,#1413,#1133,.T.);
#1748=EDGE_CURVE('',#1416,#1417,#1134,.T.);
#1749=EDGE_CURVE('',#1414,#1416,#268,.T.);
#1750=EDGE_CURVE('',#1417,#1415,#269,.T.);
#1751=EDGE_CURVE('',#1418,#1419,#1135,.T.);
#1752=EDGE_CURVE('',#1416,#1418,#1136,.T.);
#1753=EDGE_CURVE('',#1419,#1417,#1137,.T.);
#1754=EDGE_CURVE('',#1420,#1421,#1138,.T.);
#1755=EDGE_CURVE('',#1418,#1420,#270,.T.);
#1756=EDGE_CURVE('',#1421,#1419,#271,.T.);
#1757=EDGE_CURVE('',#1422,#1423,#1139,.T.);
#1758=EDGE_CURVE('',#1420,#1422,#1140,.T.);
#1759=EDGE_CURVE('',#1423,#1421,#1141,.T.);
#1760=EDGE_CURVE('',#1424,#1425,#1142,.T.);
#1761=EDGE_CURVE('',#1422,#1424,#272,.T.);
#1762=EDGE_CURVE('',#1425,#1423,#273,.T.);
#1763=EDGE_CURVE('',#1426,#1427,#1143,.T.);
#1764=EDGE_CURVE('',#1424,#1426,#1144,.T.);
#1765=EDGE_CURVE('',#1427,#1425,#1145,.T.);
#1766=EDGE_CURVE('',#1428,#1429,#1146,.T.);
#1767=EDGE_CURVE('',#1426,#1428,#274,.T.);
#1768=EDGE_CURVE('',#1429,#1427,#275,.T.);
#1769=EDGE_CURVE('',#1430,#1431,#1147,.T.);
#1770=EDGE_CURVE('',#1428,#1430,#1148,.T.);
#1771=EDGE_CURVE('',#1431,#1429,#1149,.T.);
#1772=EDGE_CURVE('',#1432,#1433,#1150,.T.);
#1773=EDGE_CURVE('',#1430,#1432,#276,.T.);
#1774=EDGE_CURVE('',#1433,#1431,#277,.T.);
#1775=EDGE_CURVE('',#1434,#1435,#1151,.T.);
#1776=EDGE_CURVE('',#1432,#1434,#1152,.T.);
#1777=EDGE_CURVE('',#1435,#1433,#1153,.T.);
#1778=EDGE_CURVE('',#1436,#1437,#1154,.T.);
#1779=EDGE_CURVE('',#1434,#1436,#278,.T.);
#1780=EDGE_CURVE('',#1437,#1435,#279,.T.);
#1781=EDGE_CURVE('',#1438,#1439,#1155,.T.);
#1782=EDGE_CURVE('',#1436,#1438,#1156,.T.);
#1783=EDGE_CURVE('',#1439,#1437,#1157,.T.);
#1784=EDGE_CURVE('',#1440,#1441,#1158,.T.);
#1785=EDGE_CURVE('',#1438,#1440,#280,.T.);
#1786=EDGE_CURVE('',#1441,#1439,#281,.T.);
#1787=EDGE_CURVE('',#1442,#1443,#1159,.T.);
#1788=EDGE_CURVE('',#1440,#1442,#1160,.T.);
#1789=EDGE_CURVE('',#1443,#1441,#1161,.T.);
#1790=EDGE_CURVE('',#1444,#1445,#1162,.T.);
#1791=EDGE_CURVE('',#1442,#1444,#1163,.T.);
#1792=EDGE_CURVE('',#1445,#1443,#1164,.T.);
#1793=EDGE_CURVE('',#1446,#1447,#1165,.T.);
#1794=EDGE_CURVE('',#1444,#1446,#282,.T.);
#1795=EDGE_CURVE('',#1447,#1445,#283,.T.);
#1796=EDGE_CURVE('',#1448,#1449,#1166,.T.);
#1797=EDGE_CURVE('',#1446,#1448,#1167,.T.);
#1798=EDGE_CURVE('',#1449,#1447,#1168,.T.);
#1799=EDGE_CURVE('',#1450,#1451,#1169,.T.);
#1800=EDGE_CURVE('',#1448,#1450,#284,.T.);
#1801=EDGE_CURVE('',#1451,#1449,#285,.T.);
#1802=EDGE_CURVE('',#1452,#1453,#1170,.T.);
#1803=EDGE_CURVE('',#1450,#1452,#1171,.T.);
#1804=EDGE_CURVE('',#1453,#1451,#1172,.T.);
#1805=EDGE_CURVE('',#1454,#1455,#1173,.T.);
#1806=EDGE_CURVE('',#1452,#1454,#286,.T.);
#1807=EDGE_CURVE('',#1455,#1453,#287,.T.);
#1808=EDGE_CURVE('',#1456,#1457,#1174,.T.);
#1809=EDGE_CURVE('',#1454,#1456,#1175,.T.);
#1810=EDGE_CURVE('',#1457,#1455,#1176,.T.);
#1811=EDGE_CURVE('',#1458,#1459,#1177,.T.);
#1812=EDGE_CURVE('',#1456,#1458,#288,.T.);
#1813=EDGE_CURVE('',#1459,#1457,#289,.T.);
#1814=EDGE_CURVE('',#1460,#1461,#1178,.T.);
#1815=EDGE_CURVE('',#1458,#1460,#1179,.T.);
#1816=EDGE_CURVE('',#1461,#1459,#1180,.T.);
#1817=EDGE_CURVE('',#1462,#1463,#1181,.T.);
#1818=EDGE_CURVE('',#1460,#1462,#290,.T.);
#1819=EDGE_CURVE('',#1463,#1461,#291,.T.);
#1820=EDGE_CURVE('',#1464,#1465,#1182,.T.);
#1821=EDGE_CURVE('',#1462,#1464,#1183,.T.);
#1822=EDGE_CURVE('',#1465,#1463,#1184,.T.);
#1823=EDGE_CURVE('',#1466,#1467,#1185,.T.);
#1824=EDGE_CURVE('',#1464,#1466,#292,.T.);
#1825=EDGE_CURVE('',#1467,#1465,#293,.T.);
#1826=EDGE_CURVE('',#1468,#1469,#1186,.T.);
#1827=EDGE_CURVE('',#1466,#1468,#1187,.T.);
#1828=EDGE_CURVE('',#1469,#1467,#1188,.T.);
#1829=EDGE_CURVE('',#1470,#1471,#1189,.T.);
#1830=EDGE_CURVE('',#1468,#1470,#294,.T.);
#1831=EDGE_CURVE('',#1471,#1469,#295,.T.);
#1832=EDGE_CURVE('',#1472,#1473,#1190,.T.);
#1833=EDGE_CURVE('',#1470,#1472,#1191,.T.);
#1834=EDGE_CURVE('',#1473,#1471,#1192,.T.);
#1835=EDGE_CURVE('',#1474,#1475,#1193,.T.);
#1836=EDGE_CURVE('',#1472,#1474,#296,.T.);
#1837=EDGE_CURVE('',#1475,#1473,#297,.T.);
#1838=EDGE_CURVE('',#1476,#1477,#1194,.T.);
#1839=EDGE_CURVE('',#1474,#1476,#1195,.T.);
#1840=EDGE_CURVE('',#1477,#1475,#1196,.T.);
#1841=EDGE_CURVE('',#1478,#1479,#1197,.T.);
#1842=EDGE_CURVE('',#1476,#1478,#298,.T.);
#1843=EDGE_CURVE('',#1479,#1477,#299,.T.);
#1844=EDGE_CURVE('',#1480,#1481,#1198,.T.);
#1845=EDGE_CURVE('',#1478,#1480,#1199,.T.);
#1846=EDGE_CURVE('',#1481,#1479,#1200,.T.);
#1847=EDGE_CURVE('',#1404,#1481,#300,.T.);
#1848=EDGE_CURVE('',#1480,#1405,#301,.T.);
#1849=EDGE_CURVE('',#1482,#1406,#302,.T.);
#1850=EDGE_CURVE('',#1483,#1482,#24,.T.);
#1851=EDGE_CURVE('',#1408,#1483,#303,.T.);
#1852=EDGE_CURVE('',#1402,#1482,#304,.T.);
#1853=EDGE_CURVE('',#1483,#1400,#305,.T.);
#1854=EDGE_CURVE('',#1484,#1451,#306,.T.);
#1855=EDGE_CURVE('',#1484,#1485,#1201,.T.);
#1856=EDGE_CURVE('',#1453,#1485,#307,.T.);
#1857=EDGE_CURVE('',#1485,#1486,#308,.T.);
#1858=EDGE_CURVE('',#1486,#1455,#309,.T.);
#1859=EDGE_CURVE('',#1486,#1487,#1202,.T.);
#1860=EDGE_CURVE('',#1487,#1488,#44,.T.);
#1861=EDGE_CURVE('',#1457,#1488,#310,.T.);
#1862=EDGE_CURVE('',#1488,#1489,#311,.T.);
#1863=EDGE_CURVE('',#1489,#1459,#312,.T.);
#1864=EDGE_CURVE('',#1489,#1490,#1203,.T.);
#1865=EDGE_CURVE('',#1461,#1490,#313,.T.);
#1866=EDGE_CURVE('',#1490,#1491,#1204,.T.);
#1867=EDGE_CURVE('',#1491,#1492,#314,.T.);
#1868=EDGE_CURVE('',#1492,#1467,#315,.T.);
#1869=EDGE_CURVE('',#1492,#1493,#1205,.T.);
#1870=EDGE_CURVE('',#1469,#1493,#316,.T.);
#1871=EDGE_CURVE('',#1493,#1494,#317,.T.);
#1872=EDGE_CURVE('',#1494,#1471,#318,.T.);
#1873=EDGE_CURVE('',#1494,#1495,#1206,.T.);
#1874=EDGE_CURVE('',#1473,#1495,#319,.T.);
#1875=EDGE_CURVE('',#1495,#1496,#320,.T.);
#1876=EDGE_CURVE('',#1496,#1475,#321,.T.);
#1877=EDGE_CURVE('',#1496,#1497,#1207,.T.);
#1878=EDGE_CURVE('',#1477,#1497,#322,.T.);
#1879=EDGE_CURVE('',#1497,#1498,#323,.T.);
#1880=EDGE_CURVE('',#1498,#1479,#324,.T.);
#1881=EDGE_CURVE('',#1498,#1499,#1208,.T.);
#1882=EDGE_CURVE('',#1481,#1499,#325,.T.);
#1883=EDGE_CURVE('',#1324,#1444,#326,.T.);
#1884=EDGE_CURVE('',#1323,#1442,#327,.T.);
#1885=EDGE_CURVE('',#1440,#1322,#328,.T.);
#1886=EDGE_CURVE('',#1321,#1438,#329,.T.);
#1887=EDGE_CURVE('',#1436,#1320,#330,.T.);
#1888=EDGE_CURVE('',#1319,#1434,#331,.T.);
#1889=EDGE_CURVE('',#1432,#1318,#332,.T.);
#1890=EDGE_CURVE('',#1317,#1430,#333,.T.);
#1891=EDGE_CURVE('',#1428,#1316,#334,.T.);
#1892=EDGE_CURVE('',#1315,#1426,#335,.T.);
#1893=EDGE_CURVE('',#1424,#1314,#336,.T.);
#1894=EDGE_CURVE('',#1313,#1422,#337,.T.);
#1895=EDGE_CURVE('',#1420,#1312,#338,.T.);
#1896=EDGE_CURVE('',#1311,#1418,#339,.T.);
#1897=EDGE_CURVE('',#1416,#1310,#340,.T.);
#1898=EDGE_CURVE('',#1309,#1414,#341,.T.);
#1899=EDGE_CURVE('',#1412,#1308,#342,.T.);
#1900=EDGE_CURVE('',#1307,#1410,#343,.T.);
#1901=EDGE_CURVE('',#1407,#1306,#344,.T.);
#1902=EDGE_CURVE('',#1305,#1406,#345,.T.);
#1903=EDGE_CURVE('',#1494,#1500,#1209,.T.);
#1904=EDGE_CURVE('',#1501,#1493,#1210,.T.);
#1905=EDGE_CURVE('',#1500,#1501,#346,.T.);
#1906=EDGE_CURVE('',#1495,#1502,#1211,.T.);
#1907=EDGE_CURVE('',#1502,#1500,#1212,.T.);
#1908=EDGE_CURVE('',#1496,#1503,#1213,.T.);
#1909=EDGE_CURVE('',#1503,#1502,#347,.T.);
#1910=EDGE_CURVE('',#1497,#1504,#1214,.T.);
#1911=EDGE_CURVE('',#1504,#1503,#1215,.T.);
#1912=EDGE_CURVE('',#1498,#1505,#1216,.T.);
#1913=EDGE_CURVE('',#1505,#1504,#348,.T.);
#1914=EDGE_CURVE('',#1506,#1488,#1217,.T.);
#1915=EDGE_CURVE('',#1507,#1506,#349,.T.);
#1916=EDGE_CURVE('',#1489,#1507,#1218,.T.);
#1917=EDGE_CURVE('',#1484,#1508,#1219,.T.);
#1918=EDGE_CURVE('',#1509,#1484,#350,.T.);
#1919=EDGE_CURVE('',#1510,#1509,#1220,.T.);
#1920=EDGE_CURVE('',#1508,#1510,#351,.T.);
#1921=EDGE_CURVE('',#1485,#1511,#1221,.T.);
#1922=EDGE_CURVE('',#1511,#1508,#1222,.T.);
#1923=EDGE_CURVE('',#1486,#1512,#1223,.T.);
#1924=EDGE_CURVE('',#1512,#1511,#352,.T.);
#1925=EDGE_CURVE('',#1487,#1513,#1224,.T.);
#1926=EDGE_CURVE('',#1513,#1512,#1225,.T.);
#1927=EDGE_CURVE('',#1514,#1515,#1226,.T.);
#1928=EDGE_CURVE('',#1499,#1514,#353,.T.);
#1929=EDGE_CURVE('',#1505,#1499,#1227,.T.);
#1930=EDGE_CURVE('',#1515,#1505,#354,.T.);
#1931=EDGE_CURVE('',#1516,#1517,#1228,.T.);
#1932=EDGE_CURVE('',#1514,#1516,#1229,.T.);
#1933=EDGE_CURVE('',#1517,#1515,#1230,.T.);
#1934=EDGE_CURVE('',#1518,#1519,#1231,.T.);
#1935=EDGE_CURVE('',#1516,#1518,#355,.T.);
#1936=EDGE_CURVE('',#1519,#1517,#356,.T.);
#1937=EDGE_CURVE('',#1520,#1521,#1232,.T.);
#1938=EDGE_CURVE('',#1518,#1520,#1233,.T.);
#1939=EDGE_CURVE('',#1521,#1519,#1234,.T.);
#1940=EDGE_CURVE('',#1522,#1523,#1235,.T.);
#1941=EDGE_CURVE('',#1520,#1522,#357,.T.);
#1942=EDGE_CURVE('',#1523,#1521,#358,.T.);
#1943=EDGE_CURVE('',#1524,#1525,#1236,.T.);
#1944=EDGE_CURVE('',#1522,#1524,#1237,.T.);
#1945=EDGE_CURVE('',#1525,#1523,#1238,.T.);
#1946=EDGE_CURVE('',#1526,#1527,#1239,.T.);
#1947=EDGE_CURVE('',#1524,#1526,#359,.T.);
#1948=EDGE_CURVE('',#1527,#1525,#360,.T.);
#1949=EDGE_CURVE('',#1528,#1529,#1240,.T.);
#1950=EDGE_CURVE('',#1526,#1528,#1241,.T.);
#1951=EDGE_CURVE('',#1529,#1527,#1242,.T.);
#1952=EDGE_CURVE('',#1530,#1531,#1243,.T.);
#1953=EDGE_CURVE('',#1528,#1530,#361,.T.);
#1954=EDGE_CURVE('',#1531,#1529,#362,.T.);
#1955=EDGE_CURVE('',#1532,#1533,#1244,.T.);
#1956=EDGE_CURVE('',#1530,#1532,#1245,.T.);
#1957=EDGE_CURVE('',#1533,#1531,#1246,.T.);
#1958=EDGE_CURVE('',#1534,#1535,#1247,.T.);
#1959=EDGE_CURVE('',#1532,#1534,#363,.T.);
#1960=EDGE_CURVE('',#1535,#1533,#364,.T.);
#1961=EDGE_CURVE('',#1399,#1535,#1248,.T.);
#1962=EDGE_CURVE('',#1536,#1399,#45,.T.);
#1963=EDGE_CURVE('',#1534,#1536,#1249,.T.);
#1964=EDGE_CURVE('',#1536,#1537,#365,.T.);
#1965=EDGE_CURVE('',#1537,#1398,#1250,.T.);
#1966=EDGE_CURVE('',#1538,#1397,#1251,.T.);
#1967=EDGE_CURVE('',#1537,#1538,#1252,.T.);
#1968=EDGE_CURVE('',#1539,#1396,#1253,.T.);
#1969=EDGE_CURVE('',#1538,#1539,#366,.T.);
#1970=EDGE_CURVE('',#1540,#1395,#1254,.T.);
#1971=EDGE_CURVE('',#1539,#1540,#1255,.T.);
#1972=EDGE_CURVE('',#1541,#1394,#1256,.T.);
#1973=EDGE_CURVE('',#1540,#1541,#1257,.T.);
#1974=EDGE_CURVE('',#1542,#1393,#1258,.T.);
#1975=EDGE_CURVE('',#1541,#1542,#367,.T.);
#1976=EDGE_CURVE('',#1543,#1392,#1259,.T.);
#1977=EDGE_CURVE('',#1542,#1543,#1260,.T.);
#1978=EDGE_CURVE('',#1544,#1391,#1261,.T.);
#1979=EDGE_CURVE('',#1543,#1544,#1262,.T.);
#1980=EDGE_CURVE('',#1545,#1390,#1263,.T.);
#1981=EDGE_CURVE('',#1544,#1545,#368,.T.);
#1982=EDGE_CURVE('',#1546,#1389,#1264,.T.);
#1983=EDGE_CURVE('',#1545,#1546,#1265,.T.);
#1984=EDGE_CURVE('',#1547,#1388,#1266,.T.);
#1985=EDGE_CURVE('',#1546,#1547,#1267,.T.);
#1986=EDGE_CURVE('',#1548,#1387,#1268,.T.);
#1987=EDGE_CURVE('',#1547,#1548,#369,.T.);
#1988=EDGE_CURVE('',#1549,#1386,#1269,.T.);
#1989=EDGE_CURVE('',#1548,#1549,#1270,.T.);
#1990=EDGE_CURVE('',#1550,#1385,#1271,.T.);
#1991=EDGE_CURVE('',#1549,#1550,#1272,.T.);
#1992=EDGE_CURVE('',#1551,#1510,#1273,.T.);
#1993=EDGE_CURVE('',#1550,#1551,#370,.T.);
#1994=EDGE_CURVE('',#1510,#1385,#371,.T.);
#1995=EDGE_CURVE('',#1551,#1509,#1274,.T.);
#1996=EDGE_CURVE('',#1506,#1513,#46,.T.);
#1997=EDGE_CURVE('',#1507,#1490,#1275,.T.);
#1998=EDGE_CURVE('',#1552,#1507,#1276,.T.);
#1999=EDGE_CURVE('',#1491,#1552,#1277,.T.);
#2000=EDGE_CURVE('',#1492,#1501,#1278,.T.);
#2001=EDGE_CURVE('',#1501,#1552,#372,.T.);
#2002=EDGE_CURVE('',#1531,#1379,#373,.T.);
#2003=EDGE_CURVE('',#1529,#1377,#374,.T.);
#2004=EDGE_CURVE('',#1533,#1381,#375,.T.);
#2005=EDGE_CURVE('',#1535,#1383,#376,.T.);
#2006=EDGE_CURVE('',#1551,#1447,#377,.T.);
#2007=EDGE_CURVE('',#1521,#1369,#378,.T.);
#2008=EDGE_CURVE('',#1519,#1367,#379,.T.);
#2009=EDGE_CURVE('',#1523,#1371,#380,.T.);
#2010=EDGE_CURVE('',#1552,#1361,#381,.T.);
#2011=EDGE_CURVE('',#1513,#1359,#382,.T.);
#2012=EDGE_CURVE('',#1515,#1363,#383,.T.);
#2013=EDGE_CURVE('',#1301,#1405,#384,.F.);
#2014=EDGE_CURVE('',#1299,#1464,#385,.T.);
#2015=EDGE_CURVE('',#1462,#1300,#386,.T.);
#2016=EDGE_CURVE('',#1449,#1509,#387,.T.);
#2017=EDGE_CURVE('',#1517,#1365,#388,.T.);
#2018=EDGE_CURVE('',#1525,#1373,#389,.T.);
#2019=EDGE_CURVE('',#1527,#1375,#390,.T.);
#2020=EDGE_CURVE('',#1302,#1403,#391,.F.);
#2021=EDGE_CURVE('',#1303,#1402,#392,.T.);
#2022=EDGE_CURVE('',#1304,#1482,#393,.F.);
#2023=ORIENTED_EDGE('',*,*,#1553,.F.);
#2024=ORIENTED_EDGE('',*,*,#1554,.T.);
#2025=ORIENTED_EDGE('',*,*,#1555,.F.);
#2026=ORIENTED_EDGE('',*,*,#1556,.F.);
#2027=ORIENTED_EDGE('',*,*,#1554,.F.);
#2028=ORIENTED_EDGE('',*,*,#1557,.F.);
#2029=ORIENTED_EDGE('',*,*,#1558,.T.);
#2030=ORIENTED_EDGE('',*,*,#1555,.T.);
#2031=ORIENTED_EDGE('',*,*,#1556,.T.);
#2032=ORIENTED_EDGE('',*,*,#1558,.F.);
#2033=ORIENTED_EDGE('',*,*,#1553,.T.);
#2034=ORIENTED_EDGE('',*,*,#1559,.F.);
#2035=ORIENTED_EDGE('',*,*,#1560,.F.);
#2036=ORIENTED_EDGE('',*,*,#1561,.T.);
#2037=ORIENTED_EDGE('',*,*,#1562,.F.);
#2038=ORIENTED_EDGE('',*,*,#1563,.F.);
#2039=ORIENTED_EDGE('',*,*,#1561,.F.);
#2040=ORIENTED_EDGE('',*,*,#1564,.F.);
#2041=ORIENTED_EDGE('',*,*,#1565,.T.);
#2042=ORIENTED_EDGE('',*,*,#1562,.T.);
#2043=ORIENTED_EDGE('',*,*,#1563,.T.);
#2044=ORIENTED_EDGE('',*,*,#1565,.F.);
#2045=ORIENTED_EDGE('',*,*,#1560,.T.);
#2046=ORIENTED_EDGE('',*,*,#1566,.F.);
#2047=ORIENTED_EDGE('',*,*,#1567,.F.);
#2048=ORIENTED_EDGE('',*,*,#1568,.T.);
#2049=ORIENTED_EDGE('',*,*,#1569,.F.);
#2050=ORIENTED_EDGE('',*,*,#1570,.F.);
#2051=ORIENTED_EDGE('',*,*,#1568,.F.);
#2052=ORIENTED_EDGE('',*,*,#1571,.F.);
#2053=ORIENTED_EDGE('',*,*,#1572,.T.);
#2054=ORIENTED_EDGE('',*,*,#1569,.T.);
#2055=ORIENTED_EDGE('',*,*,#1570,.T.);
#2056=ORIENTED_EDGE('',*,*,#1572,.F.);
#2057=ORIENTED_EDGE('',*,*,#1567,.T.);
#2058=ORIENTED_EDGE('',*,*,#1573,.F.);
#2059=ORIENTED_EDGE('',*,*,#1574,.F.);
#2060=ORIENTED_EDGE('',*,*,#1575,.T.);
#2061=ORIENTED_EDGE('',*,*,#1576,.F.);
#2062=ORIENTED_EDGE('',*,*,#1577,.F.);
#2063=ORIENTED_EDGE('',*,*,#1575,.F.);
#2064=ORIENTED_EDGE('',*,*,#1578,.F.);
#2065=ORIENTED_EDGE('',*,*,#1579,.T.);
#2066=ORIENTED_EDGE('',*,*,#1576,.T.);
#2067=ORIENTED_EDGE('',*,*,#1577,.T.);
#2068=ORIENTED_EDGE('',*,*,#1579,.F.);
#2069=ORIENTED_EDGE('',*,*,#1574,.T.);
#2070=ORIENTED_EDGE('',*,*,#1580,.F.);
#2071=ORIENTED_EDGE('',*,*,#1581,.F.);
#2072=ORIENTED_EDGE('',*,*,#1582,.F.);
#2073=ORIENTED_EDGE('',*,*,#1583,.F.);
#2074=ORIENTED_EDGE('',*,*,#1584,.F.);
#2075=ORIENTED_EDGE('',*,*,#1585,.F.);
#2076=ORIENTED_EDGE('',*,*,#1586,.F.);
#2077=ORIENTED_EDGE('',*,*,#1587,.F.);
#2078=ORIENTED_EDGE('',*,*,#1588,.F.);
#2079=ORIENTED_EDGE('',*,*,#1589,.F.);
#2080=ORIENTED_EDGE('',*,*,#1590,.F.);
#2081=ORIENTED_EDGE('',*,*,#1591,.F.);
#2082=ORIENTED_EDGE('',*,*,#1592,.T.);
#2083=ORIENTED_EDGE('',*,*,#1593,.F.);
#2084=ORIENTED_EDGE('',*,*,#1594,.F.);
#2085=ORIENTED_EDGE('',*,*,#1595,.F.);
#2086=ORIENTED_EDGE('',*,*,#1596,.T.);
#2087=ORIENTED_EDGE('',*,*,#1597,.F.);
#2088=ORIENTED_EDGE('',*,*,#1598,.F.);
#2089=ORIENTED_EDGE('',*,*,#1599,.F.);
#2090=ORIENTED_EDGE('',*,*,#1600,.F.);
#2091=ORIENTED_EDGE('',*,*,#1601,.F.);
#2092=ORIENTED_EDGE('',*,*,#1602,.T.);
#2093=ORIENTED_EDGE('',*,*,#1603,.F.);
#2094=ORIENTED_EDGE('',*,*,#1604,.F.);
#2095=ORIENTED_EDGE('',*,*,#1605,.T.);
#2096=ORIENTED_EDGE('',*,*,#1606,.F.);
#2097=ORIENTED_EDGE('',*,*,#1557,.T.);
#2098=ORIENTED_EDGE('',*,*,#1571,.T.);
#2099=ORIENTED_EDGE('',*,*,#1578,.T.);
#2100=ORIENTED_EDGE('',*,*,#1564,.T.);
#2101=ORIENTED_EDGE('',*,*,#1566,.T.);
#2102=ORIENTED_EDGE('',*,*,#1607,.T.);
#2103=ORIENTED_EDGE('',*,*,#1608,.T.);
#2104=ORIENTED_EDGE('',*,*,#1607,.F.);
#2105=ORIENTED_EDGE('',*,*,#1573,.T.);
#2106=ORIENTED_EDGE('',*,*,#1609,.T.);
#2107=ORIENTED_EDGE('',*,*,#1610,.T.);
#2108=ORIENTED_EDGE('',*,*,#1609,.F.);
#2109=ORIENTED_EDGE('',*,*,#1608,.F.);
#2110=ORIENTED_EDGE('',*,*,#1559,.T.);
#2111=ORIENTED_EDGE('',*,*,#1611,.T.);
#2112=ORIENTED_EDGE('',*,*,#1612,.T.);
#2113=ORIENTED_EDGE('',*,*,#1611,.F.);
#2114=ORIENTED_EDGE('',*,*,#1610,.F.);
#2115=ORIENTED_EDGE('',*,*,#1580,.T.);
#2116=ORIENTED_EDGE('',*,*,#1613,.T.);
#2117=ORIENTED_EDGE('',*,*,#1614,.T.);
#2118=ORIENTED_EDGE('',*,*,#1613,.F.);
#2119=ORIENTED_EDGE('',*,*,#1612,.F.);
#2120=ORIENTED_EDGE('',*,*,#1615,.F.);
#2121=ORIENTED_EDGE('',*,*,#1616,.F.);
#2122=ORIENTED_EDGE('',*,*,#1617,.F.);
#2123=ORIENTED_EDGE('',*,*,#1618,.F.);
#2124=ORIENTED_EDGE('',*,*,#1619,.F.);
#2125=ORIENTED_EDGE('',*,*,#1620,.F.);
#2126=ORIENTED_EDGE('',*,*,#1618,.T.);
#2127=ORIENTED_EDGE('',*,*,#1621,.F.);
#2128=ORIENTED_EDGE('',*,*,#1622,.F.);
#2129=ORIENTED_EDGE('',*,*,#1623,.F.);
#2130=ORIENTED_EDGE('',*,*,#1619,.T.);
#2131=ORIENTED_EDGE('',*,*,#1624,.F.);
#2132=ORIENTED_EDGE('',*,*,#1625,.F.);
#2133=ORIENTED_EDGE('',*,*,#1626,.F.);
#2134=ORIENTED_EDGE('',*,*,#1622,.T.);
#2135=ORIENTED_EDGE('',*,*,#1627,.F.);
#2136=ORIENTED_EDGE('',*,*,#1628,.F.);
#2137=ORIENTED_EDGE('',*,*,#1629,.F.);
#2138=ORIENTED_EDGE('',*,*,#1625,.T.);
#2139=ORIENTED_EDGE('',*,*,#1630,.F.);
#2140=ORIENTED_EDGE('',*,*,#1631,.F.);
#2141=ORIENTED_EDGE('',*,*,#1632,.F.);
#2142=ORIENTED_EDGE('',*,*,#1628,.T.);
#2143=ORIENTED_EDGE('',*,*,#1633,.F.);
#2144=ORIENTED_EDGE('',*,*,#1634,.F.);
#2145=ORIENTED_EDGE('',*,*,#1635,.F.);
#2146=ORIENTED_EDGE('',*,*,#1631,.T.);
#2147=ORIENTED_EDGE('',*,*,#1636,.F.);
#2148=ORIENTED_EDGE('',*,*,#1637,.F.);
#2149=ORIENTED_EDGE('',*,*,#1638,.F.);
#2150=ORIENTED_EDGE('',*,*,#1634,.T.);
#2151=ORIENTED_EDGE('',*,*,#1639,.F.);
#2152=ORIENTED_EDGE('',*,*,#1640,.F.);
#2153=ORIENTED_EDGE('',*,*,#1641,.F.);
#2154=ORIENTED_EDGE('',*,*,#1637,.T.);
#2155=ORIENTED_EDGE('',*,*,#1642,.F.);
#2156=ORIENTED_EDGE('',*,*,#1643,.F.);
#2157=ORIENTED_EDGE('',*,*,#1644,.F.);
#2158=ORIENTED_EDGE('',*,*,#1640,.T.);
#2159=ORIENTED_EDGE('',*,*,#1645,.F.);
#2160=ORIENTED_EDGE('',*,*,#1646,.F.);
#2161=ORIENTED_EDGE('',*,*,#1647,.F.);
#2162=ORIENTED_EDGE('',*,*,#1643,.T.);
#2163=ORIENTED_EDGE('',*,*,#1648,.F.);
#2164=ORIENTED_EDGE('',*,*,#1649,.F.);
#2165=ORIENTED_EDGE('',*,*,#1650,.F.);
#2166=ORIENTED_EDGE('',*,*,#1646,.T.);
#2167=ORIENTED_EDGE('',*,*,#1651,.F.);
#2168=ORIENTED_EDGE('',*,*,#1652,.F.);
#2169=ORIENTED_EDGE('',*,*,#1653,.F.);
#2170=ORIENTED_EDGE('',*,*,#1649,.T.);
#2171=ORIENTED_EDGE('',*,*,#1654,.F.);
#2172=ORIENTED_EDGE('',*,*,#1655,.F.);
#2173=ORIENTED_EDGE('',*,*,#1656,.F.);
#2174=ORIENTED_EDGE('',*,*,#1652,.T.);
#2175=ORIENTED_EDGE('',*,*,#1657,.F.);
#2176=ORIENTED_EDGE('',*,*,#1658,.F.);
#2177=ORIENTED_EDGE('',*,*,#1659,.F.);
#2178=ORIENTED_EDGE('',*,*,#1655,.T.);
#2179=ORIENTED_EDGE('',*,*,#1660,.F.);
#2180=ORIENTED_EDGE('',*,*,#1661,.F.);
#2181=ORIENTED_EDGE('',*,*,#1662,.F.);
#2182=ORIENTED_EDGE('',*,*,#1658,.T.);
#2183=ORIENTED_EDGE('',*,*,#1663,.F.);
#2184=ORIENTED_EDGE('',*,*,#1664,.F.);
#2185=ORIENTED_EDGE('',*,*,#1665,.F.);
#2186=ORIENTED_EDGE('',*,*,#1661,.T.);
#2187=ORIENTED_EDGE('',*,*,#1666,.F.);
#2188=ORIENTED_EDGE('',*,*,#1667,.F.);
#2189=ORIENTED_EDGE('',*,*,#1668,.F.);
#2190=ORIENTED_EDGE('',*,*,#1664,.T.);
#2191=ORIENTED_EDGE('',*,*,#1669,.F.);
#2192=ORIENTED_EDGE('',*,*,#1670,.F.);
#2193=ORIENTED_EDGE('',*,*,#1671,.F.);
#2194=ORIENTED_EDGE('',*,*,#1667,.T.);
#2195=ORIENTED_EDGE('',*,*,#1672,.F.);
#2196=ORIENTED_EDGE('',*,*,#1673,.F.);
#2197=ORIENTED_EDGE('',*,*,#1674,.F.);
#2198=ORIENTED_EDGE('',*,*,#1670,.T.);
#2199=ORIENTED_EDGE('',*,*,#1675,.F.);
#2200=ORIENTED_EDGE('',*,*,#1676,.F.);
#2201=ORIENTED_EDGE('',*,*,#1677,.F.);
#2202=ORIENTED_EDGE('',*,*,#1673,.T.);
#2203=ORIENTED_EDGE('',*,*,#1678,.F.);
#2204=ORIENTED_EDGE('',*,*,#1679,.F.);
#2205=ORIENTED_EDGE('',*,*,#1680,.F.);
#2206=ORIENTED_EDGE('',*,*,#1676,.T.);
#2207=ORIENTED_EDGE('',*,*,#1681,.F.);
#2208=ORIENTED_EDGE('',*,*,#1682,.F.);
#2209=ORIENTED_EDGE('',*,*,#1683,.F.);
#2210=ORIENTED_EDGE('',*,*,#1679,.T.);
#2211=ORIENTED_EDGE('',*,*,#1684,.F.);
#2212=ORIENTED_EDGE('',*,*,#1685,.F.);
#2213=ORIENTED_EDGE('',*,*,#1686,.F.);
#2214=ORIENTED_EDGE('',*,*,#1682,.T.);
#2215=ORIENTED_EDGE('',*,*,#1687,.F.);
#2216=ORIENTED_EDGE('',*,*,#1688,.F.);
#2217=ORIENTED_EDGE('',*,*,#1689,.F.);
#2218=ORIENTED_EDGE('',*,*,#1685,.T.);
#2219=ORIENTED_EDGE('',*,*,#1690,.F.);
#2220=ORIENTED_EDGE('',*,*,#1691,.F.);
#2221=ORIENTED_EDGE('',*,*,#1692,.F.);
#2222=ORIENTED_EDGE('',*,*,#1688,.T.);
#2223=ORIENTED_EDGE('',*,*,#1693,.F.);
#2224=ORIENTED_EDGE('',*,*,#1694,.F.);
#2225=ORIENTED_EDGE('',*,*,#1695,.F.);
#2226=ORIENTED_EDGE('',*,*,#1691,.T.);
#2227=ORIENTED_EDGE('',*,*,#1696,.F.);
#2228=ORIENTED_EDGE('',*,*,#1697,.F.);
#2229=ORIENTED_EDGE('',*,*,#1616,.T.);
#2230=ORIENTED_EDGE('',*,*,#1698,.F.);
#2231=ORIENTED_EDGE('',*,*,#1694,.T.);
#2232=ORIENTED_EDGE('',*,*,#1656,.T.);
#2233=ORIENTED_EDGE('',*,*,#1699,.F.);
#2234=ORIENTED_EDGE('',*,*,#1700,.T.);
#2235=ORIENTED_EDGE('',*,*,#1701,.T.);
#2236=ORIENTED_EDGE('',*,*,#1653,.T.);
#2237=ORIENTED_EDGE('',*,*,#1701,.F.);
#2238=ORIENTED_EDGE('',*,*,#1702,.T.);
#2239=ORIENTED_EDGE('',*,*,#1703,.T.);
#2240=ORIENTED_EDGE('',*,*,#1650,.T.);
#2241=ORIENTED_EDGE('',*,*,#1703,.F.);
#2242=ORIENTED_EDGE('',*,*,#1704,.T.);
#2243=ORIENTED_EDGE('',*,*,#1705,.T.);
#2244=ORIENTED_EDGE('',*,*,#1647,.T.);
#2245=ORIENTED_EDGE('',*,*,#1705,.F.);
#2246=ORIENTED_EDGE('',*,*,#1706,.T.);
#2247=ORIENTED_EDGE('',*,*,#1707,.T.);
#2248=ORIENTED_EDGE('',*,*,#1644,.T.);
#2249=ORIENTED_EDGE('',*,*,#1707,.F.);
#2250=ORIENTED_EDGE('',*,*,#1708,.T.);
#2251=ORIENTED_EDGE('',*,*,#1709,.T.);
#2252=ORIENTED_EDGE('',*,*,#1641,.T.);
#2253=ORIENTED_EDGE('',*,*,#1709,.F.);
#2254=ORIENTED_EDGE('',*,*,#1710,.T.);
#2255=ORIENTED_EDGE('',*,*,#1711,.T.);
#2256=ORIENTED_EDGE('',*,*,#1638,.T.);
#2257=ORIENTED_EDGE('',*,*,#1711,.F.);
#2258=ORIENTED_EDGE('',*,*,#1712,.T.);
#2259=ORIENTED_EDGE('',*,*,#1713,.F.);
#2260=ORIENTED_EDGE('',*,*,#1635,.T.);
#2261=ORIENTED_EDGE('',*,*,#1713,.T.);
#2262=ORIENTED_EDGE('',*,*,#1714,.T.);
#2263=ORIENTED_EDGE('',*,*,#1715,.T.);
#2264=ORIENTED_EDGE('',*,*,#1632,.T.);
#2265=ORIENTED_EDGE('',*,*,#1715,.F.);
#2266=ORIENTED_EDGE('',*,*,#1716,.T.);
#2267=ORIENTED_EDGE('',*,*,#1717,.T.);
#2268=ORIENTED_EDGE('',*,*,#1629,.T.);
#2269=ORIENTED_EDGE('',*,*,#1717,.F.);
#2270=ORIENTED_EDGE('',*,*,#1718,.T.);
#2271=ORIENTED_EDGE('',*,*,#1719,.T.);
#2272=ORIENTED_EDGE('',*,*,#1626,.T.);
#2273=ORIENTED_EDGE('',*,*,#1719,.F.);
#2274=ORIENTED_EDGE('',*,*,#1720,.T.);
#2275=ORIENTED_EDGE('',*,*,#1721,.T.);
#2276=ORIENTED_EDGE('',*,*,#1623,.T.);
#2277=ORIENTED_EDGE('',*,*,#1721,.F.);
#2278=ORIENTED_EDGE('',*,*,#1722,.T.);
#2279=ORIENTED_EDGE('',*,*,#1723,.T.);
#2280=ORIENTED_EDGE('',*,*,#1620,.T.);
#2281=ORIENTED_EDGE('',*,*,#1723,.F.);
#2282=ORIENTED_EDGE('',*,*,#1724,.T.);
#2283=ORIENTED_EDGE('',*,*,#1725,.T.);
#2284=ORIENTED_EDGE('',*,*,#1615,.T.);
#2285=ORIENTED_EDGE('',*,*,#1725,.F.);
#2286=ORIENTED_EDGE('',*,*,#1726,.T.);
#2287=ORIENTED_EDGE('',*,*,#1727,.F.);
#2288=ORIENTED_EDGE('',*,*,#1617,.T.);
#2289=ORIENTED_EDGE('',*,*,#1697,.T.);
#2290=ORIENTED_EDGE('',*,*,#1696,.T.);
#2291=ORIENTED_EDGE('',*,*,#1693,.T.);
#2292=ORIENTED_EDGE('',*,*,#1690,.T.);
#2293=ORIENTED_EDGE('',*,*,#1687,.T.);
#2294=ORIENTED_EDGE('',*,*,#1684,.T.);
#2295=ORIENTED_EDGE('',*,*,#1681,.T.);
#2296=ORIENTED_EDGE('',*,*,#1678,.T.);
#2297=ORIENTED_EDGE('',*,*,#1675,.T.);
#2298=ORIENTED_EDGE('',*,*,#1672,.T.);
#2299=ORIENTED_EDGE('',*,*,#1669,.T.);
#2300=ORIENTED_EDGE('',*,*,#1666,.T.);
#2301=ORIENTED_EDGE('',*,*,#1663,.T.);
#2302=ORIENTED_EDGE('',*,*,#1660,.T.);
#2303=ORIENTED_EDGE('',*,*,#1657,.T.);
#2304=ORIENTED_EDGE('',*,*,#1654,.T.);
#2305=ORIENTED_EDGE('',*,*,#1651,.T.);
#2306=ORIENTED_EDGE('',*,*,#1648,.T.);
#2307=ORIENTED_EDGE('',*,*,#1645,.T.);
#2308=ORIENTED_EDGE('',*,*,#1642,.T.);
#2309=ORIENTED_EDGE('',*,*,#1639,.T.);
#2310=ORIENTED_EDGE('',*,*,#1636,.T.);
#2311=ORIENTED_EDGE('',*,*,#1633,.T.);
#2312=ORIENTED_EDGE('',*,*,#1630,.T.);
#2313=ORIENTED_EDGE('',*,*,#1627,.T.);
#2314=ORIENTED_EDGE('',*,*,#1624,.T.);
#2315=ORIENTED_EDGE('',*,*,#1621,.T.);
#2316=ORIENTED_EDGE('',*,*,#1728,.F.);
#2317=ORIENTED_EDGE('',*,*,#1729,.T.);
#2318=ORIENTED_EDGE('',*,*,#1730,.F.);
#2319=ORIENTED_EDGE('',*,*,#1731,.F.);
#2320=ORIENTED_EDGE('',*,*,#1732,.F.);
#2321=ORIENTED_EDGE('',*,*,#1731,.T.);
#2322=ORIENTED_EDGE('',*,*,#1733,.F.);
#2323=ORIENTED_EDGE('',*,*,#1734,.F.);
#2324=ORIENTED_EDGE('',*,*,#1735,.F.);
#2325=ORIENTED_EDGE('',*,*,#1736,.F.);
#2326=ORIENTED_EDGE('',*,*,#1737,.F.);
#2327=ORIENTED_EDGE('',*,*,#1738,.F.);
#2328=ORIENTED_EDGE('',*,*,#1739,.F.);
#2329=ORIENTED_EDGE('',*,*,#1740,.F.);
#2330=ORIENTED_EDGE('',*,*,#1738,.T.);
#2331=ORIENTED_EDGE('',*,*,#1741,.F.);
#2332=ORIENTED_EDGE('',*,*,#1742,.F.);
#2333=ORIENTED_EDGE('',*,*,#1743,.F.);
#2334=ORIENTED_EDGE('',*,*,#1739,.T.);
#2335=ORIENTED_EDGE('',*,*,#1744,.F.);
#2336=ORIENTED_EDGE('',*,*,#1745,.F.);
#2337=ORIENTED_EDGE('',*,*,#1746,.F.);
#2338=ORIENTED_EDGE('',*,*,#1742,.T.);
#2339=ORIENTED_EDGE('',*,*,#1747,.F.);
#2340=ORIENTED_EDGE('',*,*,#1748,.F.);
#2341=ORIENTED_EDGE('',*,*,#1749,.F.);
#2342=ORIENTED_EDGE('',*,*,#1745,.T.);
#2343=ORIENTED_EDGE('',*,*,#1750,.F.);
#2344=ORIENTED_EDGE('',*,*,#1751,.F.);
#2345=ORIENTED_EDGE('',*,*,#1752,.F.);
#2346=ORIENTED_EDGE('',*,*,#1748,.T.);
#2347=ORIENTED_EDGE('',*,*,#1753,.F.);
#2348=ORIENTED_EDGE('',*,*,#1754,.F.);
#2349=ORIENTED_EDGE('',*,*,#1755,.F.);
#2350=ORIENTED_EDGE('',*,*,#1751,.T.);
#2351=ORIENTED_EDGE('',*,*,#1756,.F.);
#2352=ORIENTED_EDGE('',*,*,#1757,.F.);
#2353=ORIENTED_EDGE('',*,*,#1758,.F.);
#2354=ORIENTED_EDGE('',*,*,#1754,.T.);
#2355=ORIENTED_EDGE('',*,*,#1759,.F.);
#2356=ORIENTED_EDGE('',*,*,#1760,.F.);
#2357=ORIENTED_EDGE('',*,*,#1761,.F.);
#2358=ORIENTED_EDGE('',*,*,#1757,.T.);
#2359=ORIENTED_EDGE('',*,*,#1762,.F.);
#2360=ORIENTED_EDGE('',*,*,#1763,.F.);
#2361=ORIENTED_EDGE('',*,*,#1764,.F.);
#2362=ORIENTED_EDGE('',*,*,#1760,.T.);
#2363=ORIENTED_EDGE('',*,*,#1765,.F.);
#2364=ORIENTED_EDGE('',*,*,#1766,.F.);
#2365=ORIENTED_EDGE('',*,*,#1767,.F.);
#2366=ORIENTED_EDGE('',*,*,#1763,.T.);
#2367=ORIENTED_EDGE('',*,*,#1768,.F.);
#2368=ORIENTED_EDGE('',*,*,#1769,.F.);
#2369=ORIENTED_EDGE('',*,*,#1770,.F.);
#2370=ORIENTED_EDGE('',*,*,#1766,.T.);
#2371=ORIENTED_EDGE('',*,*,#1771,.F.);
#2372=ORIENTED_EDGE('',*,*,#1772,.F.);
#2373=ORIENTED_EDGE('',*,*,#1773,.F.);
#2374=ORIENTED_EDGE('',*,*,#1769,.T.);
#2375=ORIENTED_EDGE('',*,*,#1774,.F.);
#2376=ORIENTED_EDGE('',*,*,#1775,.F.);
#2377=ORIENTED_EDGE('',*,*,#1776,.F.);
#2378=ORIENTED_EDGE('',*,*,#1772,.T.);
#2379=ORIENTED_EDGE('',*,*,#1777,.F.);
#2380=ORIENTED_EDGE('',*,*,#1778,.F.);
#2381=ORIENTED_EDGE('',*,*,#1779,.F.);
#2382=ORIENTED_EDGE('',*,*,#1775,.T.);
#2383=ORIENTED_EDGE('',*,*,#1780,.F.);
#2384=ORIENTED_EDGE('',*,*,#1781,.F.);
#2385=ORIENTED_EDGE('',*,*,#1782,.F.);
#2386=ORIENTED_EDGE('',*,*,#1778,.T.);
#2387=ORIENTED_EDGE('',*,*,#1783,.F.);
#2388=ORIENTED_EDGE('',*,*,#1784,.F.);
#2389=ORIENTED_EDGE('',*,*,#1785,.F.);
#2390=ORIENTED_EDGE('',*,*,#1781,.T.);
#2391=ORIENTED_EDGE('',*,*,#1786,.F.);
#2392=ORIENTED_EDGE('',*,*,#1787,.F.);
#2393=ORIENTED_EDGE('',*,*,#1788,.F.);
#2394=ORIENTED_EDGE('',*,*,#1784,.T.);
#2395=ORIENTED_EDGE('',*,*,#1789,.F.);
#2396=ORIENTED_EDGE('',*,*,#1790,.F.);
#2397=ORIENTED_EDGE('',*,*,#1791,.F.);
#2398=ORIENTED_EDGE('',*,*,#1787,.T.);
#2399=ORIENTED_EDGE('',*,*,#1792,.F.);
#2400=ORIENTED_EDGE('',*,*,#1793,.F.);
#2401=ORIENTED_EDGE('',*,*,#1794,.F.);
#2402=ORIENTED_EDGE('',*,*,#1790,.T.);
#2403=ORIENTED_EDGE('',*,*,#1795,.F.);
#2404=ORIENTED_EDGE('',*,*,#1796,.F.);
#2405=ORIENTED_EDGE('',*,*,#1797,.F.);
#2406=ORIENTED_EDGE('',*,*,#1793,.T.);
#2407=ORIENTED_EDGE('',*,*,#1798,.F.);
#2408=ORIENTED_EDGE('',*,*,#1799,.F.);
#2409=ORIENTED_EDGE('',*,*,#1800,.F.);
#2410=ORIENTED_EDGE('',*,*,#1796,.T.);
#2411=ORIENTED_EDGE('',*,*,#1801,.F.);
#2412=ORIENTED_EDGE('',*,*,#1802,.F.);
#2413=ORIENTED_EDGE('',*,*,#1803,.F.);
#2414=ORIENTED_EDGE('',*,*,#1799,.T.);
#2415=ORIENTED_EDGE('',*,*,#1804,.F.);
#2416=ORIENTED_EDGE('',*,*,#1805,.F.);
#2417=ORIENTED_EDGE('',*,*,#1806,.F.);
#2418=ORIENTED_EDGE('',*,*,#1802,.T.);
#2419=ORIENTED_EDGE('',*,*,#1807,.F.);
#2420=ORIENTED_EDGE('',*,*,#1808,.F.);
#2421=ORIENTED_EDGE('',*,*,#1809,.F.);
#2422=ORIENTED_EDGE('',*,*,#1805,.T.);
#2423=ORIENTED_EDGE('',*,*,#1810,.F.);
#2424=ORIENTED_EDGE('',*,*,#1811,.F.);
#2425=ORIENTED_EDGE('',*,*,#1812,.F.);
#2426=ORIENTED_EDGE('',*,*,#1808,.T.);
#2427=ORIENTED_EDGE('',*,*,#1813,.F.);
#2428=ORIENTED_EDGE('',*,*,#1814,.F.);
#2429=ORIENTED_EDGE('',*,*,#1815,.F.);
#2430=ORIENTED_EDGE('',*,*,#1811,.T.);
#2431=ORIENTED_EDGE('',*,*,#1816,.F.);
#2432=ORIENTED_EDGE('',*,*,#1817,.F.);
#2433=ORIENTED_EDGE('',*,*,#1818,.F.);
#2434=ORIENTED_EDGE('',*,*,#1814,.T.);
#2435=ORIENTED_EDGE('',*,*,#1819,.F.);
#2436=ORIENTED_EDGE('',*,*,#1820,.F.);
#2437=ORIENTED_EDGE('',*,*,#1821,.F.);
#2438=ORIENTED_EDGE('',*,*,#1817,.T.);
#2439=ORIENTED_EDGE('',*,*,#1822,.F.);
#2440=ORIENTED_EDGE('',*,*,#1823,.F.);
#2441=ORIENTED_EDGE('',*,*,#1824,.F.);
#2442=ORIENTED_EDGE('',*,*,#1820,.T.);
#2443=ORIENTED_EDGE('',*,*,#1825,.F.);
#2444=ORIENTED_EDGE('',*,*,#1826,.F.);
#2445=ORIENTED_EDGE('',*,*,#1827,.F.);
#2446=ORIENTED_EDGE('',*,*,#1823,.T.);
#2447=ORIENTED_EDGE('',*,*,#1828,.F.);
#2448=ORIENTED_EDGE('',*,*,#1829,.F.);
#2449=ORIENTED_EDGE('',*,*,#1830,.F.);
#2450=ORIENTED_EDGE('',*,*,#1826,.T.);
#2451=ORIENTED_EDGE('',*,*,#1831,.F.);
#2452=ORIENTED_EDGE('',*,*,#1832,.F.);
#2453=ORIENTED_EDGE('',*,*,#1833,.F.);
#2454=ORIENTED_EDGE('',*,*,#1829,.T.);
#2455=ORIENTED_EDGE('',*,*,#1834,.F.);
#2456=ORIENTED_EDGE('',*,*,#1835,.F.);
#2457=ORIENTED_EDGE('',*,*,#1836,.F.);
#2458=ORIENTED_EDGE('',*,*,#1832,.T.);
#2459=ORIENTED_EDGE('',*,*,#1837,.F.);
#2460=ORIENTED_EDGE('',*,*,#1838,.F.);
#2461=ORIENTED_EDGE('',*,*,#1839,.F.);
#2462=ORIENTED_EDGE('',*,*,#1835,.T.);
#2463=ORIENTED_EDGE('',*,*,#1840,.F.);
#2464=ORIENTED_EDGE('',*,*,#1841,.F.);
#2465=ORIENTED_EDGE('',*,*,#1842,.F.);
#2466=ORIENTED_EDGE('',*,*,#1838,.T.);
#2467=ORIENTED_EDGE('',*,*,#1843,.F.);
#2468=ORIENTED_EDGE('',*,*,#1844,.F.);
#2469=ORIENTED_EDGE('',*,*,#1845,.F.);
#2470=ORIENTED_EDGE('',*,*,#1841,.T.);
#2471=ORIENTED_EDGE('',*,*,#1846,.F.);
#2472=ORIENTED_EDGE('',*,*,#1847,.F.);
#2473=ORIENTED_EDGE('',*,*,#1734,.T.);
#2474=ORIENTED_EDGE('',*,*,#1848,.F.);
#2475=ORIENTED_EDGE('',*,*,#1844,.T.);
#2476=ORIENTED_EDGE('',*,*,#1849,.F.);
#2477=ORIENTED_EDGE('',*,*,#1850,.F.);
#2478=ORIENTED_EDGE('',*,*,#1851,.F.);
#2479=ORIENTED_EDGE('',*,*,#1736,.T.);
#2480=ORIENTED_EDGE('',*,*,#1852,.F.);
#2481=ORIENTED_EDGE('',*,*,#1729,.F.);
#2482=ORIENTED_EDGE('',*,*,#1853,.F.);
#2483=ORIENTED_EDGE('',*,*,#1850,.T.);
#2484=ORIENTED_EDGE('',*,*,#1804,.T.);
#2485=ORIENTED_EDGE('',*,*,#1854,.F.);
#2486=ORIENTED_EDGE('',*,*,#1855,.T.);
#2487=ORIENTED_EDGE('',*,*,#1856,.F.);
#2488=ORIENTED_EDGE('',*,*,#1807,.T.);
#2489=ORIENTED_EDGE('',*,*,#1856,.T.);
#2490=ORIENTED_EDGE('',*,*,#1857,.T.);
#2491=ORIENTED_EDGE('',*,*,#1858,.T.);
#2492=ORIENTED_EDGE('',*,*,#1810,.T.);
#2493=ORIENTED_EDGE('',*,*,#1858,.F.);
#2494=ORIENTED_EDGE('',*,*,#1859,.T.);
#2495=ORIENTED_EDGE('',*,*,#1860,.T.);
#2496=ORIENTED_EDGE('',*,*,#1861,.F.);
#2497=ORIENTED_EDGE('',*,*,#1813,.T.);
#2498=ORIENTED_EDGE('',*,*,#1861,.T.);
#2499=ORIENTED_EDGE('',*,*,#1862,.T.);
#2500=ORIENTED_EDGE('',*,*,#1863,.T.);
#2501=ORIENTED_EDGE('',*,*,#1816,.T.);
#2502=ORIENTED_EDGE('',*,*,#1863,.F.);
#2503=ORIENTED_EDGE('',*,*,#1864,.T.);
#2504=ORIENTED_EDGE('',*,*,#1865,.F.);
#2505=ORIENTED_EDGE('',*,*,#1819,.T.);
#2506=ORIENTED_EDGE('',*,*,#1865,.T.);
#2507=ORIENTED_EDGE('',*,*,#1866,.T.);
#2508=ORIENTED_EDGE('',*,*,#1867,.T.);
#2509=ORIENTED_EDGE('',*,*,#1868,.T.);
#2510=ORIENTED_EDGE('',*,*,#1825,.T.);
#2511=ORIENTED_EDGE('',*,*,#1822,.T.);
#2512=ORIENTED_EDGE('',*,*,#1828,.T.);
#2513=ORIENTED_EDGE('',*,*,#1868,.F.);
#2514=ORIENTED_EDGE('',*,*,#1869,.T.);
#2515=ORIENTED_EDGE('',*,*,#1870,.F.);
#2516=ORIENTED_EDGE('',*,*,#1831,.T.);
#2517=ORIENTED_EDGE('',*,*,#1870,.T.);
#2518=ORIENTED_EDGE('',*,*,#1871,.T.);
#2519=ORIENTED_EDGE('',*,*,#1872,.T.);
#2520=ORIENTED_EDGE('',*,*,#1834,.T.);
#2521=ORIENTED_EDGE('',*,*,#1872,.F.);
#2522=ORIENTED_EDGE('',*,*,#1873,.T.);
#2523=ORIENTED_EDGE('',*,*,#1874,.F.);
#2524=ORIENTED_EDGE('',*,*,#1837,.T.);
#2525=ORIENTED_EDGE('',*,*,#1874,.T.);
#2526=ORIENTED_EDGE('',*,*,#1875,.T.);
#2527=ORIENTED_EDGE('',*,*,#1876,.T.);
#2528=ORIENTED_EDGE('',*,*,#1840,.T.);
#2529=ORIENTED_EDGE('',*,*,#1876,.F.);
#2530=ORIENTED_EDGE('',*,*,#1877,.T.);
#2531=ORIENTED_EDGE('',*,*,#1878,.F.);
#2532=ORIENTED_EDGE('',*,*,#1843,.T.);
#2533=ORIENTED_EDGE('',*,*,#1878,.T.);
#2534=ORIENTED_EDGE('',*,*,#1879,.T.);
#2535=ORIENTED_EDGE('',*,*,#1880,.T.);
#2536=ORIENTED_EDGE('',*,*,#1846,.T.);
#2537=ORIENTED_EDGE('',*,*,#1880,.F.);
#2538=ORIENTED_EDGE('',*,*,#1881,.T.);
#2539=ORIENTED_EDGE('',*,*,#1882,.F.);
#2540=ORIENTED_EDGE('',*,*,#1791,.T.);
#2541=ORIENTED_EDGE('',*,*,#1883,.F.);
#2542=ORIENTED_EDGE('',*,*,#1605,.F.);
#2543=ORIENTED_EDGE('',*,*,#1884,.T.);
#2544=ORIENTED_EDGE('',*,*,#1788,.T.);
#2545=ORIENTED_EDGE('',*,*,#1884,.F.);
#2546=ORIENTED_EDGE('',*,*,#1604,.T.);
#2547=ORIENTED_EDGE('',*,*,#1885,.F.);
#2548=ORIENTED_EDGE('',*,*,#1785,.T.);
#2549=ORIENTED_EDGE('',*,*,#1885,.T.);
#2550=ORIENTED_EDGE('',*,*,#1603,.T.);
#2551=ORIENTED_EDGE('',*,*,#1886,.T.);
#2552=ORIENTED_EDGE('',*,*,#1782,.T.);
#2553=ORIENTED_EDGE('',*,*,#1886,.F.);
#2554=ORIENTED_EDGE('',*,*,#1602,.F.);
#2555=ORIENTED_EDGE('',*,*,#1887,.F.);
#2556=ORIENTED_EDGE('',*,*,#1779,.T.);
#2557=ORIENTED_EDGE('',*,*,#1887,.T.);
#2558=ORIENTED_EDGE('',*,*,#1601,.T.);
#2559=ORIENTED_EDGE('',*,*,#1888,.T.);
#2560=ORIENTED_EDGE('',*,*,#1776,.T.);
#2561=ORIENTED_EDGE('',*,*,#1888,.F.);
#2562=ORIENTED_EDGE('',*,*,#1600,.T.);
#2563=ORIENTED_EDGE('',*,*,#1889,.F.);
#2564=ORIENTED_EDGE('',*,*,#1773,.T.);
#2565=ORIENTED_EDGE('',*,*,#1889,.T.);
#2566=ORIENTED_EDGE('',*,*,#1599,.T.);
#2567=ORIENTED_EDGE('',*,*,#1890,.T.);
#2568=ORIENTED_EDGE('',*,*,#1770,.T.);
#2569=ORIENTED_EDGE('',*,*,#1890,.F.);
#2570=ORIENTED_EDGE('',*,*,#1598,.T.);
#2571=ORIENTED_EDGE('',*,*,#1891,.F.);
#2572=ORIENTED_EDGE('',*,*,#1767,.T.);
#2573=ORIENTED_EDGE('',*,*,#1891,.T.);
#2574=ORIENTED_EDGE('',*,*,#1597,.T.);
#2575=ORIENTED_EDGE('',*,*,#1892,.T.);
#2576=ORIENTED_EDGE('',*,*,#1764,.T.);
#2577=ORIENTED_EDGE('',*,*,#1892,.F.);
#2578=ORIENTED_EDGE('',*,*,#1596,.F.);
#2579=ORIENTED_EDGE('',*,*,#1893,.F.);
#2580=ORIENTED_EDGE('',*,*,#1761,.T.);
#2581=ORIENTED_EDGE('',*,*,#1893,.T.);
#2582=ORIENTED_EDGE('',*,*,#1595,.T.);
#2583=ORIENTED_EDGE('',*,*,#1894,.T.);
#2584=ORIENTED_EDGE('',*,*,#1758,.T.);
#2585=ORIENTED_EDGE('',*,*,#1894,.F.);
#2586=ORIENTED_EDGE('',*,*,#1594,.T.);
#2587=ORIENTED_EDGE('',*,*,#1895,.F.);
#2588=ORIENTED_EDGE('',*,*,#1755,.T.);
#2589=ORIENTED_EDGE('',*,*,#1895,.T.);
#2590=ORIENTED_EDGE('',*,*,#1593,.T.);
#2591=ORIENTED_EDGE('',*,*,#1896,.T.);
#2592=ORIENTED_EDGE('',*,*,#1752,.T.);
#2593=ORIENTED_EDGE('',*,*,#1896,.F.);
#2594=ORIENTED_EDGE('',*,*,#1592,.F.);
#2595=ORIENTED_EDGE('',*,*,#1897,.F.);
#2596=ORIENTED_EDGE('',*,*,#1749,.T.);
#2597=ORIENTED_EDGE('',*,*,#1897,.T.);
#2598=ORIENTED_EDGE('',*,*,#1591,.T.);
#2599=ORIENTED_EDGE('',*,*,#1898,.T.);
#2600=ORIENTED_EDGE('',*,*,#1746,.T.);
#2601=ORIENTED_EDGE('',*,*,#1898,.F.);
#2602=ORIENTED_EDGE('',*,*,#1590,.T.);
#2603=ORIENTED_EDGE('',*,*,#1899,.F.);
#2604=ORIENTED_EDGE('',*,*,#1743,.T.);
#2605=ORIENTED_EDGE('',*,*,#1899,.T.);
#2606=ORIENTED_EDGE('',*,*,#1589,.T.);
#2607=ORIENTED_EDGE('',*,*,#1900,.T.);
#2608=ORIENTED_EDGE('',*,*,#1740,.T.);
#2609=ORIENTED_EDGE('',*,*,#1900,.F.);
#2610=ORIENTED_EDGE('',*,*,#1588,.T.);
#2611=ORIENTED_EDGE('',*,*,#1901,.F.);
#2612=ORIENTED_EDGE('',*,*,#1735,.T.);
#2613=ORIENTED_EDGE('',*,*,#1901,.T.);
#2614=ORIENTED_EDGE('',*,*,#1587,.T.);
#2615=ORIENTED_EDGE('',*,*,#1902,.T.);
#2616=ORIENTED_EDGE('',*,*,#1903,.F.);
#2617=ORIENTED_EDGE('',*,*,#1871,.F.);
#2618=ORIENTED_EDGE('',*,*,#1904,.F.);
#2619=ORIENTED_EDGE('',*,*,#1905,.F.);
#2620=ORIENTED_EDGE('',*,*,#1906,.F.);
#2621=ORIENTED_EDGE('',*,*,#1873,.F.);
#2622=ORIENTED_EDGE('',*,*,#1903,.T.);
#2623=ORIENTED_EDGE('',*,*,#1907,.F.);
#2624=ORIENTED_EDGE('',*,*,#1908,.F.);
#2625=ORIENTED_EDGE('',*,*,#1875,.F.);
#2626=ORIENTED_EDGE('',*,*,#1906,.T.);
#2627=ORIENTED_EDGE('',*,*,#1909,.F.);
#2628=ORIENTED_EDGE('',*,*,#1910,.F.);
#2629=ORIENTED_EDGE('',*,*,#1877,.F.);
#2630=ORIENTED_EDGE('',*,*,#1908,.T.);
#2631=ORIENTED_EDGE('',*,*,#1911,.F.);
#2632=ORIENTED_EDGE('',*,*,#1912,.F.);
#2633=ORIENTED_EDGE('',*,*,#1879,.F.);
#2634=ORIENTED_EDGE('',*,*,#1910,.T.);
#2635=ORIENTED_EDGE('',*,*,#1913,.F.);
#2636=ORIENTED_EDGE('',*,*,#1914,.F.);
#2637=ORIENTED_EDGE('',*,*,#1915,.F.);
#2638=ORIENTED_EDGE('',*,*,#1916,.F.);
#2639=ORIENTED_EDGE('',*,*,#1862,.F.);
#2640=ORIENTED_EDGE('',*,*,#1917,.F.);
#2641=ORIENTED_EDGE('',*,*,#1918,.F.);
#2642=ORIENTED_EDGE('',*,*,#1919,.F.);
#2643=ORIENTED_EDGE('',*,*,#1920,.F.);
#2644=ORIENTED_EDGE('',*,*,#1921,.F.);
#2645=ORIENTED_EDGE('',*,*,#1855,.F.);
#2646=ORIENTED_EDGE('',*,*,#1917,.T.);
#2647=ORIENTED_EDGE('',*,*,#1922,.F.);
#2648=ORIENTED_EDGE('',*,*,#1923,.F.);
#2649=ORIENTED_EDGE('',*,*,#1857,.F.);
#2650=ORIENTED_EDGE('',*,*,#1921,.T.);
#2651=ORIENTED_EDGE('',*,*,#1924,.F.);
#2652=ORIENTED_EDGE('',*,*,#1925,.F.);
#2653=ORIENTED_EDGE('',*,*,#1859,.F.);
#2654=ORIENTED_EDGE('',*,*,#1923,.T.);
#2655=ORIENTED_EDGE('',*,*,#1926,.F.);
#2656=ORIENTED_EDGE('',*,*,#1927,.F.);
#2657=ORIENTED_EDGE('',*,*,#1928,.F.);
#2658=ORIENTED_EDGE('',*,*,#1929,.F.);
#2659=ORIENTED_EDGE('',*,*,#1930,.F.);
#2660=ORIENTED_EDGE('',*,*,#1931,.F.);
#2661=ORIENTED_EDGE('',*,*,#1932,.F.);
#2662=ORIENTED_EDGE('',*,*,#1927,.T.);
#2663=ORIENTED_EDGE('',*,*,#1933,.F.);
#2664=ORIENTED_EDGE('',*,*,#1934,.F.);
#2665=ORIENTED_EDGE('',*,*,#1935,.F.);
#2666=ORIENTED_EDGE('',*,*,#1931,.T.);
#2667=ORIENTED_EDGE('',*,*,#1936,.F.);
#2668=ORIENTED_EDGE('',*,*,#1937,.F.);
#2669=ORIENTED_EDGE('',*,*,#1938,.F.);
#2670=ORIENTED_EDGE('',*,*,#1934,.T.);
#2671=ORIENTED_EDGE('',*,*,#1939,.F.);
#2672=ORIENTED_EDGE('',*,*,#1940,.F.);
#2673=ORIENTED_EDGE('',*,*,#1941,.F.);
#2674=ORIENTED_EDGE('',*,*,#1937,.T.);
#2675=ORIENTED_EDGE('',*,*,#1942,.F.);
#2676=ORIENTED_EDGE('',*,*,#1943,.F.);
#2677=ORIENTED_EDGE('',*,*,#1944,.F.);
#2678=ORIENTED_EDGE('',*,*,#1940,.T.);
#2679=ORIENTED_EDGE('',*,*,#1945,.F.);
#2680=ORIENTED_EDGE('',*,*,#1946,.F.);
#2681=ORIENTED_EDGE('',*,*,#1947,.F.);
#2682=ORIENTED_EDGE('',*,*,#1943,.T.);
#2683=ORIENTED_EDGE('',*,*,#1948,.F.);
#2684=ORIENTED_EDGE('',*,*,#1949,.F.);
#2685=ORIENTED_EDGE('',*,*,#1950,.F.);
#2686=ORIENTED_EDGE('',*,*,#1946,.T.);
#2687=ORIENTED_EDGE('',*,*,#1951,.F.);
#2688=ORIENTED_EDGE('',*,*,#1952,.F.);
#2689=ORIENTED_EDGE('',*,*,#1953,.F.);
#2690=ORIENTED_EDGE('',*,*,#1949,.T.);
#2691=ORIENTED_EDGE('',*,*,#1954,.F.);
#2692=ORIENTED_EDGE('',*,*,#1955,.F.);
#2693=ORIENTED_EDGE('',*,*,#1956,.F.);
#2694=ORIENTED_EDGE('',*,*,#1952,.T.);
#2695=ORIENTED_EDGE('',*,*,#1957,.F.);
#2696=ORIENTED_EDGE('',*,*,#1958,.F.);
#2697=ORIENTED_EDGE('',*,*,#1959,.F.);
#2698=ORIENTED_EDGE('',*,*,#1955,.T.);
#2699=ORIENTED_EDGE('',*,*,#1960,.F.);
#2700=ORIENTED_EDGE('',*,*,#1961,.F.);
#2701=ORIENTED_EDGE('',*,*,#1962,.F.);
#2702=ORIENTED_EDGE('',*,*,#1963,.F.);
#2703=ORIENTED_EDGE('',*,*,#1958,.T.);
#2704=ORIENTED_EDGE('',*,*,#1964,.F.);
#2705=ORIENTED_EDGE('',*,*,#1962,.T.);
#2706=ORIENTED_EDGE('',*,*,#1726,.F.);
#2707=ORIENTED_EDGE('',*,*,#1965,.F.);
#2708=ORIENTED_EDGE('',*,*,#1966,.F.);
#2709=ORIENTED_EDGE('',*,*,#1967,.F.);
#2710=ORIENTED_EDGE('',*,*,#1965,.T.);
#2711=ORIENTED_EDGE('',*,*,#1724,.F.);
#2712=ORIENTED_EDGE('',*,*,#1968,.F.);
#2713=ORIENTED_EDGE('',*,*,#1969,.F.);
#2714=ORIENTED_EDGE('',*,*,#1966,.T.);
#2715=ORIENTED_EDGE('',*,*,#1722,.F.);
#2716=ORIENTED_EDGE('',*,*,#1970,.F.);
#2717=ORIENTED_EDGE('',*,*,#1971,.F.);
#2718=ORIENTED_EDGE('',*,*,#1968,.T.);
#2719=ORIENTED_EDGE('',*,*,#1720,.F.);
#2720=ORIENTED_EDGE('',*,*,#1972,.F.);
#2721=ORIENTED_EDGE('',*,*,#1973,.F.);
#2722=ORIENTED_EDGE('',*,*,#1970,.T.);
#2723=ORIENTED_EDGE('',*,*,#1718,.F.);
#2724=ORIENTED_EDGE('',*,*,#1974,.F.);
#2725=ORIENTED_EDGE('',*,*,#1975,.F.);
#2726=ORIENTED_EDGE('',*,*,#1972,.T.);
#2727=ORIENTED_EDGE('',*,*,#1716,.F.);
#2728=ORIENTED_EDGE('',*,*,#1976,.F.);
#2729=ORIENTED_EDGE('',*,*,#1977,.F.);
#2730=ORIENTED_EDGE('',*,*,#1974,.T.);
#2731=ORIENTED_EDGE('',*,*,#1714,.F.);
#2732=ORIENTED_EDGE('',*,*,#1978,.F.);
#2733=ORIENTED_EDGE('',*,*,#1979,.F.);
#2734=ORIENTED_EDGE('',*,*,#1976,.T.);
#2735=ORIENTED_EDGE('',*,*,#1712,.F.);
#2736=ORIENTED_EDGE('',*,*,#1980,.F.);
#2737=ORIENTED_EDGE('',*,*,#1981,.F.);
#2738=ORIENTED_EDGE('',*,*,#1978,.T.);
#2739=ORIENTED_EDGE('',*,*,#1710,.F.);
#2740=ORIENTED_EDGE('',*,*,#1982,.F.);
#2741=ORIENTED_EDGE('',*,*,#1983,.F.);
#2742=ORIENTED_EDGE('',*,*,#1980,.T.);
#2743=ORIENTED_EDGE('',*,*,#1708,.F.);
#2744=ORIENTED_EDGE('',*,*,#1984,.F.);
#2745=ORIENTED_EDGE('',*,*,#1985,.F.);
#2746=ORIENTED_EDGE('',*,*,#1982,.T.);
#2747=ORIENTED_EDGE('',*,*,#1706,.F.);
#2748=ORIENTED_EDGE('',*,*,#1986,.F.);
#2749=ORIENTED_EDGE('',*,*,#1987,.F.);
#2750=ORIENTED_EDGE('',*,*,#1984,.T.);
#2751=ORIENTED_EDGE('',*,*,#1704,.F.);
#2752=ORIENTED_EDGE('',*,*,#1988,.F.);
#2753=ORIENTED_EDGE('',*,*,#1989,.F.);
#2754=ORIENTED_EDGE('',*,*,#1986,.T.);
#2755=ORIENTED_EDGE('',*,*,#1702,.F.);
#2756=ORIENTED_EDGE('',*,*,#1990,.F.);
#2757=ORIENTED_EDGE('',*,*,#1991,.F.);
#2758=ORIENTED_EDGE('',*,*,#1988,.T.);
#2759=ORIENTED_EDGE('',*,*,#1700,.F.);
#2760=ORIENTED_EDGE('',*,*,#1992,.F.);
#2761=ORIENTED_EDGE('',*,*,#1993,.F.);
#2762=ORIENTED_EDGE('',*,*,#1990,.T.);
#2763=ORIENTED_EDGE('',*,*,#1994,.F.);
#2764=ORIENTED_EDGE('',*,*,#1992,.T.);
#2765=ORIENTED_EDGE('',*,*,#1919,.T.);
#2766=ORIENTED_EDGE('',*,*,#1995,.F.);
#2767=ORIENTED_EDGE('',*,*,#1925,.T.);
#2768=ORIENTED_EDGE('',*,*,#1996,.F.);
#2769=ORIENTED_EDGE('',*,*,#1914,.T.);
#2770=ORIENTED_EDGE('',*,*,#1860,.F.);
#2771=ORIENTED_EDGE('',*,*,#1997,.F.);
#2772=ORIENTED_EDGE('',*,*,#1998,.F.);
#2773=ORIENTED_EDGE('',*,*,#1999,.F.);
#2774=ORIENTED_EDGE('',*,*,#1866,.F.);
#2775=ORIENTED_EDGE('',*,*,#2000,.F.);
#2776=ORIENTED_EDGE('',*,*,#1867,.F.);
#2777=ORIENTED_EDGE('',*,*,#1999,.T.);
#2778=ORIENTED_EDGE('',*,*,#2001,.F.);
#2779=ORIENTED_EDGE('',*,*,#1997,.T.);
#2780=ORIENTED_EDGE('',*,*,#1864,.F.);
#2781=ORIENTED_EDGE('',*,*,#1916,.T.);
#2782=ORIENTED_EDGE('',*,*,#2000,.T.);
#2783=ORIENTED_EDGE('',*,*,#1904,.T.);
#2784=ORIENTED_EDGE('',*,*,#1869,.F.);
#2785=ORIENTED_EDGE('',*,*,#1912,.T.);
#2786=ORIENTED_EDGE('',*,*,#1929,.T.);
#2787=ORIENTED_EDGE('',*,*,#1881,.F.);
#2788=ORIENTED_EDGE('',*,*,#1689,.T.);
#2789=ORIENTED_EDGE('',*,*,#2002,.F.);
#2790=ORIENTED_EDGE('',*,*,#1954,.T.);
#2791=ORIENTED_EDGE('',*,*,#2003,.T.);
#2792=ORIENTED_EDGE('',*,*,#1692,.T.);
#2793=ORIENTED_EDGE('',*,*,#2004,.F.);
#2794=ORIENTED_EDGE('',*,*,#1957,.T.);
#2795=ORIENTED_EDGE('',*,*,#2002,.T.);
#2796=ORIENTED_EDGE('',*,*,#1695,.T.);
#2797=ORIENTED_EDGE('',*,*,#2005,.F.);
#2798=ORIENTED_EDGE('',*,*,#1960,.T.);
#2799=ORIENTED_EDGE('',*,*,#2004,.T.);
#2800=ORIENTED_EDGE('',*,*,#1698,.T.);
#2801=ORIENTED_EDGE('',*,*,#1727,.T.);
#2802=ORIENTED_EDGE('',*,*,#1961,.T.);
#2803=ORIENTED_EDGE('',*,*,#2005,.T.);
#2804=ORIENTED_EDGE('',*,*,#1795,.T.);
#2805=ORIENTED_EDGE('',*,*,#1792,.T.);
#2806=ORIENTED_EDGE('',*,*,#1789,.T.);
#2807=ORIENTED_EDGE('',*,*,#1786,.T.);
#2808=ORIENTED_EDGE('',*,*,#1783,.T.);
#2809=ORIENTED_EDGE('',*,*,#1780,.T.);
#2810=ORIENTED_EDGE('',*,*,#1777,.T.);
#2811=ORIENTED_EDGE('',*,*,#1774,.T.);
#2812=ORIENTED_EDGE('',*,*,#1771,.T.);
#2813=ORIENTED_EDGE('',*,*,#1768,.T.);
#2814=ORIENTED_EDGE('',*,*,#1765,.T.);
#2815=ORIENTED_EDGE('',*,*,#1762,.T.);
#2816=ORIENTED_EDGE('',*,*,#1759,.T.);
#2817=ORIENTED_EDGE('',*,*,#1756,.T.);
#2818=ORIENTED_EDGE('',*,*,#1753,.T.);
#2819=ORIENTED_EDGE('',*,*,#1750,.T.);
#2820=ORIENTED_EDGE('',*,*,#1747,.T.);
#2821=ORIENTED_EDGE('',*,*,#1744,.T.);
#2822=ORIENTED_EDGE('',*,*,#1741,.T.);
#2823=ORIENTED_EDGE('',*,*,#1737,.T.);
#2824=ORIENTED_EDGE('',*,*,#1851,.T.);
#2825=ORIENTED_EDGE('',*,*,#1853,.T.);
#2826=ORIENTED_EDGE('',*,*,#1728,.T.);
#2827=ORIENTED_EDGE('',*,*,#1732,.T.);
#2828=ORIENTED_EDGE('',*,*,#1847,.T.);
#2829=ORIENTED_EDGE('',*,*,#1882,.T.);
#2830=ORIENTED_EDGE('',*,*,#1928,.T.);
#2831=ORIENTED_EDGE('',*,*,#1932,.T.);
#2832=ORIENTED_EDGE('',*,*,#1935,.T.);
#2833=ORIENTED_EDGE('',*,*,#1938,.T.);
#2834=ORIENTED_EDGE('',*,*,#1941,.T.);
#2835=ORIENTED_EDGE('',*,*,#1944,.T.);
#2836=ORIENTED_EDGE('',*,*,#1947,.T.);
#2837=ORIENTED_EDGE('',*,*,#1950,.T.);
#2838=ORIENTED_EDGE('',*,*,#1953,.T.);
#2839=ORIENTED_EDGE('',*,*,#1956,.T.);
#2840=ORIENTED_EDGE('',*,*,#1959,.T.);
#2841=ORIENTED_EDGE('',*,*,#1963,.T.);
#2842=ORIENTED_EDGE('',*,*,#1964,.T.);
#2843=ORIENTED_EDGE('',*,*,#1967,.T.);
#2844=ORIENTED_EDGE('',*,*,#1969,.T.);
#2845=ORIENTED_EDGE('',*,*,#1971,.T.);
#2846=ORIENTED_EDGE('',*,*,#1973,.T.);
#2847=ORIENTED_EDGE('',*,*,#1975,.T.);
#2848=ORIENTED_EDGE('',*,*,#1977,.T.);
#2849=ORIENTED_EDGE('',*,*,#1979,.T.);
#2850=ORIENTED_EDGE('',*,*,#1981,.T.);
#2851=ORIENTED_EDGE('',*,*,#1983,.T.);
#2852=ORIENTED_EDGE('',*,*,#1985,.T.);
#2853=ORIENTED_EDGE('',*,*,#1987,.T.);
#2854=ORIENTED_EDGE('',*,*,#1989,.T.);
#2855=ORIENTED_EDGE('',*,*,#1991,.T.);
#2856=ORIENTED_EDGE('',*,*,#1993,.T.);
#2857=ORIENTED_EDGE('',*,*,#2006,.T.);
#2858=ORIENTED_EDGE('',*,*,#1674,.T.);
#2859=ORIENTED_EDGE('',*,*,#2007,.F.);
#2860=ORIENTED_EDGE('',*,*,#1939,.T.);
#2861=ORIENTED_EDGE('',*,*,#2008,.T.);
#2862=ORIENTED_EDGE('',*,*,#1677,.T.);
#2863=ORIENTED_EDGE('',*,*,#2009,.F.);
#2864=ORIENTED_EDGE('',*,*,#1942,.T.);
#2865=ORIENTED_EDGE('',*,*,#2007,.T.);
#2866=ORIENTED_EDGE('',*,*,#1662,.T.);
#2867=ORIENTED_EDGE('',*,*,#2010,.F.);
#2868=ORIENTED_EDGE('',*,*,#1998,.T.);
#2869=ORIENTED_EDGE('',*,*,#1915,.T.);
#2870=ORIENTED_EDGE('',*,*,#1996,.T.);
#2871=ORIENTED_EDGE('',*,*,#2011,.T.);
#2872=ORIENTED_EDGE('',*,*,#1665,.T.);
#2873=ORIENTED_EDGE('',*,*,#2012,.F.);
#2874=ORIENTED_EDGE('',*,*,#1930,.T.);
#2875=ORIENTED_EDGE('',*,*,#1913,.T.);
#2876=ORIENTED_EDGE('',*,*,#1911,.T.);
#2877=ORIENTED_EDGE('',*,*,#1909,.T.);
#2878=ORIENTED_EDGE('',*,*,#1907,.T.);
#2879=ORIENTED_EDGE('',*,*,#1905,.T.);
#2880=ORIENTED_EDGE('',*,*,#2001,.T.);
#2881=ORIENTED_EDGE('',*,*,#2010,.T.);
#2882=ORIENTED_EDGE('',*,*,#1824,.T.);
#2883=ORIENTED_EDGE('',*,*,#1827,.T.);
#2884=ORIENTED_EDGE('',*,*,#1830,.T.);
#2885=ORIENTED_EDGE('',*,*,#1833,.T.);
#2886=ORIENTED_EDGE('',*,*,#1836,.T.);
#2887=ORIENTED_EDGE('',*,*,#1839,.T.);
#2888=ORIENTED_EDGE('',*,*,#1842,.T.);
#2889=ORIENTED_EDGE('',*,*,#1845,.T.);
#2890=ORIENTED_EDGE('',*,*,#1848,.T.);
#2891=ORIENTED_EDGE('',*,*,#2013,.F.);
#2892=ORIENTED_EDGE('',*,*,#1582,.T.);
#2893=ORIENTED_EDGE('',*,*,#2014,.T.);
#2894=ORIENTED_EDGE('',*,*,#1794,.T.);
#2895=ORIENTED_EDGE('',*,*,#1797,.T.);
#2896=ORIENTED_EDGE('',*,*,#1800,.T.);
#2897=ORIENTED_EDGE('',*,*,#1803,.T.);
#2898=ORIENTED_EDGE('',*,*,#1806,.T.);
#2899=ORIENTED_EDGE('',*,*,#1809,.T.);
#2900=ORIENTED_EDGE('',*,*,#1812,.T.);
#2901=ORIENTED_EDGE('',*,*,#1815,.T.);
#2902=ORIENTED_EDGE('',*,*,#1818,.T.);
#2903=ORIENTED_EDGE('',*,*,#2015,.T.);
#2904=ORIENTED_EDGE('',*,*,#1606,.T.);
#2905=ORIENTED_EDGE('',*,*,#1883,.T.);
#2906=ORIENTED_EDGE('',*,*,#1798,.T.);
#2907=ORIENTED_EDGE('',*,*,#2006,.F.);
#2908=ORIENTED_EDGE('',*,*,#1995,.T.);
#2909=ORIENTED_EDGE('',*,*,#2016,.F.);
#2910=ORIENTED_EDGE('',*,*,#1668,.T.);
#2911=ORIENTED_EDGE('',*,*,#2017,.F.);
#2912=ORIENTED_EDGE('',*,*,#1933,.T.);
#2913=ORIENTED_EDGE('',*,*,#2012,.T.);
#2914=ORIENTED_EDGE('',*,*,#1680,.T.);
#2915=ORIENTED_EDGE('',*,*,#2018,.F.);
#2916=ORIENTED_EDGE('',*,*,#1945,.T.);
#2917=ORIENTED_EDGE('',*,*,#2009,.T.);
#2918=ORIENTED_EDGE('',*,*,#1686,.T.);
#2919=ORIENTED_EDGE('',*,*,#2003,.F.);
#2920=ORIENTED_EDGE('',*,*,#1951,.T.);
#2921=ORIENTED_EDGE('',*,*,#2019,.T.);
#2922=ORIENTED_EDGE('',*,*,#1821,.T.);
#2923=ORIENTED_EDGE('',*,*,#2014,.F.);
#2924=ORIENTED_EDGE('',*,*,#1581,.T.);
#2925=ORIENTED_EDGE('',*,*,#2015,.F.);
#2926=ORIENTED_EDGE('',*,*,#1614,.F.);
#2927=ORIENTED_EDGE('',*,*,#1801,.T.);
#2928=ORIENTED_EDGE('',*,*,#2016,.T.);
#2929=ORIENTED_EDGE('',*,*,#1918,.T.);
#2930=ORIENTED_EDGE('',*,*,#1854,.T.);
#2931=ORIENTED_EDGE('',*,*,#1733,.T.);
#2932=ORIENTED_EDGE('',*,*,#2020,.F.);
#2933=ORIENTED_EDGE('',*,*,#1583,.T.);
#2934=ORIENTED_EDGE('',*,*,#2013,.T.);
#2935=ORIENTED_EDGE('',*,*,#1730,.T.);
#2936=ORIENTED_EDGE('',*,*,#2021,.F.);
#2937=ORIENTED_EDGE('',*,*,#1584,.T.);
#2938=ORIENTED_EDGE('',*,*,#2020,.T.);
#2939=ORIENTED_EDGE('',*,*,#1852,.T.);
#2940=ORIENTED_EDGE('',*,*,#2022,.F.);
#2941=ORIENTED_EDGE('',*,*,#1585,.T.);
#2942=ORIENTED_EDGE('',*,*,#2021,.T.);
#2943=ORIENTED_EDGE('',*,*,#1849,.T.);
#2944=ORIENTED_EDGE('',*,*,#1902,.F.);
#2945=ORIENTED_EDGE('',*,*,#1586,.T.);
#2946=ORIENTED_EDGE('',*,*,#2022,.T.);
#2947=ORIENTED_EDGE('',*,*,#1659,.T.);
#2948=ORIENTED_EDGE('',*,*,#2011,.F.);
#2949=ORIENTED_EDGE('',*,*,#1926,.T.);
#2950=ORIENTED_EDGE('',*,*,#1924,.T.);
#2951=ORIENTED_EDGE('',*,*,#1922,.T.);
#2952=ORIENTED_EDGE('',*,*,#1920,.T.);
#2953=ORIENTED_EDGE('',*,*,#1994,.T.);
#2954=ORIENTED_EDGE('',*,*,#1699,.T.);
#2955=ORIENTED_EDGE('',*,*,#1671,.T.);
#2956=ORIENTED_EDGE('',*,*,#2008,.F.);
#2957=ORIENTED_EDGE('',*,*,#1936,.T.);
#2958=ORIENTED_EDGE('',*,*,#2017,.T.);
#2959=ORIENTED_EDGE('',*,*,#1683,.T.);
#2960=ORIENTED_EDGE('',*,*,#2019,.F.);
#2961=ORIENTED_EDGE('',*,*,#1948,.T.);
#2962=ORIENTED_EDGE('',*,*,#2018,.T.);
#2963=TOROIDAL_SURFACE('',#3224,2.5857645626269,1.);
#2964=TOROIDAL_SURFACE('',#3233,2.5857645626269,1.);
#2965=TOROIDAL_SURFACE('',#3242,2.5857645626269,1.);
#2966=TOROIDAL_SURFACE('',#3251,2.58576456262691,1.);
#2967=TOROIDAL_SURFACE('',#3290,9.,3.);
#2968=TOROIDAL_SURFACE('',#3299,9.,3.);
#2969=TOROIDAL_SURFACE('',#3311,9.,3.);
#2970=TOROIDAL_SURFACE('',#3320,9.,3.);
#2971=TOROIDAL_SURFACE('',#3341,9.,3.);
#2972=TOROIDAL_SURFACE('',#3352,9.,3.);
#2973=TOROIDAL_SURFACE('',#3392,1.5,0.5);
#2974=TOROIDAL_SURFACE('',#3398,1.5,0.5);
#2975=TOROIDAL_SURFACE('',#3409,1.5,0.5);
#2976=TOROIDAL_SURFACE('',#3420,1.5,0.5);
#2977=TOROIDAL_SURFACE('',#3426,1.5,0.5);
#2978=TOROIDAL_SURFACE('',#3437,1.5,0.5);
#2979=TOROIDAL_SURFACE('',#3451,1.5,0.5);
#2980=TOROIDAL_SURFACE('',#3457,1.5,0.5);
#2981=TOROIDAL_SURFACE('',#3468,1.5,0.5);
#2982=TOROIDAL_SURFACE('',#3479,1.5,0.5);
#2983=TOROIDAL_SURFACE('',#3485,1.5,0.5);
#2984=TOROIDAL_SURFACE('',#3541,2.,1.);
#2985=TOROIDAL_SURFACE('',#3546,2.,1.);
#2986=TOROIDAL_SURFACE('',#3557,2.,1.);
#2987=TOROIDAL_SURFACE('',#3562,2.,1.);
#2988=TOROIDAL_SURFACE('',#3568,5.,1.);
#2989=TOROIDAL_SURFACE('',#3574,5.,1.);
#2990=TOROIDAL_SURFACE('',#3580,7.,1.);
#2991=TOROIDAL_SURFACE('',#3586,5.,1.);
#2992=TOROIDAL_SURFACE('',#3592,7.,1.);
#2993=TOROIDAL_SURFACE('',#3598,5.,1.);
#2994=TOROIDAL_SURFACE('',#3603,5.,1.);
#2995=TOROIDAL_SURFACE('',#3608,7.,1.);
#2996=TOROIDAL_SURFACE('',#3611,5.,1.);
#2997=TOROIDAL_SURFACE('',#3616,6.99999999999999,1.);
#2998=TOROIDAL_SURFACE('',#3619,5.,1.);
#2999=TOROIDAL_SURFACE('',#3624,5.,1.);
#3000=TOROIDAL_SURFACE('',#3627,7.,1.);
#3001=TOROIDAL_SURFACE('',#3632,5.,1.);
#3002=TOROIDAL_SURFACE('',#3635,6.99999999999999,1.);
#3003=TOROIDAL_SURFACE('',#3642,5.,1.);
#3004=ADVANCED_FACE('',(#599),#2963,.T.);
#3005=ADVANCED_FACE('',(#600),#595,.T.);
#3006=ADVANCED_FACE('',(#601,#140),#148,.F.);
#3007=ADVANCED_FACE('',(#602),#2964,.T.);
#3008=ADVANCED_FACE('',(#603),#596,.T.);
#3009=ADVANCED_FACE('',(#604,#141),#149,.F.);
#3010=ADVANCED_FACE('',(#605),#2965,.T.);
#3011=ADVANCED_FACE('',(#606),#597,.T.);
#3012=ADVANCED_FACE('',(#607,#142),#150,.F.);
#3013=ADVANCED_FACE('',(#608),#2966,.T.);
#3014=ADVANCED_FACE('',(#609),#598,.T.);
#3015=ADVANCED_FACE('',(#610,#143),#151,.F.);
#3016=ADVANCED_FACE('',(#611,#144,#145,#146,#147),#152,.F.);
#3017=ADVANCED_FACE('',(#612),#47,.F.);
#3018=ADVANCED_FACE('',(#613),#48,.F.);
#3019=ADVANCED_FACE('',(#614),#153,.F.);
#3020=ADVANCED_FACE('',(#615),#49,.F.);
#3021=ADVANCED_FACE('',(#616),#154,.F.);
#3022=ADVANCED_FACE('',(#617),#50,.F.);
#3023=ADVANCED_FACE('',(#618),#155,.F.);
#3024=ADVANCED_FACE('',(#619),#51,.T.);
#3025=ADVANCED_FACE('',(#620),#25,.T.);
#3026=ADVANCED_FACE('',(#621),#52,.T.);
#3027=ADVANCED_FACE('',(#622),#2967,.T.);
#3028=ADVANCED_FACE('',(#623),#26,.T.);
#3029=ADVANCED_FACE('',(#624),#53,.T.);
#3030=ADVANCED_FACE('',(#625),#2968,.T.);
#3031=ADVANCED_FACE('',(#626),#27,.T.);
#3032=ADVANCED_FACE('',(#627),#54,.T.);
#3033=ADVANCED_FACE('',(#628),#28,.T.);
#3034=ADVANCED_FACE('',(#629),#2969,.T.);
#3035=ADVANCED_FACE('',(#630),#55,.T.);
#3036=ADVANCED_FACE('',(#631),#29,.T.);
#3037=ADVANCED_FACE('',(#632),#2970,.T.);
#3038=ADVANCED_FACE('',(#633),#56,.T.);
#3039=ADVANCED_FACE('',(#634),#30,.T.);
#3040=ADVANCED_FACE('',(#635),#57,.T.);
#3041=ADVANCED_FACE('',(#636),#31,.T.);
#3042=ADVANCED_FACE('',(#637),#58,.T.);
#3043=ADVANCED_FACE('',(#638),#32,.T.);
#3044=ADVANCED_FACE('',(#639),#59,.T.);
#3045=ADVANCED_FACE('',(#640),#2971,.T.);
#3046=ADVANCED_FACE('',(#641),#60,.T.);
#3047=ADVANCED_FACE('',(#642),#33,.T.);
#3048=ADVANCED_FACE('',(#643),#61,.T.);
#3049=ADVANCED_FACE('',(#644),#2972,.T.);
#3050=ADVANCED_FACE('',(#645),#62,.T.);
#3051=ADVANCED_FACE('',(#646),#34,.T.);
#3052=ADVANCED_FACE('',(#647),#63,.F.);
#3053=ADVANCED_FACE('',(#648),#64,.T.);
#3054=ADVANCED_FACE('',(#649),#156,.F.);
#3055=ADVANCED_FACE('',(#650),#65,.F.);
#3056=ADVANCED_FACE('',(#651),#66,.T.);
#3057=ADVANCED_FACE('',(#652),#157,.F.);
#3058=ADVANCED_FACE('',(#653),#67,.T.);
#3059=ADVANCED_FACE('',(#654),#68,.F.);
#3060=ADVANCED_FACE('',(#655),#158,.F.);
#3061=ADVANCED_FACE('',(#656),#69,.T.);
#3062=ADVANCED_FACE('',(#657),#70,.F.);
#3063=ADVANCED_FACE('',(#658),#159,.F.);
#3064=ADVANCED_FACE('',(#659),#71,.T.);
#3065=ADVANCED_FACE('',(#660),#160,.F.);
#3066=ADVANCED_FACE('',(#661),#161,.T.);
#3067=ADVANCED_FACE('',(#662),#72,.T.);
#3068=ADVANCED_FACE('',(#663),#73,.T.);
#3069=ADVANCED_FACE('',(#664),#74,.T.);
#3070=ADVANCED_FACE('',(#665),#2973,.T.);
#3071=ADVANCED_FACE('',(#666),#75,.T.);
#3072=ADVANCED_FACE('',(#667),#2974,.T.);
#3073=ADVANCED_FACE('',(#668),#76,.T.);
#3074=ADVANCED_FACE('',(#669),#35,.T.);
#3075=ADVANCED_FACE('',(#670),#77,.T.);
#3076=ADVANCED_FACE('',(#671),#2975,.T.);
#3077=ADVANCED_FACE('',(#672),#78,.T.);
#3078=ADVANCED_FACE('',(#673),#36,.T.);
#3079=ADVANCED_FACE('',(#674),#79,.T.);
#3080=ADVANCED_FACE('',(#675),#2976,.T.);
#3081=ADVANCED_FACE('',(#676),#80,.T.);
#3082=ADVANCED_FACE('',(#677),#2977,.T.);
#3083=ADVANCED_FACE('',(#678),#81,.T.);
#3084=ADVANCED_FACE('',(#679),#37,.T.);
#3085=ADVANCED_FACE('',(#680),#82,.T.);
#3086=ADVANCED_FACE('',(#681),#2978,.T.);
#3087=ADVANCED_FACE('',(#682),#38,.T.);
#3088=ADVANCED_FACE('',(#683),#83,.T.);
#3089=ADVANCED_FACE('',(#684),#39,.T.);
#3090=ADVANCED_FACE('',(#685),#84,.T.);
#3091=ADVANCED_FACE('',(#686),#2979,.T.);
#3092=ADVANCED_FACE('',(#687),#85,.T.);
#3093=ADVANCED_FACE('',(#688),#2980,.T.);
#3094=ADVANCED_FACE('',(#689),#86,.T.);
#3095=ADVANCED_FACE('',(#690),#40,.T.);
#3096=ADVANCED_FACE('',(#691),#87,.T.);
#3097=ADVANCED_FACE('',(#692),#2981,.T.);
#3098=ADVANCED_FACE('',(#693),#88,.T.);
#3099=ADVANCED_FACE('',(#694),#41,.T.);
#3100=ADVANCED_FACE('',(#695),#89,.T.);
#3101=ADVANCED_FACE('',(#696),#2982,.T.);
#3102=ADVANCED_FACE('',(#697),#90,.T.);
#3103=ADVANCED_FACE('',(#698),#2983,.T.);
#3104=ADVANCED_FACE('',(#699),#91,.T.);
#3105=ADVANCED_FACE('',(#700),#42,.T.);
#3106=ADVANCED_FACE('',(#701),#92,.T.);
#3107=ADVANCED_FACE('',(#702),#93,.T.);
#3108=ADVANCED_FACE('',(#703),#94,.T.);
#3109=ADVANCED_FACE('',(#704),#95,.F.);
#3110=ADVANCED_FACE('',(#705),#162,.F.);
#3111=ADVANCED_FACE('',(#706),#96,.F.);
#3112=ADVANCED_FACE('',(#707),#163,.F.);
#3113=ADVANCED_FACE('',(#708),#97,.T.);
#3114=ADVANCED_FACE('',(#709),#164,.F.);
#3115=ADVANCED_FACE('',(#710),#98,.T.);
#3116=ADVANCED_FACE('',(#711),#165,.F.);
#3117=ADVANCED_FACE('',(#712),#99,.F.);
#3118=ADVANCED_FACE('',(#713),#166,.F.);
#3119=ADVANCED_FACE('',(#714),#100,.F.);
#3120=ADVANCED_FACE('',(#715),#167,.F.);
#3121=ADVANCED_FACE('',(#716),#101,.T.);
#3122=ADVANCED_FACE('',(#717),#102,.T.);
#3123=ADVANCED_FACE('',(#718),#103,.F.);
#3124=ADVANCED_FACE('',(#719),#168,.F.);
#3125=ADVANCED_FACE('',(#720),#104,.T.);
#3126=ADVANCED_FACE('',(#721),#169,.F.);
#3127=ADVANCED_FACE('',(#722),#105,.F.);
#3128=ADVANCED_FACE('',(#723),#170,.F.);
#3129=ADVANCED_FACE('',(#724),#106,.F.);
#3130=ADVANCED_FACE('',(#725),#171,.F.);
#3131=ADVANCED_FACE('',(#726),#107,.T.);
#3132=ADVANCED_FACE('',(#727),#172,.F.);
#3133=ADVANCED_FACE('',(#728),#108,.F.);
#3134=ADVANCED_FACE('',(#729),#173,.F.);
#3135=ADVANCED_FACE('',(#730),#109,.T.);
#3136=ADVANCED_FACE('',(#731),#174,.F.);
#3137=ADVANCED_FACE('',(#732),#110,.F.);
#3138=ADVANCED_FACE('',(#733),#175,.F.);
#3139=ADVANCED_FACE('',(#734),#111,.F.);
#3140=ADVANCED_FACE('',(#735),#176,.F.);
#3141=ADVANCED_FACE('',(#736),#112,.T.);
#3142=ADVANCED_FACE('',(#737),#2984,.T.);
#3143=ADVANCED_FACE('',(#738),#113,.T.);
#3144=ADVANCED_FACE('',(#739),#2985,.T.);
#3145=ADVANCED_FACE('',(#740),#114,.T.);
#3146=ADVANCED_FACE('',(#741),#115,.T.);
#3147=ADVANCED_FACE('',(#742),#116,.T.);
#3148=ADVANCED_FACE('',(#743),#2986,.T.);
#3149=ADVANCED_FACE('',(#744),#117,.T.);
#3150=ADVANCED_FACE('',(#745),#2987,.T.);
#3151=ADVANCED_FACE('',(#746),#118,.T.);
#3152=ADVANCED_FACE('',(#747),#2988,.T.);
#3153=ADVANCED_FACE('',(#748),#119,.T.);
#3154=ADVANCED_FACE('',(#749),#2989,.T.);
#3155=ADVANCED_FACE('',(#750),#120,.T.);
#3156=ADVANCED_FACE('',(#751),#2990,.T.);
#3157=ADVANCED_FACE('',(#752),#121,.T.);
#3158=ADVANCED_FACE('',(#753),#2991,.T.);
#3159=ADVANCED_FACE('',(#754),#122,.T.);
#3160=ADVANCED_FACE('',(#755),#2992,.T.);
#3161=ADVANCED_FACE('',(#756),#123,.T.);
#3162=ADVANCED_FACE('',(#757),#2993,.T.);
#3163=ADVANCED_FACE('',(#758),#124,.T.);
#3164=ADVANCED_FACE('',(#759),#2994,.T.);
#3165=ADVANCED_FACE('',(#760),#125,.T.);
#3166=ADVANCED_FACE('',(#761),#2995,.T.);
#3167=ADVANCED_FACE('',(#762),#2996,.T.);
#3168=ADVANCED_FACE('',(#763),#126,.T.);
#3169=ADVANCED_FACE('',(#764),#2997,.T.);
#3170=ADVANCED_FACE('',(#765),#2998,.T.);
#3171=ADVANCED_FACE('',(#766),#127,.T.);
#3172=ADVANCED_FACE('',(#767),#2999,.T.);
#3173=ADVANCED_FACE('',(#768),#3000,.T.);
#3174=ADVANCED_FACE('',(#769),#128,.T.);
#3175=ADVANCED_FACE('',(#770),#3001,.T.);
#3176=ADVANCED_FACE('',(#771),#3002,.T.);
#3177=ADVANCED_FACE('',(#772),#129,.T.);
#3178=ADVANCED_FACE('',(#773),#16,.T.);
#3179=ADVANCED_FACE('',(#774),#15,.T.);
#3180=ADVANCED_FACE('',(#775),#3003,.T.);
#3181=ADVANCED_FACE('',(#776),#130,.T.);
#3182=ADVANCED_FACE('',(#777),#17,.T.);
#3183=ADVANCED_FACE('',(#778),#18,.T.);
#3184=ADVANCED_FACE('',(#779),#19,.T.);
#3185=ADVANCED_FACE('',(#780),#177,.F.);
#3186=ADVANCED_FACE('',(#781),#131,.F.);
#3187=ADVANCED_FACE('',(#782),#178,.F.);
#3188=ADVANCED_FACE('',(#783),#132,.T.);
#3189=ADVANCED_FACE('',(#784),#179,.F.);
#3190=ADVANCED_FACE('',(#785),#133,.T.);
#3191=ADVANCED_FACE('',(#786),#180,.F.);
#3192=ADVANCED_FACE('',(#787),#134,.T.);
#3193=ADVANCED_FACE('',(#788),#181,.F.);
#3194=ADVANCED_FACE('',(#789),#182,.F.);
#3195=ADVANCED_FACE('',(#790),#183,.F.);
#3196=ADVANCED_FACE('',(#791),#135,.T.);
#3197=ADVANCED_FACE('',(#792),#136,.T.);
#3198=ADVANCED_FACE('',(#793),#137,.F.);
#3199=ADVANCED_FACE('',(#794),#138,.T.);
#3200=ADVANCED_FACE('',(#795),#139,.F.);
#3201=ADVANCED_FACE('',(#796),#184,.F.);
#3202=ADVANCED_FACE('',(#797),#185,.F.);
#3203=ADVANCED_FACE('',(#798),#186,.F.);
#3204=ADVANCED_FACE('',(#799),#187,.F.);
#3205=ADVANCED_FACE('',(#800),#188,.F.);
#3206=ADVANCED_FACE('',(#801),#189,.F.);
#3207=ADVANCED_FACE('',(#802),#190,.F.);
#3208=ADVANCED_FACE('',(#803),#191,.F.);
#3209=ADVANCED_FACE('',(#804),#192,.F.);
#3210=CLOSED_SHELL('',(#3004,#3005,#3006,#3007,#3008,#3009,#3010,#3011,
#3012,#3013,#3014,#3015,#3016,#3017,#3018,#3019,#3020,#3021,#3022,#3023,
#3024,#3025,#3026,#3027,#3028,#3029,#3030,#3031,#3032,#3033,#3034,#3035,
#3036,#3037,#3038,#3039,#3040,#3041,#3042,#3043,#3044,#3045,#3046,#3047,
#3048,#3049,#3050,#3051,#3052,#3053,#3054,#3055,#3056,#3057,#3058,#3059,
#3060,#3061,#3062,#3063,#3064,#3065,#3066,#3067,#3068,#3069,#3070,#3071,
#3072,#3073,#3074,#3075,#3076,#3077,#3078,#3079,#3080,#3081,#3082,#3083,
#3084,#3085,#3086,#3087,#3088,#3089,#3090,#3091,#3092,#3093,#3094,#3095,
#3096,#3097,#3098,#3099,#3100,#3101,#3102,#3103,#3104,#3105,#3106,#3107,
#3108,#3109,#3110,#3111,#3112,#3113,#3114,#3115,#3116,#3117,#3118,#3119,
#3120,#3121,#3122,#3123,#3124,#3125,#3126,#3127,#3128,#3129,#3130,#3131,
#3132,#3133,#3134,#3135,#3136,#3137,#3138,#3139,#3140,#3141,#3142,#3143,
#3144,#3145,#3146,#3147,#3148,#3149,#3150,#3151,#3152,#3153,#3154,#3155,
#3156,#3157,#3158,#3159,#3160,#3161,#3162,#3163,#3164,#3165,#3166,#3167,
#3168,#3169,#3170,#3171,#3172,#3173,#3174,#3175,#3176,#3177,#3178,#3179,
#3180,#3181,#3182,#3183,#3184,#3185,#3186,#3187,#3188,#3189,#3190,#3191,
#3192,#3193,#3194,#3195,#3196,#3197,#3198,#3199,#3200,#3201,#3202,#3203,
#3204,#3205,#3206,#3207,#3208,#3209));
#3211=DERIVED_UNIT_ELEMENT(#3213,1.);
#3212=DERIVED_UNIT_ELEMENT(#5946,-3.);
#3213=(
MASS_UNIT()
NAMED_UNIT(*)
SI_UNIT(.KILO.,.GRAM.)
);
#3214=DERIVED_UNIT((#3211,#3212));
#3215=MEASURE_REPRESENTATION_ITEM('density measure',
POSITIVE_RATIO_MEASURE(7850.),#3214);
#3216=PROPERTY_DEFINITION_REPRESENTATION(#3221,#3218);
#3217=PROPERTY_DEFINITION_REPRESENTATION(#3222,#3219);
#3218=REPRESENTATION('material name',(#3220),#5943);
#3219=REPRESENTATION('density',(#3215),#5943);
#3220=DESCRIPTIVE_REPRESENTATION_ITEM('Steel','Steel');
#3221=PROPERTY_DEFINITION('material property','material name',#5953);
#3222=PROPERTY_DEFINITION('material property','density of part',#5953);
#3223=AXIS2_PLACEMENT_3D('',#4783,#3676,#3677);
#3224=AXIS2_PLACEMENT_3D('',#4784,#3678,#3679);
#3225=AXIS2_PLACEMENT_3D('',#4786,#3680,#3681);
#3226=AXIS2_PLACEMENT_3D('',#4788,#3682,#3683);
#3227=AXIS2_PLACEMENT_3D('',#4790,#3684,#3685);
#3228=AXIS2_PLACEMENT_3D('',#4791,#3686,#3687);
#3229=AXIS2_PLACEMENT_3D('',#4792,#3688,#3689);
#3230=AXIS2_PLACEMENT_3D('',#4794,#3690,#3691);
#3231=AXIS2_PLACEMENT_3D('',#4796,#3693,#3694);
#3232=AXIS2_PLACEMENT_3D('',#4798,#3695,#3696);
#3233=AXIS2_PLACEMENT_3D('',#4799,#3697,#3698);
#3234=AXIS2_PLACEMENT_3D('',#4801,#3699,#3700);
#3235=AXIS2_PLACEMENT_3D('',#4803,#3701,#3702);
#3236=AXIS2_PLACEMENT_3D('',#4805,#3703,#3704);
#3237=AXIS2_PLACEMENT_3D('',#4806,#3705,#3706);
#3238=AXIS2_PLACEMENT_3D('',#4807,#3707,#3708);
#3239=AXIS2_PLACEMENT_3D('',#4809,#3709,#3710);
#3240=AXIS2_PLACEMENT_3D('',#4811,#3712,#3713);
#3241=AXIS2_PLACEMENT_3D('',#4813,#3714,#3715);
#3242=AXIS2_PLACEMENT_3D('',#4814,#3716,#3717);
#3243=AXIS2_PLACEMENT_3D('',#4816,#3718,#3719);
#3244=AXIS2_PLACEMENT_3D('',#4818,#3720,#3721);
#3245=AXIS2_PLACEMENT_3D('',#4820,#3722,#3723);
#3246=AXIS2_PLACEMENT_3D('',#4821,#3724,#3725);
#3247=AXIS2_PLACEMENT_3D('',#4822,#3726,#3727);
#3248=AXIS2_PLACEMENT_3D('',#4824,#3728,#3729);
#3249=AXIS2_PLACEMENT_3D('',#4826,#3731,#3732);
#3250=AXIS2_PLACEMENT_3D('',#4828,#3733,#3734);
#3251=AXIS2_PLACEMENT_3D('',#4829,#3735,#3736);
#3252=AXIS2_PLACEMENT_3D('',#4831,#3737,#3738);
#3253=AXIS2_PLACEMENT_3D('',#4833,#3739,#3740);
#3254=AXIS2_PLACEMENT_3D('',#4835,#3741,#3742);
#3255=AXIS2_PLACEMENT_3D('',#4836,#3743,#3744);
#3256=AXIS2_PLACEMENT_3D('',#4837,#3745,#3746);
#3257=AXIS2_PLACEMENT_3D('',#4839,#3747,#3748);
#3258=AXIS2_PLACEMENT_3D('',#4841,#3750,#3751);
#3259=AXIS2_PLACEMENT_3D('',#4843,#3752,#3753);
#3260=AXIS2_PLACEMENT_3D('',#4844,#3754,#3755);
#3261=AXIS2_PLACEMENT_3D('',#4847,#3756,#3757);
#3262=AXIS2_PLACEMENT_3D('',#4861,#3764,#3765);
#3263=AXIS2_PLACEMENT_3D('',#4865,#3767,#3768);
#3264=AXIS2_PLACEMENT_3D('',#4869,#3770,#3771);
#3265=AXIS2_PLACEMENT_3D('',#4873,#3773,#3774);
#3266=AXIS2_PLACEMENT_3D('',#4877,#3776,#3777);
#3267=AXIS2_PLACEMENT_3D('',#4881,#3779,#3780);
#3268=AXIS2_PLACEMENT_3D('',#4885,#3782,#3783);
#3269=AXIS2_PLACEMENT_3D('',#4889,#3785,#3786);
#3270=AXIS2_PLACEMENT_3D('',#4893,#3788,#3789);
#3271=AXIS2_PLACEMENT_3D('',#4895,#3790,#3791);
#3272=AXIS2_PLACEMENT_3D('',#4897,#3793,#3794);
#3273=AXIS2_PLACEMENT_3D('',#4900,#3796,#3797);
#3274=AXIS2_PLACEMENT_3D('',#4901,#3798,#3799);
#3275=AXIS2_PLACEMENT_3D('',#4904,#3801,#3802);
#3276=AXIS2_PLACEMENT_3D('',#4905,#3803,#3804);
#3277=AXIS2_PLACEMENT_3D('',#4906,#3805,#3806);
#3278=AXIS2_PLACEMENT_3D('',#4909,#3808,#3809);
#3279=AXIS2_PLACEMENT_3D('',#4910,#3810,#3811);
#3280=AXIS2_PLACEMENT_3D('',#4911,#3812,#3813);
#3281=AXIS2_PLACEMENT_3D('',#4914,#3815,#3816);
#3282=AXIS2_PLACEMENT_3D('',#4915,#3817,#3818);
#3283=AXIS2_PLACEMENT_3D('',#4916,#3819,#3820);
#3284=AXIS2_PLACEMENT_3D('',#4937,#3823,#3824);
#3285=AXIS2_PLACEMENT_3D('',#4949,#3825,#3826);
#3286=AXIS2_PLACEMENT_3D('',#4950,#3827,#3828);
#3287=AXIS2_PLACEMENT_3D('',#4951,#3829,#3830);
#3288=AXIS2_PLACEMENT_3D('',#4952,#3831,#3832);
#3289=AXIS2_PLACEMENT_3D('',#4955,#3833,#3834);
#3290=AXIS2_PLACEMENT_3D('',#4958,#3837,#3838);
#3291=AXIS2_PLACEMENT_3D('',#4961,#3839,#3840);
#3292=AXIS2_PLACEMENT_3D('',#4962,#3841,#3842);
#3293=AXIS2_PLACEMENT_3D('',#4963,#3843,#3844);
#3294=AXIS2_PLACEMENT_3D('',#4975,#3845,#3846);
#3295=AXIS2_PLACEMENT_3D('',#4976,#3847,#3848);
#3296=AXIS2_PLACEMENT_3D('',#4977,#3849,#3850);
#3297=AXIS2_PLACEMENT_3D('',#4978,#3851,#3852);
#3298=AXIS2_PLACEMENT_3D('',#4981,#3853,#3854);
#3299=AXIS2_PLACEMENT_3D('',#4984,#3857,#3858);
#3300=AXIS2_PLACEMENT_3D('',#4987,#3859,#3860);
#3301=AXIS2_PLACEMENT_3D('',#4988,#3861,#3862);
#3302=AXIS2_PLACEMENT_3D('',#4989,#3863,#3864);
#3303=AXIS2_PLACEMENT_3D('',#5001,#3865,#3866);
#3304=AXIS2_PLACEMENT_3D('',#5002,#3867,#3868);
#3305=AXIS2_PLACEMENT_3D('',#5003,#3869,#3870);
#3306=AXIS2_PLACEMENT_3D('',#5004,#3871,#3872);
#3307=AXIS2_PLACEMENT_3D('',#5007,#3873,#3874);
#3308=AXIS2_PLACEMENT_3D('',#5021,#3877,#3878);
#3309=AXIS2_PLACEMENT_3D('',#5022,#3879,#3880);
#3310=AXIS2_PLACEMENT_3D('',#5023,#3881,#3882);
#3311=AXIS2_PLACEMENT_3D('',#5024,#3883,#3884);
#3312=AXIS2_PLACEMENT_3D('',#5027,#3885,#3886);
#3313=AXIS2_PLACEMENT_3D('',#5028,#3887,#3888);
#3314=AXIS2_PLACEMENT_3D('',#5029,#3889,#3890);
#3315=AXIS2_PLACEMENT_3D('',#5030,#3891,#3892);
#3316=AXIS2_PLACEMENT_3D('',#5033,#3893,#3894);
#3317=AXIS2_PLACEMENT_3D('',#5047,#3897,#3898);
#3318=AXIS2_PLACEMENT_3D('',#5048,#3899,#3900);
#3319=AXIS2_PLACEMENT_3D('',#5049,#3901,#3902);
#3320=AXIS2_PLACEMENT_3D('',#5050,#3903,#3904);
#3321=AXIS2_PLACEMENT_3D('',#5053,#3905,#3906);
#3322=AXIS2_PLACEMENT_3D('',#5054,#3907,#3908);
#3323=AXIS2_PLACEMENT_3D('',#5055,#3909,#3910);
#3324=AXIS2_PLACEMENT_3D('',#5056,#3911,#3912);
#3325=AXIS2_PLACEMENT_3D('',#5059,#3913,#3914);
#3326=AXIS2_PLACEMENT_3D('',#5073,#3917,#3918);
#3327=AXIS2_PLACEMENT_3D('',#5074,#3919,#3920);
#3328=AXIS2_PLACEMENT_3D('',#5075,#3921,#3922);
#3329=AXIS2_PLACEMENT_3D('',#5076,#3923,#3924);
#3330=AXIS2_PLACEMENT_3D('',#5079,#3925,#3926);
#3331=AXIS2_PLACEMENT_3D('',#5093,#3929,#3930);
#3332=AXIS2_PLACEMENT_3D('',#5094,#3931,#3932);
#3333=AXIS2_PLACEMENT_3D('',#5095,#3933,#3934);
#3334=AXIS2_PLACEMENT_3D('',#5096,#3935,#3936);
#3335=AXIS2_PLACEMENT_3D('',#5099,#3937,#3938);
#3336=AXIS2_PLACEMENT_3D('',#5113,#3941,#3942);
#3337=AXIS2_PLACEMENT_3D('',#5114,#3943,#3944);
#3338=AXIS2_PLACEMENT_3D('',#5115,#3945,#3946);
#3339=AXIS2_PLACEMENT_3D('',#5116,#3947,#3948);
#3340=AXIS2_PLACEMENT_3D('',#5119,#3949,#3950);
#3341=AXIS2_PLACEMENT_3D('',#5122,#3953,#3954);
#3342=AXIS2_PLACEMENT_3D('',#5125,#3955,#3956);
#3343=AXIS2_PLACEMENT_3D('',#5126,#3957,#3958);
#3344=AXIS2_PLACEMENT_3D('',#5127,#3959,#3960);
#3345=AXIS2_PLACEMENT_3D('',#5128,#3961,#3962);
#3346=AXIS2_PLACEMENT_3D('',#5131,#3963,#3964);
#3347=AXIS2_PLACEMENT_3D('',#5145,#3967,#3968);
#3348=AXIS2_PLACEMENT_3D('',#5146,#3969,#3970);
#3349=AXIS2_PLACEMENT_3D('',#5147,#3971,#3972);
#3350=AXIS2_PLACEMENT_3D('',#5148,#3973,#3974);
#3351=AXIS2_PLACEMENT_3D('',#5151,#3975,#3976);
#3352=AXIS2_PLACEMENT_3D('',#5154,#3979,#3980);
#3353=AXIS2_PLACEMENT_3D('',#5157,#3981,#3982);
#3354=AXIS2_PLACEMENT_3D('',#5158,#3983,#3984);
#3355=AXIS2_PLACEMENT_3D('',#5159,#3985,#3986);
#3356=AXIS2_PLACEMENT_3D('',#5160,#3987,#3988);
#3357=AXIS2_PLACEMENT_3D('',#5163,#3989,#3990);
#3358=AXIS2_PLACEMENT_3D('',#5175,#3993,#3994);
#3359=AXIS2_PLACEMENT_3D('',#5176,#3995,#3996);
#3360=AXIS2_PLACEMENT_3D('',#5177,#3997,#3998);
#3361=AXIS2_PLACEMENT_3D('',#5181,#4000,#4001);
#3362=AXIS2_PLACEMENT_3D('',#5183,#4003,#4004);
#3363=AXIS2_PLACEMENT_3D('',#5185,#4005,#4006);
#3364=AXIS2_PLACEMENT_3D('',#5187,#4008,#4009);
#3365=AXIS2_PLACEMENT_3D('',#5191,#4012,#4013);
#3366=AXIS2_PLACEMENT_3D('',#5193,#4014,#4015);
#3367=AXIS2_PLACEMENT_3D('',#5195,#4017,#4018);
#3368=AXIS2_PLACEMENT_3D('',#5197,#4019,#4020);
#3369=AXIS2_PLACEMENT_3D('',#5199,#4022,#4023);
#3370=AXIS2_PLACEMENT_3D('',#5203,#4026,#4027);
#3371=AXIS2_PLACEMENT_3D('',#5205,#4028,#4029);
#3372=AXIS2_PLACEMENT_3D('',#5207,#4031,#4032);
#3373=AXIS2_PLACEMENT_3D('',#5209,#4033,#4034);
#3374=AXIS2_PLACEMENT_3D('',#5211,#4036,#4037);
#3375=AXIS2_PLACEMENT_3D('',#5215,#4040,#4041);
#3376=AXIS2_PLACEMENT_3D('',#5217,#4042,#4043);
#3377=AXIS2_PLACEMENT_3D('',#5219,#4045,#4046);
#3378=AXIS2_PLACEMENT_3D('',#5221,#4047,#4048);
#3379=AXIS2_PLACEMENT_3D('',#5223,#4050,#4051);
#3380=AXIS2_PLACEMENT_3D('',#5227,#4054,#4055);
#3381=AXIS2_PLACEMENT_3D('',#5229,#4056,#4057);
#3382=AXIS2_PLACEMENT_3D('',#5231,#4059,#4060);
#3383=AXIS2_PLACEMENT_3D('',#5235,#4063,#4064);
#3384=AXIS2_PLACEMENT_3D('',#5236,#4065,#4066);
#3385=AXIS2_PLACEMENT_3D('',#5241,#4068,#4069);
#3386=AXIS2_PLACEMENT_3D('',#5244,#4071,#4072);
#3387=AXIS2_PLACEMENT_3D('',#5245,#4073,#4074);
#3388=AXIS2_PLACEMENT_3D('',#5250,#4077,#4078);
#3389=AXIS2_PLACEMENT_3D('',#5251,#4079,#4080);
#3390=AXIS2_PLACEMENT_3D('',#5256,#4082,#4083);
#3391=AXIS2_PLACEMENT_3D('',#5259,#4085,#4086);
#3392=AXIS2_PLACEMENT_3D('',#5260,#4087,#4088);
#3393=AXIS2_PLACEMENT_3D('',#5263,#4089,#4090);
#3394=AXIS2_PLACEMENT_3D('',#5264,#4091,#4092);
#3395=AXIS2_PLACEMENT_3D('',#5265,#4093,#4094);
#3396=AXIS2_PLACEMENT_3D('',#5266,#4095,#4096);
#3397=AXIS2_PLACEMENT_3D('',#5269,#4097,#4098);
#3398=AXIS2_PLACEMENT_3D('',#5272,#4101,#4102);
#3399=AXIS2_PLACEMENT_3D('',#5275,#4103,#4104);
#3400=AXIS2_PLACEMENT_3D('',#5276,#4105,#4106);
#3401=AXIS2_PLACEMENT_3D('',#5277,#4107,#4108);
#3402=AXIS2_PLACEMENT_3D('',#5278,#4109,#4110);
#3403=AXIS2_PLACEMENT_3D('',#5281,#4111,#4112);
#3404=AXIS2_PLACEMENT_3D('',#5295,#4115,#4116);
#3405=AXIS2_PLACEMENT_3D('',#5296,#4117,#4118);
#3406=AXIS2_PLACEMENT_3D('',#5297,#4119,#4120);
#3407=AXIS2_PLACEMENT_3D('',#5298,#4121,#4122);
#3408=AXIS2_PLACEMENT_3D('',#5301,#4123,#4124);
#3409=AXIS2_PLACEMENT_3D('',#5304,#4127,#4128);
#3410=AXIS2_PLACEMENT_3D('',#5307,#4129,#4130);
#3411=AXIS2_PLACEMENT_3D('',#5308,#4131,#4132);
#3412=AXIS2_PLACEMENT_3D('',#5309,#4133,#4134);
#3413=AXIS2_PLACEMENT_3D('',#5310,#4135,#4136);
#3414=AXIS2_PLACEMENT_3D('',#5313,#4137,#4138);
#3415=AXIS2_PLACEMENT_3D('',#5327,#4141,#4142);
#3416=AXIS2_PLACEMENT_3D('',#5328,#4143,#4144);
#3417=AXIS2_PLACEMENT_3D('',#5329,#4145,#4146);
#3418=AXIS2_PLACEMENT_3D('',#5330,#4147,#4148);
#3419=AXIS2_PLACEMENT_3D('',#5333,#4149,#4150);
#3420=AXIS2_PLACEMENT_3D('',#5336,#4153,#4154);
#3421=AXIS2_PLACEMENT_3D('',#5339,#4155,#4156);
#3422=AXIS2_PLACEMENT_3D('',#5340,#4157,#4158);
#3423=AXIS2_PLACEMENT_3D('',#5341,#4159,#4160);
#3424=AXIS2_PLACEMENT_3D('',#5342,#4161,#4162);
#3425=AXIS2_PLACEMENT_3D('',#5345,#4163,#4164);
#3426=AXIS2_PLACEMENT_3D('',#5348,#4167,#4168);
#3427=AXIS2_PLACEMENT_3D('',#5351,#4169,#4170);
#3428=AXIS2_PLACEMENT_3D('',#5352,#4171,#4172);
#3429=AXIS2_PLACEMENT_3D('',#5353,#4173,#4174);
#3430=AXIS2_PLACEMENT_3D('',#5354,#4175,#4176);
#3431=AXIS2_PLACEMENT_3D('',#5357,#4177,#4178);
#3432=AXIS2_PLACEMENT_3D('',#5371,#4181,#4182);
#3433=AXIS2_PLACEMENT_3D('',#5372,#4183,#4184);
#3434=AXIS2_PLACEMENT_3D('',#5373,#4185,#4186);
#3435=AXIS2_PLACEMENT_3D('',#5374,#4187,#4188);
#3436=AXIS2_PLACEMENT_3D('',#5377,#4189,#4190);
#3437=AXIS2_PLACEMENT_3D('',#5380,#4193,#4194);
#3438=AXIS2_PLACEMENT_3D('',#5383,#4195,#4196);
#3439=AXIS2_PLACEMENT_3D('',#5384,#4197,#4198);
#3440=AXIS2_PLACEMENT_3D('',#5385,#4199,#4200);
#3441=AXIS2_PLACEMENT_3D('',#5397,#4201,#4202);
#3442=AXIS2_PLACEMENT_3D('',#5398,#4203,#4204);
#3443=AXIS2_PLACEMENT_3D('',#5399,#4205,#4206);
#3444=AXIS2_PLACEMENT_3D('',#5400,#4207,#4208);
#3445=AXIS2_PLACEMENT_3D('',#5403,#4209,#4210);
#3446=AXIS2_PLACEMENT_3D('',#5417,#4213,#4214);
#3447=AXIS2_PLACEMENT_3D('',#5418,#4215,#4216);
#3448=AXIS2_PLACEMENT_3D('',#5419,#4217,#4218);
#3449=AXIS2_PLACEMENT_3D('',#5420,#4219,#4220);
#3450=AXIS2_PLACEMENT_3D('',#5423,#4221,#4222);
#3451=AXIS2_PLACEMENT_3D('',#5426,#4225,#4226);
#3452=AXIS2_PLACEMENT_3D('',#5429,#4227,#4228);
#3453=AXIS2_PLACEMENT_3D('',#5430,#4229,#4230);
#3454=AXIS2_PLACEMENT_3D('',#5431,#4231,#4232);
#3455=AXIS2_PLACEMENT_3D('',#5432,#4233,#4234);
#3456=AXIS2_PLACEMENT_3D('',#5435,#4235,#4236);
#3457=AXIS2_PLACEMENT_3D('',#5438,#4239,#4240);
#3458=AXIS2_PLACEMENT_3D('',#5441,#4241,#4242);
#3459=AXIS2_PLACEMENT_3D('',#5442,#4243,#4244);
#3460=AXIS2_PLACEMENT_3D('',#5443,#4245,#4246);
#3461=AXIS2_PLACEMENT_3D('',#5444,#4247,#4248);
#3462=AXIS2_PLACEMENT_3D('',#5447,#4249,#4250);
#3463=AXIS2_PLACEMENT_3D('',#5461,#4253,#4254);
#3464=AXIS2_PLACEMENT_3D('',#5462,#4255,#4256);
#3465=AXIS2_PLACEMENT_3D('',#5463,#4257,#4258);
#3466=AXIS2_PLACEMENT_3D('',#5464,#4259,#4260);
#3467=AXIS2_PLACEMENT_3D('',#5467,#4261,#4262);
#3468=AXIS2_PLACEMENT_3D('',#5470,#4265,#4266);
#3469=AXIS2_PLACEMENT_3D('',#5473,#4267,#4268);
#3470=AXIS2_PLACEMENT_3D('',#5474,#4269,#4270);
#3471=AXIS2_PLACEMENT_3D('',#5475,#4271,#4272);
#3472=AXIS2_PLACEMENT_3D('',#5476,#4273,#4274);
#3473=AXIS2_PLACEMENT_3D('',#5479,#4275,#4276);
#3474=AXIS2_PLACEMENT_3D('',#5493,#4279,#4280);
#3475=AXIS2_PLACEMENT_3D('',#5494,#4281,#4282);
#3476=AXIS2_PLACEMENT_3D('',#5495,#4283,#4284);
#3477=AXIS2_PLACEMENT_3D('',#5496,#4285,#4286);
#3478=AXIS2_PLACEMENT_3D('',#5499,#4287,#4288);
#3479=AXIS2_PLACEMENT_3D('',#5502,#4291,#4292);
#3480=AXIS2_PLACEMENT_3D('',#5505,#4293,#4294);
#3481=AXIS2_PLACEMENT_3D('',#5506,#4295,#4296);
#3482=AXIS2_PLACEMENT_3D('',#5507,#4297,#4298);
#3483=AXIS2_PLACEMENT_3D('',#5508,#4299,#4300);
#3484=AXIS2_PLACEMENT_3D('',#5511,#4301,#4302);
#3485=AXIS2_PLACEMENT_3D('',#5514,#4305,#4306);
#3486=AXIS2_PLACEMENT_3D('',#5517,#4307,#4308);
#3487=AXIS2_PLACEMENT_3D('',#5518,#4309,#4310);
#3488=AXIS2_PLACEMENT_3D('',#5519,#4311,#4312);
#3489=AXIS2_PLACEMENT_3D('',#5520,#4313,#4314);
#3490=AXIS2_PLACEMENT_3D('',#5523,#4315,#4316);
#3491=AXIS2_PLACEMENT_3D('',#5537,#4319,#4320);
#3492=AXIS2_PLACEMENT_3D('',#5538,#4321,#4322);
#3493=AXIS2_PLACEMENT_3D('',#5539,#4323,#4324);
#3494=AXIS2_PLACEMENT_3D('',#5540,#4325,#4326);
#3495=AXIS2_PLACEMENT_3D('',#5543,#4329,#4330);
#3496=AXIS2_PLACEMENT_3D('',#5547,#4332,#4333);
#3497=AXIS2_PLACEMENT_3D('',#5549,#4335,#4336);
#3498=AXIS2_PLACEMENT_3D('',#5552,#4339,#4340);
#3499=AXIS2_PLACEMENT_3D('',#5556,#4342,#4343);
#3500=AXIS2_PLACEMENT_3D('',#5558,#4345,#4346);
#3501=AXIS2_PLACEMENT_3D('',#5562,#4349,#4350);
#3502=AXIS2_PLACEMENT_3D('',#5564,#4351,#4352);
#3503=AXIS2_PLACEMENT_3D('',#5572,#4354,#4355);
#3504=AXIS2_PLACEMENT_3D('',#5576,#4358,#4359);
#3505=AXIS2_PLACEMENT_3D('',#5578,#4360,#4361);
#3506=AXIS2_PLACEMENT_3D('',#5580,#4363,#4364);
#3507=AXIS2_PLACEMENT_3D('',#5582,#4365,#4366);
#3508=AXIS2_PLACEMENT_3D('',#5586,#4369,#4370);
#3509=AXIS2_PLACEMENT_3D('',#5588,#4371,#4372);
#3510=AXIS2_PLACEMENT_3D('',#5590,#4374,#4375);
#3511=AXIS2_PLACEMENT_3D('',#5594,#4378,#4379);
#3512=AXIS2_PLACEMENT_3D('',#5596,#4380,#4381);
#3513=AXIS2_PLACEMENT_3D('',#5598,#4383,#4384);
#3514=AXIS2_PLACEMENT_3D('',#5602,#4387,#4388);
#3515=AXIS2_PLACEMENT_3D('',#5604,#4389,#4390);
#3516=AXIS2_PLACEMENT_3D('',#5606,#4392,#4393);
#3517=AXIS2_PLACEMENT_3D('',#5610,#4396,#4397);
#3518=AXIS2_PLACEMENT_3D('',#5612,#4398,#4399);
#3519=AXIS2_PLACEMENT_3D('',#5614,#4401,#4402);
#3520=AXIS2_PLACEMENT_3D('',#5617,#4405,#4406);
#3521=AXIS2_PLACEMENT_3D('',#5619,#4408,#4409);
#3522=AXIS2_PLACEMENT_3D('',#5621,#4411,#4412);
#3523=AXIS2_PLACEMENT_3D('',#5623,#4414,#4415);
#3524=AXIS2_PLACEMENT_3D('',#5625,#4417,#4418);
#3525=AXIS2_PLACEMENT_3D('',#5627,#4420,#4421);
#3526=AXIS2_PLACEMENT_3D('',#5629,#4423,#4424);
#3527=AXIS2_PLACEMENT_3D('',#5631,#4426,#4427);
#3528=AXIS2_PLACEMENT_3D('',#5633,#4429,#4430);
#3529=AXIS2_PLACEMENT_3D('',#5635,#4432,#4433);
#3530=AXIS2_PLACEMENT_3D('',#5637,#4435,#4436);
#3531=AXIS2_PLACEMENT_3D('',#5639,#4438,#4439);
#3532=AXIS2_PLACEMENT_3D('',#5641,#4441,#4442);
#3533=AXIS2_PLACEMENT_3D('',#5643,#4444,#4445);
#3534=AXIS2_PLACEMENT_3D('',#5645,#4447,#4448);
#3535=AXIS2_PLACEMENT_3D('',#5647,#4450,#4451);
#3536=AXIS2_PLACEMENT_3D('',#5649,#4453,#4454);
#3537=AXIS2_PLACEMENT_3D('',#5651,#4456,#4457);
#3538=AXIS2_PLACEMENT_3D('',#5653,#4459,#4460);
#3539=AXIS2_PLACEMENT_3D('',#5655,#4461,#4462);
#3540=AXIS2_PLACEMENT_3D('',#5657,#4463,#4464);
#3541=AXIS2_PLACEMENT_3D('',#5659,#4466,#4467);
#3542=AXIS2_PLACEMENT_3D('',#5661,#4468,#4469);
#3543=AXIS2_PLACEMENT_3D('',#5662,#4470,#4471);
#3544=AXIS2_PLACEMENT_3D('',#5663,#4472,#4473);
#3545=AXIS2_PLACEMENT_3D('',#5665,#4474,#4475);
#3546=AXIS2_PLACEMENT_3D('',#5667,#4477,#4478);
#3547=AXIS2_PLACEMENT_3D('',#5669,#4479,#4480);
#3548=AXIS2_PLACEMENT_3D('',#5670,#4481,#4482);
#3549=AXIS2_PLACEMENT_3D('',#5671,#4483,#4484);
#3550=AXIS2_PLACEMENT_3D('',#5673,#4485,#4486);
#3551=AXIS2_PLACEMENT_3D('',#5675,#4488,#4489);
#3552=AXIS2_PLACEMENT_3D('',#5677,#4490,#4491);
#3553=AXIS2_PLACEMENT_3D('',#5680,#4493,#4494);
#3554=AXIS2_PLACEMENT_3D('',#5681,#4495,#4496);
#3555=AXIS2_PLACEMENT_3D('',#5683,#4497,#4498);
#3556=AXIS2_PLACEMENT_3D('',#5687,#4500,#4501);
#3557=AXIS2_PLACEMENT_3D('',#5689,#4503,#4504);
#3558=AXIS2_PLACEMENT_3D('',#5691,#4505,#4506);
#3559=AXIS2_PLACEMENT_3D('',#5692,#4507,#4508);
#3560=AXIS2_PLACEMENT_3D('',#5693,#4509,#4510);
#3561=AXIS2_PLACEMENT_3D('',#5695,#4511,#4512);
#3562=AXIS2_PLACEMENT_3D('',#5697,#4514,#4515);
#3563=AXIS2_PLACEMENT_3D('',#5699,#4516,#4517);
#3564=AXIS2_PLACEMENT_3D('',#5700,#4518,#4519);
#3565=AXIS2_PLACEMENT_3D('',#5701,#4520,#4521);
#3566=AXIS2_PLACEMENT_3D('',#5704,#4522,#4523);
#3567=AXIS2_PLACEMENT_3D('',#5706,#4525,#4526);
#3568=AXIS2_PLACEMENT_3D('',#5708,#4528,#4529);
#3569=AXIS2_PLACEMENT_3D('',#5711,#4530,#4531);
#3570=AXIS2_PLACEMENT_3D('',#5712,#4532,#4533);
#3571=AXIS2_PLACEMENT_3D('',#5713,#4534,#4535);
#3572=AXIS2_PLACEMENT_3D('',#5714,#4536,#4537);
#3573=AXIS2_PLACEMENT_3D('',#5717,#4538,#4539);
#3574=AXIS2_PLACEMENT_3D('',#5720,#4542,#4543);
#3575=AXIS2_PLACEMENT_3D('',#5723,#4544,#4545);
#3576=AXIS2_PLACEMENT_3D('',#5724,#4546,#4547);
#3577=AXIS2_PLACEMENT_3D('',#5725,#4548,#4549);
#3578=AXIS2_PLACEMENT_3D('',#5726,#4550,#4551);
#3579=AXIS2_PLACEMENT_3D('',#5729,#4552,#4553);
#3580=AXIS2_PLACEMENT_3D('',#5732,#4556,#4557);
#3581=AXIS2_PLACEMENT_3D('',#5735,#4558,#4559);
#3582=AXIS2_PLACEMENT_3D('',#5736,#4560,#4561);
#3583=AXIS2_PLACEMENT_3D('',#5737,#4562,#4563);
#3584=AXIS2_PLACEMENT_3D('',#5738,#4564,#4565);
#3585=AXIS2_PLACEMENT_3D('',#5741,#4566,#4567);
#3586=AXIS2_PLACEMENT_3D('',#5744,#4570,#4571);
#3587=AXIS2_PLACEMENT_3D('',#5747,#4572,#4573);
#3588=AXIS2_PLACEMENT_3D('',#5748,#4574,#4575);
#3589=AXIS2_PLACEMENT_3D('',#5749,#4576,#4577);
#3590=AXIS2_PLACEMENT_3D('',#5750,#4578,#4579);
#3591=AXIS2_PLACEMENT_3D('',#5753,#4580,#4581);
#3592=AXIS2_PLACEMENT_3D('',#5756,#4584,#4585);
#3593=AXIS2_PLACEMENT_3D('',#5759,#4586,#4587);
#3594=AXIS2_PLACEMENT_3D('',#5760,#4588,#4589);
#3595=AXIS2_PLACEMENT_3D('',#5761,#4590,#4591);
#3596=AXIS2_PLACEMENT_3D('',#5762,#4592,#4593);
#3597=AXIS2_PLACEMENT_3D('',#5765,#4594,#4595);
#3598=AXIS2_PLACEMENT_3D('',#5768,#4598,#4599);
#3599=AXIS2_PLACEMENT_3D('',#5769,#4600,#4601);
#3600=AXIS2_PLACEMENT_3D('',#5785,#4602,#4603);
#3601=AXIS2_PLACEMENT_3D('',#5786,#4604,#4605);
#3602=AXIS2_PLACEMENT_3D('',#5789,#4607,#4608);
#3603=AXIS2_PLACEMENT_3D('',#5790,#4609,#4610);
#3604=AXIS2_PLACEMENT_3D('',#5792,#4611,#4612);
#3605=AXIS2_PLACEMENT_3D('',#5793,#4613,#4614);
#3606=AXIS2_PLACEMENT_3D('',#5794,#4615,#4616);
#3607=AXIS2_PLACEMENT_3D('',#5796,#4617,#4618);
#3608=AXIS2_PLACEMENT_3D('',#5798,#4620,#4621);
#3609=AXIS2_PLACEMENT_3D('',#5800,#4622,#4623);
#3610=AXIS2_PLACEMENT_3D('',#5801,#4624,#4625);
#3611=AXIS2_PLACEMENT_3D('',#5802,#4626,#4627);
#3612=AXIS2_PLACEMENT_3D('',#5804,#4628,#4629);
#3613=AXIS2_PLACEMENT_3D('',#5805,#4630,#4631);
#3614=AXIS2_PLACEMENT_3D('',#5806,#4632,#4633);
#3615=AXIS2_PLACEMENT_3D('',#5808,#4634,#4635);
#3616=AXIS2_PLACEMENT_3D('',#5810,#4637,#4638);
#3617=AXIS2_PLACEMENT_3D('',#5812,#4639,#4640);
#3618=AXIS2_PLACEMENT_3D('',#5813,#4641,#4642);
#3619=AXIS2_PLACEMENT_3D('',#5814,#4643,#4644);
#3620=AXIS2_PLACEMENT_3D('',#5816,#4645,#4646);
#3621=AXIS2_PLACEMENT_3D('',#5817,#4647,#4648);
#3622=AXIS2_PLACEMENT_3D('',#5818,#4649,#4650);
#3623=AXIS2_PLACEMENT_3D('',#5820,#4651,#4652);
#3624=AXIS2_PLACEMENT_3D('',#5822,#4654,#4655);
#3625=AXIS2_PLACEMENT_3D('',#5824,#4656,#4657);
#3626=AXIS2_PLACEMENT_3D('',#5825,#4658,#4659);
#3627=AXIS2_PLACEMENT_3D('',#5826,#4660,#4661);
#3628=AXIS2_PLACEMENT_3D('',#5828,#4662,#4663);
#3629=AXIS2_PLACEMENT_3D('',#5829,#4664,#4665);
#3630=AXIS2_PLACEMENT_3D('',#5830,#4666,#4667);
#3631=AXIS2_PLACEMENT_3D('',#5832,#4668,#4669);
#3632=AXIS2_PLACEMENT_3D('',#5834,#4671,#4672);
#3633=AXIS2_PLACEMENT_3D('',#5836,#4673,#4674);
#3634=AXIS2_PLACEMENT_3D('',#5837,#4675,#4676);
#3635=AXIS2_PLACEMENT_3D('',#5838,#4677,#4678);
#3636=AXIS2_PLACEMENT_3D('',#5840,#4679,#4680);
#3637=AXIS2_PLACEMENT_3D('',#5841,#4681,#4682);
#3638=AXIS2_PLACEMENT_3D('',#5842,#4683,#4684);
#3639=AXIS2_PLACEMENT_3D('',#5844,#4685,#4686);
#3640=AXIS2_PLACEMENT_3D('',#5847,#4689,#4690);
#3641=AXIS2_PLACEMENT_3D('',#5848,#4691,#4692);
#3642=AXIS2_PLACEMENT_3D('',#5884,#4693,#4694);
#3643=AXIS2_PLACEMENT_3D('',#5885,#4695,#4696);
#3644=AXIS2_PLACEMENT_3D('',#5887,#4697,#4698);
#3645=AXIS2_PLACEMENT_3D('',#5888,#4699,#4700);
#3646=AXIS2_PLACEMENT_3D('',#5889,#4701,#4702);
#3647=AXIS2_PLACEMENT_3D('',#5890,#4703,#4704);
#3648=AXIS2_PLACEMENT_3D('',#5892,#4706,#4707);
#3649=AXIS2_PLACEMENT_3D('',#5893,#4708,#4709);
#3650=AXIS2_PLACEMENT_3D('',#5894,#4710,#4711);
#3651=AXIS2_PLACEMENT_3D('',#5895,#4712,#4713);
#3652=AXIS2_PLACEMENT_3D('',#5898,#4716,#4717);
#3653=AXIS2_PLACEMENT_3D('',#5900,#4719,#4720);
#3654=AXIS2_PLACEMENT_3D('',#5902,#4722,#4723);
#3655=AXIS2_PLACEMENT_3D('',#5903,#4724,#4725);
#3656=AXIS2_PLACEMENT_3D('',#5905,#4727,#4728);
#3657=AXIS2_PLACEMENT_3D('',#5908,#4731,#4732);
#3658=AXIS2_PLACEMENT_3D('',#5910,#4734,#4735);
#3659=AXIS2_PLACEMENT_3D('',#5913,#4738,#4739);
#3660=AXIS2_PLACEMENT_3D('',#5915,#4741,#4742);
#3661=AXIS2_PLACEMENT_3D('',#5918,#4745,#4746);
#3662=AXIS2_PLACEMENT_3D('',#5920,#4748,#4749);
#3663=AXIS2_PLACEMENT_3D('',#5922,#4751,#4752);
#3664=AXIS2_PLACEMENT_3D('',#5924,#4754,#4755);
#3665=AXIS2_PLACEMENT_3D('',#5926,#4757,#4758);
#3666=AXIS2_PLACEMENT_3D('',#5928,#4760,#4761);
#3667=AXIS2_PLACEMENT_3D('',#5929,#4762,#4763);
#3668=AXIS2_PLACEMENT_3D('',#5930,#4764,#4765);
#3669=AXIS2_PLACEMENT_3D('',#5931,#4766,#4767);
#3670=AXIS2_PLACEMENT_3D('',#5933,#4769,#4770);
#3671=AXIS2_PLACEMENT_3D('',#5935,#4772,#4773);
#3672=AXIS2_PLACEMENT_3D('',#5937,#4775,#4776);
#3673=AXIS2_PLACEMENT_3D('',#5938,#4777,#4778);
#3674=AXIS2_PLACEMENT_3D('',#5939,#4779,#4780);
#3675=AXIS2_PLACEMENT_3D('',#5940,#4781,#4782);
#3676=DIRECTION('axis',(0.,0.,1.));
#3677=DIRECTION('refdir',(1.,0.,0.));
#3678=DIRECTION('center_axis',(0.,0.,1.));
#3679=DIRECTION('ref_axis',(-1.,0.,0.));
#3680=DIRECTION('center_axis',(0.,0.,1.));
#3681=DIRECTION('ref_axis',(1.,0.,0.));
#3682=DIRECTION('center_axis',(0.,1.,0.));
#3683=DIRECTION('ref_axis',(1.,0.,0.));
#3684=DIRECTION('center_axis',(0.,0.,-1.));
#3685=DIRECTION('ref_axis',(1.,0.,0.));
#3686=DIRECTION('center_axis',(0.,0.,-1.));
#3687=DIRECTION('ref_axis',(1.,0.,0.));
#3688=DIRECTION('center_axis',(0.,0.,-1.));
#3689=DIRECTION('ref_axis',(1.,0.,0.));
#3690=DIRECTION('center_axis',(0.,0.,-1.));
#3691=DIRECTION('ref_axis',(1.,0.,0.));
#3692=DIRECTION('',(0.707106781186548,8.65956056235494E-17,0.707106781186547));
#3693=DIRECTION('center_axis',(0.,0.,-1.));
#3694=DIRECTION('ref_axis',(-1.,0.,0.));
#3695=DIRECTION('center_axis',(0.,0.,1.));
#3696=DIRECTION('ref_axis',(-1.,0.,0.));
#3697=DIRECTION('center_axis',(0.,0.,1.));
#3698=DIRECTION('ref_axis',(-1.,0.,0.));
#3699=DIRECTION('center_axis',(0.,0.,1.));
#3700=DIRECTION('ref_axis',(1.,0.,0.));
#3701=DIRECTION('center_axis',(0.,1.,0.));
#3702=DIRECTION('ref_axis',(1.,0.,0.));
#3703=DIRECTION('center_axis',(2.5286966344229E-15,-2.5286966344229E-15,
-1.));
#3704=DIRECTION('ref_axis',(1.,0.,2.5286966344229E-15));
#3705=DIRECTION('center_axis',(2.5286966344229E-15,-2.5286966344229E-15,
-1.));
#3706=DIRECTION('ref_axis',(1.,0.,2.5286966344229E-15));
#3707=DIRECTION('center_axis',(0.,0.,-1.));
#3708=DIRECTION('ref_axis',(1.,0.,0.));
#3709=DIRECTION('center_axis',(0.,0.,-1.));
#3710=DIRECTION('ref_axis',(1.,0.,0.));
#3711=DIRECTION('',(0.707106781186548,8.65956056235494E-17,0.707106781186547));
#3712=DIRECTION('center_axis',(0.,0.,-1.));
#3713=DIRECTION('ref_axis',(-1.,0.,0.));
#3714=DIRECTION('center_axis',(0.,0.,1.));
#3715=DIRECTION('ref_axis',(-1.,0.,0.));
#3716=DIRECTION('center_axis',(0.,0.,1.));
#3717=DIRECTION('ref_axis',(-1.,0.,0.));
#3718=DIRECTION('center_axis',(0.,0.,1.));
#3719=DIRECTION('ref_axis',(1.,0.,0.));
#3720=DIRECTION('center_axis',(0.,1.,0.));
#3721=DIRECTION('ref_axis',(1.,0.,0.));
#3722=DIRECTION('center_axis',(0.,0.,-1.));
#3723=DIRECTION('ref_axis',(1.,0.,0.));
#3724=DIRECTION('center_axis',(0.,0.,-1.));
#3725=DIRECTION('ref_axis',(1.,0.,0.));
#3726=DIRECTION('center_axis',(0.,0.,-1.));
#3727=DIRECTION('ref_axis',(1.,0.,0.));
#3728=DIRECTION('center_axis',(0.,0.,-1.));
#3729=DIRECTION('ref_axis',(1.,0.,0.));
#3730=DIRECTION('',(0.707106781186548,8.65956056235494E-17,0.707106781186547));
#3731=DIRECTION('center_axis',(0.,0.,-1.));
#3732=DIRECTION('ref_axis',(-1.,0.,0.));
#3733=DIRECTION('center_axis',(0.,0.,1.));
#3734=DIRECTION('ref_axis',(-1.,0.,0.));
#3735=DIRECTION('center_axis',(0.,0.,1.));
#3736=DIRECTION('ref_axis',(-1.,0.,0.));
#3737=DIRECTION('center_axis',(0.,0.,1.));
#3738=DIRECTION('ref_axis',(1.,0.,0.));
#3739=DIRECTION('center_axis',(0.,1.,0.));
#3740=DIRECTION('ref_axis',(1.,0.,0.));
#3741=DIRECTION('center_axis',(0.,0.,-1.));
#3742=DIRECTION('ref_axis',(1.,0.,0.));
#3743=DIRECTION('center_axis',(0.,0.,-1.));
#3744=DIRECTION('ref_axis',(1.,0.,0.));
#3745=DIRECTION('center_axis',(0.,0.,-1.));
#3746=DIRECTION('ref_axis',(1.,0.,0.));
#3747=DIRECTION('center_axis',(0.,0.,-1.));
#3748=DIRECTION('ref_axis',(1.,0.,0.));
#3749=DIRECTION('',(0.707106781186548,8.65956056235494E-17,0.707106781186547));
#3750=DIRECTION('center_axis',(0.,0.,-1.));
#3751=DIRECTION('ref_axis',(-1.,0.,0.));
#3752=DIRECTION('center_axis',(0.,0.,1.));
#3753=DIRECTION('ref_axis',(-1.,0.,0.));
#3754=DIRECTION('center_axis',(0.,0.,-1.));
#3755=DIRECTION('ref_axis',(-1.,0.,0.));
#3756=DIRECTION('center_axis',(0.,0.,-1.));
#3757=DIRECTION('ref_axis',(-0.707106781186548,0.707106781186548,0.));
#3758=DIRECTION('',(0.,1.,0.));
#3759=DIRECTION('',(-0.500557410563393,0.865703343374664,0.));
#3760=DIRECTION('',(-0.866295070443831,-0.499532632492332,0.));
#3761=DIRECTION('',(-0.99135978707316,-0.131170776372863,0.));
#3762=DIRECTION('',(-0.586162862098081,-0.810193247995184,0.));
#3763=DIRECTION('',(-1.,0.,0.));
#3764=DIRECTION('center_axis',(0.,0.,-1.));
#3765=DIRECTION('ref_axis',(0.707106781186541,-0.707106781186554,0.));
#3766=DIRECTION('',(0.,-1.,0.));
#3767=DIRECTION('center_axis',(0.,0.,-1.));
#3768=DIRECTION('ref_axis',(0.707106746527238,0.707106815845856,0.));
#3769=DIRECTION('',(0.999999999999995,9.80313525609456E-8,0.));
#3770=DIRECTION('center_axis',(0.,0.,1.));
#3771=DIRECTION('ref_axis',(-0.707106746527219,-0.707106815845875,0.));
#3772=DIRECTION('',(0.,-1.,0.));
#3773=DIRECTION('center_axis',(0.,0.,-1.));
#3774=DIRECTION('ref_axis',(0.707106781186554,0.707106781186541,0.));
#3775=DIRECTION('',(1.,0.,0.));
#3776=DIRECTION('center_axis',(0.,0.,1.));
#3777=DIRECTION('ref_axis',(-0.707106781186535,-0.70710678118656,0.));
#3778=DIRECTION('',(0.,-1.,0.));
#3779=DIRECTION('center_axis',(0.,0.,-1.));
#3780=DIRECTION('ref_axis',(0.707106781186551,0.707106781186544,0.));
#3781=DIRECTION('',(1.,0.,0.));
#3782=DIRECTION('center_axis',(0.,0.,-1.));
#3783=DIRECTION('ref_axis',(-0.707106781186538,0.707106781186557,0.));
#3784=DIRECTION('',(0.,1.,0.));
#3785=DIRECTION('center_axis',(0.,0.,1.));
#3786=DIRECTION('ref_axis',(0.707106781186554,-0.707106781186541,0.));
#3787=DIRECTION('',(1.,0.,0.));
#3788=DIRECTION('center_axis',(0.,0.,-1.));
#3789=DIRECTION('ref_axis',(-0.707106781186548,0.707106781186548,0.));
#3790=DIRECTION('center_axis',(0.,0.,1.));
#3791=DIRECTION('ref_axis',(0.707106781186554,-0.707106781186541,0.));
#3792=DIRECTION('',(1.,0.,0.));
#3793=DIRECTION('center_axis',(0.,0.,-1.));
#3794=DIRECTION('ref_axis',(-1.,0.,0.));
#3795=DIRECTION('',(0.,0.,-1.));
#3796=DIRECTION('center_axis',(0.,0.,-1.));
#3797=DIRECTION('ref_axis',(-1.,0.,0.));
#3798=DIRECTION('center_axis',(0.,0.,-1.));
#3799=DIRECTION('ref_axis',(-1.,0.,0.));
#3800=DIRECTION('',(0.,0.,-1.));
#3801=DIRECTION('center_axis',(0.,0.,-1.));
#3802=DIRECTION('ref_axis',(-1.,0.,0.));
#3803=DIRECTION('center_axis',(0.,0.,-1.));
#3804=DIRECTION('ref_axis',(-1.,0.,0.));
#3805=DIRECTION('center_axis',(0.,0.,-1.));
#3806=DIRECTION('ref_axis',(-1.,0.,0.));
#3807=DIRECTION('',(0.,0.,-1.));
#3808=DIRECTION('center_axis',(0.,0.,-1.));
#3809=DIRECTION('ref_axis',(-1.,0.,0.));
#3810=DIRECTION('center_axis',(0.,0.,-1.));
#3811=DIRECTION('ref_axis',(-1.,0.,0.));
#3812=DIRECTION('center_axis',(0.,0.,-1.));
#3813=DIRECTION('ref_axis',(-1.,0.,0.));
#3814=DIRECTION('',(0.,0.,-1.));
#3815=DIRECTION('center_axis',(0.,0.,-1.));
#3816=DIRECTION('ref_axis',(-1.,0.,0.));
#3817=DIRECTION('center_axis',(0.,0.,-1.));
#3818=DIRECTION('ref_axis',(-1.,0.,0.));
#3819=DIRECTION('center_axis',(4.15990744649851E-8,-0.999999999999999,0.));
#3820=DIRECTION('ref_axis',(0.707106781186548,2.94149871858454E-8,-0.707106781186546));
#3821=DIRECTION('',(-4.15990744649851E-8,0.999999999999999,0.));
#3822=DIRECTION('',(4.15990744649851E-8,-0.999999999999999,0.));
#3823=DIRECTION('center_axis',(-4.15990738152535E-8,0.999999999999999,0.));
#3824=DIRECTION('ref_axis',(0.999999999999999,4.15990738152535E-8,0.));
#3825=DIRECTION('center_axis',(-1.,0.,0.));
#3826=DIRECTION('ref_axis',(0.,1.,0.));
#3827=DIRECTION('center_axis',(0.,0.,1.));
#3828=DIRECTION('ref_axis',(0.707106766479054,0.70710679589404,0.));
#3829=DIRECTION('center_axis',(0.,0.,-1.));
#3830=DIRECTION('ref_axis',(0.707106766479054,0.70710679589404,0.));
#3831=DIRECTION('center_axis',(1.,4.67462321239177E-16,0.));
#3832=DIRECTION('ref_axis',(0.,0.707106781186548,-0.707106781186547));
#3833=DIRECTION('center_axis',(-1.,0.,0.));
#3834=DIRECTION('ref_axis',(0.,1.,0.));
#3835=DIRECTION('',(-1.,-4.67462321239177E-16,0.));
#3836=DIRECTION('',(1.,4.67462321239177E-16,0.));
#3837=DIRECTION('center_axis',(0.,0.,1.));
#3838=DIRECTION('ref_axis',(-1.,0.,0.));
#3839=DIRECTION('center_axis',(-0.333333323399224,0.942809045094302,0.));
#3840=DIRECTION('ref_axis',(0.942809045094301,0.333333323399224,0.));
#3841=DIRECTION('center_axis',(0.,0.,-1.));
#3842=DIRECTION('ref_axis',(-0.57735027349122,-0.81649657788604,0.));
#3843=DIRECTION('center_axis',(0.,0.,1.));
#3844=DIRECTION('ref_axis',(-0.57735027349122,-0.816496577886039,0.));
#3845=DIRECTION('center_axis',(-1.,0.,0.));
#3846=DIRECTION('ref_axis',(0.,1.,0.));
#3847=DIRECTION('center_axis',(0.,0.,1.));
#3848=DIRECTION('ref_axis',(0.577350273491221,0.816496577886039,0.));
#3849=DIRECTION('center_axis',(0.,0.,-1.));
#3850=DIRECTION('ref_axis',(0.577350273491221,0.816496577886039,0.));
#3851=DIRECTION('center_axis',(1.,-7.01193478788344E-16,0.));
#3852=DIRECTION('ref_axis',(0.,0.707106781186548,-0.707106781186547));
#3853=DIRECTION('center_axis',(-1.,0.,0.));
#3854=DIRECTION('ref_axis',(0.,1.,0.));
#3855=DIRECTION('',(-1.,7.01193478788344E-16,0.));
#3856=DIRECTION('',(1.,-7.01193478788344E-16,0.));
#3857=DIRECTION('center_axis',(0.,0.,1.));
#3858=DIRECTION('ref_axis',(-1.,0.,0.));
#3859=DIRECTION('center_axis',(-0.74999999627471,0.661437831990229,0.));
#3860=DIRECTION('ref_axis',(0.661437831990229,0.74999999627471,0.));
#3861=DIRECTION('center_axis',(0.,0.,-1.));
#3862=DIRECTION('ref_axis',(-0.353553393227451,-0.93541434569786,0.));
#3863=DIRECTION('center_axis',(0.,0.,1.));
#3864=DIRECTION('ref_axis',(-0.353553393227451,-0.93541434569786,0.));
#3865=DIRECTION('center_axis',(-1.,0.,0.));
#3866=DIRECTION('ref_axis',(0.,1.,0.));
#3867=DIRECTION('center_axis',(0.,0.,1.));
#3868=DIRECTION('ref_axis',(0.353553393227453,0.935414345697859,0.));
#3869=DIRECTION('center_axis',(0.,0.,-1.));
#3870=DIRECTION('ref_axis',(0.353553393227453,0.935414345697859,0.));
#3871=DIRECTION('center_axis',(1.,4.93432449125534E-16,0.));
#3872=DIRECTION('ref_axis',(0.,0.707106781186548,-0.707106781186547));
#3873=DIRECTION('center_axis',(-1.,0.,0.));
#3874=DIRECTION('ref_axis',(0.,1.,0.));
#3875=DIRECTION('',(-1.,-4.93432449125534E-16,0.));
#3876=DIRECTION('',(1.,4.93432449125534E-16,0.));
#3877=DIRECTION('center_axis',(-0.583333457509673,-0.812232772885834,0.));
#3878=DIRECTION('ref_axis',(-0.812232772885834,0.583333457509673,0.));
#3879=DIRECTION('center_axis',(0.,0.,1.));
#3880=DIRECTION('ref_axis',(-0.45643539657345,0.889756555893149,0.));
#3881=DIRECTION('center_axis',(0.,0.,-1.));
#3882=DIRECTION('ref_axis',(-0.45643539657345,0.889756555893149,0.));
#3883=DIRECTION('center_axis',(0.,0.,1.));
#3884=DIRECTION('ref_axis',(-1.,0.,0.));
#3885=DIRECTION('center_axis',(-1.,0.,0.));
#3886=DIRECTION('ref_axis',(0.,1.,0.));
#3887=DIRECTION('center_axis',(0.,0.,-1.));
#3888=DIRECTION('ref_axis',(0.456435396573447,-0.88975655589315,0.));
#3889=DIRECTION('center_axis',(0.,0.,1.));
#3890=DIRECTION('ref_axis',(0.456435396573448,-0.88975655589315,0.));
#3891=DIRECTION('center_axis',(1.,0.,0.));
#3892=DIRECTION('ref_axis',(0.,0.707106781186548,-0.707106781186547));
#3893=DIRECTION('center_axis',(-1.,0.,0.));
#3894=DIRECTION('ref_axis',(0.,1.,0.));
#3895=DIRECTION('',(-1.,0.,0.));
#3896=DIRECTION('',(1.,0.,0.));
#3897=DIRECTION('center_axis',(-0.833333200464646,-0.552770998699597,0.));
#3898=DIRECTION('ref_axis',(-0.552770998699597,0.833333200464646,0.));
#3899=DIRECTION('center_axis',(0.,0.,1.));
#3900=DIRECTION('ref_axis',(-0.28867524966245,0.957427073062133,0.));
#3901=DIRECTION('center_axis',(0.,0.,-1.));
#3902=DIRECTION('ref_axis',(-0.28867524966245,0.957427073062133,0.));
#3903=DIRECTION('center_axis',(0.,0.,1.));
#3904=DIRECTION('ref_axis',(-1.,0.,0.));
#3905=DIRECTION('center_axis',(-1.,0.,0.));
#3906=DIRECTION('ref_axis',(0.,1.,0.));
#3907=DIRECTION('center_axis',(0.,0.,-1.));
#3908=DIRECTION('ref_axis',(0.288675249662447,-0.957427073062133,0.));
#3909=DIRECTION('center_axis',(0.,0.,1.));
#3910=DIRECTION('ref_axis',(0.288675249662447,-0.957427073062133,0.));
#3911=DIRECTION('center_axis',(1.,0.,0.));
#3912=DIRECTION('ref_axis',(0.,0.707106781186546,-0.707106781186549));
#3913=DIRECTION('center_axis',(-1.,0.,0.));
#3914=DIRECTION('ref_axis',(0.,1.,0.));
#3915=DIRECTION('',(-1.,0.,0.));
#3916=DIRECTION('',(1.,0.,0.));
#3917=DIRECTION('center_axis',(0.,-1.,0.));
#3918=DIRECTION('ref_axis',(-1.,0.,0.));
#3919=DIRECTION('center_axis',(0.,0.,1.));
#3920=DIRECTION('ref_axis',(-0.707106781186547,0.707106781186548,0.));
#3921=DIRECTION('center_axis',(0.,0.,-1.));
#3922=DIRECTION('ref_axis',(-0.707106781186547,0.707106781186548,0.));
#3923=DIRECTION('center_axis',(0.,1.,0.));
#3924=DIRECTION('ref_axis',(-0.707106781186553,0.,-0.707106781186543));
#3925=DIRECTION('center_axis',(0.,-1.,0.));
#3926=DIRECTION('ref_axis',(-1.,0.,0.));
#3927=DIRECTION('',(0.,-1.,0.));
#3928=DIRECTION('',(0.,1.,0.));
#3929=DIRECTION('center_axis',(0.499532632492387,-0.866295070443799,0.));
#3930=DIRECTION('ref_axis',(-0.866295070443799,-0.499532632492387,0.));
#3931=DIRECTION('center_axis',(0.,0.,1.));
#3932=DIRECTION('ref_axis',(-0.965995618634939,-0.258558435905894,0.));
#3933=DIRECTION('center_axis',(0.,0.,-1.));
#3934=DIRECTION('ref_axis',(-0.965995618634939,-0.258558435905894,0.));
#3935=DIRECTION('center_axis',(-0.499532632492389,0.866295070443797,0.));
#3936=DIRECTION('ref_axis',(-0.61256311881929,-0.353222911859339,-0.707106781186543));
#3937=DIRECTION('center_axis',(0.499532632492391,-0.866295070443796,0.));
#3938=DIRECTION('ref_axis',(-0.866295070443797,-0.499532632492391,0.));
#3939=DIRECTION('',(0.499532632492389,-0.866295070443797,0.));
#3940=DIRECTION('',(-0.499532632492389,0.866295070443797,0.));
#3941=DIRECTION('center_axis',(0.866295070443845,0.499532632492307,0.));
#3942=DIRECTION('ref_axis',(0.499532632492307,-0.866295070443845,0.));
#3943=DIRECTION('center_axis',(0.,0.,1.));
#3944=DIRECTION('ref_axis',(-0.259340206959997,-0.96578603067861,0.));
#3945=DIRECTION('center_axis',(0.,0.,-1.));
#3946=DIRECTION('ref_axis',(-0.259340206959997,-0.96578603067861,0.));
#3947=DIRECTION('center_axis',(-0.866295070443844,-0.499532632492309,0.));
#3948=DIRECTION('ref_axis',(0.353222911859275,-0.61256311881932,-0.707106781186549));
#3949=DIRECTION('center_axis',(0.866295070443844,0.499532632492308,0.));
#3950=DIRECTION('ref_axis',(0.499532632492308,-0.866295070443844,0.));
#3951=DIRECTION('',(0.866295070443844,0.499532632492308,0.));
#3952=DIRECTION('',(-0.866295070443844,-0.499532632492308,0.));
#3953=DIRECTION('center_axis',(0.,0.,1.));
#3954=DIRECTION('ref_axis',(-1.,0.,0.));
#3955=DIRECTION('center_axis',(0.99135978707316,0.131170776372861,0.));
#3956=DIRECTION('ref_axis',(0.131170776372861,-0.99135978707316,0.));
#3957=DIRECTION('center_axis',(0.,0.,-1.));
#3958=DIRECTION('ref_axis',(-0.321491824662665,0.946912354273124,0.));
#3959=DIRECTION('center_axis',(0.,0.,1.));
#3960=DIRECTION('ref_axis',(-0.321491824662665,0.946912354273124,0.));
#3961=DIRECTION('center_axis',(-0.99135978707316,-0.131170776372862,0.));
#3962=DIRECTION('ref_axis',(0.0927517454667546,-0.700997228035085,-0.707106781186546));
#3963=DIRECTION('center_axis',(0.99135978707316,0.131170776372862,0.));
#3964=DIRECTION('ref_axis',(0.131170776372862,-0.99135978707316,0.));
#3965=DIRECTION('',(0.99135978707316,0.131170776372862,0.));
#3966=DIRECTION('',(-0.99135978707316,-0.131170776372862,0.));
#3967=DIRECTION('center_axis',(0.586162862098084,0.810193247995182,0.));
#3968=DIRECTION('ref_axis',(0.810193247995182,-0.586162862098084,0.));
#3969=DIRECTION('center_axis',(0.,0.,1.));
#3970=DIRECTION('ref_axis',(0.512433111338361,-0.858727143162534,0.));
#3971=DIRECTION('center_axis',(0.,0.,-1.));
#3972=DIRECTION('ref_axis',(0.512433111338361,-0.858727143162534,0.));
#3973=DIRECTION('center_axis',(-0.586162862098085,-0.810193247995182,0.));
#3974=DIRECTION('ref_axis',(0.572893139728945,-0.414479734669272,-0.707106781186549));
#3975=DIRECTION('center_axis',(0.586162862098084,0.810193247995182,0.));
#3976=DIRECTION('ref_axis',(0.810193247995182,-0.586162862098084,0.));
#3977=DIRECTION('',(0.586162862098085,0.810193247995181,0.));
#3978=DIRECTION('',(-0.586162862098085,-0.810193247995181,0.));
#3979=DIRECTION('center_axis',(0.,0.,1.));
#3980=DIRECTION('ref_axis',(-1.,0.,0.));
#3981=DIRECTION('center_axis',(1.,0.,0.));
#3982=DIRECTION('ref_axis',(0.,-1.,0.));
#3983=DIRECTION('center_axis',(0.,0.,-1.));
#3984=DIRECTION('ref_axis',(-0.454883027767532,0.890551195074737,0.));
#3985=DIRECTION('center_axis',(0.,0.,1.));
#3986=DIRECTION('ref_axis',(-0.454883027767532,0.890551195074737,0.));
#3987=DIRECTION('center_axis',(-1.,0.,0.));
#3988=DIRECTION('ref_axis',(0.,-0.707106781186548,-0.707106781186547));
#3989=DIRECTION('center_axis',(1.,0.,0.));
#3990=DIRECTION('ref_axis',(0.,-1.,0.));
#3991=DIRECTION('',(1.,0.,0.));
#3992=DIRECTION('',(-1.,0.,0.));
#3993=DIRECTION('center_axis',(0.,0.,-1.));
#3994=DIRECTION('ref_axis',(0.500000008174935,-0.866025399064637,0.));
#3995=DIRECTION('center_axis',(0.,0.,1.));
#3996=DIRECTION('ref_axis',(0.500000008174935,-0.866025399064638,0.));
#3997=DIRECTION('center_axis',(0.,0.,-1.));
#3998=DIRECTION('ref_axis',(0.745356230182578,-0.666666400929292,0.));
#3999=DIRECTION('',(0.,0.,-1.));
#4000=DIRECTION('center_axis',(0.,0.,1.));
#4001=DIRECTION('ref_axis',(0.288675249662447,-0.957427073062133,0.));
#4002=DIRECTION('',(0.,0.,-1.));
#4003=DIRECTION('center_axis',(0.,0.,-1.));
#4004=DIRECTION('ref_axis',(-0.288675249662448,0.957427073062133,0.));
#4005=DIRECTION('center_axis',(0.,0.,-1.));
#4006=DIRECTION('ref_axis',(-0.28867524966245,0.957427073062133,0.));
#4007=DIRECTION('',(0.,0.,-1.));
#4008=DIRECTION('center_axis',(0.,-1.,0.));
#4009=DIRECTION('ref_axis',(1.,0.,0.));
#4010=DIRECTION('',(1.,0.,0.));
#4011=DIRECTION('',(0.,0.,-1.));
#4012=DIRECTION('center_axis',(0.,0.,-1.));
#4013=DIRECTION('ref_axis',(0.986013255203971,-0.166666915019353,0.));
#4014=DIRECTION('center_axis',(0.,0.,1.));
#4015=DIRECTION('ref_axis',(0.456435396573447,-0.88975655589315,0.));
#4016=DIRECTION('',(0.,0.,-1.));
#4017=DIRECTION('center_axis',(0.,0.,-1.));
#4018=DIRECTION('ref_axis',(-0.45643539657345,0.889756555893148,0.));
#4019=DIRECTION('center_axis',(0.,0.,-1.));
#4020=DIRECTION('ref_axis',(-0.45643539657345,0.889756555893149,0.));
#4021=DIRECTION('',(0.,0.,-1.));
#4022=DIRECTION('center_axis',(4.93432449125534E-16,-1.,0.));
#4023=DIRECTION('ref_axis',(1.,4.93432449125534E-16,0.));
#4024=DIRECTION('',(1.,4.93432449125534E-16,0.));
#4025=DIRECTION('',(0.,0.,-1.));
#4026=DIRECTION('center_axis',(0.,0.,-1.));
#4027=DIRECTION('ref_axis',(0.353553393227452,0.93541434569786,0.));
#4028=DIRECTION('center_axis',(0.,0.,-1.));
#4029=DIRECTION('ref_axis',(0.353553393227453,0.935414345697859,0.));
#4030=DIRECTION('',(0.,0.,1.));
#4031=DIRECTION('center_axis',(0.,0.,1.));
#4032=DIRECTION('ref_axis',(-0.866025408086034,-0.499999992549419,0.));
#4033=DIRECTION('center_axis',(0.,0.,1.));
#4034=DIRECTION('ref_axis',(-0.353553393227451,-0.93541434569786,0.));
#4035=DIRECTION('',(0.,0.,-1.));
#4036=DIRECTION('center_axis',(-7.01193478788344E-16,-1.,0.));
#4037=DIRECTION('ref_axis',(1.,-7.01193478788344E-16,0.));
#4038=DIRECTION('',(1.,-7.01193478788344E-16,0.));
#4039=DIRECTION('',(0.,0.,-1.));
#4040=DIRECTION('center_axis',(0.,0.,-1.));
#4041=DIRECTION('ref_axis',(0.,-1.,0.));
#4042=DIRECTION('center_axis',(0.,0.,-1.));
#4043=DIRECTION('ref_axis',(0.577350273491221,0.816496577886039,0.));
#4044=DIRECTION('',(0.,0.,-1.));
#4045=DIRECTION('center_axis',(0.,0.,-1.));
#4046=DIRECTION('ref_axis',(-0.707106781186547,-0.707106781186547,0.));
#4047=DIRECTION('center_axis',(0.,0.,1.));
#4048=DIRECTION('ref_axis',(-0.57735027349122,-0.816496577886039,0.));
#4049=DIRECTION('',(0.,0.,-1.));
#4050=DIRECTION('center_axis',(4.67462321239177E-16,-1.,0.));
#4051=DIRECTION('ref_axis',(1.,4.67462321239177E-16,0.));
#4052=DIRECTION('',(1.,4.67462321239177E-16,0.));
#4053=DIRECTION('',(0.,0.,-1.));
#4054=DIRECTION('center_axis',(0.,0.,-1.));
#4055=DIRECTION('ref_axis',(0.707106766479054,0.707106795894041,0.));
#4056=DIRECTION('center_axis',(0.,0.,-1.));
#4057=DIRECTION('ref_axis',(0.707106766479054,0.70710679589404,0.));
#4058=DIRECTION('',(0.,0.,-1.));
#4059=DIRECTION('center_axis',(-0.999999999999999,-4.15990744649851E-8,
0.));
#4060=DIRECTION('ref_axis',(4.15990744649851E-8,-0.999999999999999,0.));
#4061=DIRECTION('',(4.15990744649851E-8,-0.999999999999999,0.));
#4062=DIRECTION('',(0.,0.,1.));
#4063=DIRECTION('center_axis',(0.,0.,-1.));
#4064=DIRECTION('ref_axis',(-1.,0.,0.));
#4065=DIRECTION('center_axis',(-0.86629507044383,-0.499532632492332,0.));
#4066=DIRECTION('ref_axis',(-0.353222911859266,0.612563118819328,0.707106781186546));
#4067=DIRECTION('',(-0.86629507044383,-0.499532632492332,0.));
#4068=DIRECTION('center_axis',(-0.946912354273126,-0.321491824662658,0.));
#4069=DIRECTION('ref_axis',(-0.321491824662658,0.946912354273126,0.));
#4070=DIRECTION('',(0.866295070443831,0.499532632492332,0.));
#4071=DIRECTION('center_axis',(-0.96593930640557,0.258768731381377,0.));
#4072=DIRECTION('ref_axis',(-0.258768731381377,-0.96593930640557,0.));
#4073=DIRECTION('center_axis',(-0.500557410563393,0.865703343374664,0.));
#4074=DIRECTION('ref_axis',(0.61214470459609,0.353947539382561,0.707106781186545));
#4075=DIRECTION('',(-0.500557410563393,0.865703343374664,0.));
#4076=DIRECTION('',(0.500557410563393,-0.865703343374664,0.));
#4077=DIRECTION('center_axis',(-0.259129944839762,0.96584246732443,0.));
#4078=DIRECTION('ref_axis',(-0.96584246732443,-0.259129944839762,0.));
#4079=DIRECTION('center_axis',(-1.,0.,0.));
#4080=DIRECTION('ref_axis',(0.,0.707106781186554,0.707106781186541));
#4081=DIRECTION('',(1.,0.,0.));
#4082=DIRECTION('center_axis',(-0.890551195074749,-0.454883027767509,0.));
#4083=DIRECTION('ref_axis',(-0.454883027767509,0.890551195074749,0.));
#4084=DIRECTION('',(-1.,0.,0.));
#4085=DIRECTION('center_axis',(1.,0.,0.));
#4086=DIRECTION('ref_axis',(0.,1.,0.));
#4087=DIRECTION('center_axis',(0.,0.,1.));
#4088=DIRECTION('ref_axis',(-1.,0.,0.));
#4089=DIRECTION('center_axis',(0.,1.,0.));
#4090=DIRECTION('ref_axis',(-1.,0.,0.));
#4091=DIRECTION('center_axis',(0.,0.,1.));
#4092=DIRECTION('ref_axis',(0.707106781186548,-0.707106781186548,0.));
#4093=DIRECTION('center_axis',(0.,0.,-1.));
#4094=DIRECTION('ref_axis',(0.707106781186548,-0.707106781186548,0.));
#4095=DIRECTION('center_axis',(0.,-1.,0.));
#4096=DIRECTION('ref_axis',(-0.707106781186554,0.,0.707106781186541));
#4097=DIRECTION('center_axis',(0.,1.,0.));
#4098=DIRECTION('ref_axis',(-1.,0.,0.));
#4099=DIRECTION('',(0.,1.,0.));
#4100=DIRECTION('',(0.,-1.,0.));
#4101=DIRECTION('center_axis',(0.,0.,1.));
#4102=DIRECTION('ref_axis',(-1.,0.,0.));
#4103=DIRECTION('center_axis',(-0.999999999999995,-9.80313608067699E-8,
0.));
#4104=DIRECTION('ref_axis',(9.80313608067699E-8,-0.999999999999995,0.));
#4105=DIRECTION('center_axis',(0.,0.,1.));
#4106=DIRECTION('ref_axis',(0.707106746527231,0.707106815845862,0.));
#4107=DIRECTION('center_axis',(0.,0.,-1.));
#4108=DIRECTION('ref_axis',(0.707106746527231,0.707106815845862,0.));
#4109=DIRECTION('center_axis',(0.999999999999995,9.80313525609455E-8,0.));
#4110=DIRECTION('ref_axis',(6.93186525561526E-8,-0.707106781186552,0.70710678118654));
#4111=DIRECTION('center_axis',(-0.999999999999995,-9.80313430432033E-8,
0.));
#4112=DIRECTION('ref_axis',(9.80313430432033E-8,-0.999999999999995,0.));
#4113=DIRECTION('',(-0.999999999999995,-9.80313525609456E-8,0.));
#4114=DIRECTION('',(0.999999999999995,9.80313525609456E-8,0.));
#4115=DIRECTION('center_axis',(0.,1.,0.));
#4116=DIRECTION('ref_axis',(-1.,0.,0.));
#4117=DIRECTION('center_axis',(0.,0.,-1.));
#4118=DIRECTION('ref_axis',(-0.707106746527222,-0.707106815845871,0.));
#4119=DIRECTION('center_axis',(0.,0.,1.));
#4120=DIRECTION('ref_axis',(-0.707106746527222,-0.707106815845871,0.));
#4121=DIRECTION('center_axis',(0.,-1.,0.));
#4122=DIRECTION('ref_axis',(-0.707106781186554,0.,0.707106781186541));
#4123=DIRECTION('center_axis',(0.,1.,0.));
#4124=DIRECTION('ref_axis',(-1.,0.,0.));
#4125=DIRECTION('',(0.,1.,0.));
#4126=DIRECTION('',(0.,-1.,0.));
#4127=DIRECTION('center_axis',(0.,0.,1.));
#4128=DIRECTION('ref_axis',(-1.,0.,0.));
#4129=DIRECTION('center_axis',(-1.,0.,0.));
#4130=DIRECTION('ref_axis',(0.,-1.,0.));
#4131=DIRECTION('center_axis',(0.,0.,1.));
#4132=DIRECTION('ref_axis',(0.707106781186548,0.707106781186548,0.));
#4133=DIRECTION('center_axis',(0.,0.,-1.));
#4134=DIRECTION('ref_axis',(0.707106781186548,0.707106781186548,0.));
#4135=DIRECTION('center_axis',(1.,0.,0.));
#4136=DIRECTION('ref_axis',(0.,-0.707106781186554,0.707106781186541));
#4137=DIRECTION('center_axis',(-1.,0.,0.));
#4138=DIRECTION('ref_axis',(0.,-1.,0.));
#4139=DIRECTION('',(-1.,0.,0.));
#4140=DIRECTION('',(1.,0.,0.));
#4141=DIRECTION('center_axis',(0.,1.,0.));
#4142=DIRECTION('ref_axis',(-1.,0.,0.));
#4143=DIRECTION('center_axis',(0.,0.,-1.));
#4144=DIRECTION('ref_axis',(-0.707106781186543,-0.707106781186552,0.));
#4145=DIRECTION('center_axis',(0.,0.,1.));
#4146=DIRECTION('ref_axis',(-0.707106781186543,-0.707106781186552,0.));
#4147=DIRECTION('center_axis',(0.,-1.,0.));
#4148=DIRECTION('ref_axis',(-0.707106781186554,0.,0.707106781186541));
#4149=DIRECTION('center_axis',(0.,1.,0.));
#4150=DIRECTION('ref_axis',(-1.,0.,0.));
#4151=DIRECTION('',(0.,1.,0.));
#4152=DIRECTION('',(0.,-1.,0.));
#4153=DIRECTION('center_axis',(0.,0.,1.));
#4154=DIRECTION('ref_axis',(-1.,0.,0.));
#4155=DIRECTION('center_axis',(-1.,0.,0.));
#4156=DIRECTION('ref_axis',(0.,-1.,0.));
#4157=DIRECTION('center_axis',(0.,0.,1.));
#4158=DIRECTION('ref_axis',(0.707106781186545,0.70710678118655,0.));
#4159=DIRECTION('center_axis',(0.,0.,-1.));
#4160=DIRECTION('ref_axis',(0.707106781186545,0.70710678118655,0.));
#4161=DIRECTION('center_axis',(1.,0.,0.));
#4162=DIRECTION('ref_axis',(0.,-0.707106781186548,0.707106781186548));
#4163=DIRECTION('center_axis',(-1.,0.,0.));
#4164=DIRECTION('ref_axis',(0.,-1.,0.));
#4165=DIRECTION('',(-1.,0.,0.));
#4166=DIRECTION('',(1.,0.,0.));
#4167=DIRECTION('center_axis',(0.,0.,1.));
#4168=DIRECTION('ref_axis',(-1.,0.,0.));
#4169=DIRECTION('center_axis',(0.,-1.,0.));
#4170=DIRECTION('ref_axis',(1.,0.,0.));
#4171=DIRECTION('center_axis',(0.,0.,1.));
#4172=DIRECTION('ref_axis',(-0.707106781186556,0.707106781186539,0.));
#4173=DIRECTION('center_axis',(0.,0.,-1.));
#4174=DIRECTION('ref_axis',(-0.707106781186556,0.707106781186539,0.));
#4175=DIRECTION('center_axis',(0.,1.,0.));
#4176=DIRECTION('ref_axis',(0.707106781186554,0.,0.707106781186541));
#4177=DIRECTION('center_axis',(0.,-1.,0.));
#4178=DIRECTION('ref_axis',(1.,0.,0.));
#4179=DIRECTION('',(0.,-1.,0.));
#4180=DIRECTION('',(0.,1.,0.));
#4181=DIRECTION('center_axis',(-1.,0.,0.));
#4182=DIRECTION('ref_axis',(0.,-1.,0.));
#4183=DIRECTION('center_axis',(0.,0.,-1.));
#4184=DIRECTION('ref_axis',(0.707106781186548,-0.707106781186548,0.));
#4185=DIRECTION('center_axis',(0.,0.,1.));
#4186=DIRECTION('ref_axis',(0.707106781186548,-0.707106781186548,0.));
#4187=DIRECTION('center_axis',(1.,0.,0.));
#4188=DIRECTION('ref_axis',(0.,-0.707106781186554,0.707106781186541));
#4189=DIRECTION('center_axis',(-1.,0.,0.));
#4190=DIRECTION('ref_axis',(0.,-1.,0.));
#4191=DIRECTION('',(-1.,0.,0.));
#4192=DIRECTION('',(1.,0.,0.));
#4193=DIRECTION('center_axis',(0.,0.,1.));
#4194=DIRECTION('ref_axis',(-1.,0.,0.));
#4195=DIRECTION('center_axis',(0.,-1.,0.));
#4196=DIRECTION('ref_axis',(1.,0.,0.));
#4197=DIRECTION('center_axis',(0.,0.,1.));
#4198=DIRECTION('ref_axis',(-0.707106781186548,0.707106781186548,0.));
#4199=DIRECTION('center_axis',(0.,0.,-1.));
#4200=DIRECTION('ref_axis',(-0.707106781186548,0.707106781186548,0.));
#4201=DIRECTION('center_axis',(-1.,0.,0.));
#4202=DIRECTION('ref_axis',(0.,-1.,0.));
#4203=DIRECTION('center_axis',(0.,0.,-1.));
#4204=DIRECTION('ref_axis',(0.707106765381483,-0.707106796991611,0.));
#4205=DIRECTION('center_axis',(0.,0.,1.));
#4206=DIRECTION('ref_axis',(0.707106765381483,-0.707106796991611,0.));
#4207=DIRECTION('center_axis',(1.,0.,0.));
#4208=DIRECTION('ref_axis',(0.,-0.707106781186554,0.707106781186541));
#4209=DIRECTION('center_axis',(-1.,0.,0.));
#4210=DIRECTION('ref_axis',(0.,-1.,0.));
#4211=DIRECTION('',(-1.,0.,0.));
#4212=DIRECTION('',(1.,0.,0.));
#4213=DIRECTION('center_axis',(0.,0.,-1.));
#4214=DIRECTION('ref_axis',(0.,-1.,0.));
#4215=DIRECTION('center_axis',(0.,-1.,0.));
#4216=DIRECTION('ref_axis',(-0.707106781186546,0.,0.707106781186549));
#4217=DIRECTION('center_axis',(0.,1.,0.));
#4218=DIRECTION('ref_axis',(-0.707106781186546,0.,0.707106781186549));
#4219=DIRECTION('center_axis',(0.,0.,-1.));
#4220=DIRECTION('ref_axis',(-0.707106781186573,-0.707106781186523,0.));
#4221=DIRECTION('center_axis',(0.,0.,-1.));
#4222=DIRECTION('ref_axis',(0.,-1.,0.));
#4223=DIRECTION('',(0.,0.,-1.));
#4224=DIRECTION('',(0.,0.,1.));
#4225=DIRECTION('center_axis',(0.,-1.,0.));
#4226=DIRECTION('ref_axis',(0.,0.,-1.));
#4227=DIRECTION('center_axis',(-1.,0.,0.));
#4228=DIRECTION('ref_axis',(0.,-1.,0.));
#4229=DIRECTION('center_axis',(0.,1.,0.));
#4230=DIRECTION('ref_axis',(0.707106781186547,0.,-0.707106781186548));
#4231=DIRECTION('center_axis',(0.,-1.,0.));
#4232=DIRECTION('ref_axis',(0.707106781186547,0.,-0.707106781186548));
#4233=DIRECTION('center_axis',(1.,0.,0.));
#4234=DIRECTION('ref_axis',(0.,-0.707106781186552,0.707106781186543));
#4235=DIRECTION('center_axis',(-1.,0.,0.));
#4236=DIRECTION('ref_axis',(0.,-1.,0.));
#4237=DIRECTION('',(-1.,0.,0.));
#4238=DIRECTION('',(1.,0.,0.));
#4239=DIRECTION('center_axis',(0.,-1.,0.));
#4240=DIRECTION('ref_axis',(0.,0.,-1.));
#4241=DIRECTION('center_axis',(0.,0.,1.));
#4242=DIRECTION('ref_axis',(0.,-1.,0.));
#4243=DIRECTION('center_axis',(0.,1.,0.));
#4244=DIRECTION('ref_axis',(-0.707106781186547,0.,-0.707106781186548));
#4245=DIRECTION('center_axis',(0.,-1.,0.));
#4246=DIRECTION('ref_axis',(-0.707106781186547,0.,-0.707106781186548));
#4247=DIRECTION('center_axis',(0.,0.,-1.));
#4248=DIRECTION('ref_axis',(0.707106781186522,-0.707106781186573,0.));
#4249=DIRECTION('center_axis',(0.,0.,1.));
#4250=DIRECTION('ref_axis',(0.,-1.,0.));
#4251=DIRECTION('',(0.,0.,1.));
#4252=DIRECTION('',(0.,0.,-1.));
#4253=DIRECTION('center_axis',(-1.,0.,0.));
#4254=DIRECTION('ref_axis',(0.,-1.,0.));
#4255=DIRECTION('center_axis',(0.,-1.,0.));
#4256=DIRECTION('ref_axis',(0.707106781186546,0.,0.707106781186549));
#4257=DIRECTION('center_axis',(0.,1.,0.));
#4258=DIRECTION('ref_axis',(0.707106781186546,0.,0.707106781186549));
#4259=DIRECTION('center_axis',(1.,0.,0.));
#4260=DIRECTION('ref_axis',(0.,-0.707106781186554,0.707106781186541));
#4261=DIRECTION('center_axis',(-1.,0.,0.));
#4262=DIRECTION('ref_axis',(0.,-1.,0.));
#4263=DIRECTION('',(-1.,0.,0.));
#4264=DIRECTION('',(1.,0.,0.));
#4265=DIRECTION('center_axis',(0.,0.,1.));
#4266=DIRECTION('ref_axis',(-1.,0.,0.));
#4267=DIRECTION('center_axis',(0.,-1.,0.));
#4268=DIRECTION('ref_axis',(1.,0.,0.));
#4269=DIRECTION('center_axis',(0.,0.,1.));
#4270=DIRECTION('ref_axis',(-0.707106781186548,0.707106781186548,0.));
#4271=DIRECTION('center_axis',(0.,0.,-1.));
#4272=DIRECTION('ref_axis',(-0.707106781186548,0.707106781186548,0.));
#4273=DIRECTION('center_axis',(0.,1.,0.));
#4274=DIRECTION('ref_axis',(0.707106781186579,0.,0.707106781186516));
#4275=DIRECTION('center_axis',(0.,-1.,0.));
#4276=DIRECTION('ref_axis',(1.,0.,0.));
#4277=DIRECTION('',(0.,-1.,0.));
#4278=DIRECTION('',(0.,1.,0.));
#4279=DIRECTION('center_axis',(0.,0.,-1.));
#4280=DIRECTION('ref_axis',(1.,0.,0.));
#4281=DIRECTION('center_axis',(1.,0.,0.));
#4282=DIRECTION('ref_axis',(0.,-0.707106781186548,0.707106781186548));
#4283=DIRECTION('center_axis',(-1.,0.,0.));
#4284=DIRECTION('ref_axis',(0.,-0.707106781186548,0.707106781186548));
#4285=DIRECTION('center_axis',(0.,0.,-1.));
#4286=DIRECTION('ref_axis',(0.707106781186573,-0.707106781186523,0.));
#4287=DIRECTION('center_axis',(0.,0.,-1.));
#4288=DIRECTION('ref_axis',(1.,0.,0.));
#4289=DIRECTION('',(0.,0.,-1.));
#4290=DIRECTION('',(0.,0.,1.));
#4291=DIRECTION('center_axis',(1.,0.,0.));
#4292=DIRECTION('ref_axis',(0.,0.,1.));
#4293=DIRECTION('center_axis',(0.,-1.,0.));
#4294=DIRECTION('ref_axis',(1.,0.,0.));
#4295=DIRECTION('center_axis',(-1.,0.,0.));
#4296=DIRECTION('ref_axis',(0.,0.707106781186547,-0.707106781186548));
#4297=DIRECTION('center_axis',(1.,0.,0.));
#4298=DIRECTION('ref_axis',(0.,0.707106781186547,-0.707106781186548));
#4299=DIRECTION('center_axis',(0.,1.,0.));
#4300=DIRECTION('ref_axis',(0.707106781186577,0.,0.707106781186518));
#4301=DIRECTION('center_axis',(0.,-1.,0.));
#4302=DIRECTION('ref_axis',(1.,0.,0.));
#4303=DIRECTION('',(0.,-1.,0.));
#4304=DIRECTION('',(0.,1.,0.));
#4305=DIRECTION('center_axis',(1.,0.,0.));
#4306=DIRECTION('ref_axis',(0.,0.,1.));
#4307=DIRECTION('center_axis',(0.,0.,1.));
#4308=DIRECTION('ref_axis',(1.,0.,0.));
#4309=DIRECTION('center_axis',(-1.,0.,0.));
#4310=DIRECTION('ref_axis',(0.,-0.707106781186547,-0.707106781186548));
#4311=DIRECTION('center_axis',(1.,0.,0.));
#4312=DIRECTION('ref_axis',(0.,-0.707106781186547,-0.707106781186548));
#4313=DIRECTION('center_axis',(0.,0.,-1.));
#4314=DIRECTION('ref_axis',(0.707106781186573,0.707106781186523,0.));
#4315=DIRECTION('center_axis',(0.,0.,1.));
#4316=DIRECTION('ref_axis',(1.,0.,0.));
#4317=DIRECTION('',(0.,0.,1.));
#4318=DIRECTION('',(0.,0.,-1.));
#4319=DIRECTION('center_axis',(0.,-1.,0.));
#4320=DIRECTION('ref_axis',(1.,0.,0.));
#4321=DIRECTION('center_axis',(1.,0.,0.));
#4322=DIRECTION('ref_axis',(0.,0.707106781186548,0.707106781186548));
#4323=DIRECTION('center_axis',(-1.,0.,0.));
#4324=DIRECTION('ref_axis',(0.,0.707106781186548,0.707106781186548));
#4325=DIRECTION('center_axis',(0.,1.,0.));
#4326=DIRECTION('ref_axis',(0.707106781186579,0.,0.707106781186516));
#4327=DIRECTION('',(0.,1.,0.));
#4328=DIRECTION('',(0.,-1.,0.));
#4329=DIRECTION('center_axis',(-0.586162862098081,-0.810193247995184,0.));
#4330=DIRECTION('ref_axis',(-0.572893139728963,0.414479734669248,0.707106781186548));
#4331=DIRECTION('',(0.586162862098081,0.810193247995184,0.));
#4332=DIRECTION('center_axis',(-0.858727143162509,-0.512433111338403,0.));
#4333=DIRECTION('ref_axis',(0.512433111338403,-0.858727143162509,0.));
#4334=DIRECTION('',(-0.586162862098081,-0.810193247995184,0.));
#4335=DIRECTION('center_axis',(-0.99135978707316,-0.131170776372863,0.));
#4336=DIRECTION('ref_axis',(-0.0927517454667797,0.700997228035085,0.707106781186543));
#4337=DIRECTION('',(0.99135978707316,0.131170776372863,0.));
#4338=DIRECTION('',(-0.99135978707316,-0.131170776372863,0.));
#4339=DIRECTION('center_axis',(0.,-1.,0.));
#4340=DIRECTION('ref_axis',(0.707106781186552,0.,-0.707106781186543));
#4341=DIRECTION('',(0.,-1.,0.));
#4342=DIRECTION('center_axis',(0.,1.,0.));
#4343=DIRECTION('ref_axis',(0.707106781186547,0.,-0.707106781186548));
#4344=DIRECTION('',(0.,1.,0.));
#4345=DIRECTION('center_axis',(0.,0.,-1.));
#4346=DIRECTION('ref_axis',(-1.,0.,0.));
#4347=DIRECTION('',(-1.,0.,0.));
#4348=DIRECTION('',(0.,-1.,0.));
#4349=DIRECTION('center_axis',(0.,1.,0.));
#4350=DIRECTION('ref_axis',(-0.707106781186552,0.,-0.707106781186543));
#4351=DIRECTION('center_axis',(0.,1.,0.));
#4352=DIRECTION('ref_axis',(-0.707106781186547,0.,-0.707106781186548));
#4353=DIRECTION('',(0.,1.,0.));
#4354=DIRECTION('center_axis',(-1.,0.,0.));
#4355=DIRECTION('ref_axis',(0.,-1.,0.));
#4356=DIRECTION('',(0.,0.,1.));
#4357=DIRECTION('',(0.,-1.,0.));
#4358=DIRECTION('center_axis',(0.,1.,0.));
#4359=DIRECTION('ref_axis',(0.707106781186552,0.,0.707106781186543));
#4360=DIRECTION('center_axis',(0.,-1.,0.));
#4361=DIRECTION('ref_axis',(0.707106781186549,0.,0.707106781186546));
#4362=DIRECTION('',(0.,1.,0.));
#4363=DIRECTION('center_axis',(0.,0.,-1.));
#4364=DIRECTION('ref_axis',(-1.,0.,0.));
#4365=DIRECTION('center_axis',(0.,0.,1.));
#4366=DIRECTION('ref_axis',(-0.763762612574274,0.645497228215366,0.));
#4367=DIRECTION('',(0.,-1.,0.));
#4368=DIRECTION('',(1.,-8.87879994736296E-15,0.));
#4369=DIRECTION('center_axis',(1.,-8.87879994736296E-15,0.));
#4370=DIRECTION('ref_axis',(0.,-0.70710678118654,0.707106781186555));
#4371=DIRECTION('center_axis',(1.,-8.87879994736296E-15,0.));
#4372=DIRECTION('ref_axis',(0.,-0.707106781186543,0.707106781186552));
#4373=DIRECTION('',(-1.,8.87879994736296E-15,0.));
#4374=DIRECTION('center_axis',(8.87879994736296E-15,1.,0.));
#4375=DIRECTION('ref_axis',(-1.,8.87879994736296E-15,0.));
#4376=DIRECTION('',(0.,0.,-1.));
#4377=DIRECTION('',(1.,-8.87879994736296E-15,0.));
#4378=DIRECTION('center_axis',(1.,-8.87879994736296E-15,0.));
#4379=DIRECTION('ref_axis',(0.,0.70710678118654,-0.707106781186555));
#4380=DIRECTION('center_axis',(-1.,0.,0.));
#4381=DIRECTION('ref_axis',(0.,0.707106781186559,-0.707106781186536));
#4382=DIRECTION('',(-1.,8.87879994736296E-15,0.));
#4383=DIRECTION('center_axis',(0.,0.,-1.));
#4384=DIRECTION('ref_axis',(-1.,0.,0.));
#4385=DIRECTION('',(0.,-1.,0.));
#4386=DIRECTION('',(1.,-8.87879994736296E-15,0.));
#4387=DIRECTION('center_axis',(-1.,8.87879994736296E-15,0.));
#4388=DIRECTION('ref_axis',(0.,-0.707106781186552,-0.707106781186543));
#4389=DIRECTION('center_axis',(-1.,0.,0.));
#4390=DIRECTION('ref_axis',(0.,-0.707106781186547,-0.707106781186548));
#4391=DIRECTION('',(-1.,8.87879994736296E-15,0.));
#4392=DIRECTION('center_axis',(-8.87879994736296E-15,-1.,0.));
#4393=DIRECTION('ref_axis',(1.,-8.87879994736296E-15,0.));
#4394=DIRECTION('',(0.,0.,1.));
#4395=DIRECTION('',(1.,-8.87879994736296E-15,0.));
#4396=DIRECTION('center_axis',(-1.,8.87879994736296E-15,0.));
#4397=DIRECTION('ref_axis',(0.,0.70710678118654,0.707106781186555));
#4398=DIRECTION('center_axis',(1.,-8.87879994736296E-15,0.));
#4399=DIRECTION('ref_axis',(0.,0.707106781186543,0.707106781186552));
#4400=DIRECTION('',(-1.,8.87879994736296E-15,0.));
#4401=DIRECTION('center_axis',(0.,0.,-1.));
#4402=DIRECTION('ref_axis',(0.707106781186554,-0.707106781186541,0.));
#4403=DIRECTION('',(0.,0.,1.));
#4404=DIRECTION('',(0.,0.,1.));
#4405=DIRECTION('center_axis',(0.,0.,-1.));
#4406=DIRECTION('ref_axis',(-0.707106781186548,0.707106781186548,0.));
#4407=DIRECTION('',(0.,0.,-1.));
#4408=DIRECTION('center_axis',(0.,1.,0.));
#4409=DIRECTION('ref_axis',(-1.,0.,0.));
#4410=DIRECTION('',(0.,0.,1.));
#4411=DIRECTION('center_axis',(0.,0.,-1.));
#4412=DIRECTION('ref_axis',(0.707106781186554,-0.707106781186541,0.));
#4413=DIRECTION('',(0.,0.,-1.));
#4414=DIRECTION('center_axis',(-1.,0.,0.));
#4415=DIRECTION('ref_axis',(0.,-1.,0.));
#4416=DIRECTION('',(0.,0.,1.));
#4417=DIRECTION('center_axis',(0.,0.,-1.));
#4418=DIRECTION('ref_axis',(-0.707106781186538,0.707106781186557,0.));
#4419=DIRECTION('',(0.,0.,-1.));
#4420=DIRECTION('center_axis',(0.,1.,0.));
#4421=DIRECTION('ref_axis',(-1.,0.,0.));
#4422=DIRECTION('',(0.,0.,1.));
#4423=DIRECTION('center_axis',(0.,0.,-1.));
#4424=DIRECTION('ref_axis',(0.707106781186551,0.707106781186544,0.));
#4425=DIRECTION('',(0.,0.,-1.));
#4426=DIRECTION('center_axis',(1.,0.,0.));
#4427=DIRECTION('ref_axis',(0.,1.,0.));
#4428=DIRECTION('',(0.,0.,1.));
#4429=DIRECTION('center_axis',(0.,0.,-1.));
#4430=DIRECTION('ref_axis',(-0.707106781186535,-0.70710678118656,0.));
#4431=DIRECTION('',(0.,0.,-1.));
#4432=DIRECTION('center_axis',(0.,1.,0.));
#4433=DIRECTION('ref_axis',(-1.,0.,0.));
#4434=DIRECTION('',(0.,0.,1.));
#4435=DIRECTION('center_axis',(0.,0.,-1.));
#4436=DIRECTION('ref_axis',(0.707106781186554,0.707106781186541,0.));
#4437=DIRECTION('',(0.,0.,-1.));
#4438=DIRECTION('center_axis',(1.,0.,0.));
#4439=DIRECTION('ref_axis',(0.,1.,0.));
#4440=DIRECTION('',(0.,0.,1.));
#4441=DIRECTION('center_axis',(0.,0.,-1.));
#4442=DIRECTION('ref_axis',(-0.707106746527219,-0.707106815845875,0.));
#4443=DIRECTION('',(0.,0.,-1.));
#4444=DIRECTION('center_axis',(-9.80313525609455E-8,0.999999999999995,0.));
#4445=DIRECTION('ref_axis',(-0.999999999999995,-9.80313525609456E-8,0.));
#4446=DIRECTION('',(0.,0.,1.));
#4447=DIRECTION('center_axis',(0.,0.,-1.));
#4448=DIRECTION('ref_axis',(0.707106746527238,0.707106815845856,0.));
#4449=DIRECTION('',(0.,0.,-1.));
#4450=DIRECTION('center_axis',(1.,0.,0.));
#4451=DIRECTION('ref_axis',(0.,1.,0.));
#4452=DIRECTION('',(0.,0.,1.));
#4453=DIRECTION('center_axis',(0.,0.,-1.));
#4454=DIRECTION('ref_axis',(0.707106781186541,-0.707106781186554,0.));
#4455=DIRECTION('',(0.,0.,-1.));
#4456=DIRECTION('center_axis',(0.,-1.,0.));
#4457=DIRECTION('ref_axis',(1.,0.,0.));
#4458=DIRECTION('',(0.,0.,1.));
#4459=DIRECTION('center_axis',(0.,0.,-1.));
#4460=DIRECTION('ref_axis',(-0.70710678118656,-0.707106781186535,0.));
#4461=DIRECTION('center_axis',(0.,0.,-1.));
#4462=DIRECTION('ref_axis',(0.,-1.,0.));
#4463=DIRECTION('center_axis',(0.,0.,1.));
#4464=DIRECTION('ref_axis',(-1.,0.,0.));
#4465=DIRECTION('',(0.,0.,1.));
#4466=DIRECTION('center_axis',(-1.,0.,0.));
#4467=DIRECTION('ref_axis',(0.,0.,-1.));
#4468=DIRECTION('center_axis',(0.,-1.,0.));
#4469=DIRECTION('ref_axis',(0.,0.,1.));
#4470=DIRECTION('center_axis',(1.,0.,0.));
#4471=DIRECTION('ref_axis',(0.,0.707106781186559,-0.707106781186536));
#4472=DIRECTION('center_axis',(0.,-1.,0.));
#4473=DIRECTION('ref_axis',(-0.707106781186552,0.,0.707106781186543));
#4474=DIRECTION('center_axis',(0.,-1.,0.));
#4475=DIRECTION('ref_axis',(0.,0.,1.));
#4476=DIRECTION('',(0.,1.,0.));
#4477=DIRECTION('center_axis',(-1.,0.,0.));
#4478=DIRECTION('ref_axis',(0.,0.,-1.));
#4479=DIRECTION('center_axis',(0.,0.,1.));
#4480=DIRECTION('ref_axis',(0.,1.,0.));
#4481=DIRECTION('center_axis',(1.,0.,0.));
#4482=DIRECTION('ref_axis',(0.,-0.707106781186547,-0.707106781186548));
#4483=DIRECTION('center_axis',(0.,0.,-1.));
#4484=DIRECTION('ref_axis',(-0.70710678118656,0.707106781186535,0.));
#4485=DIRECTION('center_axis',(0.,0.,1.));
#4486=DIRECTION('ref_axis',(0.,1.,0.));
#4487=DIRECTION('',(0.,0.,-1.));
#4488=DIRECTION('center_axis',(0.,0.,-1.));
#4489=DIRECTION('ref_axis',(0.632455536745825,0.77459666539403,0.));
#4490=DIRECTION('center_axis',(0.,0.,-1.));
#4491=DIRECTION('ref_axis',(-0.199999988079079,0.979795899546619,0.));
#4492=DIRECTION('',(0.,0.,-1.));
#4493=DIRECTION('center_axis',(0.,0.,1.));
#4494=DIRECTION('ref_axis',(1.,0.,0.));
#4495=DIRECTION('center_axis',(0.,0.,-1.));
#4496=DIRECTION('ref_axis',(-0.707106781186554,0.707106781186541,0.));
#4497=DIRECTION('center_axis',(0.,0.,-1.));
#4498=DIRECTION('ref_axis',(-1.,0.,0.));
#4499=DIRECTION('',(0.,0.,-1.));
#4500=DIRECTION('center_axis',(0.,0.,1.));
#4501=DIRECTION('ref_axis',(0.,1.,0.));
#4502=DIRECTION('',(0.,0.,1.));
#4503=DIRECTION('center_axis',(0.,1.,0.));
#4504=DIRECTION('ref_axis',(0.,0.,1.));
#4505=DIRECTION('center_axis',(-1.,0.,0.));
#4506=DIRECTION('ref_axis',(0.,0.,1.));
#4507=DIRECTION('center_axis',(0.,-1.,0.));
#4508=DIRECTION('ref_axis',(0.707106781186547,0.,-0.707106781186548));
#4509=DIRECTION('center_axis',(-1.,0.,0.));
#4510=DIRECTION('ref_axis',(0.,0.707106781186546,0.707106781186549));
#4511=DIRECTION('center_axis',(-1.,0.,0.));
#4512=DIRECTION('ref_axis',(0.,0.,1.));
#4513=DIRECTION('',(1.,0.,0.));
#4514=DIRECTION('center_axis',(0.,1.,0.));
#4515=DIRECTION('ref_axis',(0.,0.,1.));
#4516=DIRECTION('center_axis',(-0.866025386578051,0.,0.500000029802336));
#4517=DIRECTION('ref_axis',(0.500000029802336,0.,0.866025386578051));
#4518=DIRECTION('center_axis',(0.,-1.,0.));
#4519=DIRECTION('ref_axis',(-0.707106781186547,0.,-0.707106781186548));
#4520=DIRECTION('center_axis',(0.,-1.,0.));
#4521=DIRECTION('ref_axis',(-0.707106781186552,0.,0.707106781186543));
#4522=DIRECTION('center_axis',(0.,-1.,0.));
#4523=DIRECTION('ref_axis',(0.,0.,1.));
#4524=DIRECTION('',(0.,-1.,0.));
#4525=DIRECTION('center_axis',(0.,1.,0.));
#4526=DIRECTION('ref_axis',(-1.,0.,0.));
#4527=DIRECTION('',(0.,1.,0.));
#4528=DIRECTION('center_axis',(0.,0.,-1.));
#4529=DIRECTION('ref_axis',(1.,0.,0.));
#4530=DIRECTION('center_axis',(0.499532632492387,-0.866295070443798,0.));
#4531=DIRECTION('ref_axis',(0.,0.,1.));
#4532=DIRECTION('center_axis',(0.,0.,1.));
#4533=DIRECTION('ref_axis',(-0.965995618634939,-0.258558435905894,0.));
#4534=DIRECTION('center_axis',(0.,0.,-1.));
#4535=DIRECTION('ref_axis',(-0.965995618634939,-0.258558435905894,0.));
#4536=DIRECTION('center_axis',(0.499532632492389,-0.866295070443797,0.));
#4537=DIRECTION('ref_axis',(-0.612563118819285,-0.35322291185932,0.707106781186557));
#4538=DIRECTION('center_axis',(0.499532632492399,-0.866295070443792,0.));
#4539=DIRECTION('ref_axis',(0.,0.,1.));
#4540=DIRECTION('',(0.499532632492389,-0.866295070443797,0.));
#4541=DIRECTION('',(-0.499532632492389,0.866295070443797,0.));
#4542=DIRECTION('center_axis',(0.,0.,-1.));
#4543=DIRECTION('ref_axis',(1.,0.,0.));
#4544=DIRECTION('center_axis',(0.86629507044383,0.499532632492332,0.));
#4545=DIRECTION('ref_axis',(0.,0.,1.));
#4546=DIRECTION('center_axis',(0.,0.,1.));
#4547=DIRECTION('ref_axis',(-0.259340206959997,-0.965786030678611,0.));
#4548=DIRECTION('center_axis',(0.,0.,-1.));
#4549=DIRECTION('ref_axis',(-0.259340206959997,-0.96578603067861,0.));
#4550=DIRECTION('center_axis',(0.866295070443844,0.499532632492309,0.));
#4551=DIRECTION('ref_axis',(0.353222911859288,-0.612563118819322,0.707106781186542));
#4552=DIRECTION('center_axis',(0.866295070443842,0.499532632492311,0.));
#4553=DIRECTION('ref_axis',(0.,0.,1.));
#4554=DIRECTION('',(0.866295070443844,0.499532632492308,0.));
#4555=DIRECTION('',(-0.866295070443844,-0.499532632492308,0.));
#4556=DIRECTION('center_axis',(0.,0.,1.));
#4557=DIRECTION('ref_axis',(-1.,0.,0.));
#4558=DIRECTION('center_axis',(0.99135978707316,0.131170776372861,0.));
#4559=DIRECTION('ref_axis',(0.,0.,1.));
#4560=DIRECTION('center_axis',(0.,0.,-1.));
#4561=DIRECTION('ref_axis',(-0.321491824662665,0.946912354273124,0.));
#4562=DIRECTION('center_axis',(0.,0.,1.));
#4563=DIRECTION('ref_axis',(-0.321491824662665,0.946912354273124,0.));
#4564=DIRECTION('center_axis',(0.99135978707316,0.131170776372862,0.));
#4565=DIRECTION('ref_axis',(0.0927517454667546,-0.700997228035085,0.707106781186546));
#4566=DIRECTION('center_axis',(0.99135978707316,0.131170776372861,0.));
#4567=DIRECTION('ref_axis',(0.,0.,1.));
#4568=DIRECTION('',(0.99135978707316,0.131170776372862,0.));
#4569=DIRECTION('',(-0.99135978707316,-0.131170776372862,0.));
#4570=DIRECTION('center_axis',(0.,0.,-1.));
#4571=DIRECTION('ref_axis',(1.,0.,0.));
#4572=DIRECTION('center_axis',(0.586162862098084,0.810193247995182,0.));
#4573=DIRECTION('ref_axis',(0.,0.,1.));
#4574=DIRECTION('center_axis',(0.,0.,1.));
#4575=DIRECTION('ref_axis',(0.512433111338361,-0.858727143162534,0.));
#4576=DIRECTION('center_axis',(0.,0.,-1.));
#4577=DIRECTION('ref_axis',(0.512433111338361,-0.858727143162534,0.));
#4578=DIRECTION('center_axis',(0.586162862098085,0.810193247995182,0.));
#4579=DIRECTION('ref_axis',(0.572893139728956,-0.414479734669268,0.707106781186542));
#4580=DIRECTION('center_axis',(0.586162862098084,0.810193247995182,0.));
#4581=DIRECTION('ref_axis',(0.,0.,1.));
#4582=DIRECTION('',(0.586162862098085,0.810193247995181,0.));
#4583=DIRECTION('',(-0.586162862098085,-0.810193247995181,0.));
#4584=DIRECTION('center_axis',(0.,0.,1.));
#4585=DIRECTION('ref_axis',(-1.,0.,0.));
#4586=DIRECTION('center_axis',(1.,0.,0.));
#4587=DIRECTION('ref_axis',(0.,0.,1.));
#4588=DIRECTION('center_axis',(0.,0.,-1.));
#4589=DIRECTION('ref_axis',(-0.454883027767532,0.890551195074737,0.));
#4590=DIRECTION('center_axis',(0.,0.,1.));
#4591=DIRECTION('ref_axis',(-0.454883027767532,0.890551195074737,0.));
#4592=DIRECTION('center_axis',(1.,0.,0.));
#4593=DIRECTION('ref_axis',(0.,-0.70710678118654,0.707106781186555));
#4594=DIRECTION('center_axis',(1.,0.,0.));
#4595=DIRECTION('ref_axis',(0.,0.,1.));
#4596=DIRECTION('',(1.,0.,0.));
#4597=DIRECTION('',(-1.,0.,0.));
#4598=DIRECTION('center_axis',(0.,0.,-1.));
#4599=DIRECTION('ref_axis',(1.,0.,0.));
#4600=DIRECTION('center_axis',(0.,0.,-1.));
#4601=DIRECTION('ref_axis',(0.500000008174935,-0.866025399064638,0.));
#4602=DIRECTION('center_axis',(0.,0.,1.));
#4603=DIRECTION('ref_axis',(0.500000008174935,-0.866025399064637,0.));
#4604=DIRECTION('center_axis',(-4.15990744649851E-8,0.999999999999999,0.));
#4605=DIRECTION('ref_axis',(0.707106781186539,2.9414991372759E-8,0.707106781186555));
#4606=DIRECTION('',(-4.15990744649851E-8,0.999999999999999,0.));
#4607=DIRECTION('center_axis',(-4.15990708546592E-8,0.999999999999999,0.));
#4608=DIRECTION('ref_axis',(0.,0.,1.));
#4609=DIRECTION('center_axis',(0.,0.,-1.));
#4610=DIRECTION('ref_axis',(1.,0.,0.));
#4611=DIRECTION('center_axis',(-1.,0.,0.));
#4612=DIRECTION('ref_axis',(0.,0.,1.));
#4613=DIRECTION('center_axis',(0.,0.,1.));
#4614=DIRECTION('ref_axis',(0.707106766479054,0.70710679589404,0.));
#4615=DIRECTION('center_axis',(-1.,-4.67462321239177E-16,0.));
#4616=DIRECTION('ref_axis',(0.,0.707106781186546,0.707106781186549));
#4617=DIRECTION('center_axis',(-1.,0.,0.));
#4618=DIRECTION('ref_axis',(0.,0.,1.));
#4619=DIRECTION('',(-1.,-4.67462321239177E-16,0.));
#4620=DIRECTION('center_axis',(0.,0.,1.));
#4621=DIRECTION('ref_axis',(-1.,0.,0.));
#4622=DIRECTION('center_axis',(-0.333333323399224,0.942809045094301,0.));
#4623=DIRECTION('ref_axis',(0.,0.,1.));
#4624=DIRECTION('center_axis',(0.,0.,-1.));
#4625=DIRECTION('ref_axis',(-0.57735027349122,-0.81649657788604,0.));
#4626=DIRECTION('center_axis',(0.,0.,-1.));
#4627=DIRECTION('ref_axis',(1.,0.,0.));
#4628=DIRECTION('center_axis',(-1.,0.,0.));
#4629=DIRECTION('ref_axis',(0.,0.,1.));
#4630=DIRECTION('center_axis',(0.,0.,1.));
#4631=DIRECTION('ref_axis',(0.577350273491221,0.816496577886039,0.));
#4632=DIRECTION('center_axis',(-1.,7.01193478788344E-16,0.));
#4633=DIRECTION('ref_axis',(0.,0.707106781186546,0.707106781186549));
#4634=DIRECTION('center_axis',(-1.,0.,0.));
#4635=DIRECTION('ref_axis',(0.,0.,1.));
#4636=DIRECTION('',(-1.,7.01193478788344E-16,0.));
#4637=DIRECTION('center_axis',(0.,0.,1.));
#4638=DIRECTION('ref_axis',(-1.,0.,0.));
#4639=DIRECTION('center_axis',(-0.749999996274715,0.661437831990224,0.));
#4640=DIRECTION('ref_axis',(0.,0.,1.));
#4641=DIRECTION('center_axis',(0.,0.,-1.));
#4642=DIRECTION('ref_axis',(-0.353553393227451,-0.93541434569786,0.));
#4643=DIRECTION('center_axis',(0.,0.,-1.));
#4644=DIRECTION('ref_axis',(1.,0.,0.));
#4645=DIRECTION('center_axis',(-1.,0.,0.));
#4646=DIRECTION('ref_axis',(0.,0.,1.));
#4647=DIRECTION('center_axis',(0.,0.,1.));
#4648=DIRECTION('ref_axis',(0.353553393227453,0.935414345697859,0.));
#4649=DIRECTION('center_axis',(-1.,-4.93432449125534E-16,0.));
#4650=DIRECTION('ref_axis',(0.,0.707106781186546,0.707106781186549));
#4651=DIRECTION('center_axis',(-1.,0.,0.));
#4652=DIRECTION('ref_axis',(0.,0.,1.));
#4653=DIRECTION('',(-1.,-4.93432449125534E-16,0.));
#4654=DIRECTION('center_axis',(0.,0.,-1.));
#4655=DIRECTION('ref_axis',(1.,0.,0.));
#4656=DIRECTION('center_axis',(-0.583333457509681,-0.812232772885828,0.));
#4657=DIRECTION('ref_axis',(0.,0.,1.));
#4658=DIRECTION('center_axis',(0.,0.,1.));
#4659=DIRECTION('ref_axis',(-0.45643539657345,0.889756555893149,0.));
#4660=DIRECTION('center_axis',(0.,0.,1.));
#4661=DIRECTION('ref_axis',(-1.,0.,0.));
#4662=DIRECTION('center_axis',(-1.,0.,0.));
#4663=DIRECTION('ref_axis',(0.,0.,1.));
#4664=DIRECTION('center_axis',(0.,0.,-1.));
#4665=DIRECTION('ref_axis',(0.456435396573447,-0.88975655589315,0.));
#4666=DIRECTION('center_axis',(-1.,0.,0.));
#4667=DIRECTION('ref_axis',(0.,0.707106781186546,0.707106781186549));
#4668=DIRECTION('center_axis',(-1.,0.,0.));
#4669=DIRECTION('ref_axis',(0.,0.,1.));
#4670=DIRECTION('',(-1.,0.,0.));
#4671=DIRECTION('center_axis',(0.,0.,-1.));
#4672=DIRECTION('ref_axis',(1.,0.,0.));
#4673=DIRECTION('center_axis',(-0.833333200464643,-0.552770998699601,0.));
#4674=DIRECTION('ref_axis',(0.,0.,1.));
#4675=DIRECTION('center_axis',(0.,0.,1.));
#4676=DIRECTION('ref_axis',(-0.28867524966245,0.957427073062133,0.));
#4677=DIRECTION('center_axis',(0.,0.,1.));
#4678=DIRECTION('ref_axis',(-1.,0.,0.));
#4679=DIRECTION('center_axis',(-1.,0.,0.));
#4680=DIRECTION('ref_axis',(0.,0.,1.));
#4681=DIRECTION('center_axis',(0.,0.,-1.));
#4682=DIRECTION('ref_axis',(0.288675249662447,-0.957427073062133,0.));
#4683=DIRECTION('center_axis',(-1.,0.,0.));
#4684=DIRECTION('ref_axis',(0.,0.707106781186546,0.707106781186549));
#4685=DIRECTION('center_axis',(-1.,0.,0.));
#4686=DIRECTION('ref_axis',(0.,0.,1.));
#4687=DIRECTION('',(-1.,0.,0.));
#4688=DIRECTION('',(1.,0.,0.));
#4689=DIRECTION('center_axis',(-0.40824829046386,0.40824829046386,-0.816496580927729));
#4690=DIRECTION('ref_axis',(-0.577350269189625,0.577350269189625,0.577350269189627));
#4691=DIRECTION('center_axis',(0.,-1.,0.));
#4692=DIRECTION('ref_axis',(-0.707106781186549,0.,0.707106781186546));
#4693=DIRECTION('center_axis',(0.,0.,-1.));
#4694=DIRECTION('ref_axis',(1.,0.,0.));
#4695=DIRECTION('center_axis',(0.979795899546619,0.199999988079079,0.));
#4696=DIRECTION('ref_axis',(-0.199999988079079,0.979795899546619,0.));
#4697=DIRECTION('center_axis',(0.,0.,-1.));
#4698=DIRECTION('ref_axis',(-0.763762612574274,0.645497228215366,0.));
#4699=DIRECTION('center_axis',(0.,-1.,0.));
#4700=DIRECTION('ref_axis',(0.,0.,1.));
#4701=DIRECTION('center_axis',(0.,-1.,0.));
#4702=DIRECTION('ref_axis',(-0.707106781186552,0.,0.707106781186543));
#4703=DIRECTION('center_axis',(0.,-1.,0.));
#4704=DIRECTION('ref_axis',(0.,0.,1.));
#4705=DIRECTION('',(0.,1.,0.));
#4706=DIRECTION('center_axis',(0.379591962899641,-0.794209816308685,0.47448994655411));
#4707=DIRECTION('ref_axis',(0.496138943475103,0.607643618973264,0.620173670102564));
#4708=DIRECTION('center_axis',(-0.408248290463861,-0.408248290463861,-0.816496580927728));
#4709=DIRECTION('ref_axis',(-0.577350269189629,-0.577350269189615,0.577350269189634));
#4710=DIRECTION('center_axis',(-0.40824829046386,0.40824829046386,-0.816496580927729));
#4711=DIRECTION('ref_axis',(-0.577350269189625,0.577350269189625,0.577350269189627));
#4712=DIRECTION('center_axis',(-0.810193247995182,0.586162862098085,0.));
#4713=DIRECTION('ref_axis',(-0.586162862098085,-0.810193247995181,0.));
#4714=DIRECTION('',(0.,0.,-1.));
#4715=DIRECTION('',(0.,0.,-1.));
#4716=DIRECTION('center_axis',(0.,0.,-1.));
#4717=DIRECTION('ref_axis',(-0.45488302776753,0.890551195074738,0.));
#4718=DIRECTION('',(0.,0.,-1.));
#4719=DIRECTION('center_axis',(0.,1.,0.));
#4720=DIRECTION('ref_axis',(-1.,0.,0.));
#4721=DIRECTION('',(0.,0.,-1.));
#4722=DIRECTION('center_axis',(0.,0.,-1.));
#4723=DIRECTION('ref_axis',(0.866025413224041,-0.499999983650128,0.));
#4724=DIRECTION('center_axis',(0.,0.,-1.));
#4725=DIRECTION('ref_axis',(-1.,0.,0.));
#4726=DIRECTION('',(0.,-1.,0.));
#4727=DIRECTION('center_axis',(0.,0.,-1.));
#4728=DIRECTION('ref_axis',(-0.25934020696,-0.96578603067861,0.));
#4729=DIRECTION('',(0.,0.,-1.));
#4730=DIRECTION('',(0.,0.,-1.));
#4731=DIRECTION('center_axis',(-0.499532632492309,0.866295070443844,0.));
#4732=DIRECTION('ref_axis',(-0.866295070443844,-0.499532632492308,0.));
#4733=DIRECTION('',(0.,0.,-1.));
#4734=DIRECTION('center_axis',(0.,0.,-1.));
#4735=DIRECTION('ref_axis',(-0.707106781186549,0.707106781186546,0.));
#4736=DIRECTION('',(0.,0.,-1.));
#4737=DIRECTION('',(0.,0.,-1.));
#4738=DIRECTION('center_axis',(1.,0.,0.));
#4739=DIRECTION('ref_axis',(0.,1.,0.));
#4740=DIRECTION('',(0.,0.,-1.));
#4741=DIRECTION('center_axis',(-1.,0.,0.));
#4742=DIRECTION('ref_axis',(0.,-1.,0.));
#4743=DIRECTION('',(0.,0.,-1.));
#4744=DIRECTION('',(0.,0.,1.));
#4745=DIRECTION('center_axis',(0.,1.,0.));
#4746=DIRECTION('ref_axis',(-1.,0.,0.));
#4747=DIRECTION('',(0.,0.,-1.));
#4748=DIRECTION('center_axis',(0.,-1.,0.));
#4749=DIRECTION('ref_axis',(-0.707106781186552,0.,0.707106781186543));
#4750=DIRECTION('',(0.,1.,0.));
#4751=DIRECTION('center_axis',(0.,0.,-1.));
#4752=DIRECTION('ref_axis',(-0.96599561863494,-0.25855843590589,0.));
#4753=DIRECTION('',(0.,0.,-1.));
#4754=DIRECTION('center_axis',(0.,0.,-1.));
#4755=DIRECTION('ref_axis',(-0.321491824662664,0.946912354273124,0.));
#4756=DIRECTION('',(0.,0.,-1.));
#4757=DIRECTION('center_axis',(0.,0.,-1.));
#4758=DIRECTION('ref_axis',(0.512433111338363,-0.858727143162533,0.));
#4759=DIRECTION('',(0.,0.,-1.));
#4760=DIRECTION('center_axis',(0.,0.,-1.));
#4761=DIRECTION('ref_axis',(-0.707106781186548,0.707106781186548,0.));
#4762=DIRECTION('center_axis',(0.,0.,-1.));
#4763=DIRECTION('ref_axis',(-1.,0.,0.));
#4764=DIRECTION('center_axis',(1.,0.,0.));
#4765=DIRECTION('ref_axis',(0.,1.,0.));
#4766=DIRECTION('center_axis',(-0.865703343374664,-0.500557410563393,0.));
#4767=DIRECTION('ref_axis',(0.500557410563393,-0.865703343374664,0.));
#4768=DIRECTION('',(0.,0.,-1.));
#4769=DIRECTION('center_axis',(0.499532632492332,-0.86629507044383,0.));
#4770=DIRECTION('ref_axis',(0.866295070443831,0.499532632492332,0.));
#4771=DIRECTION('',(0.,0.,1.));
#4772=DIRECTION('center_axis',(0.131170776372863,-0.99135978707316,0.));
#4773=DIRECTION('ref_axis',(0.99135978707316,0.131170776372863,0.));
#4774=DIRECTION('',(0.,0.,-1.));
#4775=DIRECTION('center_axis',(0.810193247995184,-0.586162862098081,0.));
#4776=DIRECTION('ref_axis',(0.586162862098081,0.810193247995184,0.));
#4777=DIRECTION('center_axis',(0.,-1.,0.));
#4778=DIRECTION('ref_axis',(1.,0.,0.));
#4779=DIRECTION('center_axis',(0.866295070443797,0.499532632492389,0.));
#4780=DIRECTION('ref_axis',(-0.499532632492389,0.866295070443797,0.));
#4781=DIRECTION('center_axis',(-0.131170776372862,0.99135978707316,0.));
#4782=DIRECTION('ref_axis',(-0.99135978707316,-0.131170776372862,0.));
#4783=CARTESIAN_POINT('',(0.,0.,0.));
#4784=CARTESIAN_POINT('Origin',(234.976057473958,-64.9995260416667,4.));
#4785=CARTESIAN_POINT('',(237.561822036585,-64.9995260416667,5.));
#4786=CARTESIAN_POINT('Origin',(234.976057473958,-64.9995260416667,5.));
#4787=CARTESIAN_POINT('',(238.268928817772,-64.9995260416667,4.70710678118655));
#4788=CARTESIAN_POINT('Origin',(237.561822036585,-64.9995260416667,4.));
#4789=CARTESIAN_POINT('',(231.683186130145,-64.9995260416667,4.70710678118655));
#4790=CARTESIAN_POINT('Origin',(234.976057473958,-64.9995260416667,4.70710678118655));
#4791=CARTESIAN_POINT('Origin',(234.976057473958,-64.9995260416667,4.70710678118655));
#4792=CARTESIAN_POINT('Origin',(234.976057473958,-64.9995260416667,3.5));
#4793=CARTESIAN_POINT('',(228.976079348958,-64.9995260416667,2.));
#4794=CARTESIAN_POINT('Origin',(234.976057473958,-64.9995260416667,2.));
#4795=CARTESIAN_POINT('',(230.476079348958,-64.9995260416667,3.5));
#4796=CARTESIAN_POINT('Origin',(234.976057473958,-64.9995260416667,5.));
#4797=CARTESIAN_POINT('',(235.776057473958,-64.9995260416667,5.));
#4798=CARTESIAN_POINT('Origin',(234.976057473958,-64.9995260416667,5.));
#4799=CARTESIAN_POINT('Origin',(218.051180885417,-105.949227447917,4.));
#4800=CARTESIAN_POINT('',(220.636945448044,-105.949227447917,5.));
#4801=CARTESIAN_POINT('Origin',(218.051180885417,-105.949227447917,5.));
#4802=CARTESIAN_POINT('',(221.34405222923,-105.949227447917,4.70710678118655));
#4803=CARTESIAN_POINT('Origin',(220.636945448044,-105.949227447917,4.));
#4804=CARTESIAN_POINT('',(214.758309541603,-105.949227447917,4.70710678118653));
#4805=CARTESIAN_POINT('Origin',(218.051180885417,-105.949227447917,4.70710678118654));
#4806=CARTESIAN_POINT('Origin',(218.051180885417,-105.949227447917,4.70710678118654));
#4807=CARTESIAN_POINT('Origin',(218.051180885417,-105.949227447917,3.5));
#4808=CARTESIAN_POINT('',(212.051202760417,-105.949227447917,2.));
#4809=CARTESIAN_POINT('Origin',(218.051180885417,-105.949227447917,2.));
#4810=CARTESIAN_POINT('',(213.551202760417,-105.949227447917,3.5));
#4811=CARTESIAN_POINT('Origin',(218.051180885417,-105.949227447917,5.));
#4812=CARTESIAN_POINT('',(218.851180885417,-105.949227447917,5.));
#4813=CARTESIAN_POINT('Origin',(218.051180885417,-105.949227447917,5.));
#4814=CARTESIAN_POINT('Origin',(291.975641848958,-60.9995552083333,4.));
#4815=CARTESIAN_POINT('',(294.561406411585,-60.9995552083333,5.));
#4816=CARTESIAN_POINT('Origin',(291.975641848958,-60.9995552083333,5.));
#4817=CARTESIAN_POINT('',(295.268513192772,-60.9995552083333,4.70710678118655));
#4818=CARTESIAN_POINT('Origin',(294.561406411585,-60.9995552083333,4.));
#4819=CARTESIAN_POINT('',(288.682770505145,-60.9995552083333,4.70710678118655));
#4820=CARTESIAN_POINT('Origin',(291.975641848958,-60.9995552083333,4.70710678118655));
#4821=CARTESIAN_POINT('Origin',(291.975641848958,-60.9995552083333,4.70710678118655));
#4822=CARTESIAN_POINT('Origin',(291.975641848958,-60.9995552083333,3.5));
#4823=CARTESIAN_POINT('',(285.975663723958,-60.9995552083333,2.));
#4824=CARTESIAN_POINT('Origin',(291.975641848958,-60.9995552083333,2.));
#4825=CARTESIAN_POINT('',(287.475663723958,-60.9995552083333,3.5));
#4826=CARTESIAN_POINT('Origin',(291.975641848958,-60.9995552083333,5.));
#4827=CARTESIAN_POINT('',(292.775641848958,-60.9995552083333,5.));
#4828=CARTESIAN_POINT('Origin',(291.975641848958,-60.9995552083333,5.));
#4829=CARTESIAN_POINT('Origin',(268.275814661458,-100.599266458333,4.));
#4830=CARTESIAN_POINT('',(270.861579224085,-100.599266458333,5.));
#4831=CARTESIAN_POINT('Origin',(268.275814661458,-100.599266458333,5.));
#4832=CARTESIAN_POINT('',(271.568686005272,-100.599266458333,4.70710678118655));
#4833=CARTESIAN_POINT('Origin',(270.861579224085,-100.599266458333,4.));
#4834=CARTESIAN_POINT('',(264.982943317645,-100.599266458333,4.70710678118655));
#4835=CARTESIAN_POINT('Origin',(268.275814661458,-100.599266458333,4.70710678118655));
#4836=CARTESIAN_POINT('Origin',(268.275814661458,-100.599266458333,4.70710678118655));
#4837=CARTESIAN_POINT('Origin',(268.275814661458,-100.599266458333,3.5));
#4838=CARTESIAN_POINT('',(262.275836536458,-100.599266458333,2.));
#4839=CARTESIAN_POINT('Origin',(268.275814661458,-100.599266458333,2.));
#4840=CARTESIAN_POINT('',(263.775836536458,-100.599266458333,3.5));
#4841=CARTESIAN_POINT('Origin',(268.275814661458,-100.599266458333,5.));
#4842=CARTESIAN_POINT('',(269.075814661458,-100.599266458333,5.));
#4843=CARTESIAN_POINT('Origin',(268.275814661458,-100.599266458333,5.));
#4844=CARTESIAN_POINT('Origin',(253.499999362975,-87.6095073250102,2.));
#4845=CARTESIAN_POINT('',(195.601341666667,-46.5999989718199,2.));
#4846=CARTESIAN_POINT('',(196.601341666667,-45.5999989718199,2.));
#4847=CARTESIAN_POINT('Origin',(196.601341666667,-46.5999989718199,2.));
#4848=CARTESIAN_POINT('',(195.601341666667,-111.606504664444,2.));
#4849=CARTESIAN_POINT('',(195.601341666667,-94.8047544448161,2.));
#4850=CARTESIAN_POINT('',(209.254942688481,-135.220115819225,2.));
#4851=CARTESIAN_POINT('',(197.682318757764,-115.205510067683,2.));
#4852=CARTESIAN_POINT('',(226.007224427072,-125.560230079781,2.));
#4853=CARTESIAN_POINT('',(236.331798181632,-119.606760317643,2.));
#4854=CARTESIAN_POINT('',(263.699003205722,-120.573080157282,2.));
#4855=CARTESIAN_POINT('',(241.945285816867,-123.451401465146,2.));
#4856=CARTESIAN_POINT('',(273.230096825544,-107.399219791667,2.));
#4857=CARTESIAN_POINT('',(269.824628219487,-112.106252340626,2.));
#4858=CARTESIAN_POINT('',(310.400503125,-107.399219791667,2.));
#4859=CARTESIAN_POINT('',(263.262890457442,-107.399219791667,2.));
#4860=CARTESIAN_POINT('',(311.400503125,-106.399219791667,2.));
#4861=CARTESIAN_POINT('Origin',(310.400503125,-106.399219791667,2.));
#4862=CARTESIAN_POINT('',(311.400503125,-50.5999989412317,2.));
#4863=CARTESIAN_POINT('',(311.400503125,-97.3043635583385,2.));
#4864=CARTESIAN_POINT('',(310.400503026969,-49.5999989412317,2.));
#4865=CARTESIAN_POINT('Origin',(310.400503125,-50.5999989412317,2.));
#4866=CARTESIAN_POINT('',(293.399998786729,-49.6000006078142,2.));
#4867=CARTESIAN_POINT('',(282.25024936132,-49.6000017008392,2.));
#4868=CARTESIAN_POINT('',(292.399998688698,-48.6000006078142,2.));
#4869=CARTESIAN_POINT('Origin',(293.399998688698,-48.6000006078142,2.));
#4870=CARTESIAN_POINT('',(292.399998688698,-42.6000006258488,2.));
#4871=CARTESIAN_POINT('',(292.399998688698,-68.8047540350341,2.));
#4872=CARTESIAN_POINT('',(291.399998688698,-41.6000006258488,2.));
#4873=CARTESIAN_POINT('Origin',(291.399998688698,-42.6000006258488,2.));
#4874=CARTESIAN_POINT('',(274.399998405576,-41.6000006258488,2.));
#4875=CARTESIAN_POINT('',(272.749999025837,-41.6000006258488,2.));
#4876=CARTESIAN_POINT('',(273.399998405576,-40.6000006258488,2.));
#4877=CARTESIAN_POINT('Origin',(274.399998405576,-40.6000006258488,2.));
#4878=CARTESIAN_POINT('',(273.399998405576,-39.6000005811453,2.));
#4879=CARTESIAN_POINT('',(273.399998405576,-64.8047539754295,2.));
#4880=CARTESIAN_POINT('',(272.399998405576,-38.6000005811453,2.));
#4881=CARTESIAN_POINT('Origin',(272.399998405576,-39.6000005811453,2.));
#4882=CARTESIAN_POINT('',(254.599998122454,-38.6000005811453,2.));
#4883=CARTESIAN_POINT('',(263.249998884276,-38.6000005811453,2.));
#4884=CARTESIAN_POINT('',(253.599998122454,-39.6000005811453,2.));
#4885=CARTESIAN_POINT('Origin',(254.599998122454,-39.6000005811453,2.));
#4886=CARTESIAN_POINT('',(253.599998122454,-42.5999990165234,2.));
#4887=CARTESIAN_POINT('',(253.599998122454,-63.3047539530777,2.));
#4888=CARTESIAN_POINT('',(252.599998122454,-43.5999990165234,2.));
#4889=CARTESIAN_POINT('Origin',(252.599998122454,-42.5999990165234,2.));
#4890=CARTESIAN_POINT('',(235.599997839332,-43.5999990165234,2.));
#4891=CARTESIAN_POINT('',(253.749998742715,-43.5999990165234,2.));
#4892=CARTESIAN_POINT('',(234.599997839332,-44.5999990165233,2.));
#4893=CARTESIAN_POINT('Origin',(235.599997839332,-44.5999990165233,2.));
#4894=CARTESIAN_POINT('',(233.599997839332,-45.5999989718199,2.));
#4895=CARTESIAN_POINT('Origin',(233.599997839332,-44.5999989718199,2.));
#4896=CARTESIAN_POINT('',(244.249998601153,-45.5999989718199,2.));
#4897=CARTESIAN_POINT('Origin',(218.051180885417,-105.949227447917,0.));
#4898=CARTESIAN_POINT('',(218.851180885417,-105.949227447917,2.));
#4899=CARTESIAN_POINT('',(218.851180885417,-105.949227447917,0.));
#4900=CARTESIAN_POINT('Origin',(218.051180885417,-105.949227447917,2.));
#4901=CARTESIAN_POINT('Origin',(291.975641848958,-60.9995552083333,0.));
#4902=CARTESIAN_POINT('',(292.775641848958,-60.9995552083333,2.));
#4903=CARTESIAN_POINT('',(292.775641848958,-60.9995552083333,0.));
#4904=CARTESIAN_POINT('Origin',(291.975641848958,-60.9995552083333,2.));
#4905=CARTESIAN_POINT('Origin',(253.499999362975,-87.6095073250102,2.));
#4906=CARTESIAN_POINT('Origin',(234.976057473958,-64.9995260416667,0.));
#4907=CARTESIAN_POINT('',(235.776057473958,-64.9995260416667,2.));
#4908=CARTESIAN_POINT('',(235.776057473958,-64.9995260416667,0.));
#4909=CARTESIAN_POINT('Origin',(234.976057473958,-64.9995260416667,2.));
#4910=CARTESIAN_POINT('Origin',(253.499999362975,-87.6095073250102,2.));
#4911=CARTESIAN_POINT('Origin',(268.275814661458,-100.599266458333,0.));
#4912=CARTESIAN_POINT('',(269.075814661458,-100.599266458333,2.));
#4913=CARTESIAN_POINT('',(269.075814661458,-100.599266458333,0.));
#4914=CARTESIAN_POINT('Origin',(268.275814661458,-100.599266458333,2.));
#4915=CARTESIAN_POINT('Origin',(253.499999362975,-87.6095073250102,2.));
#4916=CARTESIAN_POINT('Origin',(311.999999783882,-66.8047528657586,2.));
#4917=CARTESIAN_POINT('',(315.000001497567,-108.000001526127,2.));
#4918=CARTESIAN_POINT('',(314.999999168018,-52.0000004656613,2.));
#4919=CARTESIAN_POINT('',(314.999999783882,-66.8047527409614,2.));
#4920=CARTESIAN_POINT('',(312.000001457788,-107.043751722011,-1.));
#4921=CARTESIAN_POINT('Ctrl Pts',(312.000001457788,-107.043751722011,-1.));
#4922=CARTESIAN_POINT('Ctrl Pts',(312.002913181701,-107.044896960866,-1.));
#4923=CARTESIAN_POINT('Ctrl Pts',(312.005825232008,-107.046041365476,-0.999995760931788));
#4924=CARTESIAN_POINT('Ctrl Pts',(312.220444492605,-107.13031381801,-0.999370776905695));
#4925=CARTESIAN_POINT('Ctrl Pts',(312.433196707221,-107.208809145287,-0.976337235622988));
#4926=CARTESIAN_POINT('Ctrl Pts',(312.854791613325,-107.357268297469,-0.883790414085639));
#4927=CARTESIAN_POINT('Ctrl Pts',(313.062286729942,-107.426704211817,-0.814223410848241));
#4928=CARTESIAN_POINT('Ctrl Pts',(313.606561172523,-107.602338616345,-0.561925559177031));
#4929=CARTESIAN_POINT('Ctrl Pts',(313.92173159695,-107.696740011826,-0.336158844356778));
#4930=CARTESIAN_POINT('Ctrl Pts',(314.44486930613,-107.848349239328,0.221190364312604));
#4931=CARTESIAN_POINT('Ctrl Pts',(314.650332621177,-107.905049281166,0.543556738978686));
#4932=CARTESIAN_POINT('Ctrl Pts',(314.92853896975,-107.981030444173,1.24821938539795));
#4933=CARTESIAN_POINT('Ctrl Pts',(315.000001497567,-108.000001526127,1.62201480046688));
#4934=CARTESIAN_POINT('Ctrl Pts',(315.000001497567,-108.000001526127,2.));
#4935=CARTESIAN_POINT('',(311.999999168018,-52.0000005904585,-1.));
#4936=CARTESIAN_POINT('',(311.999999783882,-66.8047528657586,-1.));
#4937=CARTESIAN_POINT('Origin',(311.999999168018,-52.0000005904585,2.));
#4938=CARTESIAN_POINT('Ctrl Pts',(314.999999168018,-52.0000004656613,2.));
#4939=CARTESIAN_POINT('Ctrl Pts',(314.999998918424,-46.0000007152557,2.));
#4940=CARTESIAN_POINT('Ctrl Pts',(308.999999168018,-46.0000007152557,2.));
#4941=CARTESIAN_POINT('Ctrl Pts',(314.999999168018,-52.0000004656613,-1.00000000000001));
#4942=CARTESIAN_POINT('Ctrl Pts',(314.999998918424,-46.0000007152557,-1.00000000000001));
#4943=CARTESIAN_POINT('Ctrl Pts',(308.999999168018,-46.0000007152557,-1.00000000000001));
#4944=CARTESIAN_POINT('Ctrl Pts',(311.999999168018,-52.0000005904585,-1.));
#4945=CARTESIAN_POINT('Ctrl Pts',(311.999999043221,-49.0000007152557,-1.));
#4946=CARTESIAN_POINT('Ctrl Pts',(308.999999168018,-49.0000007152557,-1.));
#4947=CARTESIAN_POINT('',(308.999999168018,-46.0000007152558,2.));
#4948=CARTESIAN_POINT('',(308.999999168018,-49.0000007152558,-1.));
#4949=CARTESIAN_POINT('Origin',(308.999999168018,-49.0000007152558,2.));
#4950=CARTESIAN_POINT('Origin',(308.999999168018,-52.0000007152558,2.));
#4951=CARTESIAN_POINT('Origin',(308.999999168018,-52.0000007152558,-1.));
#4952=CARTESIAN_POINT('Origin',(274.749999040738,-49.0000007152558,2.));
#4953=CARTESIAN_POINT('',(301.9999987185,-46.0000007152558,2.));
#4954=CARTESIAN_POINT('',(301.9999987185,-49.0000007152558,-1.));
#4955=CARTESIAN_POINT('Origin',(301.9999987185,-49.0000007152558,2.));
#4956=CARTESIAN_POINT('',(274.749999040738,-46.0000007152558,2.));
#4957=CARTESIAN_POINT('',(274.749999040738,-49.0000007152558,-1.));
#4958=CARTESIAN_POINT('Origin',(301.9999987185,-40.0000007152558,2.));
#4959=CARTESIAN_POINT('',(296.343144447934,-42.0000006556511,2.));
#4960=CARTESIAN_POINT('',(293.514717312651,-43.0000006258488,-1.));
#4961=CARTESIAN_POINT('Origin',(293.514717312651,-43.0000006258488,2.));
#4962=CARTESIAN_POINT('Origin',(301.9999987185,-40.0000007152558,2.));
#4963=CARTESIAN_POINT('Origin',(301.9999987185,-40.0000007152558,-1.));
#4964=CARTESIAN_POINT('Ctrl Pts',(296.343144447934,-42.0000006556511,2.));
#4965=CARTESIAN_POINT('Ctrl Pts',(294.928930911903,-38.0000005960465,2.));
#4966=CARTESIAN_POINT('Ctrl Pts',(290.686290177369,-38.0000005960465,2.));
#4967=CARTESIAN_POINT('Ctrl Pts',(296.343144447934,-42.0000006556511,-1.00000000000001));
#4968=CARTESIAN_POINT('Ctrl Pts',(294.928930911903,-38.0000005960465,-1.00000000000001));
#4969=CARTESIAN_POINT('Ctrl Pts',(290.686290177369,-38.0000005960465,-1.00000000000001));
#4970=CARTESIAN_POINT('Ctrl Pts',(293.514717312651,-43.0000006258488,-1.));
#4971=CARTESIAN_POINT('Ctrl Pts',(292.807610544636,-41.0000005960465,-1.));
#4972=CARTESIAN_POINT('Ctrl Pts',(290.686290177369,-41.0000005960465,-1.));
#4973=CARTESIAN_POINT('',(290.686290177369,-38.0000005960465,2.));
#4974=CARTESIAN_POINT('',(290.686290177369,-41.0000005960465,-1.));
#4975=CARTESIAN_POINT('Origin',(290.686290177369,-41.0000005960465,2.));
#4976=CARTESIAN_POINT('Origin',(290.686290177369,-44.0000005960465,2.));
#4977=CARTESIAN_POINT('Origin',(290.686290177369,-44.0000005960465,-1.));
#4978=CARTESIAN_POINT('Origin',(265.249998899177,-41.0000005960465,2.));
#4979=CARTESIAN_POINT('',(282.196150883894,-38.0000005960465,2.));
#4980=CARTESIAN_POINT('',(282.196150883894,-41.0000005960465,-1.));
#4981=CARTESIAN_POINT('Origin',(282.196150883894,-41.0000005960465,2.));
#4982=CARTESIAN_POINT('',(265.249998899177,-38.0000005960464,2.));
#4983=CARTESIAN_POINT('',(265.249998899177,-41.0000005960465,-1.));
#4984=CARTESIAN_POINT('Origin',(282.196150883894,-32.0000005960465,2.));
#4985=CARTESIAN_POINT('',(278.227523891953,-36.5000005736947,2.));
#4986=CARTESIAN_POINT('',(276.243210395982,-38.7500005625188,-1.));
#4987=CARTESIAN_POINT('Origin',(276.243210395982,-38.7500005625188,2.));
#4988=CARTESIAN_POINT('Origin',(282.196150883894,-32.0000005960465,2.));
#4989=CARTESIAN_POINT('Origin',(282.196150883894,-32.0000005960465,-1.));
#4990=CARTESIAN_POINT('Ctrl Pts',(278.227523891953,-36.5000005736947,2.));
#4991=CARTESIAN_POINT('Ctrl Pts',(276.526683757377,-35.0000005513429,2.));
#4992=CARTESIAN_POINT('Ctrl Pts',(274.258896900012,-35.0000005513429,2.));
#4993=CARTESIAN_POINT('Ctrl Pts',(278.227523891953,-36.5000005736947,-1.00000000000001));
#4994=CARTESIAN_POINT('Ctrl Pts',(276.526683757377,-35.0000005513429,-1.00000000000001));
#4995=CARTESIAN_POINT('Ctrl Pts',(274.258896900012,-35.0000005513429,-1.00000000000001));
#4996=CARTESIAN_POINT('Ctrl Pts',(276.243210395982,-38.7500005625189,-1.));
#4997=CARTESIAN_POINT('Ctrl Pts',(275.392790328694,-38.000000551343,-1.));
#4998=CARTESIAN_POINT('Ctrl Pts',(274.258896900012,-38.000000551343,-1.));
#4999=CARTESIAN_POINT('',(274.258896900012,-35.000000551343,2.));
#5000=CARTESIAN_POINT('',(274.258896900012,-38.000000551343,-1.));
#5001=CARTESIAN_POINT('Origin',(274.258896900012,-38.000000551343,2.));
#5002=CARTESIAN_POINT('Origin',(274.258896900012,-41.000000551343,2.));
#5003=CARTESIAN_POINT('Origin',(274.258896900012,-41.000000551343,-1.));
#5004=CARTESIAN_POINT('Origin',(251.749998727813,-38.000000551343,2.));
#5005=CARTESIAN_POINT('',(253.830711836058,-35.000000551343,2.));
#5006=CARTESIAN_POINT('',(253.830711836058,-38.000000551343,-1.));
#5007=CARTESIAN_POINT('Origin',(253.830711836058,-38.000000551343,2.));
#5008=CARTESIAN_POINT('',(251.749998727813,-35.000000551343,2.));
#5009=CARTESIAN_POINT('',(251.749998727813,-38.000000551343,-1.));
#5010=CARTESIAN_POINT('Ctrl Pts',(253.830711836058,-35.000000551343,2.));
#5011=CARTESIAN_POINT('Ctrl Pts',(250.752777359147,-35.000000551343,2.));
#5012=CARTESIAN_POINT('Ctrl Pts',(248.957315198743,-37.4999998062849,2.));
#5013=CARTESIAN_POINT('Ctrl Pts',(253.830711836058,-35.000000551343,-1.00000000000001));
#5014=CARTESIAN_POINT('Ctrl Pts',(250.752777359147,-35.000000551343,-1.00000000000001));
#5015=CARTESIAN_POINT('Ctrl Pts',(248.957315198743,-37.4999998062849,-1.00000000000001));
#5016=CARTESIAN_POINT('Ctrl Pts',(253.830711836058,-38.000000551343,-1.));
#5017=CARTESIAN_POINT('Ctrl Pts',(252.291744597602,-38.000000551343,-1.));
#5018=CARTESIAN_POINT('Ctrl Pts',(251.3940135174,-39.2500001788139,-1.));
#5019=CARTESIAN_POINT('',(248.957315198743,-37.4999998062849,2.));
#5020=CARTESIAN_POINT('',(251.3940135174,-39.2500001788139,-1.));
#5021=CARTESIAN_POINT('Origin',(251.3940135174,-39.2500001788139,2.));
#5022=CARTESIAN_POINT('Origin',(253.830711836058,-41.000000551343,2.));
#5023=CARTESIAN_POINT('Origin',(253.830711836058,-41.000000551343,-1.));
#5024=CARTESIAN_POINT('Origin',(244.083918561428,-33.9999990612269,2.));
#5025=CARTESIAN_POINT('',(244.083918561428,-39.9999990612269,2.));
#5026=CARTESIAN_POINT('',(244.083918561428,-42.9999990612269,-1.));
#5027=CARTESIAN_POINT('Origin',(244.083918561428,-42.9999990612269,2.));
#5028=CARTESIAN_POINT('Origin',(244.083918561428,-33.9999990612269,2.));
#5029=CARTESIAN_POINT('Origin',(244.083918561428,-33.9999990612269,-1.));
#5030=CARTESIAN_POINT('Origin',(242.249998586252,-42.9999990612269,2.));
#5031=CARTESIAN_POINT('',(233.161112412829,-39.9999990612269,2.));
#5032=CARTESIAN_POINT('',(233.161112412829,-42.9999990612269,-1.));
#5033=CARTESIAN_POINT('Origin',(233.161112412829,-42.9999990612269,2.));
#5034=CARTESIAN_POINT('',(242.249998586252,-39.9999990612269,2.));
#5035=CARTESIAN_POINT('',(242.249998586252,-42.9999990612269,-1.));
#5036=CARTESIAN_POINT('Ctrl Pts',(233.161112412829,-39.9999990612269,2.));
#5037=CARTESIAN_POINT('Ctrl Pts',(231.352043558702,-39.9999990612269,2.));
#5038=CARTESIAN_POINT('Ctrl Pts',(229.844486420631,-40.999999858439,2.));
#5039=CARTESIAN_POINT('Ctrl Pts',(233.161112412829,-39.9999990612269,-1.));
#5040=CARTESIAN_POINT('Ctrl Pts',(231.352043558702,-39.9999990612269,-1.));
#5041=CARTESIAN_POINT('Ctrl Pts',(229.844486420631,-40.999999858439,-1.));
#5042=CARTESIAN_POINT('Ctrl Pts',(233.161112412829,-42.9999990612269,-1.));
#5043=CARTESIAN_POINT('Ctrl Pts',(232.256577985765,-42.9999990612269,-1.));
#5044=CARTESIAN_POINT('Ctrl Pts',(231.50279941673,-43.4999994598329,-1.));
#5045=CARTESIAN_POINT('',(229.844486420631,-40.999999858439,2.));
#5046=CARTESIAN_POINT('',(231.50279941673,-43.4999994598329,-1.));
#5047=CARTESIAN_POINT('Origin',(231.50279941673,-43.4999994598329,2.));
#5048=CARTESIAN_POINT('Origin',(233.161112412829,-45.9999990612269,2.));
#5049=CARTESIAN_POINT('Origin',(233.161112412829,-45.9999990612269,-1.));
#5050=CARTESIAN_POINT('Origin',(226.527860428434,-36.0000006556511,2.));
#5051=CARTESIAN_POINT('',(226.527860428434,-42.0000006556511,2.));
#5052=CARTESIAN_POINT('',(226.527860428434,-45.0000006556511,-1.));
#5053=CARTESIAN_POINT('Origin',(226.527860428434,-45.0000006556511,2.));
#5054=CARTESIAN_POINT('Origin',(226.527860428434,-36.0000006556511,2.));
#5055=CARTESIAN_POINT('Origin',(226.527860428434,-36.0000006556511,-1.));
#5056=CARTESIAN_POINT('Origin',(222.74999829568,-45.0000006556511,2.));
#5057=CARTESIAN_POINT('',(197.999997228384,-42.0000006556511,2.));
#5058=CARTESIAN_POINT('',(197.999997228384,-45.0000006556511,-1.));
#5059=CARTESIAN_POINT('Origin',(197.999997228384,-45.0000006556511,2.));
#5060=CARTESIAN_POINT('',(222.74999829568,-42.0000006556511,2.));
#5061=CARTESIAN_POINT('',(222.74999829568,-45.0000006556511,-1.));
#5062=CARTESIAN_POINT('Ctrl Pts',(197.999997228384,-42.0000006556511,2.));
#5063=CARTESIAN_POINT('Ctrl Pts',(191.999997228384,-42.0000006556511,2.));
#5064=CARTESIAN_POINT('Ctrl Pts',(191.999997228384,-48.0000006556511,2.));
#5065=CARTESIAN_POINT('Ctrl Pts',(197.999997228384,-42.0000006556511,-1.00000000000003));
#5066=CARTESIAN_POINT('Ctrl Pts',(191.999997228384,-42.0000006556511,-1.00000000000003));
#5067=CARTESIAN_POINT('Ctrl Pts',(191.999997228384,-48.0000006556511,-1.00000000000003));
#5068=CARTESIAN_POINT('Ctrl Pts',(197.999997228384,-45.0000006556511,-1.));
#5069=CARTESIAN_POINT('Ctrl Pts',(194.999997228384,-45.0000006556511,-1.));
#5070=CARTESIAN_POINT('Ctrl Pts',(194.999997228384,-48.0000006556511,-1.));
#5071=CARTESIAN_POINT('',(191.999997228384,-48.0000006556511,2.));
#5072=CARTESIAN_POINT('',(194.999997228384,-48.0000006556511,-1.));
#5073=CARTESIAN_POINT('Origin',(194.999997228384,-48.0000006556511,2.));
#5074=CARTESIAN_POINT('Origin',(197.999997228384,-48.0000006556511,2.));
#5075=CARTESIAN_POINT('Origin',(197.999997228384,-48.0000006556511,-1.));
#5076=CARTESIAN_POINT('Origin',(194.999997228384,-100.339488944957,2.));
#5077=CARTESIAN_POINT('',(191.999997228384,-111.463510262902,2.));
#5078=CARTESIAN_POINT('',(194.999997228384,-111.463510262902,-1.));
#5079=CARTESIAN_POINT('Origin',(194.999997228384,-111.463510262902,2.));
#5080=CARTESIAN_POINT('',(191.999997228384,-100.339488944957,2.));
#5081=CARTESIAN_POINT('',(194.999997228384,-100.339488944957,-1.));
#5082=CARTESIAN_POINT('Ctrl Pts',(191.999997228384,-111.463510262902,2.));
#5083=CARTESIAN_POINT('Ctrl Pts',(191.999997228384,-113.069470564904,2.));
#5084=CARTESIAN_POINT('Ctrl Pts',(192.802226805721,-114.460706057857,2.));
#5085=CARTESIAN_POINT('Ctrl Pts',(191.999997228384,-111.463510262902,-1.00000000000001));
#5086=CARTESIAN_POINT('Ctrl Pts',(191.999997228384,-113.069470564904,-1.00000000000001));
#5087=CARTESIAN_POINT('Ctrl Pts',(192.802226805721,-114.460706057857,-1.00000000000001));
#5088=CARTESIAN_POINT('Ctrl Pts',(194.999997228384,-111.463510262902,-1.));
#5089=CARTESIAN_POINT('Ctrl Pts',(194.999997228384,-112.266490413903,-1.));
#5090=CARTESIAN_POINT('Ctrl Pts',(195.401112017053,-112.962108160379,-1.));
#5091=CARTESIAN_POINT('',(192.802226805721,-114.460706057857,2.));
#5092=CARTESIAN_POINT('',(195.401112017053,-112.962108160379,-1.));
#5093=CARTESIAN_POINT('Origin',(195.401112017053,-112.962108160379,2.));
#5094=CARTESIAN_POINT('Origin',(197.999997228384,-111.463510262902,2.));
#5095=CARTESIAN_POINT('Origin',(197.999997228384,-111.463510262902,-1.));
#5096=CARTESIAN_POINT('Origin',(204.590846642749,-128.899048586486,2.));
#5097=CARTESIAN_POINT('',(204.658071115901,-135.021243676015,2.));
#5098=CARTESIAN_POINT('',(207.256956327232,-133.522645778538,-1.));
#5099=CARTESIAN_POINT('Origin',(207.256956327232,-133.522645778538,2.));
#5100=CARTESIAN_POINT('',(201.991961431418,-130.397646483963,2.));
#5101=CARTESIAN_POINT('',(204.590846642749,-128.899048586486,-1.));
#5102=CARTESIAN_POINT('Ctrl Pts',(204.658071115901,-135.021243676015,2.));
#5103=CARTESIAN_POINT('Ctrl Pts',(207.655266910855,-140.219014098678,2.));
#5104=CARTESIAN_POINT('Ctrl Pts',(212.853037333517,-137.221818303724,2.));
#5105=CARTESIAN_POINT('Ctrl Pts',(204.658071115901,-135.021243676015,-1.00000000000001));
#5106=CARTESIAN_POINT('Ctrl Pts',(207.655266910855,-140.219014098678,-1.00000000000001));
#5107=CARTESIAN_POINT('Ctrl Pts',(212.853037333517,-137.221818303724,-1.00000000000001));
#5108=CARTESIAN_POINT('Ctrl Pts',(207.256956327232,-133.522645778538,-1.));
#5109=CARTESIAN_POINT('Ctrl Pts',(208.755554224709,-136.121530989869,-1.));
#5110=CARTESIAN_POINT('Ctrl Pts',(211.35443943604,-134.622933092392,-1.));
#5111=CARTESIAN_POINT('',(212.853037333517,-137.221818303724,2.));
#5112=CARTESIAN_POINT('',(211.35443943604,-134.622933092392,-1.));
#5113=CARTESIAN_POINT('Origin',(211.35443943604,-134.622933092392,2.));
#5114=CARTESIAN_POINT('Origin',(209.855841538563,-132.024047881061,2.));
#5115=CARTESIAN_POINT('Origin',(209.855841538563,-132.024047881061,-1.));
#5116=CARTESIAN_POINT('Origin',(244.303891612484,-115.623256023417,2.));
#5117=CARTESIAN_POINT('',(225.747681887318,-129.786365928689,2.));
#5118=CARTESIAN_POINT('',(224.249083989841,-127.187480717358,-1.));
#5119=CARTESIAN_POINT('Origin',(224.249083989841,-127.187480717358,2.));
#5120=CARTESIAN_POINT('',(245.802489509961,-118.222141234748,2.));
#5121=CARTESIAN_POINT('',(244.303891612484,-115.623256023417,-1.));
#5122=CARTESIAN_POINT('Origin',(228.744877682272,-134.984136351352,2.));
#5123=CARTESIAN_POINT('',(227.957853024034,-129.035977628913,2.));
#5124=CARTESIAN_POINT('',(227.564340694916,-126.061898267694,-1.));
#5125=CARTESIAN_POINT('Origin',(227.564340694916,-126.061898267694,2.));
#5126=CARTESIAN_POINT('Origin',(228.744877682272,-134.984136351352,2.));
#5127=CARTESIAN_POINT('Origin',(228.744877682272,-134.984136351352,-1.));
#5128=CARTESIAN_POINT('Origin',(261.683533396284,-121.547451490438,2.));
#5129=CARTESIAN_POINT('',(263.146271201181,-124.380057354745,2.));
#5130=CARTESIAN_POINT('',(262.752758872062,-121.405977993525,-1.));
#5131=CARTESIAN_POINT('Origin',(262.752758872062,-121.405977993525,2.));
#5132=CARTESIAN_POINT('',(262.077045725403,-124.521530851657,2.));
#5133=CARTESIAN_POINT('',(261.683533396284,-121.547451490438,-1.));
#5134=CARTESIAN_POINT('Ctrl Pts',(263.146271201181,-124.380057354745,2.));
#5135=CARTESIAN_POINT('Ctrl Pts',(265.70657259491,-124.041293642576,2.));
#5136=CARTESIAN_POINT('Ctrl Pts',(267.220406030915,-121.948875804894,2.));
#5137=CARTESIAN_POINT('Ctrl Pts',(263.146271201181,-124.380057354745,-1.00000000000001));
#5138=CARTESIAN_POINT('Ctrl Pts',(265.70657259491,-124.041293642576,-1.00000000000001));
#5139=CARTESIAN_POINT('Ctrl Pts',(267.220406030915,-121.948875804894,-1.00000000000001));
#5140=CARTESIAN_POINT('Ctrl Pts',(262.752758872062,-121.405977993525,-1.));
#5141=CARTESIAN_POINT('Ctrl Pts',(264.032909568927,-121.236596137441,-1.));
#5142=CARTESIAN_POINT('Ctrl Pts',(264.789826286929,-120.1903872186,-1.));
#5143=CARTESIAN_POINT('',(267.220406030915,-121.948875804894,2.));
#5144=CARTESIAN_POINT('',(264.789826286929,-120.1903872186,-1.));
#5145=CARTESIAN_POINT('Origin',(264.789826286929,-120.1903872186,2.));
#5146=CARTESIAN_POINT('Origin',(262.359246542944,-118.431898632306,2.));
#5147=CARTESIAN_POINT('Origin',(262.359246542944,-118.431898632306,-1.));
#5148=CARTESIAN_POINT('Origin',(274.547396963416,-106.703490674816,2.));
#5149=CARTESIAN_POINT('',(273.345324587816,-113.483024451638,2.));
#5150=CARTESIAN_POINT('',(270.91474484383,-111.724535865344,-1.));
#5151=CARTESIAN_POINT('Origin',(270.91474484383,-111.724535865344,2.));
#5152=CARTESIAN_POINT('',(276.977976707402,-108.46197926111,2.));
#5153=CARTESIAN_POINT('',(274.547396963416,-106.703490674816,-1.));
#5154=CARTESIAN_POINT('Origin',(278.206484075787,-117.000001624227,2.));
#5155=CARTESIAN_POINT('',(278.206484075787,-111.000001624227,2.));
#5156=CARTESIAN_POINT('',(278.206484075787,-108.000001624227,-1.));
#5157=CARTESIAN_POINT('Origin',(278.206484075787,-108.000001624227,2.));
#5158=CARTESIAN_POINT('Origin',(278.206484075787,-117.000001624227,2.));
#5159=CARTESIAN_POINT('Origin',(278.206484075787,-117.000001624227,-1.));
#5160=CARTESIAN_POINT('Origin',(284.250000430271,-108.000001624227,2.));
#5161=CARTESIAN_POINT('',(309.803849018222,-111.000001624227,2.));
#5162=CARTESIAN_POINT('',(309.803849018222,-108.000001624227,-1.));
#5163=CARTESIAN_POINT('Origin',(309.803849018222,-108.000001624227,2.));
#5164=CARTESIAN_POINT('',(284.250000430271,-111.000001624227,2.));
#5165=CARTESIAN_POINT('',(284.250000430271,-108.000001624227,-1.));
#5166=CARTESIAN_POINT('Ctrl Pts',(309.803849018222,-111.000001624227,2.));
#5167=CARTESIAN_POINT('Ctrl Pts',(313.267950708877,-111.000001624227,2.));
#5168=CARTESIAN_POINT('Ctrl Pts',(315.000001497567,-108.000001526127,2.));
#5169=CARTESIAN_POINT('Ctrl Pts',(309.803849018222,-111.000001624227,-1.00000000000001));
#5170=CARTESIAN_POINT('Ctrl Pts',(313.267950708877,-111.000001624227,-1.00000000000001));
#5171=CARTESIAN_POINT('Ctrl Pts',(315.000001497567,-108.000001526127,-1.00000000000001));
#5172=CARTESIAN_POINT('Ctrl Pts',(309.803849018222,-108.000001624227,-1.));
#5173=CARTESIAN_POINT('Ctrl Pts',(311.53589986355,-108.000001624227,-1.));
#5174=CARTESIAN_POINT('Ctrl Pts',(312.401925257895,-106.500001575177,-1.));
#5175=CARTESIAN_POINT('Origin',(309.803849018222,-105.000001624227,-1.));
#5176=CARTESIAN_POINT('Origin',(309.803849018222,-105.000001624227,2.));
#5177=CARTESIAN_POINT('Origin',(226.527860428434,-36.0000006556511,0.));
#5178=CARTESIAN_POINT('',(226.527860428434,-42.0000006556511,10.1));
#5179=CARTESIAN_POINT('',(226.527860428434,-42.0000006556511,0.));
#5180=CARTESIAN_POINT('',(229.844486420631,-40.999999858439,10.1));
#5181=CARTESIAN_POINT('Origin',(226.527860428434,-36.0000006556511,10.1));
#5182=CARTESIAN_POINT('',(229.844486420631,-40.999999858439,0.));
#5183=CARTESIAN_POINT('Origin',(233.161112412829,-45.9999990612269,0.));
#5184=CARTESIAN_POINT('',(233.161112412829,-39.9999990612269,10.1));
#5185=CARTESIAN_POINT('Origin',(233.161112412829,-45.9999990612269,10.1));
#5186=CARTESIAN_POINT('',(233.161112412829,-39.9999990612269,0.));
#5187=CARTESIAN_POINT('Origin',(230.999997809529,-39.9999990612269,0.));
#5188=CARTESIAN_POINT('',(244.083918561428,-39.9999990612269,10.1));
#5189=CARTESIAN_POINT('',(242.249998586252,-39.9999990612269,10.1));
#5190=CARTESIAN_POINT('',(244.083918561428,-39.9999990612269,0.));
#5191=CARTESIAN_POINT('Origin',(244.083918561428,-33.9999990612269,0.));
#5192=CARTESIAN_POINT('',(248.957315198743,-37.4999998062849,10.1));
#5193=CARTESIAN_POINT('Origin',(244.083918561428,-33.9999990612269,10.1));
#5194=CARTESIAN_POINT('',(248.957315198743,-37.4999998062849,0.));
#5195=CARTESIAN_POINT('Origin',(253.830711836058,-41.000000551343,0.));
#5196=CARTESIAN_POINT('',(253.830711836058,-35.000000551343,10.1));
#5197=CARTESIAN_POINT('Origin',(253.830711836058,-41.000000551343,10.1));
#5198=CARTESIAN_POINT('',(253.830711836058,-35.000000551343,0.));
#5199=CARTESIAN_POINT('Origin',(249.999998092651,-35.000000551343,0.));
#5200=CARTESIAN_POINT('',(274.258896900012,-35.000000551343,10.1));
#5201=CARTESIAN_POINT('',(251.749998727813,-35.000000551343,10.1));
#5202=CARTESIAN_POINT('',(274.258896900012,-35.000000551343,0.));
#5203=CARTESIAN_POINT('Origin',(274.258896900012,-41.000000551343,0.));
#5204=CARTESIAN_POINT('',(278.227523891953,-36.5000005736947,10.1));
#5205=CARTESIAN_POINT('Origin',(274.258896900012,-41.000000551343,10.1));
#5206=CARTESIAN_POINT('',(278.227523891953,-36.5000005736947,0.));
#5207=CARTESIAN_POINT('Origin',(282.196150883894,-32.0000005960465,0.));
#5208=CARTESIAN_POINT('',(282.196150883894,-38.0000005960465,10.1));
#5209=CARTESIAN_POINT('Origin',(282.196150883894,-32.0000005960465,10.1));
#5210=CARTESIAN_POINT('',(282.196150883894,-38.0000005960465,0.));
#5211=CARTESIAN_POINT('Origin',(276.999998435378,-38.0000005960465,0.));
#5212=CARTESIAN_POINT('',(290.686290177369,-38.0000005960465,10.1));
#5213=CARTESIAN_POINT('',(265.249998899177,-38.0000005960464,10.1));
#5214=CARTESIAN_POINT('',(290.686290177369,-38.0000005960465,0.));
#5215=CARTESIAN_POINT('Origin',(290.686290177369,-44.0000005960465,0.));
#5216=CARTESIAN_POINT('',(296.343144447934,-42.0000006556511,10.1));
#5217=CARTESIAN_POINT('Origin',(290.686290177369,-44.0000005960465,10.1));
#5218=CARTESIAN_POINT('',(296.343144447934,-42.0000006556511,0.));
#5219=CARTESIAN_POINT('Origin',(301.9999987185,-40.0000007152558,0.));
#5220=CARTESIAN_POINT('',(301.9999987185,-46.0000007152558,10.1));
#5221=CARTESIAN_POINT('Origin',(301.9999987185,-40.0000007152558,10.1));
#5222=CARTESIAN_POINT('',(301.9999987185,-46.0000007152558,0.));
#5223=CARTESIAN_POINT('Origin',(295.9999987185,-46.0000007152558,0.));
#5224=CARTESIAN_POINT('',(308.999999168018,-46.0000007152558,10.1));
#5225=CARTESIAN_POINT('',(274.749999040738,-46.0000007152558,10.1));
#5226=CARTESIAN_POINT('',(308.999999168018,-46.0000007152558,0.));
#5227=CARTESIAN_POINT('Origin',(308.999999168018,-52.0000007152558,0.));
#5228=CARTESIAN_POINT('',(314.999999168018,-52.0000004656613,10.1));
#5229=CARTESIAN_POINT('Origin',(308.999999168018,-52.0000007152558,10.1));
#5230=CARTESIAN_POINT('',(314.999999168018,-52.0000004656613,0.));
#5231=CARTESIAN_POINT('Origin',(314.999998918424,-46.0000007152558,0.));
#5232=CARTESIAN_POINT('',(315.000001497567,-108.000001526127,10.1));
#5233=CARTESIAN_POINT('',(314.999999783882,-66.8047527409614,10.1));
#5234=CARTESIAN_POINT('',(315.000001497567,-108.000001526127,0.));
#5235=CARTESIAN_POINT('Origin',(253.499999362975,-87.6095073250102,-1.));
#5236=CARTESIAN_POINT('Origin',(236.581564497878,-120.039907852864,10.6));
#5237=CARTESIAN_POINT('',(226.171100175755,-126.042904782806,11.1));
#5238=CARTESIAN_POINT('',(209.072073730504,-135.902734285098,11.1));
#5239=CARTESIAN_POINT('',(236.581564497878,-120.039907852864,11.1));
#5240=CARTESIAN_POINT('',(226.007224427072,-125.560230079781,10.6));
#5241=CARTESIAN_POINT('Origin',(226.171100175755,-126.042904782806,10.6));
#5242=CARTESIAN_POINT('',(209.254942688481,-135.220115819225,10.6));
#5243=CARTESIAN_POINT('',(236.331798181632,-119.606760317643,10.6));
#5244=CARTESIAN_POINT('Origin',(209.072073730504,-135.902734285098,10.6));
#5245=CARTESIAN_POINT('Origin',(197.249467086076,-115.455788772965,10.6));
#5246=CARTESIAN_POINT('',(195.101341666667,-111.740651771041,11.1));
#5247=CARTESIAN_POINT('',(197.249467086076,-115.455788772965,11.1));
#5248=CARTESIAN_POINT('',(195.601341666667,-111.606504664444,10.6));
#5249=CARTESIAN_POINT('',(197.682318757764,-115.205510067683,10.6));
#5250=CARTESIAN_POINT('Origin',(195.101341666667,-111.740651771041,10.6));
#5251=CARTESIAN_POINT('Origin',(263.262890457442,-107.899219791667,10.6));
#5252=CARTESIAN_POINT('',(273.230096825544,-107.399219791667,10.6));
#5253=CARTESIAN_POINT('',(310.400503125,-107.399219791667,10.6));
#5254=CARTESIAN_POINT('',(263.262890457442,-107.399219791667,10.6));
#5255=CARTESIAN_POINT('',(273.485490917587,-107.899219791667,11.1));
#5256=CARTESIAN_POINT('Origin',(273.485490917587,-107.899219791667,10.6));
#5257=CARTESIAN_POINT('',(310.400503125,-107.899219791667,11.1));
#5258=CARTESIAN_POINT('',(263.262890457442,-107.899219791667,11.1));
#5259=CARTESIAN_POINT('Origin',(310.400503125,-107.899219791667,10.6));
#5260=CARTESIAN_POINT('Origin',(310.400503125,-106.399219791667,10.6));
#5261=CARTESIAN_POINT('',(311.400503125,-106.399219791667,10.6));
#5262=CARTESIAN_POINT('',(311.900503125,-106.399219791667,11.1));
#5263=CARTESIAN_POINT('Origin',(311.900503125,-106.399219791667,10.6));
#5264=CARTESIAN_POINT('Origin',(310.400503125,-106.399219791667,10.6));
#5265=CARTESIAN_POINT('Origin',(310.400503125,-106.399219791667,11.1));
#5266=CARTESIAN_POINT('Origin',(311.900503125,-97.3043635583385,10.6));
#5267=CARTESIAN_POINT('',(311.400503125,-50.5999989412317,10.6));
#5268=CARTESIAN_POINT('',(311.900503125,-50.5999989412317,11.1));
#5269=CARTESIAN_POINT('Origin',(311.900503125,-50.5999989412317,10.6));
#5270=CARTESIAN_POINT('',(311.400503125,-97.3043635583385,10.6));
#5271=CARTESIAN_POINT('',(311.900503125,-97.3043635583385,11.1));
#5272=CARTESIAN_POINT('Origin',(310.400503125,-50.5999989412317,10.6));
#5273=CARTESIAN_POINT('',(310.400503026969,-49.5999989412317,10.6));
#5274=CARTESIAN_POINT('',(310.400502977953,-49.0999989412317,11.1));
#5275=CARTESIAN_POINT('Origin',(310.400502977953,-49.0999989412317,10.6));
#5276=CARTESIAN_POINT('Origin',(310.400503125,-50.5999989412317,10.6));
#5277=CARTESIAN_POINT('Origin',(310.400503125,-50.5999989412317,11.1));
#5278=CARTESIAN_POINT('Origin',(282.250249312304,-49.1000017008392,10.6));
#5279=CARTESIAN_POINT('',(293.399998786729,-49.6000006078142,10.6));
#5280=CARTESIAN_POINT('',(293.399998737713,-49.1000006078142,11.1));
#5281=CARTESIAN_POINT('Origin',(293.399998737713,-49.1000006078142,10.6));
#5282=CARTESIAN_POINT('',(282.25024936132,-49.6000017008392,10.6));
#5283=CARTESIAN_POINT('',(282.250249312304,-49.1000017008392,11.1));
#5284=CARTESIAN_POINT('Ctrl Pts',(292.899998688698,-48.6000006078142,11.1));
#5285=CARTESIAN_POINT('Ctrl Pts',(292.899998688698,-49.1000006568298,11.1));
#5286=CARTESIAN_POINT('Ctrl Pts',(293.399998737714,-49.1000006078142,11.1));
#5287=CARTESIAN_POINT('Ctrl Pts',(292.399998688698,-48.6000006078142,11.1));
#5288=CARTESIAN_POINT('Ctrl Pts',(292.399998688698,-49.6000007058456,11.1));
#5289=CARTESIAN_POINT('Ctrl Pts',(293.399998786729,-49.6000006078142,11.1));
#5290=CARTESIAN_POINT('Ctrl Pts',(292.399998688698,-48.6000006078142,10.6));
#5291=CARTESIAN_POINT('Ctrl Pts',(292.399998688698,-49.6000007058456,10.6));
#5292=CARTESIAN_POINT('Ctrl Pts',(293.399998786729,-49.6000006078142,10.6));
#5293=CARTESIAN_POINT('',(292.399998688698,-48.6000006078142,10.6));
#5294=CARTESIAN_POINT('',(292.899998688698,-48.6000006078142,11.1));
#5295=CARTESIAN_POINT('Origin',(292.899998688698,-48.6000006078142,10.6));
#5296=CARTESIAN_POINT('Origin',(293.399998688698,-48.6000006078142,10.6));
#5297=CARTESIAN_POINT('Origin',(293.399998688698,-48.6000006078142,11.1));
#5298=CARTESIAN_POINT('Origin',(292.899998688698,-68.8047540350341,10.6));
#5299=CARTESIAN_POINT('',(292.399998688698,-42.6000006258488,10.6));
#5300=CARTESIAN_POINT('',(292.899998688698,-42.6000006258488,11.1));
#5301=CARTESIAN_POINT('Origin',(292.899998688698,-42.6000006258488,10.6));
#5302=CARTESIAN_POINT('',(292.399998688698,-68.8047540350341,10.6));
#5303=CARTESIAN_POINT('',(292.899998688698,-68.8047540350341,11.1));
#5304=CARTESIAN_POINT('Origin',(291.399998688698,-42.6000006258488,10.6));
#5305=CARTESIAN_POINT('',(291.399998688698,-41.6000006258488,10.6));
#5306=CARTESIAN_POINT('',(291.399998688698,-41.1000006258488,11.1));
#5307=CARTESIAN_POINT('Origin',(291.399998688698,-41.1000006258488,10.6));
#5308=CARTESIAN_POINT('Origin',(291.399998688698,-42.6000006258488,10.6));
#5309=CARTESIAN_POINT('Origin',(291.399998688698,-42.6000006258488,11.1));
#5310=CARTESIAN_POINT('Origin',(272.749999025837,-41.1000006258488,10.6));
#5311=CARTESIAN_POINT('',(274.399998405576,-41.6000006258488,10.6));
#5312=CARTESIAN_POINT('',(274.399998405576,-41.1000006258488,11.1));
#5313=CARTESIAN_POINT('Origin',(274.399998405576,-41.1000006258488,10.6));
#5314=CARTESIAN_POINT('',(272.749999025837,-41.6000006258488,10.6));
#5315=CARTESIAN_POINT('',(272.749999025837,-41.1000006258488,11.1));
#5316=CARTESIAN_POINT('Ctrl Pts',(273.899998405576,-40.6000006258488,11.1));
#5317=CARTESIAN_POINT('Ctrl Pts',(273.899998405576,-41.1000006258488,11.1));
#5318=CARTESIAN_POINT('Ctrl Pts',(274.399998405576,-41.1000006258488,11.1));
#5319=CARTESIAN_POINT('Ctrl Pts',(273.399998405576,-40.6000006258488,11.1));
#5320=CARTESIAN_POINT('Ctrl Pts',(273.399998405576,-41.6000006258488,11.1));
#5321=CARTESIAN_POINT('Ctrl Pts',(274.399998405576,-41.6000006258488,11.1));
#5322=CARTESIAN_POINT('Ctrl Pts',(273.399998405576,-40.6000006258488,10.6));
#5323=CARTESIAN_POINT('Ctrl Pts',(273.399998405576,-41.6000006258488,10.6));
#5324=CARTESIAN_POINT('Ctrl Pts',(274.399998405576,-41.6000006258488,10.6));
#5325=CARTESIAN_POINT('',(273.399998405576,-40.6000006258488,10.6));
#5326=CARTESIAN_POINT('',(273.899998405576,-40.6000006258488,11.1));
#5327=CARTESIAN_POINT('Origin',(273.899998405576,-40.6000006258488,10.6));
#5328=CARTESIAN_POINT('Origin',(274.399998405576,-40.6000006258488,10.6));
#5329=CARTESIAN_POINT('Origin',(274.399998405576,-40.6000006258488,11.1));
#5330=CARTESIAN_POINT('Origin',(273.899998405576,-64.8047539754295,10.6));
#5331=CARTESIAN_POINT('',(273.399998405576,-39.6000005811453,10.6));
#5332=CARTESIAN_POINT('',(273.899998405576,-39.6000005811453,11.1));
#5333=CARTESIAN_POINT('Origin',(273.899998405576,-39.6000005811453,10.6));
#5334=CARTESIAN_POINT('',(273.399998405576,-64.8047539754295,10.6));
#5335=CARTESIAN_POINT('',(273.899998405576,-64.8047539754295,11.1));
#5336=CARTESIAN_POINT('Origin',(272.399998405576,-39.6000005811453,10.6));
#5337=CARTESIAN_POINT('',(272.399998405576,-38.6000005811453,10.6));
#5338=CARTESIAN_POINT('',(272.399998405576,-38.1000005811453,11.1));
#5339=CARTESIAN_POINT('Origin',(272.399998405576,-38.1000005811453,10.6));
#5340=CARTESIAN_POINT('Origin',(272.399998405576,-39.6000005811453,10.6));
#5341=CARTESIAN_POINT('Origin',(272.399998405576,-39.6000005811453,11.1));
#5342=CARTESIAN_POINT('Origin',(263.249998884276,-38.1000005811453,10.6));
#5343=CARTESIAN_POINT('',(254.599998122454,-38.6000005811453,10.6));
#5344=CARTESIAN_POINT('',(254.599998122454,-38.1000005811453,11.1));
#5345=CARTESIAN_POINT('Origin',(254.599998122454,-38.1000005811453,10.6));
#5346=CARTESIAN_POINT('',(263.249998884276,-38.6000005811453,10.6));
#5347=CARTESIAN_POINT('',(263.249998884276,-38.1000005811453,11.1));
#5348=CARTESIAN_POINT('Origin',(254.599998122454,-39.6000005811453,10.6));
#5349=CARTESIAN_POINT('',(253.599998122454,-39.6000005811453,10.6));
#5350=CARTESIAN_POINT('',(253.099998122454,-39.6000005811453,11.1));
#5351=CARTESIAN_POINT('Origin',(253.099998122454,-39.6000005811453,10.6));
#5352=CARTESIAN_POINT('Origin',(254.599998122454,-39.6000005811453,10.6));
#5353=CARTESIAN_POINT('Origin',(254.599998122454,-39.6000005811453,11.1));
#5354=CARTESIAN_POINT('Origin',(253.099998122454,-63.3047539530777,10.6));
#5355=CARTESIAN_POINT('',(253.599998122454,-42.5999990165234,10.6));
#5356=CARTESIAN_POINT('',(253.099998122454,-42.5999990165234,11.1));
#5357=CARTESIAN_POINT('Origin',(253.099998122454,-42.5999990165234,10.6));
#5358=CARTESIAN_POINT('',(253.599998122454,-63.3047539530777,10.6));
#5359=CARTESIAN_POINT('',(253.099998122454,-63.3047539530777,11.1));
#5360=CARTESIAN_POINT('Ctrl Pts',(252.599998122454,-43.0999990165234,11.1));
#5361=CARTESIAN_POINT('Ctrl Pts',(253.099998122454,-43.0999990165234,11.1));
#5362=CARTESIAN_POINT('Ctrl Pts',(253.099998122454,-42.5999990165234,11.1));
#5363=CARTESIAN_POINT('Ctrl Pts',(252.599998122454,-43.5999990165234,11.1));
#5364=CARTESIAN_POINT('Ctrl Pts',(253.599998122454,-43.5999990165234,11.1));
#5365=CARTESIAN_POINT('Ctrl Pts',(253.599998122454,-42.5999990165234,11.1));
#5366=CARTESIAN_POINT('Ctrl Pts',(252.599998122454,-43.5999990165234,10.6));
#5367=CARTESIAN_POINT('Ctrl Pts',(253.599998122454,-43.5999990165234,10.6));
#5368=CARTESIAN_POINT('Ctrl Pts',(253.599998122454,-42.5999990165234,10.6));
#5369=CARTESIAN_POINT('',(252.599998122454,-43.5999990165234,10.6));
#5370=CARTESIAN_POINT('',(252.599998122454,-43.0999990165234,11.1));
#5371=CARTESIAN_POINT('Origin',(252.599998122454,-43.0999990165234,10.6));
#5372=CARTESIAN_POINT('Origin',(252.599998122454,-42.5999990165234,10.6));
#5373=CARTESIAN_POINT('Origin',(252.599998122454,-42.5999990165234,11.1));
#5374=CARTESIAN_POINT('Origin',(253.749998742715,-43.0999990165234,10.6));
#5375=CARTESIAN_POINT('',(235.599997839332,-43.5999990165234,10.6));
#5376=CARTESIAN_POINT('',(235.599997839332,-43.0999990165234,11.1));
#5377=CARTESIAN_POINT('Origin',(235.599997839332,-43.0999990165234,10.6));
#5378=CARTESIAN_POINT('',(253.749998742715,-43.5999990165234,10.6));
#5379=CARTESIAN_POINT('',(253.749998742715,-43.0999990165234,11.1));
#5380=CARTESIAN_POINT('Origin',(235.599997839332,-44.5999990165233,10.6));
#5381=CARTESIAN_POINT('',(234.599997839332,-44.5999990165233,10.6));
#5382=CARTESIAN_POINT('',(234.099997839332,-44.5999990165233,11.1));
#5383=CARTESIAN_POINT('Origin',(234.099997839332,-44.5999990165233,10.6));
#5384=CARTESIAN_POINT('Origin',(235.599997839332,-44.5999990165233,10.6));
#5385=CARTESIAN_POINT('Origin',(235.599997839332,-44.5999990165233,11.1));
#5386=CARTESIAN_POINT('Ctrl Pts',(233.599997839332,-45.0999989718199,11.1));
#5387=CARTESIAN_POINT('Ctrl Pts',(234.09999781698,-45.0999989718199,11.1));
#5388=CARTESIAN_POINT('Ctrl Pts',(234.099997839332,-44.5999989941716,11.1));
#5389=CARTESIAN_POINT('Ctrl Pts',(233.599997839332,-45.5999989718199,11.1));
#5390=CARTESIAN_POINT('Ctrl Pts',(234.599997794628,-45.5999989718199,11.1));
#5391=CARTESIAN_POINT('Ctrl Pts',(234.599997839332,-44.5999990165233,11.1));
#5392=CARTESIAN_POINT('Ctrl Pts',(233.599997839332,-45.5999989718199,10.6));
#5393=CARTESIAN_POINT('Ctrl Pts',(234.599997794628,-45.5999989718199,10.6));
#5394=CARTESIAN_POINT('Ctrl Pts',(234.599997839332,-44.5999990165233,10.6));
#5395=CARTESIAN_POINT('',(233.599997839332,-45.5999989718199,10.6));
#5396=CARTESIAN_POINT('',(233.599997839332,-45.0999989718199,11.1));
#5397=CARTESIAN_POINT('Origin',(233.599997839332,-45.0999989718199,10.6));
#5398=CARTESIAN_POINT('Origin',(233.599997839332,-44.5999989718199,10.6));
#5399=CARTESIAN_POINT('Origin',(233.599997839332,-44.5999989718199,11.1));
#5400=CARTESIAN_POINT('Origin',(244.249998601153,-45.0999989718199,10.6));
#5401=CARTESIAN_POINT('',(214.999997526407,-45.5999989718199,10.6));
#5402=CARTESIAN_POINT('',(214.999997526407,-45.0999989718199,11.1));
#5403=CARTESIAN_POINT('Origin',(214.999997526407,-45.0999989718199,10.6));
#5404=CARTESIAN_POINT('',(244.249998601153,-45.5999989718199,10.6));
#5405=CARTESIAN_POINT('',(244.249998601153,-45.0999989718199,11.1));
#5406=CARTESIAN_POINT('Ctrl Pts',(214.999997526407,-45.5999989718199,10.6));
#5407=CARTESIAN_POINT('Ctrl Pts',(214.499997526407,-45.5999989718199,10.6));
#5408=CARTESIAN_POINT('Ctrl Pts',(214.499997526407,-45.5999989718199,10.1));
#5409=CARTESIAN_POINT('Ctrl Pts',(214.999997526407,-45.5999989718199,11.1));
#5410=CARTESIAN_POINT('Ctrl Pts',(213.999997526407,-45.5999989718199,11.1));
#5411=CARTESIAN_POINT('Ctrl Pts',(213.999997526407,-45.5999989718199,10.1));
#5412=CARTESIAN_POINT('Ctrl Pts',(214.999997526407,-45.0999989718199,11.1));
#5413=CARTESIAN_POINT('Ctrl Pts',(213.999997526407,-45.0999989718199,11.1));
#5414=CARTESIAN_POINT('Ctrl Pts',(213.999997526407,-45.0999989718199,10.1));
#5415=CARTESIAN_POINT('',(214.499997526407,-45.5999989718199,10.1));
#5416=CARTESIAN_POINT('',(213.999997526407,-45.0999989718199,10.1));
#5417=CARTESIAN_POINT('Origin',(214.499997526407,-45.0999989718199,10.1));
#5418=CARTESIAN_POINT('Origin',(214.999997526407,-45.5999989718199,10.1));
#5419=CARTESIAN_POINT('Origin',(214.999997526407,-45.0999989718199,10.1));
#5420=CARTESIAN_POINT('Origin',(214.499997526407,-45.0999989718199,0.));
#5421=CARTESIAN_POINT('',(214.499997526407,-45.5999989718199,7.6));
#5422=CARTESIAN_POINT('',(213.999997526407,-45.0999989718199,7.6));
#5423=CARTESIAN_POINT('Origin',(214.499997526407,-45.0999989718199,7.6));
#5424=CARTESIAN_POINT('',(214.499997526407,-45.5999989718199,0.));
#5425=CARTESIAN_POINT('',(213.999997526407,-45.0999989718199,0.));
#5426=CARTESIAN_POINT('Origin',(212.999997526407,-45.0999989718199,7.6));
#5427=CARTESIAN_POINT('',(212.999997526407,-45.5999989718199,6.1));
#5428=CARTESIAN_POINT('',(212.999997526407,-45.0999989718199,6.6));
#5429=CARTESIAN_POINT('Origin',(212.999997526407,-45.0999989718199,6.1));
#5430=CARTESIAN_POINT('Origin',(212.999997526407,-45.5999989718199,7.6));
#5431=CARTESIAN_POINT('Origin',(212.999997526407,-45.0999989718199,7.6));
#5432=CARTESIAN_POINT('Origin',(244.249998601153,-45.0999989718199,6.1));
#5433=CARTESIAN_POINT('',(198.999997287989,-45.5999989718199,6.1));
#5434=CARTESIAN_POINT('',(198.999997287989,-45.0999989718199,6.6));
#5435=CARTESIAN_POINT('Origin',(198.999997287989,-45.0999989718199,6.1));
#5436=CARTESIAN_POINT('',(244.249998601153,-45.5999989718199,6.1));
#5437=CARTESIAN_POINT('',(244.249998601153,-45.0999989718199,6.6));
#5438=CARTESIAN_POINT('Origin',(198.999997287989,-45.0999989718199,7.6));
#5439=CARTESIAN_POINT('',(197.499997287989,-45.5999989718199,7.6));
#5440=CARTESIAN_POINT('',(197.999997287989,-45.0999989718199,7.6));
#5441=CARTESIAN_POINT('Origin',(197.499997287989,-45.0999989718199,7.6));
#5442=CARTESIAN_POINT('Origin',(198.999997287989,-45.5999989718199,7.6));
#5443=CARTESIAN_POINT('Origin',(198.999997287989,-45.0999989718199,7.6));
#5444=CARTESIAN_POINT('Origin',(197.499997287989,-45.0999989718199,0.));
#5445=CARTESIAN_POINT('',(197.499997287989,-45.5999989718199,15.1));
#5446=CARTESIAN_POINT('',(197.999997287989,-45.0999989718199,15.1));
#5447=CARTESIAN_POINT('Origin',(197.499997287989,-45.0999989718199,15.1));
#5448=CARTESIAN_POINT('',(197.499997287989,-45.5999989718199,0.));
#5449=CARTESIAN_POINT('',(197.999997287989,-45.0999989718199,0.));
#5450=CARTESIAN_POINT('Ctrl Pts',(197.499997287989,-45.5999989718199,15.1));
#5451=CARTESIAN_POINT('Ctrl Pts',(197.499997287989,-45.5999989718199,15.6));
#5452=CARTESIAN_POINT('Ctrl Pts',(196.999997287989,-45.5999989718199,15.6));
#5453=CARTESIAN_POINT('Ctrl Pts',(197.999997287989,-45.5999989718199,15.1));
#5454=CARTESIAN_POINT('Ctrl Pts',(197.999997287989,-45.5999989718199,16.1));
#5455=CARTESIAN_POINT('Ctrl Pts',(196.999997287989,-45.5999989718199,16.1));
#5456=CARTESIAN_POINT('Ctrl Pts',(197.999997287989,-45.0999989718199,15.1));
#5457=CARTESIAN_POINT('Ctrl Pts',(197.999997287989,-45.0999989718199,16.1));
#5458=CARTESIAN_POINT('Ctrl Pts',(196.999997287989,-45.0999989718199,16.1));
#5459=CARTESIAN_POINT('',(196.999997287989,-45.5999989718199,15.6));
#5460=CARTESIAN_POINT('',(196.999997287989,-45.0999989718199,16.1));
#5461=CARTESIAN_POINT('Origin',(196.999997287989,-45.0999989718199,15.6));
#5462=CARTESIAN_POINT('Origin',(196.999997287989,-45.5999989718199,15.1));
#5463=CARTESIAN_POINT('Origin',(196.999997287989,-45.0999989718199,15.1));
#5464=CARTESIAN_POINT('Origin',(214.999997548759,-45.0999989718199,15.6));
#5465=CARTESIAN_POINT('',(196.601341666667,-45.5999989718199,15.6));
#5466=CARTESIAN_POINT('',(196.601341666667,-45.0999989718199,16.1));
#5467=CARTESIAN_POINT('Origin',(196.601341666667,-45.0999989718199,15.6));
#5468=CARTESIAN_POINT('',(214.999997548759,-45.5999989718199,15.6));
#5469=CARTESIAN_POINT('',(214.999997548759,-45.0999989718199,16.1));
#5470=CARTESIAN_POINT('Origin',(196.601341666667,-46.5999989718199,15.6));
#5471=CARTESIAN_POINT('',(195.601341666667,-46.5999989718199,15.6));
#5472=CARTESIAN_POINT('',(195.101341666667,-46.5999989718199,16.1));
#5473=CARTESIAN_POINT('Origin',(195.101341666667,-46.5999989718199,15.6));
#5474=CARTESIAN_POINT('Origin',(196.601341666667,-46.5999989718199,15.6));
#5475=CARTESIAN_POINT('Origin',(196.601341666667,-46.5999989718199,16.1));
#5476=CARTESIAN_POINT('Origin',(195.101341666667,-82.0000012516975,15.6));
#5477=CARTESIAN_POINT('',(195.601341666667,-81.0000012218952,15.6));
#5478=CARTESIAN_POINT('',(195.101341666667,-81.0000012218952,16.1));
#5479=CARTESIAN_POINT('Origin',(195.101341666667,-81.0000012218952,15.6));
#5480=CARTESIAN_POINT('',(195.601341666667,-82.0000012516975,15.6));
#5481=CARTESIAN_POINT('',(195.101341666667,-82.0000012516975,16.1));
#5482=CARTESIAN_POINT('Ctrl Pts',(195.601341666667,-81.0000012218952,15.6));
#5483=CARTESIAN_POINT('Ctrl Pts',(195.601341666667,-81.5000012218952,15.6));
#5484=CARTESIAN_POINT('Ctrl Pts',(195.601341666667,-81.5000012218952,15.1));
#5485=CARTESIAN_POINT('Ctrl Pts',(195.601341666667,-81.0000012218952,16.1000000000002));
#5486=CARTESIAN_POINT('Ctrl Pts',(195.601341666667,-82.0000012218954,16.1000000000002));
#5487=CARTESIAN_POINT('Ctrl Pts',(195.601341666667,-82.0000012218954,15.1));
#5488=CARTESIAN_POINT('Ctrl Pts',(195.101341666667,-81.0000012218952,16.1));
#5489=CARTESIAN_POINT('Ctrl Pts',(195.101341666667,-82.0000012218952,16.1));
#5490=CARTESIAN_POINT('Ctrl Pts',(195.101341666667,-82.0000012218952,15.1));
#5491=CARTESIAN_POINT('',(195.601341666667,-81.5000012218952,15.1));
#5492=CARTESIAN_POINT('',(195.101341666667,-82.0000012218952,15.1));
#5493=CARTESIAN_POINT('Origin',(195.101341666667,-81.5000012218952,15.1));
#5494=CARTESIAN_POINT('Origin',(195.601341666667,-81.0000012218952,15.1));
#5495=CARTESIAN_POINT('Origin',(195.101341666667,-81.0000012218952,15.1));
#5496=CARTESIAN_POINT('Origin',(195.101341666667,-81.5000012218952,0.));
#5497=CARTESIAN_POINT('',(195.601341666667,-81.5000012218952,7.6));
#5498=CARTESIAN_POINT('',(195.101341666667,-82.0000012218952,7.6));
#5499=CARTESIAN_POINT('Origin',(195.101341666667,-81.5000012218952,7.6));
#5500=CARTESIAN_POINT('',(195.601341666667,-81.5000012218952,0.));
#5501=CARTESIAN_POINT('',(195.101341666667,-82.0000012218952,0.));
#5502=CARTESIAN_POINT('Origin',(195.101341666667,-83.0000012218952,7.6));
#5503=CARTESIAN_POINT('',(195.601341666667,-83.0000012218952,6.1));
#5504=CARTESIAN_POINT('',(195.101341666667,-83.0000012218952,6.6));
#5505=CARTESIAN_POINT('Origin',(195.101341666667,-83.0000012218952,6.1));
#5506=CARTESIAN_POINT('Origin',(195.601341666667,-83.0000012218952,7.6));
#5507=CARTESIAN_POINT('Origin',(195.101341666667,-83.0000012218952,7.6));
#5508=CARTESIAN_POINT('Origin',(195.101341666667,-97.0000014789402,6.1));
#5509=CARTESIAN_POINT('',(195.601341666667,-101.000001564622,6.1));
#5510=CARTESIAN_POINT('',(195.101341666667,-101.000001564622,6.6));
#5511=CARTESIAN_POINT('Origin',(195.101341666667,-101.000001564622,6.1));
#5512=CARTESIAN_POINT('',(195.601341666667,-97.0000014789402,6.1));
#5513=CARTESIAN_POINT('',(195.101341666667,-97.0000014789402,6.6));
#5514=CARTESIAN_POINT('Origin',(195.101341666667,-101.000001564622,7.6));
#5515=CARTESIAN_POINT('',(195.601341666667,-102.500001564622,7.6));
#5516=CARTESIAN_POINT('',(195.101341666667,-102.000001564622,7.6));
#5517=CARTESIAN_POINT('Origin',(195.101341666667,-102.500001564622,7.6));
#5518=CARTESIAN_POINT('Origin',(195.601341666667,-101.000001564622,7.6));
#5519=CARTESIAN_POINT('Origin',(195.101341666667,-101.000001564622,7.6));
#5520=CARTESIAN_POINT('Origin',(195.101341666667,-102.500001564622,0.));
#5521=CARTESIAN_POINT('',(195.601341666667,-102.500001564622,10.1));
#5522=CARTESIAN_POINT('',(195.101341666667,-102.000001564622,10.1));
#5523=CARTESIAN_POINT('Origin',(195.101341666667,-102.500001564622,10.1));
#5524=CARTESIAN_POINT('',(195.601341666667,-102.500001564622,0.));
#5525=CARTESIAN_POINT('',(195.101341666667,-102.000001564622,0.));
#5526=CARTESIAN_POINT('Ctrl Pts',(195.601341666667,-102.500001564622,10.1));
#5527=CARTESIAN_POINT('Ctrl Pts',(195.601341666667,-102.500001564622,10.6));
#5528=CARTESIAN_POINT('Ctrl Pts',(195.601341666667,-103.000001564622,10.6));
#5529=CARTESIAN_POINT('Ctrl Pts',(195.601341666667,-102.000001564622,10.1));
#5530=CARTESIAN_POINT('Ctrl Pts',(195.601341666667,-102.000001564622,11.1));
#5531=CARTESIAN_POINT('Ctrl Pts',(195.601341666667,-103.000001564622,11.1));
#5532=CARTESIAN_POINT('Ctrl Pts',(195.101341666667,-102.000001564622,10.1));
#5533=CARTESIAN_POINT('Ctrl Pts',(195.101341666667,-102.000001564622,11.1));
#5534=CARTESIAN_POINT('Ctrl Pts',(195.101341666667,-103.000001564622,11.1));
#5535=CARTESIAN_POINT('',(195.601341666667,-103.000001564622,10.6));
#5536=CARTESIAN_POINT('',(195.101341666667,-103.000001564622,11.1));
#5537=CARTESIAN_POINT('Origin',(195.101341666667,-103.000001564622,10.6));
#5538=CARTESIAN_POINT('Origin',(195.601341666667,-103.000001564622,10.1));
#5539=CARTESIAN_POINT('Origin',(195.101341666667,-103.000001564622,10.1));
#5540=CARTESIAN_POINT('Origin',(195.101341666667,-94.8047544448161,10.6));
#5541=CARTESIAN_POINT('',(195.101341666667,-94.8047544448161,11.1));
#5542=CARTESIAN_POINT('',(195.601341666667,-94.8047544448161,10.6));
#5543=CARTESIAN_POINT('Origin',(270.229724843484,-112.399333771675,10.6));
#5544=CARTESIAN_POINT('',(263.699003205722,-120.573080157282,10.6));
#5545=CARTESIAN_POINT('',(269.824628219487,-112.106252340626,10.6));
#5546=CARTESIAN_POINT('',(263.977947043385,-121.040529741472,11.1));
#5547=CARTESIAN_POINT('Origin',(263.977947043385,-121.040529741472,10.6));
#5548=CARTESIAN_POINT('',(270.229724843484,-112.399333771675,11.1));
#5549=CARTESIAN_POINT('Origin',(242.010871205053,-123.947081358683,10.6));
#5550=CARTESIAN_POINT('',(241.945285816867,-123.451401465146,10.6));
#5551=CARTESIAN_POINT('',(242.010871205053,-123.947081358683,11.1));
#5552=CARTESIAN_POINT('Origin',(212.999997526407,-66.804753148415,7.6));
#5553=CARTESIAN_POINT('',(213.999997526407,-43.0000006556511,7.6));
#5554=CARTESIAN_POINT('',(213.999997526407,-66.804753148415,7.6));
#5555=CARTESIAN_POINT('',(212.999997526407,-43.0000006556511,6.6));
#5556=CARTESIAN_POINT('Origin',(212.999997526407,-43.0000006556511,7.6));
#5557=CARTESIAN_POINT('',(212.999997526407,-66.804753148415,6.6));
#5558=CARTESIAN_POINT('Origin',(253.499999362975,-87.6095073250102,6.6));
#5559=CARTESIAN_POINT('',(198.999997287989,-43.0000006556511,6.6));
#5560=CARTESIAN_POINT('',(222.74999829568,-43.0000006556511,6.6));
#5561=CARTESIAN_POINT('',(198.999997287989,-64.8047539903307,6.6));
#5562=CARTESIAN_POINT('Origin',(198.999997287989,-64.8047539903307,7.6));
#5563=CARTESIAN_POINT('',(198.499997258186,-43.0000006556511,6.73397461342195));
#5564=CARTESIAN_POINT('Origin',(198.999997287989,-43.0000006556511,7.6));
#5565=CARTESIAN_POINT('',(197.999997287989,-43.101021157918,7.6));
#5566=CARTESIAN_POINT('Ctrl Pts',(198.499997258186,-43.0000006556511,6.73397461342196));
#5567=CARTESIAN_POINT('Ctrl Pts',(198.34863778103,-43.0000006556511,6.82136205524776));
#5568=CARTESIAN_POINT('Ctrl Pts',(198.093851144311,-43.0570920803517,7.07662247586483));
#5569=CARTESIAN_POINT('Ctrl Pts',(197.999997287989,-43.101021157918,7.42522512676578));
#5570=CARTESIAN_POINT('Ctrl Pts',(197.999997287989,-43.101021157918,7.60000000000001));
#5571=CARTESIAN_POINT('',(197.999997287989,-64.8047539903307,7.6));
#5572=CARTESIAN_POINT('Origin',(197.999997287989,-42.0000006556511,0.));
#5573=CARTESIAN_POINT('',(197.999997287989,-43.101021157918,15.1));
#5574=CARTESIAN_POINT('',(197.999997287989,-43.101021157918,0.));
#5575=CARTESIAN_POINT('',(197.999997287989,-52.0000007972121,15.1));
#5576=CARTESIAN_POINT('Origin',(196.999997287989,-52.0000007972121,15.1));
#5577=CARTESIAN_POINT('',(196.999997287989,-43.101021157918,16.1));
#5578=CARTESIAN_POINT('Origin',(196.999997287989,-43.101021157918,15.1));
#5579=CARTESIAN_POINT('',(196.999997287989,-52.0000007972121,16.1));
#5580=CARTESIAN_POINT('Origin',(194.999997258186,-62.0000009387732,16.1));
#5581=CARTESIAN_POINT('',(192.999997228384,-48.0000006556511,16.1));
#5582=CARTESIAN_POINT('Origin',(197.999997228384,-48.0000006556511,16.1));
#5583=CARTESIAN_POINT('',(192.999997228384,-81.0000012218952,16.1));
#5584=CARTESIAN_POINT('',(192.999997228384,-87.5347357518386,16.1));
#5585=CARTESIAN_POINT('',(195.500669462426,-81.0000012218952,16.1));
#5586=CARTESIAN_POINT('Origin',(195.500669462426,-81.0000012218952,15.1));
#5587=CARTESIAN_POINT('',(192.999997228384,-82.0000012218952,15.1));
#5588=CARTESIAN_POINT('Origin',(192.999997228384,-81.0000012218952,15.1));
#5589=CARTESIAN_POINT('',(195.500669462426,-82.0000012218952,15.1));
#5590=CARTESIAN_POINT('Origin',(196.001341666667,-82.0000012218952,0.));
#5591=CARTESIAN_POINT('',(192.999997228384,-82.0000012218952,7.6));
#5592=CARTESIAN_POINT('',(192.999997228384,-82.0000012218952,0.));
#5593=CARTESIAN_POINT('',(195.001005557096,-82.0000012218952,7.6));
#5594=CARTESIAN_POINT('Origin',(195.001005557096,-83.0000012218952,7.6));
#5595=CARTESIAN_POINT('',(192.999997228384,-83.0000012218952,6.6));
#5596=CARTESIAN_POINT('Origin',(192.999997228384,-83.0000012218952,7.6));
#5597=CARTESIAN_POINT('',(195.001005557096,-83.0000012218952,6.6));
#5598=CARTESIAN_POINT('Origin',(194.000669447525,-92.0000013932585,6.6));
#5599=CARTESIAN_POINT('',(192.999997228384,-101.000001564622,6.6));
#5600=CARTESIAN_POINT('',(192.999997228384,-102.534735979081,6.6));
#5601=CARTESIAN_POINT('',(193.000333337955,-101.000001564622,6.6));
#5602=CARTESIAN_POINT('Origin',(193.000333337955,-101.000001564622,7.6));
#5603=CARTESIAN_POINT('',(192.999997228384,-102.000001564622,7.6));
#5604=CARTESIAN_POINT('Origin',(192.999997228384,-101.000001564622,7.6));
#5605=CARTESIAN_POINT('',(193.000333337955,-102.000001564622,7.6));
#5606=CARTESIAN_POINT('Origin',(191.999997228384,-102.000001564622,0.));
#5607=CARTESIAN_POINT('',(192.999997228384,-102.000001564622,10.1));
#5608=CARTESIAN_POINT('',(192.999997228384,-102.000001564622,0.));
#5609=CARTESIAN_POINT('',(222.74999829568,-102.000001564622,10.1));
#5610=CARTESIAN_POINT('Origin',(222.74999829568,-103.000001564622,10.1));
#5611=CARTESIAN_POINT('',(192.999997228384,-103.000001564622,11.1));
#5612=CARTESIAN_POINT('Origin',(192.999997228384,-103.000001564622,10.1));
#5613=CARTESIAN_POINT('',(222.74999829568,-103.000001564622,11.1));
#5614=CARTESIAN_POINT('Origin',(233.599997839332,-44.5999989718199,0.));
#5615=CARTESIAN_POINT('',(233.599997839332,-45.5999989718199,0.));
#5616=CARTESIAN_POINT('',(234.599997839332,-44.5999990165233,0.));
#5617=CARTESIAN_POINT('Origin',(235.599997839332,-44.5999990165233,0.));
#5618=CARTESIAN_POINT('',(235.599997839332,-43.5999990165234,0.));
#5619=CARTESIAN_POINT('Origin',(253.999998122454,-43.5999990165234,0.));
#5620=CARTESIAN_POINT('',(252.599998122454,-43.5999990165234,0.));
#5621=CARTESIAN_POINT('Origin',(252.599998122454,-42.5999990165234,0.));
#5622=CARTESIAN_POINT('',(253.599998122454,-42.5999990165234,0.));
#5623=CARTESIAN_POINT('Origin',(253.599998122454,-39.0000005811453,0.));
#5624=CARTESIAN_POINT('',(253.599998122454,-39.6000005811453,0.));
#5625=CARTESIAN_POINT('Origin',(254.599998122454,-39.6000005811453,0.));
#5626=CARTESIAN_POINT('',(254.599998122454,-38.6000005811453,0.));
#5627=CARTESIAN_POINT('Origin',(272.999998405576,-38.6000005811453,0.));
#5628=CARTESIAN_POINT('',(272.399998405576,-38.6000005811453,0.));
#5629=CARTESIAN_POINT('Origin',(272.399998405576,-39.6000005811453,0.));
#5630=CARTESIAN_POINT('',(273.399998405576,-39.6000005811453,0.));
#5631=CARTESIAN_POINT('Origin',(273.399998405576,-42.0000006258488,0.));
#5632=CARTESIAN_POINT('',(273.399998405576,-40.6000006258488,0.));
#5633=CARTESIAN_POINT('Origin',(274.399998405576,-40.6000006258488,0.));
#5634=CARTESIAN_POINT('',(274.399998405576,-41.6000006258488,0.));
#5635=CARTESIAN_POINT('Origin',(291.999998688698,-41.6000006258488,0.));
#5636=CARTESIAN_POINT('',(291.399998688698,-41.6000006258488,0.));
#5637=CARTESIAN_POINT('Origin',(291.399998688698,-42.6000006258488,0.));
#5638=CARTESIAN_POINT('',(292.399998688698,-42.6000006258488,0.));
#5639=CARTESIAN_POINT('Origin',(292.399998688698,-50.0000007450581,0.));
#5640=CARTESIAN_POINT('',(292.399998688698,-48.6000006078142,0.));
#5641=CARTESIAN_POINT('Origin',(293.399998688698,-48.6000006078142,0.));
#5642=CARTESIAN_POINT('',(293.399998786729,-49.6000006078142,0.));
#5643=CARTESIAN_POINT('Origin',(311.000503085787,-49.5999988824129,0.));
#5644=CARTESIAN_POINT('',(310.400503026969,-49.5999989412317,0.));
#5645=CARTESIAN_POINT('Origin',(310.400503125,-50.5999989412317,0.));
#5646=CARTESIAN_POINT('',(311.400503125,-50.5999989412317,0.));
#5647=CARTESIAN_POINT('Origin',(311.400503125,-106.999219791667,0.));
#5648=CARTESIAN_POINT('',(311.400503125,-106.399219791667,0.));
#5649=CARTESIAN_POINT('Origin',(310.400503125,-106.399219791667,0.));
#5650=CARTESIAN_POINT('',(310.400503125,-107.399219791667,0.));
#5651=CARTESIAN_POINT('Origin',(273.025781551909,-107.399219791667,0.));
#5652=CARTESIAN_POINT('',(273.230096825544,-107.399219791667,0.));
#5653=CARTESIAN_POINT('Origin',(192.999997228384,-81.0000012218952,0.));
#5654=CARTESIAN_POINT('',(191.999997228384,-81.0000012218952,7.6));
#5655=CARTESIAN_POINT('Origin',(192.999997228384,-81.0000012218952,7.6));
#5656=CARTESIAN_POINT('',(191.999997228384,-81.0000012218952,15.1));
#5657=CARTESIAN_POINT('Origin',(192.999997228384,-81.0000012218952,15.1));
#5658=CARTESIAN_POINT('',(191.999997228384,-81.0000012218952,0.));
#5659=CARTESIAN_POINT('Origin',(192.999997228384,-83.0000012218952,7.6));
#5660=CARTESIAN_POINT('',(191.999997228384,-83.0000012218952,5.6));
#5661=CARTESIAN_POINT('Origin',(192.999997228384,-83.0000012218952,5.6));
#5662=CARTESIAN_POINT('Origin',(191.999997228384,-83.0000012218952,7.6));
#5663=CARTESIAN_POINT('Origin',(192.999997228384,-102.534735979081,5.6));
#5664=CARTESIAN_POINT('',(191.999997228384,-101.000001564622,5.6));
#5665=CARTESIAN_POINT('Origin',(192.999997228384,-101.000001564622,5.6));
#5666=CARTESIAN_POINT('',(191.999997228384,-102.534735979081,5.6));
#5667=CARTESIAN_POINT('Origin',(192.999997228384,-101.000001564622,7.6));
#5668=CARTESIAN_POINT('',(191.999997228384,-103.000001564622,7.6));
#5669=CARTESIAN_POINT('Origin',(192.999997228384,-103.000001564622,7.6));
#5670=CARTESIAN_POINT('Origin',(191.999997228384,-101.000001564622,7.6));
#5671=CARTESIAN_POINT('Origin',(192.999997228384,-103.000001564622,0.));
#5672=CARTESIAN_POINT('',(191.999997228384,-103.000001564622,10.1));
#5673=CARTESIAN_POINT('Origin',(192.999997228384,-103.000001564622,10.1));
#5674=CARTESIAN_POINT('',(191.999997228384,-103.000001564622,0.));
#5675=CARTESIAN_POINT('Origin',(196.999997287989,-43.101021157918,0.));
#5676=CARTESIAN_POINT('',(196.79999729991,-42.1212252583714,7.6));
#5677=CARTESIAN_POINT('Origin',(196.999997287989,-43.101021157918,7.6));
#5678=CARTESIAN_POINT('',(196.79999729991,-42.1212252583714,15.1));
#5679=CARTESIAN_POINT('',(196.79999729991,-42.1212252583714,0.));
#5680=CARTESIAN_POINT('Origin',(196.999997287989,-43.101021157918,15.1));
#5681=CARTESIAN_POINT('Origin',(214.999997526407,-43.0000006556511,0.));
#5682=CARTESIAN_POINT('',(214.999997526407,-42.0000006556511,7.6));
#5683=CARTESIAN_POINT('Origin',(214.999997526407,-43.0000006556511,7.6));
#5684=CARTESIAN_POINT('',(213.999997526407,-43.0000006556511,10.1));
#5685=CARTESIAN_POINT('',(213.999997526407,-43.0000006556511,0.));
#5686=CARTESIAN_POINT('',(214.999997526407,-42.0000006556511,10.1));
#5687=CARTESIAN_POINT('Origin',(214.999997526407,-43.0000006556511,10.1));
#5688=CARTESIAN_POINT('',(214.999997526407,-42.0000006556511,0.));
#5689=CARTESIAN_POINT('Origin',(212.999997526407,-43.0000006556511,7.6));
#5690=CARTESIAN_POINT('',(212.999997526407,-42.0000006556511,5.6));
#5691=CARTESIAN_POINT('Origin',(212.999997526407,-43.0000006556511,5.6));
#5692=CARTESIAN_POINT('Origin',(212.999997526407,-42.0000006556511,7.6));
#5693=CARTESIAN_POINT('Origin',(222.74999829568,-43.0000006556511,5.6));
#5694=CARTESIAN_POINT('',(198.999997287989,-42.0000006556511,5.6));
#5695=CARTESIAN_POINT('Origin',(198.999997287989,-43.0000006556511,5.6));
#5696=CARTESIAN_POINT('',(222.74999829568,-42.0000006556511,5.6));
#5697=CARTESIAN_POINT('Origin',(198.999997287989,-43.0000006556511,7.6));
#5698=CARTESIAN_POINT('',(197.999997228384,-42.0000006556511,5.8679492268439));
#5699=CARTESIAN_POINT('Origin',(197.999997228384,-43.0000006556511,5.8679492268439));
#5700=CARTESIAN_POINT('Origin',(198.999997287989,-42.0000006556511,7.6));
#5701=CARTESIAN_POINT('Origin',(192.999997228384,-100.339488944957,10.1));
#5702=CARTESIAN_POINT('',(192.999997228384,-111.463510262902,11.1));
#5703=CARTESIAN_POINT('',(191.999997228384,-111.463510262902,10.1));
#5704=CARTESIAN_POINT('Origin',(192.999997228384,-111.463510262902,10.1));
#5705=CARTESIAN_POINT('',(192.999997228384,-100.339488944957,11.1));
#5706=CARTESIAN_POINT('Origin',(192.999997228384,-103.000001564622,10.1));
#5707=CARTESIAN_POINT('',(191.999997228384,-100.339488944957,10.1));
#5708=CARTESIAN_POINT('Origin',(197.999997228384,-111.463510262902,10.1));
#5709=CARTESIAN_POINT('',(193.668521876165,-113.961173425364,11.1));
#5710=CARTESIAN_POINT('',(192.802226805721,-114.460706057857,10.1));
#5711=CARTESIAN_POINT('Origin',(193.668521876165,-113.961173425364,10.1));
#5712=CARTESIAN_POINT('Origin',(197.999997228384,-111.463510262902,11.1));
#5713=CARTESIAN_POINT('Origin',(197.999997228384,-111.463510262902,10.1));
#5714=CARTESIAN_POINT('Origin',(202.858256501861,-129.898113851471,10.1));
#5715=CARTESIAN_POINT('',(205.524366186344,-134.521711043523,11.1));
#5716=CARTESIAN_POINT('',(204.658071115901,-135.021243676015,10.1));
#5717=CARTESIAN_POINT('Origin',(205.524366186344,-134.521711043523,10.1));
#5718=CARTESIAN_POINT('',(202.858256501861,-129.898113851471,11.1));
#5719=CARTESIAN_POINT('',(201.991961431418,-130.397646483963,10.1));
#5720=CARTESIAN_POINT('Origin',(209.855841538563,-132.024047881061,10.1));
#5721=CARTESIAN_POINT('',(212.353504701025,-136.35552323328,11.1));
#5722=CARTESIAN_POINT('',(212.853037333517,-137.221818303724,10.1));
#5723=CARTESIAN_POINT('Origin',(212.353504701025,-136.35552323328,10.1));
#5724=CARTESIAN_POINT('Origin',(209.855841538563,-132.024047881061,11.1));
#5725=CARTESIAN_POINT('Origin',(209.855841538563,-132.024047881061,10.1));
#5726=CARTESIAN_POINT('Origin',(245.302956877469,-117.355846164305,10.1));
#5727=CARTESIAN_POINT('',(225.248149254825,-128.920070858245,11.1));
#5728=CARTESIAN_POINT('',(225.747681887318,-129.786365928689,10.1));
#5729=CARTESIAN_POINT('Origin',(225.248149254825,-128.920070858245,10.1));
#5730=CARTESIAN_POINT('',(245.302956877469,-117.355846164305,11.1));
#5731=CARTESIAN_POINT('',(245.802489509961,-118.222141234748,10.1));
#5732=CARTESIAN_POINT('Origin',(228.744877682272,-134.984136351352,10.1));
#5733=CARTESIAN_POINT('',(227.826682247662,-128.04461784184,11.1));
#5734=CARTESIAN_POINT('',(227.957853024034,-129.035977628913,10.1));
#5735=CARTESIAN_POINT('Origin',(227.826682247662,-128.04461784184,10.1));
#5736=CARTESIAN_POINT('Origin',(228.744877682272,-134.984136351352,11.1));
#5737=CARTESIAN_POINT('Origin',(228.744877682272,-134.984136351352,10.1));
#5738=CARTESIAN_POINT('Origin',(261.94587494903,-123.530171064584,10.1));
#5739=CARTESIAN_POINT('',(263.015100424808,-123.388697567672,11.1));
#5740=CARTESIAN_POINT('',(263.146271201181,-124.380057354745,10.1));
#5741=CARTESIAN_POINT('Origin',(263.015100424808,-123.388697567672,10.1));
#5742=CARTESIAN_POINT('',(261.94587494903,-123.530171064584,11.1));
#5743=CARTESIAN_POINT('',(262.077045725403,-124.521530851657,10.1));
#5744=CARTESIAN_POINT('Origin',(262.359246542944,-118.431898632306,10.1));
#5745=CARTESIAN_POINT('',(266.410212782919,-121.362712942796,11.1));
#5746=CARTESIAN_POINT('',(267.220406030915,-121.948875804894,10.1));
#5747=CARTESIAN_POINT('Origin',(266.410212782919,-121.362712942796,10.1));
#5748=CARTESIAN_POINT('Origin',(262.359246542944,-118.431898632306,11.1));
#5749=CARTESIAN_POINT('Origin',(262.359246542944,-118.431898632306,10.1));
#5750=CARTESIAN_POINT('Origin',(276.167783459407,-107.875816399012,10.1));
#5751=CARTESIAN_POINT('',(272.535131339821,-112.89686158954,11.1));
#5752=CARTESIAN_POINT('',(273.345324587816,-113.483024451638,10.1));
#5753=CARTESIAN_POINT('Origin',(272.535131339821,-112.89686158954,10.1));
#5754=CARTESIAN_POINT('',(276.167783459407,-107.875816399012,11.1));
#5755=CARTESIAN_POINT('',(276.977976707402,-108.46197926111,10.1));
#5756=CARTESIAN_POINT('Origin',(278.206484075787,-117.000001624227,10.1));
#5757=CARTESIAN_POINT('',(278.206484075787,-110.000001624227,11.1));
#5758=CARTESIAN_POINT('',(278.206484075787,-111.000001624227,10.1));
#5759=CARTESIAN_POINT('Origin',(278.206484075787,-110.000001624227,10.1));
#5760=CARTESIAN_POINT('Origin',(278.206484075787,-117.000001624227,11.1));
#5761=CARTESIAN_POINT('Origin',(278.206484075787,-117.000001624227,10.1));
#5762=CARTESIAN_POINT('Origin',(284.250000430271,-110.000001624227,10.1));
#5763=CARTESIAN_POINT('',(309.803849018222,-110.000001624227,11.1));
#5764=CARTESIAN_POINT('',(309.803849018222,-111.000001624227,10.1));
#5765=CARTESIAN_POINT('Origin',(309.803849018222,-110.000001624227,10.1));
#5766=CARTESIAN_POINT('',(284.250000430271,-110.000001624227,11.1));
#5767=CARTESIAN_POINT('',(284.250000430271,-111.000001624227,10.1));
#5768=CARTESIAN_POINT('Origin',(309.803849018222,-105.000001624227,10.1));
#5769=CARTESIAN_POINT('Origin',(309.803849018222,-105.000001624227,10.1));
#5770=CARTESIAN_POINT('',(314.000001485872,-107.718880891174,11.1));
#5771=CARTESIAN_POINT('Ctrl Pts',(314.000001485872,-107.718880891174,11.1));
#5772=CARTESIAN_POINT('Ctrl Pts',(314.001551319916,-107.719339105774,11.1));
#5773=CARTESIAN_POINT('Ctrl Pts',(314.003101183989,-107.719797213418,11.0999963970218));
#5774=CARTESIAN_POINT('Ctrl Pts',(314.075060630069,-107.741061561343,11.099661812235));
#5775=CARTESIAN_POINT('Ctrl Pts',(314.145362182337,-107.761594989199,11.0918985055161));
#5776=CARTESIAN_POINT('Ctrl Pts',(314.283080548782,-107.801394754454,11.0616724498507));
#5777=CARTESIAN_POINT('Ctrl Pts',(314.350213189022,-107.820581459677,11.0393403704243));
#5778=CARTESIAN_POINT('Ctrl Pts',(314.531799890198,-107.872000082542,10.9566057980997));
#5779=CARTESIAN_POINT('Ctrl Pts',(314.638414455803,-107.901601676331,10.8806961560831));
#5780=CARTESIAN_POINT('Ctrl Pts',(314.81439051527,-107.949943541508,10.6938536025985));
#5781=CARTESIAN_POINT('Ctrl Pts',(314.883225656091,-107.968573533536,10.5859976479275));
#5782=CARTESIAN_POINT('Ctrl Pts',(314.976174146436,-107.993635985806,10.3506488572007));
#5783=CARTESIAN_POINT('Ctrl Pts',(315.000001497567,-108.000001526127,10.2260391743232));
#5784=CARTESIAN_POINT('Ctrl Pts',(315.000001497567,-108.000001526127,10.1));
#5785=CARTESIAN_POINT('Origin',(309.803849018222,-105.000001624227,11.1));
#5786=CARTESIAN_POINT('Origin',(313.999999783882,-66.8047527825605,10.1));
#5787=CARTESIAN_POINT('',(313.999999168019,-52.0000005072604,11.1));
#5788=CARTESIAN_POINT('',(313.999999783882,-66.8047527825605,11.1));
#5789=CARTESIAN_POINT('Origin',(313.999999168019,-52.0000005072604,10.1));
#5790=CARTESIAN_POINT('Origin',(308.999999168018,-52.0000007152558,10.1));
#5791=CARTESIAN_POINT('',(308.999999168018,-47.0000007152558,11.1));
#5792=CARTESIAN_POINT('Origin',(308.999999168018,-47.0000007152558,10.1));
#5793=CARTESIAN_POINT('Origin',(308.999999168018,-52.0000007152558,11.1));
#5794=CARTESIAN_POINT('Origin',(274.749999040738,-47.0000007152558,10.1));
#5795=CARTESIAN_POINT('',(301.9999987185,-47.0000007152558,11.1));
#5796=CARTESIAN_POINT('Origin',(301.9999987185,-47.0000007152558,10.1));
#5797=CARTESIAN_POINT('',(274.749999040738,-47.0000007152558,11.1));
#5798=CARTESIAN_POINT('Origin',(301.9999987185,-40.0000007152558,10.1));
#5799=CARTESIAN_POINT('',(295.40033540284,-42.3333339790503,11.1));
#5800=CARTESIAN_POINT('Origin',(295.40033540284,-42.3333339790503,10.1));
#5801=CARTESIAN_POINT('Origin',(301.9999987185,-40.0000007152558,11.1));
#5802=CARTESIAN_POINT('Origin',(290.686290177369,-44.0000005960465,10.1));
#5803=CARTESIAN_POINT('',(290.686290177369,-39.0000005960465,11.1));
#5804=CARTESIAN_POINT('Origin',(290.686290177369,-39.0000005960465,10.1));
#5805=CARTESIAN_POINT('Origin',(290.686290177369,-44.0000005960465,11.1));
#5806=CARTESIAN_POINT('Origin',(265.249998899177,-39.0000005960464,10.1));
#5807=CARTESIAN_POINT('',(282.196150883894,-39.0000005960465,11.1));
#5808=CARTESIAN_POINT('Origin',(282.196150883894,-39.0000005960465,10.1));
#5809=CARTESIAN_POINT('',(265.249998899177,-39.0000005960464,11.1));
#5810=CARTESIAN_POINT('Origin',(282.196150883894,-32.0000005960465,10.1));
#5811=CARTESIAN_POINT('',(277.566086059963,-37.2500005699694,11.1));
#5812=CARTESIAN_POINT('Origin',(277.566086059963,-37.2500005699694,10.1));
#5813=CARTESIAN_POINT('Origin',(282.196150883894,-32.0000005960465,11.1));
#5814=CARTESIAN_POINT('Origin',(274.258896900012,-41.000000551343,10.1));
#5815=CARTESIAN_POINT('',(274.258896900012,-36.000000551343,11.1));
#5816=CARTESIAN_POINT('Origin',(274.258896900012,-36.000000551343,10.1));
#5817=CARTESIAN_POINT('Origin',(274.258896900012,-41.000000551343,11.1));
#5818=CARTESIAN_POINT('Origin',(251.749998727813,-36.000000551343,10.1));
#5819=CARTESIAN_POINT('',(253.830711836058,-36.000000551343,11.1));
#5820=CARTESIAN_POINT('Origin',(253.830711836058,-36.000000551343,10.1));
#5821=CARTESIAN_POINT('',(251.749998727813,-36.000000551343,11.1));
#5822=CARTESIAN_POINT('Origin',(253.830711836058,-41.000000551343,10.1));
#5823=CARTESIAN_POINT('',(249.769547971628,-38.0833332637946,11.1));
#5824=CARTESIAN_POINT('Origin',(249.769547971628,-38.0833332637946,10.1));
#5825=CARTESIAN_POINT('Origin',(253.830711836058,-41.000000551343,11.1));
#5826=CARTESIAN_POINT('Origin',(244.083918561428,-33.9999990612269,10.1));
#5827=CARTESIAN_POINT('',(244.083918561428,-40.9999990612269,11.1));
#5828=CARTESIAN_POINT('Origin',(244.083918561428,-40.9999990612269,10.1));
#5829=CARTESIAN_POINT('Origin',(244.083918561428,-33.9999990612269,11.1));
#5830=CARTESIAN_POINT('Origin',(242.249998586252,-40.9999990612269,10.1));
#5831=CARTESIAN_POINT('',(233.161112412829,-40.9999990612269,11.1));
#5832=CARTESIAN_POINT('Origin',(233.161112412829,-40.9999990612269,10.1));
#5833=CARTESIAN_POINT('',(242.249998586252,-40.9999990612269,11.1));
#5834=CARTESIAN_POINT('Origin',(233.161112412829,-45.9999990612269,10.1));
#5835=CARTESIAN_POINT('',(230.397257419331,-41.8333330589036,11.1));
#5836=CARTESIAN_POINT('Origin',(230.397257419331,-41.8333330589036,10.1));
#5837=CARTESIAN_POINT('Origin',(233.161112412829,-45.9999990612269,11.1));
#5838=CARTESIAN_POINT('Origin',(226.527860428434,-36.0000006556511,10.1));
#5839=CARTESIAN_POINT('',(226.527860428434,-43.0000006556511,11.1));
#5840=CARTESIAN_POINT('Origin',(226.527860428434,-43.0000006556511,10.1));
#5841=CARTESIAN_POINT('Origin',(226.527860428434,-36.0000006556511,11.1));
#5842=CARTESIAN_POINT('Origin',(222.74999829568,-43.0000006556511,10.1));
#5843=CARTESIAN_POINT('',(214.999997526407,-43.0000006556511,11.1));
#5844=CARTESIAN_POINT('Origin',(214.999997526407,-43.0000006556511,10.1));
#5845=CARTESIAN_POINT('',(222.74999829568,-43.0000006556511,11.1));
#5846=CARTESIAN_POINT('',(222.74999829568,-42.0000006556511,10.1));
#5847=CARTESIAN_POINT('Origin',(214.999997526407,-43.0000006556511,10.1));
#5848=CARTESIAN_POINT('Origin',(214.999997526407,-43.0000006556511,10.1));
#5849=CARTESIAN_POINT('Ctrl Pts',(196.79999729991,-42.1212252583714,7.6));
#5850=CARTESIAN_POINT('Ctrl Pts',(196.79999729991,-42.1212252583714,7.25045025353355));
#5851=CARTESIAN_POINT('Ctrl Pts',(197.025246555082,-42.0685103652918,6.55324495172961));
#5852=CARTESIAN_POINT('Ctrl Pts',(197.63673448321,-42.0000006556511,6.04272411049453));
#5853=CARTESIAN_POINT('Ctrl Pts',(197.999997228384,-42.0000006556511,5.8679492268439));
#5854=CARTESIAN_POINT('Ctrl Pts',(196.965363914503,-42.0874699416135,7.6));
#5855=CARTESIAN_POINT('Ctrl Pts',(196.965363914503,-42.0874699416135,7.2805728513608));
#5856=CARTESIAN_POINT('Ctrl Pts',(197.169386974531,-42.0467784911015,6.6417093282846));
#5857=CARTESIAN_POINT('Ctrl Pts',(197.735620181754,-41.995459234345,6.16170357793548));
#5858=CARTESIAN_POINT('Ctrl Pts',(198.074797057928,-42.0000006556511,5.99750632171514));
#5859=CARTESIAN_POINT('Ctrl Pts',(197.312693176928,-42.1059139890863,7.6));
#5860=CARTESIAN_POINT('Ctrl Pts',(197.312693176928,-42.1059139890863,7.34070216188015));
#5861=CARTESIAN_POINT('Ctrl Pts',(197.469692413425,-42.0836918034931,6.81824671379686));
#5862=CARTESIAN_POINT('Ctrl Pts',(197.937209883698,-42.0575939334847,6.39919567697355));
#5863=CARTESIAN_POINT('Ctrl Pts',(198.224123649318,-42.0684970559027,6.25614754436941));
#5864=CARTESIAN_POINT('Ctrl Pts',(197.831288248767,-42.4284173886841,7.6));
#5865=CARTESIAN_POINT('Ctrl Pts',(197.831288248767,-42.4284173886841,7.41972525932718));
#5866=CARTESIAN_POINT('Ctrl Pts',(197.921035358545,-42.4115773633044,7.05280262165479));
#5867=CARTESIAN_POINT('Ctrl Pts',(198.233447857913,-42.3915783122551,6.73032454877681));
#5868=CARTESIAN_POINT('Ctrl Pts',(198.434407763037,-42.4029843449148,6.62037028440963));
#5869=CARTESIAN_POINT('Ctrl Pts',(197.999997287989,-42.8478562671439,7.60000000000001));
#5870=CARTESIAN_POINT('Ctrl Pts',(197.999997287989,-42.8478562671439,7.43459066440856));
#5871=CARTESIAN_POINT('Ctrl Pts',(198.081182324938,-42.8142452071738,7.10050223517923));
#5872=CARTESIAN_POINT('Ctrl Pts',(198.338647966557,-42.7712498811505,6.82722872628471));
#5873=CARTESIAN_POINT('Ctrl Pts',(198.499997258186,-42.7756011803947,6.73397461342196));
#5874=CARTESIAN_POINT('Ctrl Pts',(197.999997287989,-43.101021157918,7.60000000000001));
#5875=CARTESIAN_POINT('Ctrl Pts',(197.999997287989,-43.101021157918,7.42522512676578));
#5876=CARTESIAN_POINT('Ctrl Pts',(198.093851144311,-43.0570920803517,7.07662247586483));
#5877=CARTESIAN_POINT('Ctrl Pts',(198.34863778103,-43.0000006556511,6.82136205524776));
#5878=CARTESIAN_POINT('Ctrl Pts',(198.499997258186,-43.0000006556511,6.73397461342196));
#5879=CARTESIAN_POINT('Ctrl Pts',(196.79999729991,-42.1212252583714,7.6));
#5880=CARTESIAN_POINT('Ctrl Pts',(196.79999729991,-42.1212252583714,7.25045025353355));
#5881=CARTESIAN_POINT('Ctrl Pts',(197.025246555082,-42.0685103652918,6.55324495172961));
#5882=CARTESIAN_POINT('Ctrl Pts',(197.63673448321,-42.0000006556511,6.04272411049453));
#5883=CARTESIAN_POINT('Ctrl Pts',(197.999997228384,-42.0000006556511,5.8679492268439));
#5884=CARTESIAN_POINT('Origin',(197.999997228384,-48.0000006556511,15.1));
#5885=CARTESIAN_POINT('Origin',(196.999997287989,-43.101021157918,15.1));
#5886=CARTESIAN_POINT('',(191.999997228384,-48.0000006556511,15.1));
#5887=CARTESIAN_POINT('Origin',(197.999997228384,-48.0000006556511,15.1));
#5888=CARTESIAN_POINT('Origin',(192.999997228384,-48.0000006556511,15.1));
#5889=CARTESIAN_POINT('Origin',(192.999997228384,-87.5347357518386,15.1));
#5890=CARTESIAN_POINT('Origin',(192.999997228384,-81.0000012218952,15.1));
#5891=CARTESIAN_POINT('',(191.999997228384,-87.5347357518386,15.1));
#5892=CARTESIAN_POINT('Origin',(196.999997287989,-43.101021157918,15.1));
#5893=CARTESIAN_POINT('Origin',(192.999997228384,-81.0000012218952,15.1));
#5894=CARTESIAN_POINT('Origin',(192.999997228384,-103.000001564622,10.1));
#5895=CARTESIAN_POINT('Origin',(275.141754971273,-111.000001624227,0.));
#5896=CARTESIAN_POINT('',(273.345324587816,-113.483024451638,0.));
#5897=CARTESIAN_POINT('',(267.220406030915,-121.948875804894,0.));
#5898=CARTESIAN_POINT('Origin',(278.206484075787,-117.000001624227,0.));
#5899=CARTESIAN_POINT('',(278.206484075787,-111.000001624227,0.));
#5900=CARTESIAN_POINT('Origin',(315.000001497567,-111.000001624227,0.));
#5901=CARTESIAN_POINT('',(309.803849018222,-111.000001624227,0.));
#5902=CARTESIAN_POINT('Origin',(309.803849018222,-105.000001624227,0.));
#5903=CARTESIAN_POINT('Origin',(253.499999362975,-87.6095073250102,11.1));
#5904=CARTESIAN_POINT('',(214.999997526407,-66.804753148415,11.1));
#5905=CARTESIAN_POINT('Origin',(209.855841538563,-132.024047881061,0.));
#5906=CARTESIAN_POINT('',(212.853037333517,-137.221818303724,0.));
#5907=CARTESIAN_POINT('',(204.658071115901,-135.021243676015,0.));
#5908=CARTESIAN_POINT('Origin',(226.778368698071,-129.192039915052,0.));
#5909=CARTESIAN_POINT('',(225.747681887318,-129.786365928689,0.));
#5910=CARTESIAN_POINT('Origin',(197.999997228384,-48.0000006556511,0.));
#5911=CARTESIAN_POINT('',(191.999997228384,-48.0000006556511,0.));
#5912=CARTESIAN_POINT('',(197.999997228384,-42.0000006556511,0.));
#5913=CARTESIAN_POINT('Origin',(191.999997228384,-113.069470564904,0.));
#5914=CARTESIAN_POINT('',(191.999997228384,-111.463510262902,0.));
#5915=CARTESIAN_POINT('Origin',(195.601341666667,-102.000001564622,0.));
#5916=CARTESIAN_POINT('',(195.601341666667,-111.606504664444,0.));
#5917=CARTESIAN_POINT('',(195.601341666667,-46.5999989718199,0.));
#5918=CARTESIAN_POINT('Origin',(234.999997839332,-45.5999989718199,0.));
#5919=CARTESIAN_POINT('',(196.601341666667,-45.5999989718199,0.));
#5920=CARTESIAN_POINT('Origin',(214.999997526407,-66.804753148415,10.1));
#5921=CARTESIAN_POINT('',(213.999997526407,-66.804753148415,10.1));
#5922=CARTESIAN_POINT('Origin',(197.999997228384,-111.463510262902,0.));
#5923=CARTESIAN_POINT('',(192.802226805721,-114.460706057857,0.));
#5924=CARTESIAN_POINT('Origin',(228.744877682272,-134.984136351352,0.));
#5925=CARTESIAN_POINT('',(227.957853024034,-129.035977628913,0.));
#5926=CARTESIAN_POINT('Origin',(262.359246542944,-118.431898632306,0.));
#5927=CARTESIAN_POINT('',(263.146271201181,-124.380057354745,0.));
#5928=CARTESIAN_POINT('Origin',(196.601341666667,-46.5999989718199,0.));
#5929=CARTESIAN_POINT('Origin',(253.499999362975,-87.6095073250102,2.));
#5930=CARTESIAN_POINT('Origin',(213.999997526407,-45.9999989718199,0.));
#5931=CARTESIAN_POINT('Origin',(195.655060329317,-111.699409943392,0.));
#5932=CARTESIAN_POINT('',(209.254942688481,-135.220115819225,0.));
#5933=CARTESIAN_POINT('Origin',(209.601050907859,-135.020539074705,0.));
#5934=CARTESIAN_POINT('',(226.007224427072,-125.560230079781,0.));
#5935=CARTESIAN_POINT('Origin',(225.928592138674,-125.57063423219,0.));
#5936=CARTESIAN_POINT('',(263.699003205722,-120.573080157282,0.));
#5937=CARTESIAN_POINT('Origin',(263.799925434789,-120.43358563477,0.));
#5938=CARTESIAN_POINT('Origin',(191.999997228384,-42.0000006556511,0.));
#5939=CARTESIAN_POINT('Origin',(207.655266910855,-140.219014098677,0.));
#5940=CARTESIAN_POINT('Origin',(265.70657259491,-124.041293642576,0.));
#5941=UNCERTAINTY_MEASURE_WITH_UNIT(LENGTH_MEASURE(0.01),#5945,
'DISTANCE_ACCURACY_VALUE',
'Maximum model space distance between geometric entities at asserted c
onnectivities');
#5942=UNCERTAINTY_MEASURE_WITH_UNIT(LENGTH_MEASURE(0.01),#5945,
'DISTANCE_ACCURACY_VALUE',
'Maximum model space distance between geometric entities at asserted c
onnectivities');
#5943=(
GEOMETRIC_REPRESENTATION_CONTEXT(3)
GLOBAL_UNCERTAINTY_ASSIGNED_CONTEXT((#5941))
GLOBAL_UNIT_ASSIGNED_CONTEXT((#5945,#5947,#5948))
REPRESENTATION_CONTEXT('','3D')
);
#5944=(
GEOMETRIC_REPRESENTATION_CONTEXT(3)
GLOBAL_UNCERTAINTY_ASSIGNED_CONTEXT((#5942))
GLOBAL_UNIT_ASSIGNED_CONTEXT((#5945,#5947,#5948))
REPRESENTATION_CONTEXT('','3D')
);
#5945=(
LENGTH_UNIT()
NAMED_UNIT(*)
SI_UNIT(.MILLI.,.METRE.)
);
#5946=(
LENGTH_UNIT()
NAMED_UNIT(*)
SI_UNIT($,.METRE.)
);
#5947=(
NAMED_UNIT(*)
PLANE_ANGLE_UNIT()
SI_UNIT($,.RADIAN.)
);
#5948=(
NAMED_UNIT(*)
SI_UNIT($,.STERADIAN.)
SOLID_ANGLE_UNIT()
);
#5949=SHAPE_DEFINITION_REPRESENTATION(#5950,#5951);
#5950=PRODUCT_DEFINITION_SHAPE('',$,#5953);
#5951=SHAPE_REPRESENTATION('',(#3223),#5943);
#5952=PRODUCT_DEFINITION_CONTEXT('part definition',#5957,'design');
#5953=PRODUCT_DEFINITION('case-5-metal','case-5-metal v3',#5954,#5952);
#5954=PRODUCT_DEFINITION_FORMATION('',$,#5959);
#5955=PRODUCT_RELATED_PRODUCT_CATEGORY('case-5-metal v3',
'case-5-metal v3',(#5959));
#5956=APPLICATION_PROTOCOL_DEFINITION('international standard',
'ap242_managed_model_based_3d_engineering',2011,#5957);
#5957=APPLICATION_CONTEXT('Managed model based 3d engineering');
#5958=PRODUCT_CONTEXT('part definition',#5957,'mechanical');
#5959=PRODUCT('case-5-metal','case-5-metal v3',$,(#5958));
#5960=PRESENTATION_STYLE_ASSIGNMENT((#5962));
#5961=PRESENTATION_STYLE_ASSIGNMENT((#5963));
#5962=SURFACE_STYLE_USAGE(.BOTH.,#5964);
#5963=SURFACE_STYLE_USAGE(.BOTH.,#5965);
#5964=SURFACE_SIDE_STYLE('',(#5966));
#5965=SURFACE_SIDE_STYLE('',(#5967));
#5966=SURFACE_STYLE_FILL_AREA(#5968);
#5967=SURFACE_STYLE_FILL_AREA(#5969);
#5968=FILL_AREA_STYLE('Steel - Satin',(#5970));
#5969=FILL_AREA_STYLE('Aluminum - Bead Blasted',(#5971));
#5970=FILL_AREA_STYLE_COLOUR('Steel - Satin',#5972);
#5971=FILL_AREA_STYLE_COLOUR('Aluminum - Bead Blasted',#5973);
#5972=COLOUR_RGB('Steel - Satin',0.627450980392157,0.627450980392157,0.627450980392157);
#5973=COLOUR_RGB('Aluminum - Bead Blasted',0.96078431372549,0.96078431372549,
0.964705882352941);
ENDSEC;
END-ISO-10303-21;
