ISO-10303-21;
HEADER;
/* Generated by software containing ST-Developer
 * from STEP Tools, Inc. (www.steptools.com) 
 */

FILE_DESCRIPTION(
/* description */ ('',
'CAx-IF Rec.Pracs.---Representation and Presentation of Product Manufa
cturing Information (PMI)---4.0---2014-10-13'),
/* implementation_level */ '2;1');

FILE_NAME(
/* name */ 'case-5.step',
/* time_stamp */ '2025-01-05T17:19:53-05:00',
/* author */ (''),
/* organization */ (''),
/* preprocessor_version */ 'ST-DEVELOPER v20',
/* originating_system */ 'Autodesk Translation Framework v13.20.0.188',

/* authorisation */ '');

FILE_SCHEMA (('AP242_MANAGED_MODEL_BASED_3D_ENGINEERING_MIM_LF { 1 0 10303 442 1 1 4 }'));
ENDSEC;

DATA;
#10=MECHANICAL_DESIGN_GEOMETRIC_PRESENTATION_REPRESENTATION('',(#13,#14),
#12008);
#11=SHAPE_REPRESENTATION_RELATIONSHIP('SRR','None',#12014,#12);
#12=ADVANCED_BREP_SHAPE_REPRESENTATION('',(#15,#16),#12007);
#13=STYLED_ITEM('',(#12023),#15);
#14=STYLED_ITEM('',(#12023),#16);
#15=MANIFOLD_SOLID_BREP('left',#6603);
#16=MANIFOLD_SOLID_BREP('right',#6604);
#17=ELLIPSE('',#6764,0.254867676425858,0.25);
#18=ELLIPSE('',#6765,0.272175852313007,0.25);
#19=ELLIPSE('',#6767,0.353344387864661,0.25);
#20=ELLIPSE('',#6769,0.258841382997506,0.25);
#21=ELLIPSE('',#6883,0.280725017699863,0.25);
#22=ELLIPSE('',#7231,0.272175852313007,0.25);
#23=ELLIPSE('',#7232,0.254867676425858,0.25);
#24=ELLIPSE('',#7234,0.353344387864661,0.25);
#25=ELLIPSE('',#7236,0.258841382997506,0.25);
#26=ELLIPSE('',#7350,0.280725017699863,0.25);
#27=TOROIDAL_SURFACE('',#6663,3.5,1.5);
#28=TOROIDAL_SURFACE('',#6674,3.5,1.5);
#29=TOROIDAL_SURFACE('',#6695,3.5,1.5);
#30=TOROIDAL_SURFACE('',#6704,3.5,1.5);
#31=TOROIDAL_SURFACE('',#6718,3.5,1.5);
#32=TOROIDAL_SURFACE('',#6729,3.5,1.5);
#33=TOROIDAL_SURFACE('',#6772,0.75,0.25);
#34=TOROIDAL_SURFACE('',#6778,1.25,0.25);
#35=TOROIDAL_SURFACE('',#6784,1.25,0.25);
#36=TOROIDAL_SURFACE('',#6790,0.75,0.25);
#37=TOROIDAL_SURFACE('',#6796,1.25,0.25);
#38=TOROIDAL_SURFACE('',#6802,0.75,0.25);
#39=TOROIDAL_SURFACE('',#6808,1.25,0.25);
#40=TOROIDAL_SURFACE('',#6814,1.25,0.25);
#41=TOROIDAL_SURFACE('',#6820,0.75,0.25);
#42=TOROIDAL_SURFACE('',#6826,0.75,0.25);
#43=TOROIDAL_SURFACE('',#6830,1.25,0.25);
#44=TOROIDAL_SURFACE('',#6836,0.75,0.25);
#45=TOROIDAL_SURFACE('',#6842,1.25,0.25);
#46=TOROIDAL_SURFACE('',#6848,1.25,0.25);
#47=TOROIDAL_SURFACE('',#6854,0.75,0.25);
#48=TOROIDAL_SURFACE('',#6860,1.25,0.25);
#49=TOROIDAL_SURFACE('',#6866,0.75,0.25);
#50=TOROIDAL_SURFACE('',#6872,1.25,0.25);
#51=TOROIDAL_SURFACE('',#6878,1.25,0.25);
#52=TOROIDAL_SURFACE('',#6930,1.75,0.25);
#53=TOROIDAL_SURFACE('',#6935,2.25,0.25);
#54=TOROIDAL_SURFACE('',#6941,1.75,0.25);
#55=TOROIDAL_SURFACE('',#6947,2.25,0.25);
#56=TOROIDAL_SURFACE('',#6953,1.75,0.25);
#57=TOROIDAL_SURFACE('',#6959,1.75,0.25);
#58=TOROIDAL_SURFACE('',#6965,0.75,0.25);
#59=TOROIDAL_SURFACE('',#6970,1.25,0.25);
#60=TOROIDAL_SURFACE('',#6975,1.25,0.25);
#61=TOROIDAL_SURFACE('',#6980,0.75,0.25);
#62=TOROIDAL_SURFACE('',#6985,1.75,0.25);
#63=TOROIDAL_SURFACE('',#6990,0.75,0.25);
#64=TOROIDAL_SURFACE('',#6995,1.25,0.25);
#65=TOROIDAL_SURFACE('',#7000,1.25,0.25);
#66=TOROIDAL_SURFACE('',#7005,0.75,0.25);
#67=TOROIDAL_SURFACE('',#7010,2.25,0.25);
#68=TOROIDAL_SURFACE('',#7014,1.75,0.25);
#69=TOROIDAL_SURFACE('',#7020,2.25,0.25);
#70=TOROIDAL_SURFACE('',#7025,1.75,0.25);
#71=TOROIDAL_SURFACE('',#7030,1.75,0.25);
#72=TOROIDAL_SURFACE('',#7033,2.25,0.25);
#73=TOROIDAL_SURFACE('',#7038,1.75,0.25);
#74=TOROIDAL_SURFACE('',#7043,2.25,0.25);
#75=TOROIDAL_SURFACE('',#7048,1.75,0.25);
#76=TOROIDAL_SURFACE('',#7130,3.5,1.5);
#77=TOROIDAL_SURFACE('',#7141,3.5,1.5);
#78=TOROIDAL_SURFACE('',#7162,3.5,1.5);
#79=TOROIDAL_SURFACE('',#7171,3.5,1.5);
#80=TOROIDAL_SURFACE('',#7185,3.5,1.5);
#81=TOROIDAL_SURFACE('',#7196,3.5,1.5);
#82=TOROIDAL_SURFACE('',#7239,0.75,0.25);
#83=TOROIDAL_SURFACE('',#7245,1.25,0.25);
#84=TOROIDAL_SURFACE('',#7251,1.25,0.25);
#85=TOROIDAL_SURFACE('',#7257,0.75,0.25);
#86=TOROIDAL_SURFACE('',#7263,1.25,0.25);
#87=TOROIDAL_SURFACE('',#7269,0.75,0.25);
#88=TOROIDAL_SURFACE('',#7275,1.25,0.25);
#89=TOROIDAL_SURFACE('',#7281,1.25,0.25);
#90=TOROIDAL_SURFACE('',#7287,0.75,0.25);
#91=TOROIDAL_SURFACE('',#7293,0.75,0.25);
#92=TOROIDAL_SURFACE('',#7297,1.25,0.25);
#93=TOROIDAL_SURFACE('',#7303,0.75,0.25);
#94=TOROIDAL_SURFACE('',#7309,1.25,0.25);
#95=TOROIDAL_SURFACE('',#7315,1.25,0.25);
#96=TOROIDAL_SURFACE('',#7321,0.75,0.25);
#97=TOROIDAL_SURFACE('',#7327,1.25,0.25);
#98=TOROIDAL_SURFACE('',#7333,0.75,0.25);
#99=TOROIDAL_SURFACE('',#7339,1.25,0.25);
#100=TOROIDAL_SURFACE('',#7345,1.25,0.25);
#101=TOROIDAL_SURFACE('',#7397,1.75,0.25);
#102=TOROIDAL_SURFACE('',#7402,2.25,0.25);
#103=TOROIDAL_SURFACE('',#7408,1.75,0.25);
#104=TOROIDAL_SURFACE('',#7414,2.25,0.25);
#105=TOROIDAL_SURFACE('',#7420,1.75,0.25);
#106=TOROIDAL_SURFACE('',#7426,1.75,0.25);
#107=TOROIDAL_SURFACE('',#7432,0.75,0.25);
#108=TOROIDAL_SURFACE('',#7437,1.25,0.25);
#109=TOROIDAL_SURFACE('',#7442,1.25,0.25);
#110=TOROIDAL_SURFACE('',#7447,0.75,0.25);
#111=TOROIDAL_SURFACE('',#7452,1.75,0.25);
#112=TOROIDAL_SURFACE('',#7457,0.75,0.25);
#113=TOROIDAL_SURFACE('',#7462,1.25,0.25);
#114=TOROIDAL_SURFACE('',#7467,1.25,0.25);
#115=TOROIDAL_SURFACE('',#7472,0.75,0.25);
#116=TOROIDAL_SURFACE('',#7477,2.25,0.25);
#117=TOROIDAL_SURFACE('',#7481,1.75,0.25);
#118=TOROIDAL_SURFACE('',#7487,2.25,0.25);
#119=TOROIDAL_SURFACE('',#7492,1.75,0.25);
#120=TOROIDAL_SURFACE('',#7497,1.75,0.25);
#121=TOROIDAL_SURFACE('',#7500,2.25,0.25);
#122=TOROIDAL_SURFACE('',#7505,1.75,0.25);
#123=TOROIDAL_SURFACE('',#7510,2.25,0.25);
#124=TOROIDAL_SURFACE('',#7515,1.75,0.25);
#125=B_SPLINE_CURVE_WITH_KNOTS('',3,(#9980,#9981,#9982,#9983,#9984,#9985,
#9986,#9987,#9988,#9989,#9990,#9991,#9992,#9993),.UNSPECIFIED.,.F.,.F.,
(4,2,2,2,2,2,4),(-0.251158401994906,-0.250231170801412,-0.23528776305558,
-0.173051615609884,-0.114113797113914,-0.0566982995448975,0.),
 .UNSPECIFIED.);
#126=B_SPLINE_CURVE_WITH_KNOTS('',3,(#10666,#10667,#10668,#10669,#10670,
#10671,#10672,#10673,#10674,#10675,#10676,#10677,#10678,#10679),
 .UNSPECIFIED.,.F.,.F.,(4,2,2,2,2,2,4),(-0.000238051561679357,0.,0.00543269097451351,
0.0108433164241216,0.0208202076214985,0.0304498212404187,0.0399159300679624),
 .UNSPECIFIED.);
#127=B_SPLINE_CURVE_WITH_KNOTS('',3,(#11059,#11060,#11061,#11062,#11063,
#11064,#11065,#11066,#11067,#11068,#11069,#11070,#11071,#11072),
 .UNSPECIFIED.,.F.,.F.,(4,2,2,2,2,2,4),(-0.251158401994906,-0.250231170801412,
-0.23528776305558,-0.173051615609884,-0.114113797113914,-0.0566982995448975,
0.),.UNSPECIFIED.);
#128=B_SPLINE_CURVE_WITH_KNOTS('',3,(#11745,#11746,#11747,#11748,#11749,
#11750,#11751,#11752,#11753,#11754,#11755,#11756,#11757,#11758),
 .UNSPECIFIED.,.F.,.F.,(4,2,2,2,2,2,4),(-0.000238051561679357,0.,0.00543269097451351,
0.0108433164241216,0.0208202076214985,0.0304498212404187,0.0399159300679624),
 .UNSPECIFIED.);
#129=(
BOUNDED_SURFACE()
B_SPLINE_SURFACE(2,2,((#9964,#9965,#9966),(#9967,#9968,#9969),(#9970,#9971,
#9972)),.UNSPECIFIED.,.F.,.F.,.F.)
B_SPLINE_SURFACE_WITH_KNOTS((3,3),(3,3),(-1.5707963267949,0.),(-2.61799388659472,
-1.5707963267949),.UNSPECIFIED.)
GEOMETRIC_REPRESENTATION_ITEM()
RATIONAL_B_SPLINE_SURFACE(((1.,0.866025401633632,1.),(0.707106781186543,
0.612372434174941,0.707106781186543),(1.,0.866025401633632,1.)))
REPRESENTATION_ITEM('')
SURFACE()
);
#130=(
BOUNDED_SURFACE()
B_SPLINE_SURFACE(2,2,((#10012,#10013,#10014),(#10015,#10016,#10017),(#10018,
#10019,#10020)),.UNSPECIFIED.,.F.,.F.,.F.)
B_SPLINE_SURFACE_WITH_KNOTS((3,3),(3,3),(-1.57079632679491,0.),(-2.51527804998275,
-1.70234619481082),.UNSPECIFIED.)
GEOMETRIC_REPRESENTATION_ITEM()
RATIONAL_B_SPLINE_SURFACE(((1.,0.918523806852962,1.),(0.707106781186547,
0.649494412507011,0.707106781186547),(1.,0.918523806852962,1.)))
REPRESENTATION_ITEM('')
SURFACE()
);
#131=(
BOUNDED_SURFACE()
B_SPLINE_SURFACE(2,2,((#10044,#10045,#10046),(#10047,#10048,#10049),(#10050,
#10051,#10052)),.UNSPECIFIED.,.F.,.F.,.F.)
B_SPLINE_SURFACE_WITH_KNOTS((3,3),(3,3),(-1.57079632679491,0.),(-2.0938555169028,
-0.523059190107861),.UNSPECIFIED.)
GEOMETRIC_REPRESENTATION_ITEM()
RATIONAL_B_SPLINE_SURFACE(((1.,0.707106781186532,1.),(0.707106781186546,
0.499999999999988,0.707106781186546),(1.,0.707106781186532,1.)))
REPRESENTATION_ITEM('')
SURFACE()
);
#132=(
BOUNDED_SURFACE()
B_SPLINE_SURFACE(2,2,((#10064,#10065,#10066),(#10067,#10068,#10069),(#10070,
#10071,#10072)),.UNSPECIFIED.,.F.,.F.,.F.)
B_SPLINE_SURFACE_WITH_KNOTS((3,3),(3,3),(-1.57079632679491,0.),(-0.523059190107889,
0.),.UNSPECIFIED.)
GEOMETRIC_REPRESENTATION_ITEM()
RATIONAL_B_SPLINE_SURFACE(((1.,0.965995618634946,1.),(0.707106781186527,
0.683062052533244,0.707106781186527),(1.,0.965995618634946,1.)))
REPRESENTATION_ITEM('')
SURFACE()
);
#133=(
BOUNDED_SURFACE()
B_SPLINE_SURFACE(2,2,((#10084,#10085,#10086),(#10087,#10088,#10089),(#10090,
#10091,#10092)),.UNSPECIFIED.,.F.,.F.,.F.)
B_SPLINE_SURFACE_WITH_KNOTS((3,3),(3,3),(-1.5707963267949,0.),(0.,1.5707963267949),
 .UNSPECIFIED.)
GEOMETRIC_REPRESENTATION_ITEM()
RATIONAL_B_SPLINE_SURFACE(((1.,0.707106781186548,1.),(0.707106781186527,
0.499999999999986,0.707106781186527),(1.,0.707106781186548,1.)))
REPRESENTATION_ITEM('')
SURFACE()
);
#134=(
BOUNDED_SURFACE()
B_SPLINE_SURFACE(2,2,((#10110,#10111,#10112),(#10113,#10114,#10115),(#10116,
#10117,#10118)),.UNSPECIFIED.,.F.,.F.,.F.)
B_SPLINE_SURFACE_WITH_KNOTS((3,3),(3,3),(-1.5707963267949,0.),(0.523598315327707,
1.5707963267949),.UNSPECIFIED.)
GEOMETRIC_REPRESENTATION_ITEM()
RATIONAL_B_SPLINE_SURFACE(((1.,0.866025288716768,1.),(0.707106781186538,
0.612372354330656,0.707106781186538),(1.,0.866025288716768,1.)))
REPRESENTATION_ITEM('')
SURFACE()
);
#135=(
BOUNDED_SURFACE()
B_SPLINE_SURFACE(2,2,((#10142,#10143,#10144),(#10145,#10146,#10147),(#10148,
#10149,#10150)),.UNSPECIFIED.,.F.,.F.,.F.)
B_SPLINE_SURFACE_WITH_KNOTS((3,3),(3,3),(-1.5707963267949,0.),(0.,1.5707963267949),
 .UNSPECIFIED.)
GEOMETRIC_REPRESENTATION_ITEM()
RATIONAL_B_SPLINE_SURFACE(((1.,0.707106781186548,1.),(0.707106781186538,
0.499999999999993,0.707106781186538),(1.,0.707106781186548,1.)))
REPRESENTATION_ITEM('')
SURFACE()
);
#136=(
BOUNDED_SURFACE()
B_SPLINE_SURFACE(2,2,((#10162,#10163,#10164),(#10165,#10166,#10167),(#10168,
#10169,#10170)),.UNSPECIFIED.,.F.,.F.,.F.)
B_SPLINE_SURFACE_WITH_KNOTS((3,3),(3,3),(-1.5707963267949,0.),(1.5707963267949,
2.88891240999011),.UNSPECIFIED.)
GEOMETRIC_REPRESENTATION_ITEM()
RATIONAL_B_SPLINE_SURFACE(((1.,0.790569411507974,1.),(0.707106781186547,
0.559016991875946,0.707106781186547),(1.,0.790569411507974,1.)))
REPRESENTATION_ITEM('')
SURFACE()
);
#137=(
BOUNDED_SURFACE()
B_SPLINE_SURFACE(2,2,((#10188,#10189,#10190),(#10191,#10192,#10193),(#10194,
#10195,#10196)),.UNSPECIFIED.,.F.,.F.,.F.)
B_SPLINE_SURFACE_WITH_KNOTS((3,3),(3,3),(-1.5707963267949,0.),(1.5707963267949,
3.14159265358979),.UNSPECIFIED.)
GEOMETRIC_REPRESENTATION_ITEM()
RATIONAL_B_SPLINE_SURFACE(((1.,0.707106781186548,1.),(0.707106781186547,
0.5,0.707106781186547),(1.,0.707106781186548,1.)))
REPRESENTATION_ITEM('')
SURFACE()
);
#138=(
BOUNDED_SURFACE()
B_SPLINE_SURFACE(2,2,((#10220,#10221,#10222),(#10223,#10224,#10225),(#10226,
#10227,#10228)),.UNSPECIFIED.,.F.,.F.,.F.)
B_SPLINE_SURFACE_WITH_KNOTS((3,3),(3,3),(-1.5707963267949,0.),(1.5707963267949,
3.14159261199073),.UNSPECIFIED.)
GEOMETRIC_REPRESENTATION_ITEM()
RATIONAL_B_SPLINE_SURFACE(((1.,0.707106795894037,1.),(0.707106781186538,
0.500000010399759,0.707106781186538),(1.,0.707106795894037,1.)))
REPRESENTATION_ITEM('')
SURFACE()
);
#139=(
BOUNDED_SURFACE()
B_SPLINE_SURFACE(2,2,((#11046,#11047,#11048),(#11049,#11050,#11051),(#11052,
#11053,#11054)),.UNSPECIFIED.,.F.,.F.,.F.)
B_SPLINE_SURFACE_WITH_KNOTS((3,3),(3,3),(-1.5707963267949,1.85037170770861E-16),
(-2.61799388659475,-1.5707963267949),.UNSPECIFIED.)
GEOMETRIC_REPRESENTATION_ITEM()
RATIONAL_B_SPLINE_SURFACE(((1.,0.866025401633626,1.),(0.707106781186527,
0.612372434174923,0.707106781186527),(1.,0.866025401633626,1.)))
REPRESENTATION_ITEM('')
SURFACE()
);
#140=(
BOUNDED_SURFACE()
B_SPLINE_SURFACE(2,2,((#11094,#11095,#11096),(#11097,#11098,#11099),(#11100,
#11101,#11102)),.UNSPECIFIED.,.F.,.F.,.F.)
B_SPLINE_SURFACE_WITH_KNOTS((3,3),(3,3),(-1.5707963267949,0.),(-2.51527804998277,
-1.70234619481083),.UNSPECIFIED.)
GEOMETRIC_REPRESENTATION_ITEM()
RATIONAL_B_SPLINE_SURFACE(((1.,0.918523806852959,1.),(0.707106781186527,
0.649494412506991,0.707106781186527),(1.,0.918523806852959,1.)))
REPRESENTATION_ITEM('')
SURFACE()
);
#141=(
BOUNDED_SURFACE()
B_SPLINE_SURFACE(2,2,((#11126,#11127,#11128),(#11129,#11130,#11131),(#11132,
#11133,#11134)),.UNSPECIFIED.,.F.,.F.,.F.)
B_SPLINE_SURFACE_WITH_KNOTS((3,3),(3,3),(-1.57079632679491,0.),(-2.0938555169028,
-0.523059190107861),.UNSPECIFIED.)
GEOMETRIC_REPRESENTATION_ITEM()
RATIONAL_B_SPLINE_SURFACE(((1.,0.707106781186532,1.),(0.707106781186546,
0.499999999999988,0.707106781186546),(1.,0.707106781186532,1.)))
REPRESENTATION_ITEM('')
SURFACE()
);
#142=(
BOUNDED_SURFACE()
B_SPLINE_SURFACE(2,2,((#11146,#11147,#11148),(#11149,#11150,#11151),(#11152,
#11153,#11154)),.UNSPECIFIED.,.F.,.F.,.F.)
B_SPLINE_SURFACE_WITH_KNOTS((3,3),(3,3),(-1.57079632679491,0.),(-0.523059190107889,
0.),.UNSPECIFIED.)
GEOMETRIC_REPRESENTATION_ITEM()
RATIONAL_B_SPLINE_SURFACE(((1.,0.965995618634946,1.),(0.707106781186527,
0.683062052533244,0.707106781186527),(1.,0.965995618634946,1.)))
REPRESENTATION_ITEM('')
SURFACE()
);
#143=(
BOUNDED_SURFACE()
B_SPLINE_SURFACE(2,2,((#11166,#11167,#11168),(#11169,#11170,#11171),(#11172,
#11173,#11174)),.UNSPECIFIED.,.F.,.F.,.F.)
B_SPLINE_SURFACE_WITH_KNOTS((3,3),(3,3),(-1.5707963267949,0.),(0.,1.5707963267949),
 .UNSPECIFIED.)
GEOMETRIC_REPRESENTATION_ITEM()
RATIONAL_B_SPLINE_SURFACE(((1.,0.707106781186548,1.),(0.707106781186527,
0.499999999999986,0.707106781186527),(1.,0.707106781186548,1.)))
REPRESENTATION_ITEM('')
SURFACE()
);
#144=(
BOUNDED_SURFACE()
B_SPLINE_SURFACE(2,2,((#11192,#11193,#11194),(#11195,#11196,#11197),(#11198,
#11199,#11200)),.UNSPECIFIED.,.F.,.F.,.F.)
B_SPLINE_SURFACE_WITH_KNOTS((3,3),(3,3),(-1.5707963267949,0.),(0.523598315327707,
1.5707963267949),.UNSPECIFIED.)
GEOMETRIC_REPRESENTATION_ITEM()
RATIONAL_B_SPLINE_SURFACE(((1.,0.866025288716768,1.),(0.707106781186527,
0.612372354330647,0.707106781186527),(1.,0.866025288716768,1.)))
REPRESENTATION_ITEM('')
SURFACE()
);
#145=(
BOUNDED_SURFACE()
B_SPLINE_SURFACE(2,2,((#11224,#11225,#11226),(#11227,#11228,#11229),(#11230,
#11231,#11232)),.UNSPECIFIED.,.F.,.F.,.F.)
B_SPLINE_SURFACE_WITH_KNOTS((3,3),(3,3),(-1.5707963267949,0.),(0.,1.5707963267949),
 .UNSPECIFIED.)
GEOMETRIC_REPRESENTATION_ITEM()
RATIONAL_B_SPLINE_SURFACE(((1.,0.707106781186548,1.),(0.707106781186527,
0.499999999999986,0.707106781186527),(1.,0.707106781186548,1.)))
REPRESENTATION_ITEM('')
SURFACE()
);
#146=(
BOUNDED_SURFACE()
B_SPLINE_SURFACE(2,2,((#11244,#11245,#11246),(#11247,#11248,#11249),(#11250,
#11251,#11252)),.UNSPECIFIED.,.F.,.F.,.F.)
B_SPLINE_SURFACE_WITH_KNOTS((3,3),(3,3),(-1.5707963267949,0.),(1.5707963267949,
2.88891240999011),.UNSPECIFIED.)
GEOMETRIC_REPRESENTATION_ITEM()
RATIONAL_B_SPLINE_SURFACE(((1.,0.790569411507974,1.),(0.707106781186527,
0.55901699187593,0.707106781186527),(1.,0.790569411507974,1.)))
REPRESENTATION_ITEM('')
SURFACE()
);
#147=(
BOUNDED_SURFACE()
B_SPLINE_SURFACE(2,2,((#11270,#11271,#11272),(#11273,#11274,#11275),(#11276,
#11277,#11278)),.UNSPECIFIED.,.F.,.F.,.F.)
B_SPLINE_SURFACE_WITH_KNOTS((3,3),(3,3),(-1.5707963267949,0.),(1.5707963267949,
3.14159265358979),.UNSPECIFIED.)
GEOMETRIC_REPRESENTATION_ITEM()
RATIONAL_B_SPLINE_SURFACE(((1.,0.707106781186548,1.),(0.707106781186527,
0.499999999999986,0.707106781186527),(1.,0.707106781186548,1.)))
REPRESENTATION_ITEM('')
SURFACE()
);
#148=(
BOUNDED_SURFACE()
B_SPLINE_SURFACE(2,2,((#11302,#11303,#11304),(#11305,#11306,#11307),(#11308,
#11309,#11310)),.UNSPECIFIED.,.F.,.F.,.F.)
B_SPLINE_SURFACE_WITH_KNOTS((3,3),(3,3),(-1.57079632679491,0.),(1.5707963267949,
3.14159261199073),.UNSPECIFIED.)
GEOMETRIC_REPRESENTATION_ITEM()
RATIONAL_B_SPLINE_SURFACE(((1.,0.707106795894037,1.),(0.707106781186526,
0.500000010399751,0.707106781186526),(1.,0.707106795894037,1.)))
REPRESENTATION_ITEM('')
SURFACE()
);
#149=CYLINDRICAL_SURFACE('',#6633,2.54999999999999);
#150=CYLINDRICAL_SURFACE('',#6637,2.55000000000001);
#151=CYLINDRICAL_SURFACE('',#6641,2.55000000000001);
#152=CYLINDRICAL_SURFACE('',#6645,2.55000000000001);
#153=CYLINDRICAL_SURFACE('',#6649,2.55000000000001);
#154=CYLINDRICAL_SURFACE('',#6661,1.5);
#155=CYLINDRICAL_SURFACE('',#6667,1.5);
#156=CYLINDRICAL_SURFACE('',#6672,1.5);
#157=CYLINDRICAL_SURFACE('',#6678,1.5);
#158=CYLINDRICAL_SURFACE('',#6683,1.5);
#159=CYLINDRICAL_SURFACE('',#6688,1.5);
#160=CYLINDRICAL_SURFACE('',#6693,1.5);
#161=CYLINDRICAL_SURFACE('',#6702,1.5);
#162=CYLINDRICAL_SURFACE('',#6708,1.5);
#163=CYLINDRICAL_SURFACE('',#6713,1.5);
#164=CYLINDRICAL_SURFACE('',#6722,1.5);
#165=CYLINDRICAL_SURFACE('',#6727,1.5);
#166=CYLINDRICAL_SURFACE('',#6733,1.5);
#167=CYLINDRICAL_SURFACE('',#6738,1.5);
#168=CYLINDRICAL_SURFACE('',#6740,2.);
#169=CYLINDRICAL_SURFACE('',#6743,2.);
#170=CYLINDRICAL_SURFACE('',#6746,2.);
#171=CYLINDRICAL_SURFACE('',#6748,2.);
#172=CYLINDRICAL_SURFACE('',#6751,2.);
#173=CYLINDRICAL_SURFACE('',#6754,2.);
#174=CYLINDRICAL_SURFACE('',#6757,2.);
#175=CYLINDRICAL_SURFACE('',#6760,2.);
#176=CYLINDRICAL_SURFACE('',#6763,0.25);
#177=CYLINDRICAL_SURFACE('',#6766,0.25);
#178=CYLINDRICAL_SURFACE('',#6768,0.25);
#179=CYLINDRICAL_SURFACE('',#6770,0.25);
#180=CYLINDRICAL_SURFACE('',#6776,0.25);
#181=CYLINDRICAL_SURFACE('',#6782,0.25);
#182=CYLINDRICAL_SURFACE('',#6788,0.25);
#183=CYLINDRICAL_SURFACE('',#6794,0.25);
#184=CYLINDRICAL_SURFACE('',#6800,0.25);
#185=CYLINDRICAL_SURFACE('',#6806,0.25);
#186=CYLINDRICAL_SURFACE('',#6812,0.25);
#187=CYLINDRICAL_SURFACE('',#6818,0.25);
#188=CYLINDRICAL_SURFACE('',#6824,0.25);
#189=CYLINDRICAL_SURFACE('',#6834,0.25);
#190=CYLINDRICAL_SURFACE('',#6840,0.25);
#191=CYLINDRICAL_SURFACE('',#6846,0.25);
#192=CYLINDRICAL_SURFACE('',#6852,0.25);
#193=CYLINDRICAL_SURFACE('',#6858,0.25);
#194=CYLINDRICAL_SURFACE('',#6864,0.25);
#195=CYLINDRICAL_SURFACE('',#6870,0.25);
#196=CYLINDRICAL_SURFACE('',#6876,0.25);
#197=CYLINDRICAL_SURFACE('',#6882,0.25);
#198=CYLINDRICAL_SURFACE('',#6884,0.25);
#199=CYLINDRICAL_SURFACE('',#6885,1.);
#200=CYLINDRICAL_SURFACE('',#6888,1.);
#201=CYLINDRICAL_SURFACE('',#6891,1.);
#202=CYLINDRICAL_SURFACE('',#6894,1.);
#203=CYLINDRICAL_SURFACE('',#6898,1.);
#204=CYLINDRICAL_SURFACE('',#6901,1.);
#205=CYLINDRICAL_SURFACE('',#6904,1.);
#206=CYLINDRICAL_SURFACE('',#6907,1.);
#207=CYLINDRICAL_SURFACE('',#6909,1.);
#208=CYLINDRICAL_SURFACE('',#6910,1.);
#209=CYLINDRICAL_SURFACE('',#6912,1.);
#210=CYLINDRICAL_SURFACE('',#6914,1.);
#211=CYLINDRICAL_SURFACE('',#6916,1.);
#212=CYLINDRICAL_SURFACE('',#6918,1.);
#213=CYLINDRICAL_SURFACE('',#6920,1.);
#214=CYLINDRICAL_SURFACE('',#6922,1.);
#215=CYLINDRICAL_SURFACE('',#6924,1.);
#216=CYLINDRICAL_SURFACE('',#6926,1.);
#217=CYLINDRICAL_SURFACE('',#6933,0.25);
#218=CYLINDRICAL_SURFACE('',#6939,0.25);
#219=CYLINDRICAL_SURFACE('',#6945,0.25);
#220=CYLINDRICAL_SURFACE('',#6951,0.25);
#221=CYLINDRICAL_SURFACE('',#6957,0.25);
#222=CYLINDRICAL_SURFACE('',#6963,0.25);
#223=CYLINDRICAL_SURFACE('',#6968,0.25);
#224=CYLINDRICAL_SURFACE('',#6973,0.25);
#225=CYLINDRICAL_SURFACE('',#6978,0.25);
#226=CYLINDRICAL_SURFACE('',#6983,0.25);
#227=CYLINDRICAL_SURFACE('',#6988,0.25);
#228=CYLINDRICAL_SURFACE('',#6993,0.25);
#229=CYLINDRICAL_SURFACE('',#6998,0.25);
#230=CYLINDRICAL_SURFACE('',#7003,0.25);
#231=CYLINDRICAL_SURFACE('',#7008,0.25);
#232=CYLINDRICAL_SURFACE('',#7018,0.25);
#233=CYLINDRICAL_SURFACE('',#7023,0.25);
#234=CYLINDRICAL_SURFACE('',#7028,0.25);
#235=CYLINDRICAL_SURFACE('',#7036,0.25);
#236=CYLINDRICAL_SURFACE('',#7041,0.25);
#237=CYLINDRICAL_SURFACE('',#7046,0.25);
#238=CYLINDRICAL_SURFACE('',#7051,0.25);
#239=CYLINDRICAL_SURFACE('',#7053,2.);
#240=CYLINDRICAL_SURFACE('',#7055,2.);
#241=CYLINDRICAL_SURFACE('',#7057,2.);
#242=CYLINDRICAL_SURFACE('',#7059,2.);
#243=CYLINDRICAL_SURFACE('',#7061,2.);
#244=CYLINDRICAL_SURFACE('',#7063,2.);
#245=CYLINDRICAL_SURFACE('',#7065,2.);
#246=CYLINDRICAL_SURFACE('',#7067,2.);
#247=CYLINDRICAL_SURFACE('',#7068,1.);
#248=CYLINDRICAL_SURFACE('',#7100,2.54999999999999);
#249=CYLINDRICAL_SURFACE('',#7104,2.55000000000001);
#250=CYLINDRICAL_SURFACE('',#7108,2.55000000000001);
#251=CYLINDRICAL_SURFACE('',#7112,2.55000000000001);
#252=CYLINDRICAL_SURFACE('',#7116,2.55000000000001);
#253=CYLINDRICAL_SURFACE('',#7128,1.5);
#254=CYLINDRICAL_SURFACE('',#7134,1.5);
#255=CYLINDRICAL_SURFACE('',#7139,1.5);
#256=CYLINDRICAL_SURFACE('',#7145,1.5);
#257=CYLINDRICAL_SURFACE('',#7150,1.5);
#258=CYLINDRICAL_SURFACE('',#7155,1.5);
#259=CYLINDRICAL_SURFACE('',#7160,1.5);
#260=CYLINDRICAL_SURFACE('',#7169,1.5);
#261=CYLINDRICAL_SURFACE('',#7175,1.5);
#262=CYLINDRICAL_SURFACE('',#7180,1.5);
#263=CYLINDRICAL_SURFACE('',#7189,1.5);
#264=CYLINDRICAL_SURFACE('',#7194,1.5);
#265=CYLINDRICAL_SURFACE('',#7200,1.5);
#266=CYLINDRICAL_SURFACE('',#7205,1.5);
#267=CYLINDRICAL_SURFACE('',#7207,2.);
#268=CYLINDRICAL_SURFACE('',#7210,2.);
#269=CYLINDRICAL_SURFACE('',#7213,2.);
#270=CYLINDRICAL_SURFACE('',#7215,2.);
#271=CYLINDRICAL_SURFACE('',#7218,2.);
#272=CYLINDRICAL_SURFACE('',#7221,2.);
#273=CYLINDRICAL_SURFACE('',#7224,2.);
#274=CYLINDRICAL_SURFACE('',#7227,2.);
#275=CYLINDRICAL_SURFACE('',#7230,0.25);
#276=CYLINDRICAL_SURFACE('',#7233,0.25);
#277=CYLINDRICAL_SURFACE('',#7235,0.25);
#278=CYLINDRICAL_SURFACE('',#7237,0.25);
#279=CYLINDRICAL_SURFACE('',#7243,0.25);
#280=CYLINDRICAL_SURFACE('',#7249,0.25);
#281=CYLINDRICAL_SURFACE('',#7255,0.25);
#282=CYLINDRICAL_SURFACE('',#7261,0.25);
#283=CYLINDRICAL_SURFACE('',#7267,0.25);
#284=CYLINDRICAL_SURFACE('',#7273,0.25);
#285=CYLINDRICAL_SURFACE('',#7279,0.25);
#286=CYLINDRICAL_SURFACE('',#7285,0.25);
#287=CYLINDRICAL_SURFACE('',#7291,0.25);
#288=CYLINDRICAL_SURFACE('',#7301,0.25);
#289=CYLINDRICAL_SURFACE('',#7307,0.25);
#290=CYLINDRICAL_SURFACE('',#7313,0.25);
#291=CYLINDRICAL_SURFACE('',#7319,0.25);
#292=CYLINDRICAL_SURFACE('',#7325,0.25);
#293=CYLINDRICAL_SURFACE('',#7331,0.25);
#294=CYLINDRICAL_SURFACE('',#7337,0.25);
#295=CYLINDRICAL_SURFACE('',#7343,0.25);
#296=CYLINDRICAL_SURFACE('',#7349,0.25);
#297=CYLINDRICAL_SURFACE('',#7351,0.25);
#298=CYLINDRICAL_SURFACE('',#7352,1.);
#299=CYLINDRICAL_SURFACE('',#7355,1.);
#300=CYLINDRICAL_SURFACE('',#7358,1.);
#301=CYLINDRICAL_SURFACE('',#7361,1.);
#302=CYLINDRICAL_SURFACE('',#7365,1.);
#303=CYLINDRICAL_SURFACE('',#7368,1.);
#304=CYLINDRICAL_SURFACE('',#7371,1.);
#305=CYLINDRICAL_SURFACE('',#7374,1.);
#306=CYLINDRICAL_SURFACE('',#7376,1.);
#307=CYLINDRICAL_SURFACE('',#7377,1.);
#308=CYLINDRICAL_SURFACE('',#7379,1.);
#309=CYLINDRICAL_SURFACE('',#7381,1.);
#310=CYLINDRICAL_SURFACE('',#7383,1.);
#311=CYLINDRICAL_SURFACE('',#7385,1.);
#312=CYLINDRICAL_SURFACE('',#7387,1.);
#313=CYLINDRICAL_SURFACE('',#7389,1.);
#314=CYLINDRICAL_SURFACE('',#7391,1.);
#315=CYLINDRICAL_SURFACE('',#7393,1.);
#316=CYLINDRICAL_SURFACE('',#7400,0.25);
#317=CYLINDRICAL_SURFACE('',#7406,0.25);
#318=CYLINDRICAL_SURFACE('',#7412,0.25);
#319=CYLINDRICAL_SURFACE('',#7418,0.25);
#320=CYLINDRICAL_SURFACE('',#7424,0.25);
#321=CYLINDRICAL_SURFACE('',#7430,0.25);
#322=CYLINDRICAL_SURFACE('',#7435,0.25);
#323=CYLINDRICAL_SURFACE('',#7440,0.25);
#324=CYLINDRICAL_SURFACE('',#7445,0.25);
#325=CYLINDRICAL_SURFACE('',#7450,0.25);
#326=CYLINDRICAL_SURFACE('',#7455,0.25);
#327=CYLINDRICAL_SURFACE('',#7460,0.25);
#328=CYLINDRICAL_SURFACE('',#7465,0.25);
#329=CYLINDRICAL_SURFACE('',#7470,0.25);
#330=CYLINDRICAL_SURFACE('',#7475,0.25);
#331=CYLINDRICAL_SURFACE('',#7485,0.25);
#332=CYLINDRICAL_SURFACE('',#7490,0.25);
#333=CYLINDRICAL_SURFACE('',#7495,0.25);
#334=CYLINDRICAL_SURFACE('',#7503,0.25);
#335=CYLINDRICAL_SURFACE('',#7508,0.25);
#336=CYLINDRICAL_SURFACE('',#7513,0.25);
#337=CYLINDRICAL_SURFACE('',#7518,0.25);
#338=CYLINDRICAL_SURFACE('',#7520,2.);
#339=CYLINDRICAL_SURFACE('',#7522,2.);
#340=CYLINDRICAL_SURFACE('',#7524,2.);
#341=CYLINDRICAL_SURFACE('',#7526,2.);
#342=CYLINDRICAL_SURFACE('',#7528,2.);
#343=CYLINDRICAL_SURFACE('',#7530,2.);
#344=CYLINDRICAL_SURFACE('',#7532,2.);
#345=CYLINDRICAL_SURFACE('',#7534,2.);
#346=CYLINDRICAL_SURFACE('',#7535,1.);
#347=FACE_BOUND('',#891,.T.);
#348=FACE_BOUND('',#892,.T.);
#349=FACE_BOUND('',#893,.T.);
#350=FACE_BOUND('',#894,.T.);
#351=FACE_BOUND('',#895,.T.);
#352=FACE_BOUND('',#902,.T.);
#353=FACE_BOUND('',#905,.T.);
#354=FACE_BOUND('',#908,.T.);
#355=FACE_BOUND('',#911,.T.);
#356=FACE_BOUND('',#914,.T.);
#357=FACE_BOUND('',#1113,.T.);
#358=FACE_BOUND('',#1114,.T.);
#359=FACE_BOUND('',#1115,.T.);
#360=FACE_BOUND('',#1116,.T.);
#361=FACE_BOUND('',#1117,.T.);
#362=FACE_BOUND('',#1124,.T.);
#363=FACE_BOUND('',#1127,.T.);
#364=FACE_BOUND('',#1130,.T.);
#365=FACE_BOUND('',#1133,.T.);
#366=FACE_BOUND('',#1136,.T.);
#367=PLANE('',#6609);
#368=PLANE('',#6636);
#369=PLANE('',#6640);
#370=PLANE('',#6644);
#371=PLANE('',#6648);
#372=PLANE('',#6652);
#373=PLANE('',#6653);
#374=PLANE('',#6654);
#375=PLANE('',#6655);
#376=PLANE('',#6656);
#377=PLANE('',#6657);
#378=PLANE('',#6739);
#379=PLANE('',#6742);
#380=PLANE('',#6745);
#381=PLANE('',#6750);
#382=PLANE('',#6753);
#383=PLANE('',#6756);
#384=PLANE('',#6759);
#385=PLANE('',#6762);
#386=PLANE('',#6887);
#387=PLANE('',#6890);
#388=PLANE('',#6893);
#389=PLANE('',#6896);
#390=PLANE('',#6900);
#391=PLANE('',#6903);
#392=PLANE('',#6906);
#393=PLANE('',#6911);
#394=PLANE('',#6913);
#395=PLANE('',#6915);
#396=PLANE('',#6917);
#397=PLANE('',#6919);
#398=PLANE('',#6921);
#399=PLANE('',#6923);
#400=PLANE('',#6925);
#401=PLANE('',#6927);
#402=PLANE('',#6928);
#403=PLANE('',#6929);
#404=PLANE('',#7052);
#405=PLANE('',#7054);
#406=PLANE('',#7056);
#407=PLANE('',#7058);
#408=PLANE('',#7060);
#409=PLANE('',#7062);
#410=PLANE('',#7064);
#411=PLANE('',#7066);
#412=PLANE('',#7069);
#413=PLANE('',#7070);
#414=PLANE('',#7071);
#415=PLANE('',#7072);
#416=PLANE('',#7076);
#417=PLANE('',#7103);
#418=PLANE('',#7107);
#419=PLANE('',#7111);
#420=PLANE('',#7115);
#421=PLANE('',#7119);
#422=PLANE('',#7120);
#423=PLANE('',#7121);
#424=PLANE('',#7122);
#425=PLANE('',#7123);
#426=PLANE('',#7124);
#427=PLANE('',#7206);
#428=PLANE('',#7209);
#429=PLANE('',#7212);
#430=PLANE('',#7217);
#431=PLANE('',#7220);
#432=PLANE('',#7223);
#433=PLANE('',#7226);
#434=PLANE('',#7229);
#435=PLANE('',#7354);
#436=PLANE('',#7357);
#437=PLANE('',#7360);
#438=PLANE('',#7363);
#439=PLANE('',#7367);
#440=PLANE('',#7370);
#441=PLANE('',#7373);
#442=PLANE('',#7378);
#443=PLANE('',#7380);
#444=PLANE('',#7382);
#445=PLANE('',#7384);
#446=PLANE('',#7386);
#447=PLANE('',#7388);
#448=PLANE('',#7390);
#449=PLANE('',#7392);
#450=PLANE('',#7394);
#451=PLANE('',#7395);
#452=PLANE('',#7396);
#453=PLANE('',#7519);
#454=PLANE('',#7521);
#455=PLANE('',#7523);
#456=PLANE('',#7525);
#457=PLANE('',#7527);
#458=PLANE('',#7529);
#459=PLANE('',#7531);
#460=PLANE('',#7533);
#461=PLANE('',#7536);
#462=PLANE('',#7537);
#463=PLANE('',#7538);
#464=PLANE('',#7539);
#465=FACE_OUTER_BOUND('',#889,.T.);
#466=FACE_OUTER_BOUND('',#890,.T.);
#467=FACE_OUTER_BOUND('',#896,.T.);
#468=FACE_OUTER_BOUND('',#897,.T.);
#469=FACE_OUTER_BOUND('',#898,.T.);
#470=FACE_OUTER_BOUND('',#899,.T.);
#471=FACE_OUTER_BOUND('',#900,.T.);
#472=FACE_OUTER_BOUND('',#901,.T.);
#473=FACE_OUTER_BOUND('',#903,.T.);
#474=FACE_OUTER_BOUND('',#904,.T.);
#475=FACE_OUTER_BOUND('',#906,.T.);
#476=FACE_OUTER_BOUND('',#907,.T.);
#477=FACE_OUTER_BOUND('',#909,.T.);
#478=FACE_OUTER_BOUND('',#910,.T.);
#479=FACE_OUTER_BOUND('',#912,.T.);
#480=FACE_OUTER_BOUND('',#913,.T.);
#481=FACE_OUTER_BOUND('',#915,.T.);
#482=FACE_OUTER_BOUND('',#916,.T.);
#483=FACE_OUTER_BOUND('',#917,.T.);
#484=FACE_OUTER_BOUND('',#918,.T.);
#485=FACE_OUTER_BOUND('',#919,.T.);
#486=FACE_OUTER_BOUND('',#920,.T.);
#487=FACE_OUTER_BOUND('',#921,.T.);
#488=FACE_OUTER_BOUND('',#922,.T.);
#489=FACE_OUTER_BOUND('',#923,.T.);
#490=FACE_OUTER_BOUND('',#924,.T.);
#491=FACE_OUTER_BOUND('',#925,.T.);
#492=FACE_OUTER_BOUND('',#926,.T.);
#493=FACE_OUTER_BOUND('',#927,.T.);
#494=FACE_OUTER_BOUND('',#928,.T.);
#495=FACE_OUTER_BOUND('',#929,.T.);
#496=FACE_OUTER_BOUND('',#930,.T.);
#497=FACE_OUTER_BOUND('',#931,.T.);
#498=FACE_OUTER_BOUND('',#932,.T.);
#499=FACE_OUTER_BOUND('',#933,.T.);
#500=FACE_OUTER_BOUND('',#934,.T.);
#501=FACE_OUTER_BOUND('',#935,.T.);
#502=FACE_OUTER_BOUND('',#936,.T.);
#503=FACE_OUTER_BOUND('',#937,.T.);
#504=FACE_OUTER_BOUND('',#938,.T.);
#505=FACE_OUTER_BOUND('',#939,.T.);
#506=FACE_OUTER_BOUND('',#940,.T.);
#507=FACE_OUTER_BOUND('',#941,.T.);
#508=FACE_OUTER_BOUND('',#942,.T.);
#509=FACE_OUTER_BOUND('',#943,.T.);
#510=FACE_OUTER_BOUND('',#944,.T.);
#511=FACE_OUTER_BOUND('',#945,.T.);
#512=FACE_OUTER_BOUND('',#946,.T.);
#513=FACE_OUTER_BOUND('',#947,.T.);
#514=FACE_OUTER_BOUND('',#948,.T.);
#515=FACE_OUTER_BOUND('',#949,.T.);
#516=FACE_OUTER_BOUND('',#950,.T.);
#517=FACE_OUTER_BOUND('',#951,.T.);
#518=FACE_OUTER_BOUND('',#952,.T.);
#519=FACE_OUTER_BOUND('',#953,.T.);
#520=FACE_OUTER_BOUND('',#954,.T.);
#521=FACE_OUTER_BOUND('',#955,.T.);
#522=FACE_OUTER_BOUND('',#956,.T.);
#523=FACE_OUTER_BOUND('',#957,.T.);
#524=FACE_OUTER_BOUND('',#958,.T.);
#525=FACE_OUTER_BOUND('',#959,.T.);
#526=FACE_OUTER_BOUND('',#960,.T.);
#527=FACE_OUTER_BOUND('',#961,.T.);
#528=FACE_OUTER_BOUND('',#962,.T.);
#529=FACE_OUTER_BOUND('',#963,.T.);
#530=FACE_OUTER_BOUND('',#964,.T.);
#531=FACE_OUTER_BOUND('',#965,.T.);
#532=FACE_OUTER_BOUND('',#966,.T.);
#533=FACE_OUTER_BOUND('',#967,.T.);
#534=FACE_OUTER_BOUND('',#968,.T.);
#535=FACE_OUTER_BOUND('',#969,.T.);
#536=FACE_OUTER_BOUND('',#970,.T.);
#537=FACE_OUTER_BOUND('',#971,.T.);
#538=FACE_OUTER_BOUND('',#972,.T.);
#539=FACE_OUTER_BOUND('',#973,.T.);
#540=FACE_OUTER_BOUND('',#974,.T.);
#541=FACE_OUTER_BOUND('',#975,.T.);
#542=FACE_OUTER_BOUND('',#976,.T.);
#543=FACE_OUTER_BOUND('',#977,.T.);
#544=FACE_OUTER_BOUND('',#978,.T.);
#545=FACE_OUTER_BOUND('',#979,.T.);
#546=FACE_OUTER_BOUND('',#980,.T.);
#547=FACE_OUTER_BOUND('',#981,.T.);
#548=FACE_OUTER_BOUND('',#982,.T.);
#549=FACE_OUTER_BOUND('',#983,.T.);
#550=FACE_OUTER_BOUND('',#984,.T.);
#551=FACE_OUTER_BOUND('',#985,.T.);
#552=FACE_OUTER_BOUND('',#986,.T.);
#553=FACE_OUTER_BOUND('',#987,.T.);
#554=FACE_OUTER_BOUND('',#988,.T.);
#555=FACE_OUTER_BOUND('',#989,.T.);
#556=FACE_OUTER_BOUND('',#990,.T.);
#557=FACE_OUTER_BOUND('',#991,.T.);
#558=FACE_OUTER_BOUND('',#992,.T.);
#559=FACE_OUTER_BOUND('',#993,.T.);
#560=FACE_OUTER_BOUND('',#994,.T.);
#561=FACE_OUTER_BOUND('',#995,.T.);
#562=FACE_OUTER_BOUND('',#996,.T.);
#563=FACE_OUTER_BOUND('',#997,.T.);
#564=FACE_OUTER_BOUND('',#998,.T.);
#565=FACE_OUTER_BOUND('',#999,.T.);
#566=FACE_OUTER_BOUND('',#1000,.T.);
#567=FACE_OUTER_BOUND('',#1001,.T.);
#568=FACE_OUTER_BOUND('',#1002,.T.);
#569=FACE_OUTER_BOUND('',#1003,.T.);
#570=FACE_OUTER_BOUND('',#1004,.T.);
#571=FACE_OUTER_BOUND('',#1005,.T.);
#572=FACE_OUTER_BOUND('',#1006,.T.);
#573=FACE_OUTER_BOUND('',#1007,.T.);
#574=FACE_OUTER_BOUND('',#1008,.T.);
#575=FACE_OUTER_BOUND('',#1009,.T.);
#576=FACE_OUTER_BOUND('',#1010,.T.);
#577=FACE_OUTER_BOUND('',#1011,.T.);
#578=FACE_OUTER_BOUND('',#1012,.T.);
#579=FACE_OUTER_BOUND('',#1013,.T.);
#580=FACE_OUTER_BOUND('',#1014,.T.);
#581=FACE_OUTER_BOUND('',#1015,.T.);
#582=FACE_OUTER_BOUND('',#1016,.T.);
#583=FACE_OUTER_BOUND('',#1017,.T.);
#584=FACE_OUTER_BOUND('',#1018,.T.);
#585=FACE_OUTER_BOUND('',#1019,.T.);
#586=FACE_OUTER_BOUND('',#1020,.T.);
#587=FACE_OUTER_BOUND('',#1021,.T.);
#588=FACE_OUTER_BOUND('',#1022,.T.);
#589=FACE_OUTER_BOUND('',#1023,.T.);
#590=FACE_OUTER_BOUND('',#1024,.T.);
#591=FACE_OUTER_BOUND('',#1025,.T.);
#592=FACE_OUTER_BOUND('',#1026,.T.);
#593=FACE_OUTER_BOUND('',#1027,.T.);
#594=FACE_OUTER_BOUND('',#1028,.T.);
#595=FACE_OUTER_BOUND('',#1029,.T.);
#596=FACE_OUTER_BOUND('',#1030,.T.);
#597=FACE_OUTER_BOUND('',#1031,.T.);
#598=FACE_OUTER_BOUND('',#1032,.T.);
#599=FACE_OUTER_BOUND('',#1033,.T.);
#600=FACE_OUTER_BOUND('',#1034,.T.);
#601=FACE_OUTER_BOUND('',#1035,.T.);
#602=FACE_OUTER_BOUND('',#1036,.T.);
#603=FACE_OUTER_BOUND('',#1037,.T.);
#604=FACE_OUTER_BOUND('',#1038,.T.);
#605=FACE_OUTER_BOUND('',#1039,.T.);
#606=FACE_OUTER_BOUND('',#1040,.T.);
#607=FACE_OUTER_BOUND('',#1041,.T.);
#608=FACE_OUTER_BOUND('',#1042,.T.);
#609=FACE_OUTER_BOUND('',#1043,.T.);
#610=FACE_OUTER_BOUND('',#1044,.T.);
#611=FACE_OUTER_BOUND('',#1045,.T.);
#612=FACE_OUTER_BOUND('',#1046,.T.);
#613=FACE_OUTER_BOUND('',#1047,.T.);
#614=FACE_OUTER_BOUND('',#1048,.T.);
#615=FACE_OUTER_BOUND('',#1049,.T.);
#616=FACE_OUTER_BOUND('',#1050,.T.);
#617=FACE_OUTER_BOUND('',#1051,.T.);
#618=FACE_OUTER_BOUND('',#1052,.T.);
#619=FACE_OUTER_BOUND('',#1053,.T.);
#620=FACE_OUTER_BOUND('',#1054,.T.);
#621=FACE_OUTER_BOUND('',#1055,.T.);
#622=FACE_OUTER_BOUND('',#1056,.T.);
#623=FACE_OUTER_BOUND('',#1057,.T.);
#624=FACE_OUTER_BOUND('',#1058,.T.);
#625=FACE_OUTER_BOUND('',#1059,.T.);
#626=FACE_OUTER_BOUND('',#1060,.T.);
#627=FACE_OUTER_BOUND('',#1061,.T.);
#628=FACE_OUTER_BOUND('',#1062,.T.);
#629=FACE_OUTER_BOUND('',#1063,.T.);
#630=FACE_OUTER_BOUND('',#1064,.T.);
#631=FACE_OUTER_BOUND('',#1065,.T.);
#632=FACE_OUTER_BOUND('',#1066,.T.);
#633=FACE_OUTER_BOUND('',#1067,.T.);
#634=FACE_OUTER_BOUND('',#1068,.T.);
#635=FACE_OUTER_BOUND('',#1069,.T.);
#636=FACE_OUTER_BOUND('',#1070,.T.);
#637=FACE_OUTER_BOUND('',#1071,.T.);
#638=FACE_OUTER_BOUND('',#1072,.T.);
#639=FACE_OUTER_BOUND('',#1073,.T.);
#640=FACE_OUTER_BOUND('',#1074,.T.);
#641=FACE_OUTER_BOUND('',#1075,.T.);
#642=FACE_OUTER_BOUND('',#1076,.T.);
#643=FACE_OUTER_BOUND('',#1077,.T.);
#644=FACE_OUTER_BOUND('',#1078,.T.);
#645=FACE_OUTER_BOUND('',#1079,.T.);
#646=FACE_OUTER_BOUND('',#1080,.T.);
#647=FACE_OUTER_BOUND('',#1081,.T.);
#648=FACE_OUTER_BOUND('',#1082,.T.);
#649=FACE_OUTER_BOUND('',#1083,.T.);
#650=FACE_OUTER_BOUND('',#1084,.T.);
#651=FACE_OUTER_BOUND('',#1085,.T.);
#652=FACE_OUTER_BOUND('',#1086,.T.);
#653=FACE_OUTER_BOUND('',#1087,.T.);
#654=FACE_OUTER_BOUND('',#1088,.T.);
#655=FACE_OUTER_BOUND('',#1089,.T.);
#656=FACE_OUTER_BOUND('',#1090,.T.);
#657=FACE_OUTER_BOUND('',#1091,.T.);
#658=FACE_OUTER_BOUND('',#1092,.T.);
#659=FACE_OUTER_BOUND('',#1093,.T.);
#660=FACE_OUTER_BOUND('',#1094,.T.);
#661=FACE_OUTER_BOUND('',#1095,.T.);
#662=FACE_OUTER_BOUND('',#1096,.T.);
#663=FACE_OUTER_BOUND('',#1097,.T.);
#664=FACE_OUTER_BOUND('',#1098,.T.);
#665=FACE_OUTER_BOUND('',#1099,.T.);
#666=FACE_OUTER_BOUND('',#1100,.T.);
#667=FACE_OUTER_BOUND('',#1101,.T.);
#668=FACE_OUTER_BOUND('',#1102,.T.);
#669=FACE_OUTER_BOUND('',#1103,.T.);
#670=FACE_OUTER_BOUND('',#1104,.T.);
#671=FACE_OUTER_BOUND('',#1105,.T.);
#672=FACE_OUTER_BOUND('',#1106,.T.);
#673=FACE_OUTER_BOUND('',#1107,.T.);
#674=FACE_OUTER_BOUND('',#1108,.T.);
#675=FACE_OUTER_BOUND('',#1109,.T.);
#676=FACE_OUTER_BOUND('',#1110,.T.);
#677=FACE_OUTER_BOUND('',#1111,.T.);
#678=FACE_OUTER_BOUND('',#1112,.T.);
#679=FACE_OUTER_BOUND('',#1118,.T.);
#680=FACE_OUTER_BOUND('',#1119,.T.);
#681=FACE_OUTER_BOUND('',#1120,.T.);
#682=FACE_OUTER_BOUND('',#1121,.T.);
#683=FACE_OUTER_BOUND('',#1122,.T.);
#684=FACE_OUTER_BOUND('',#1123,.T.);
#685=FACE_OUTER_BOUND('',#1125,.T.);
#686=FACE_OUTER_BOUND('',#1126,.T.);
#687=FACE_OUTER_BOUND('',#1128,.T.);
#688=FACE_OUTER_BOUND('',#1129,.T.);
#689=FACE_OUTER_BOUND('',#1131,.T.);
#690=FACE_OUTER_BOUND('',#1132,.T.);
#691=FACE_OUTER_BOUND('',#1134,.T.);
#692=FACE_OUTER_BOUND('',#1135,.T.);
#693=FACE_OUTER_BOUND('',#1137,.T.);
#694=FACE_OUTER_BOUND('',#1138,.T.);
#695=FACE_OUTER_BOUND('',#1139,.T.);
#696=FACE_OUTER_BOUND('',#1140,.T.);
#697=FACE_OUTER_BOUND('',#1141,.T.);
#698=FACE_OUTER_BOUND('',#1142,.T.);
#699=FACE_OUTER_BOUND('',#1143,.T.);
#700=FACE_OUTER_BOUND('',#1144,.T.);
#701=FACE_OUTER_BOUND('',#1145,.T.);
#702=FACE_OUTER_BOUND('',#1146,.T.);
#703=FACE_OUTER_BOUND('',#1147,.T.);
#704=FACE_OUTER_BOUND('',#1148,.T.);
#705=FACE_OUTER_BOUND('',#1149,.T.);
#706=FACE_OUTER_BOUND('',#1150,.T.);
#707=FACE_OUTER_BOUND('',#1151,.T.);
#708=FACE_OUTER_BOUND('',#1152,.T.);
#709=FACE_OUTER_BOUND('',#1153,.T.);
#710=FACE_OUTER_BOUND('',#1154,.T.);
#711=FACE_OUTER_BOUND('',#1155,.T.);
#712=FACE_OUTER_BOUND('',#1156,.T.);
#713=FACE_OUTER_BOUND('',#1157,.T.);
#714=FACE_OUTER_BOUND('',#1158,.T.);
#715=FACE_OUTER_BOUND('',#1159,.T.);
#716=FACE_OUTER_BOUND('',#1160,.T.);
#717=FACE_OUTER_BOUND('',#1161,.T.);
#718=FACE_OUTER_BOUND('',#1162,.T.);
#719=FACE_OUTER_BOUND('',#1163,.T.);
#720=FACE_OUTER_BOUND('',#1164,.T.);
#721=FACE_OUTER_BOUND('',#1165,.T.);
#722=FACE_OUTER_BOUND('',#1166,.T.);
#723=FACE_OUTER_BOUND('',#1167,.T.);
#724=FACE_OUTER_BOUND('',#1168,.T.);
#725=FACE_OUTER_BOUND('',#1169,.T.);
#726=FACE_OUTER_BOUND('',#1170,.T.);
#727=FACE_OUTER_BOUND('',#1171,.T.);
#728=FACE_OUTER_BOUND('',#1172,.T.);
#729=FACE_OUTER_BOUND('',#1173,.T.);
#730=FACE_OUTER_BOUND('',#1174,.T.);
#731=FACE_OUTER_BOUND('',#1175,.T.);
#732=FACE_OUTER_BOUND('',#1176,.T.);
#733=FACE_OUTER_BOUND('',#1177,.T.);
#734=FACE_OUTER_BOUND('',#1178,.T.);
#735=FACE_OUTER_BOUND('',#1179,.T.);
#736=FACE_OUTER_BOUND('',#1180,.T.);
#737=FACE_OUTER_BOUND('',#1181,.T.);
#738=FACE_OUTER_BOUND('',#1182,.T.);
#739=FACE_OUTER_BOUND('',#1183,.T.);
#740=FACE_OUTER_BOUND('',#1184,.T.);
#741=FACE_OUTER_BOUND('',#1185,.T.);
#742=FACE_OUTER_BOUND('',#1186,.T.);
#743=FACE_OUTER_BOUND('',#1187,.T.);
#744=FACE_OUTER_BOUND('',#1188,.T.);
#745=FACE_OUTER_BOUND('',#1189,.T.);
#746=FACE_OUTER_BOUND('',#1190,.T.);
#747=FACE_OUTER_BOUND('',#1191,.T.);
#748=FACE_OUTER_BOUND('',#1192,.T.);
#749=FACE_OUTER_BOUND('',#1193,.T.);
#750=FACE_OUTER_BOUND('',#1194,.T.);
#751=FACE_OUTER_BOUND('',#1195,.T.);
#752=FACE_OUTER_BOUND('',#1196,.T.);
#753=FACE_OUTER_BOUND('',#1197,.T.);
#754=FACE_OUTER_BOUND('',#1198,.T.);
#755=FACE_OUTER_BOUND('',#1199,.T.);
#756=FACE_OUTER_BOUND('',#1200,.T.);
#757=FACE_OUTER_BOUND('',#1201,.T.);
#758=FACE_OUTER_BOUND('',#1202,.T.);
#759=FACE_OUTER_BOUND('',#1203,.T.);
#760=FACE_OUTER_BOUND('',#1204,.T.);
#761=FACE_OUTER_BOUND('',#1205,.T.);
#762=FACE_OUTER_BOUND('',#1206,.T.);
#763=FACE_OUTER_BOUND('',#1207,.T.);
#764=FACE_OUTER_BOUND('',#1208,.T.);
#765=FACE_OUTER_BOUND('',#1209,.T.);
#766=FACE_OUTER_BOUND('',#1210,.T.);
#767=FACE_OUTER_BOUND('',#1211,.T.);
#768=FACE_OUTER_BOUND('',#1212,.T.);
#769=FACE_OUTER_BOUND('',#1213,.T.);
#770=FACE_OUTER_BOUND('',#1214,.T.);
#771=FACE_OUTER_BOUND('',#1215,.T.);
#772=FACE_OUTER_BOUND('',#1216,.T.);
#773=FACE_OUTER_BOUND('',#1217,.T.);
#774=FACE_OUTER_BOUND('',#1218,.T.);
#775=FACE_OUTER_BOUND('',#1219,.T.);
#776=FACE_OUTER_BOUND('',#1220,.T.);
#777=FACE_OUTER_BOUND('',#1221,.T.);
#778=FACE_OUTER_BOUND('',#1222,.T.);
#779=FACE_OUTER_BOUND('',#1223,.T.);
#780=FACE_OUTER_BOUND('',#1224,.T.);
#781=FACE_OUTER_BOUND('',#1225,.T.);
#782=FACE_OUTER_BOUND('',#1226,.T.);
#783=FACE_OUTER_BOUND('',#1227,.T.);
#784=FACE_OUTER_BOUND('',#1228,.T.);
#785=FACE_OUTER_BOUND('',#1229,.T.);
#786=FACE_OUTER_BOUND('',#1230,.T.);
#787=FACE_OUTER_BOUND('',#1231,.T.);
#788=FACE_OUTER_BOUND('',#1232,.T.);
#789=FACE_OUTER_BOUND('',#1233,.T.);
#790=FACE_OUTER_BOUND('',#1234,.T.);
#791=FACE_OUTER_BOUND('',#1235,.T.);
#792=FACE_OUTER_BOUND('',#1236,.T.);
#793=FACE_OUTER_BOUND('',#1237,.T.);
#794=FACE_OUTER_BOUND('',#1238,.T.);
#795=FACE_OUTER_BOUND('',#1239,.T.);
#796=FACE_OUTER_BOUND('',#1240,.T.);
#797=FACE_OUTER_BOUND('',#1241,.T.);
#798=FACE_OUTER_BOUND('',#1242,.T.);
#799=FACE_OUTER_BOUND('',#1243,.T.);
#800=FACE_OUTER_BOUND('',#1244,.T.);
#801=FACE_OUTER_BOUND('',#1245,.T.);
#802=FACE_OUTER_BOUND('',#1246,.T.);
#803=FACE_OUTER_BOUND('',#1247,.T.);
#804=FACE_OUTER_BOUND('',#1248,.T.);
#805=FACE_OUTER_BOUND('',#1249,.T.);
#806=FACE_OUTER_BOUND('',#1250,.T.);
#807=FACE_OUTER_BOUND('',#1251,.T.);
#808=FACE_OUTER_BOUND('',#1252,.T.);
#809=FACE_OUTER_BOUND('',#1253,.T.);
#810=FACE_OUTER_BOUND('',#1254,.T.);
#811=FACE_OUTER_BOUND('',#1255,.T.);
#812=FACE_OUTER_BOUND('',#1256,.T.);
#813=FACE_OUTER_BOUND('',#1257,.T.);
#814=FACE_OUTER_BOUND('',#1258,.T.);
#815=FACE_OUTER_BOUND('',#1259,.T.);
#816=FACE_OUTER_BOUND('',#1260,.T.);
#817=FACE_OUTER_BOUND('',#1261,.T.);
#818=FACE_OUTER_BOUND('',#1262,.T.);
#819=FACE_OUTER_BOUND('',#1263,.T.);
#820=FACE_OUTER_BOUND('',#1264,.T.);
#821=FACE_OUTER_BOUND('',#1265,.T.);
#822=FACE_OUTER_BOUND('',#1266,.T.);
#823=FACE_OUTER_BOUND('',#1267,.T.);
#824=FACE_OUTER_BOUND('',#1268,.T.);
#825=FACE_OUTER_BOUND('',#1269,.T.);
#826=FACE_OUTER_BOUND('',#1270,.T.);
#827=FACE_OUTER_BOUND('',#1271,.T.);
#828=FACE_OUTER_BOUND('',#1272,.T.);
#829=FACE_OUTER_BOUND('',#1273,.T.);
#830=FACE_OUTER_BOUND('',#1274,.T.);
#831=FACE_OUTER_BOUND('',#1275,.T.);
#832=FACE_OUTER_BOUND('',#1276,.T.);
#833=FACE_OUTER_BOUND('',#1277,.T.);
#834=FACE_OUTER_BOUND('',#1278,.T.);
#835=FACE_OUTER_BOUND('',#1279,.T.);
#836=FACE_OUTER_BOUND('',#1280,.T.);
#837=FACE_OUTER_BOUND('',#1281,.T.);
#838=FACE_OUTER_BOUND('',#1282,.T.);
#839=FACE_OUTER_BOUND('',#1283,.T.);
#840=FACE_OUTER_BOUND('',#1284,.T.);
#841=FACE_OUTER_BOUND('',#1285,.T.);
#842=FACE_OUTER_BOUND('',#1286,.T.);
#843=FACE_OUTER_BOUND('',#1287,.T.);
#844=FACE_OUTER_BOUND('',#1288,.T.);
#845=FACE_OUTER_BOUND('',#1289,.T.);
#846=FACE_OUTER_BOUND('',#1290,.T.);
#847=FACE_OUTER_BOUND('',#1291,.T.);
#848=FACE_OUTER_BOUND('',#1292,.T.);
#849=FACE_OUTER_BOUND('',#1293,.T.);
#850=FACE_OUTER_BOUND('',#1294,.T.);
#851=FACE_OUTER_BOUND('',#1295,.T.);
#852=FACE_OUTER_BOUND('',#1296,.T.);
#853=FACE_OUTER_BOUND('',#1297,.T.);
#854=FACE_OUTER_BOUND('',#1298,.T.);
#855=FACE_OUTER_BOUND('',#1299,.T.);
#856=FACE_OUTER_BOUND('',#1300,.T.);
#857=FACE_OUTER_BOUND('',#1301,.T.);
#858=FACE_OUTER_BOUND('',#1302,.T.);
#859=FACE_OUTER_BOUND('',#1303,.T.);
#860=FACE_OUTER_BOUND('',#1304,.T.);
#861=FACE_OUTER_BOUND('',#1305,.T.);
#862=FACE_OUTER_BOUND('',#1306,.T.);
#863=FACE_OUTER_BOUND('',#1307,.T.);
#864=FACE_OUTER_BOUND('',#1308,.T.);
#865=FACE_OUTER_BOUND('',#1309,.T.);
#866=FACE_OUTER_BOUND('',#1310,.T.);
#867=FACE_OUTER_BOUND('',#1311,.T.);
#868=FACE_OUTER_BOUND('',#1312,.T.);
#869=FACE_OUTER_BOUND('',#1313,.T.);
#870=FACE_OUTER_BOUND('',#1314,.T.);
#871=FACE_OUTER_BOUND('',#1315,.T.);
#872=FACE_OUTER_BOUND('',#1316,.T.);
#873=FACE_OUTER_BOUND('',#1317,.T.);
#874=FACE_OUTER_BOUND('',#1318,.T.);
#875=FACE_OUTER_BOUND('',#1319,.T.);
#876=FACE_OUTER_BOUND('',#1320,.T.);
#877=FACE_OUTER_BOUND('',#1321,.T.);
#878=FACE_OUTER_BOUND('',#1322,.T.);
#879=FACE_OUTER_BOUND('',#1323,.T.);
#880=FACE_OUTER_BOUND('',#1324,.T.);
#881=FACE_OUTER_BOUND('',#1325,.T.);
#882=FACE_OUTER_BOUND('',#1326,.T.);
#883=FACE_OUTER_BOUND('',#1327,.T.);
#884=FACE_OUTER_BOUND('',#1328,.T.);
#885=FACE_OUTER_BOUND('',#1329,.T.);
#886=FACE_OUTER_BOUND('',#1330,.T.);
#887=FACE_OUTER_BOUND('',#1331,.T.);
#888=FACE_OUTER_BOUND('',#1332,.T.);
#889=EDGE_LOOP('',(#4241,#4242,#4243,#4244));
#890=EDGE_LOOP('',(#4245,#4246,#4247,#4248,#4249,#4250,#4251,#4252,#4253,
#4254,#4255,#4256,#4257,#4258,#4259,#4260,#4261,#4262,#4263,#4264,#4265,
#4266,#4267,#4268,#4269,#4270));
#891=EDGE_LOOP('',(#4271));
#892=EDGE_LOOP('',(#4272));
#893=EDGE_LOOP('',(#4273));
#894=EDGE_LOOP('',(#4274));
#895=EDGE_LOOP('',(#4275));
#896=EDGE_LOOP('',(#4276,#4277,#4278,#4279));
#897=EDGE_LOOP('',(#4280,#4281,#4282,#4283));
#898=EDGE_LOOP('',(#4284,#4285,#4286,#4287));
#899=EDGE_LOOP('',(#4288,#4289,#4290,#4291));
#900=EDGE_LOOP('',(#4292,#4293,#4294,#4295));
#901=EDGE_LOOP('',(#4296));
#902=EDGE_LOOP('',(#4297));
#903=EDGE_LOOP('',(#4298,#4299,#4300,#4301));
#904=EDGE_LOOP('',(#4302));
#905=EDGE_LOOP('',(#4303));
#906=EDGE_LOOP('',(#4304,#4305,#4306,#4307));
#907=EDGE_LOOP('',(#4308));
#908=EDGE_LOOP('',(#4309));
#909=EDGE_LOOP('',(#4310,#4311,#4312,#4313));
#910=EDGE_LOOP('',(#4314));
#911=EDGE_LOOP('',(#4315));
#912=EDGE_LOOP('',(#4316,#4317,#4318,#4319));
#913=EDGE_LOOP('',(#4320));
#914=EDGE_LOOP('',(#4321));
#915=EDGE_LOOP('',(#4322));
#916=EDGE_LOOP('',(#4323));
#917=EDGE_LOOP('',(#4324));
#918=EDGE_LOOP('',(#4325));
#919=EDGE_LOOP('',(#4326));
#920=EDGE_LOOP('',(#4327,#4328,#4329,#4330));
#921=EDGE_LOOP('',(#4331,#4332,#4333,#4334));
#922=EDGE_LOOP('',(#4335,#4336,#4337,#4338));
#923=EDGE_LOOP('',(#4339,#4340,#4341,#4342));
#924=EDGE_LOOP('',(#4343,#4344,#4345,#4346));
#925=EDGE_LOOP('',(#4347,#4348,#4349,#4350));
#926=EDGE_LOOP('',(#4351,#4352,#4353,#4354));
#927=EDGE_LOOP('',(#4355,#4356,#4357,#4358));
#928=EDGE_LOOP('',(#4359,#4360,#4361,#4362));
#929=EDGE_LOOP('',(#4363,#4364,#4365,#4366));
#930=EDGE_LOOP('',(#4367,#4368,#4369,#4370));
#931=EDGE_LOOP('',(#4371,#4372,#4373,#4374));
#932=EDGE_LOOP('',(#4375,#4376,#4377,#4378));
#933=EDGE_LOOP('',(#4379,#4380,#4381,#4382));
#934=EDGE_LOOP('',(#4383,#4384,#4385,#4386));
#935=EDGE_LOOP('',(#4387,#4388,#4389,#4390));
#936=EDGE_LOOP('',(#4391,#4392,#4393,#4394));
#937=EDGE_LOOP('',(#4395,#4396,#4397,#4398));
#938=EDGE_LOOP('',(#4399,#4400,#4401,#4402));
#939=EDGE_LOOP('',(#4403,#4404,#4405,#4406));
#940=EDGE_LOOP('',(#4407,#4408,#4409,#4410));
#941=EDGE_LOOP('',(#4411,#4412,#4413,#4414));
#942=EDGE_LOOP('',(#4415,#4416,#4417,#4418));
#943=EDGE_LOOP('',(#4419,#4420,#4421,#4422));
#944=EDGE_LOOP('',(#4423,#4424,#4425,#4426));
#945=EDGE_LOOP('',(#4427,#4428,#4429,#4430));
#946=EDGE_LOOP('',(#4431,#4432,#4433,#4434));
#947=EDGE_LOOP('',(#4435,#4436,#4437,#4438));
#948=EDGE_LOOP('',(#4439,#4440,#4441,#4442));
#949=EDGE_LOOP('',(#4443,#4444,#4445,#4446));
#950=EDGE_LOOP('',(#4447,#4448,#4449,#4450));
#951=EDGE_LOOP('',(#4451,#4452,#4453,#4454));
#952=EDGE_LOOP('',(#4455,#4456,#4457,#4458));
#953=EDGE_LOOP('',(#4459,#4460,#4461,#4462));
#954=EDGE_LOOP('',(#4463,#4464,#4465,#4466));
#955=EDGE_LOOP('',(#4467,#4468,#4469,#4470));
#956=EDGE_LOOP('',(#4471,#4472,#4473,#4474));
#957=EDGE_LOOP('',(#4475,#4476,#4477,#4478));
#958=EDGE_LOOP('',(#4479,#4480,#4481,#4482));
#959=EDGE_LOOP('',(#4483,#4484,#4485,#4486));
#960=EDGE_LOOP('',(#4487,#4488,#4489,#4490));
#961=EDGE_LOOP('',(#4491,#4492,#4493,#4494));
#962=EDGE_LOOP('',(#4495,#4496,#4497,#4498));
#963=EDGE_LOOP('',(#4499,#4500,#4501,#4502));
#964=EDGE_LOOP('',(#4503,#4504,#4505,#4506));
#965=EDGE_LOOP('',(#4507,#4508,#4509,#4510,#4511,#4512,#4513,#4514,#4515,
#4516,#4517,#4518,#4519,#4520,#4521,#4522,#4523,#4524,#4525,#4526,#4527,
#4528,#4529,#4530,#4531,#4532,#4533,#4534,#4535,#4536));
#966=EDGE_LOOP('',(#4537,#4538,#4539,#4540));
#967=EDGE_LOOP('',(#4541,#4542,#4543,#4544));
#968=EDGE_LOOP('',(#4545,#4546,#4547,#4548));
#969=EDGE_LOOP('',(#4549,#4550,#4551,#4552));
#970=EDGE_LOOP('',(#4553,#4554,#4555,#4556));
#971=EDGE_LOOP('',(#4557,#4558,#4559,#4560));
#972=EDGE_LOOP('',(#4561,#4562,#4563,#4564));
#973=EDGE_LOOP('',(#4565,#4566,#4567,#4568));
#974=EDGE_LOOP('',(#4569,#4570,#4571,#4572));
#975=EDGE_LOOP('',(#4573,#4574,#4575,#4576));
#976=EDGE_LOOP('',(#4577,#4578,#4579,#4580));
#977=EDGE_LOOP('',(#4581,#4582,#4583,#4584));
#978=EDGE_LOOP('',(#4585,#4586,#4587,#4588));
#979=EDGE_LOOP('',(#4589,#4590,#4591,#4592));
#980=EDGE_LOOP('',(#4593,#4594,#4595,#4596));
#981=EDGE_LOOP('',(#4597,#4598,#4599,#4600));
#982=EDGE_LOOP('',(#4601,#4602,#4603,#4604));
#983=EDGE_LOOP('',(#4605,#4606,#4607,#4608));
#984=EDGE_LOOP('',(#4609,#4610,#4611,#4612));
#985=EDGE_LOOP('',(#4613,#4614,#4615,#4616));
#986=EDGE_LOOP('',(#4617,#4618,#4619,#4620));
#987=EDGE_LOOP('',(#4621,#4622,#4623,#4624));
#988=EDGE_LOOP('',(#4625,#4626,#4627,#4628));
#989=EDGE_LOOP('',(#4629,#4630,#4631,#4632));
#990=EDGE_LOOP('',(#4633,#4634,#4635,#4636));
#991=EDGE_LOOP('',(#4637,#4638,#4639,#4640));
#992=EDGE_LOOP('',(#4641,#4642,#4643,#4644));
#993=EDGE_LOOP('',(#4645,#4646,#4647,#4648));
#994=EDGE_LOOP('',(#4649,#4650,#4651,#4652));
#995=EDGE_LOOP('',(#4653,#4654,#4655,#4656));
#996=EDGE_LOOP('',(#4657,#4658,#4659,#4660));
#997=EDGE_LOOP('',(#4661,#4662,#4663,#4664));
#998=EDGE_LOOP('',(#4665,#4666,#4667,#4668));
#999=EDGE_LOOP('',(#4669,#4670,#4671,#4672));
#1000=EDGE_LOOP('',(#4673,#4674,#4675,#4676));
#1001=EDGE_LOOP('',(#4677,#4678,#4679,#4680));
#1002=EDGE_LOOP('',(#4681,#4682,#4683,#4684));
#1003=EDGE_LOOP('',(#4685,#4686,#4687,#4688));
#1004=EDGE_LOOP('',(#4689,#4690,#4691,#4692));
#1005=EDGE_LOOP('',(#4693,#4694,#4695,#4696));
#1006=EDGE_LOOP('',(#4697,#4698,#4699,#4700));
#1007=EDGE_LOOP('',(#4701,#4702,#4703,#4704));
#1008=EDGE_LOOP('',(#4705,#4706,#4707,#4708));
#1009=EDGE_LOOP('',(#4709,#4710,#4711,#4712));
#1010=EDGE_LOOP('',(#4713,#4714,#4715,#4716));
#1011=EDGE_LOOP('',(#4717,#4718,#4719,#4720));
#1012=EDGE_LOOP('',(#4721,#4722,#4723,#4724));
#1013=EDGE_LOOP('',(#4725,#4726,#4727,#4728));
#1014=EDGE_LOOP('',(#4729,#4730,#4731,#4732));
#1015=EDGE_LOOP('',(#4733,#4734,#4735,#4736,#4737,#4738,#4739,#4740));
#1016=EDGE_LOOP('',(#4741,#4742,#4743,#4744));
#1017=EDGE_LOOP('',(#4745,#4746,#4747,#4748));
#1018=EDGE_LOOP('',(#4749,#4750,#4751,#4752));
#1019=EDGE_LOOP('',(#4753,#4754,#4755,#4756));
#1020=EDGE_LOOP('',(#4757,#4758,#4759,#4760));
#1021=EDGE_LOOP('',(#4761,#4762,#4763,#4764));
#1022=EDGE_LOOP('',(#4765,#4766,#4767,#4768));
#1023=EDGE_LOOP('',(#4769,#4770,#4771,#4772));
#1024=EDGE_LOOP('',(#4773,#4774,#4775,#4776));
#1025=EDGE_LOOP('',(#4777,#4778,#4779,#4780));
#1026=EDGE_LOOP('',(#4781,#4782,#4783,#4784));
#1027=EDGE_LOOP('',(#4785,#4786,#4787,#4788));
#1028=EDGE_LOOP('',(#4789,#4790,#4791,#4792));
#1029=EDGE_LOOP('',(#4793,#4794,#4795,#4796));
#1030=EDGE_LOOP('',(#4797,#4798,#4799,#4800));
#1031=EDGE_LOOP('',(#4801,#4802,#4803,#4804));
#1032=EDGE_LOOP('',(#4805,#4806,#4807,#4808));
#1033=EDGE_LOOP('',(#4809,#4810,#4811,#4812));
#1034=EDGE_LOOP('',(#4813,#4814,#4815,#4816));
#1035=EDGE_LOOP('',(#4817,#4818,#4819,#4820));
#1036=EDGE_LOOP('',(#4821,#4822,#4823,#4824));
#1037=EDGE_LOOP('',(#4825,#4826,#4827,#4828));
#1038=EDGE_LOOP('',(#4829,#4830,#4831,#4832));
#1039=EDGE_LOOP('',(#4833,#4834,#4835,#4836));
#1040=EDGE_LOOP('',(#4837,#4838,#4839,#4840));
#1041=EDGE_LOOP('',(#4841,#4842,#4843,#4844));
#1042=EDGE_LOOP('',(#4845,#4846,#4847,#4848));
#1043=EDGE_LOOP('',(#4849,#4850,#4851,#4852));
#1044=EDGE_LOOP('',(#4853,#4854,#4855,#4856));
#1045=EDGE_LOOP('',(#4857,#4858,#4859,#4860));
#1046=EDGE_LOOP('',(#4861,#4862,#4863,#4864));
#1047=EDGE_LOOP('',(#4865,#4866,#4867,#4868));
#1048=EDGE_LOOP('',(#4869,#4870,#4871,#4872));
#1049=EDGE_LOOP('',(#4873,#4874,#4875,#4876));
#1050=EDGE_LOOP('',(#4877,#4878,#4879,#4880));
#1051=EDGE_LOOP('',(#4881,#4882,#4883,#4884));
#1052=EDGE_LOOP('',(#4885,#4886,#4887,#4888));
#1053=EDGE_LOOP('',(#4889,#4890,#4891,#4892));
#1054=EDGE_LOOP('',(#4893,#4894,#4895,#4896));
#1055=EDGE_LOOP('',(#4897,#4898,#4899,#4900));
#1056=EDGE_LOOP('',(#4901,#4902,#4903,#4904));
#1057=EDGE_LOOP('',(#4905,#4906,#4907,#4908));
#1058=EDGE_LOOP('',(#4909,#4910,#4911,#4912));
#1059=EDGE_LOOP('',(#4913,#4914,#4915,#4916));
#1060=EDGE_LOOP('',(#4917,#4918,#4919,#4920));
#1061=EDGE_LOOP('',(#4921,#4922,#4923,#4924));
#1062=EDGE_LOOP('',(#4925,#4926,#4927,#4928));
#1063=EDGE_LOOP('',(#4929,#4930,#4931,#4932));
#1064=EDGE_LOOP('',(#4933,#4934,#4935,#4936));
#1065=EDGE_LOOP('',(#4937,#4938,#4939,#4940));
#1066=EDGE_LOOP('',(#4941,#4942,#4943,#4944));
#1067=EDGE_LOOP('',(#4945,#4946,#4947,#4948));
#1068=EDGE_LOOP('',(#4949,#4950,#4951,#4952));
#1069=EDGE_LOOP('',(#4953,#4954,#4955,#4956));
#1070=EDGE_LOOP('',(#4957,#4958,#4959,#4960));
#1071=EDGE_LOOP('',(#4961,#4962,#4963,#4964));
#1072=EDGE_LOOP('',(#4965,#4966,#4967,#4968));
#1073=EDGE_LOOP('',(#4969,#4970,#4971,#4972));
#1074=EDGE_LOOP('',(#4973,#4974,#4975,#4976));
#1075=EDGE_LOOP('',(#4977,#4978,#4979,#4980));
#1076=EDGE_LOOP('',(#4981,#4982,#4983,#4984));
#1077=EDGE_LOOP('',(#4985,#4986,#4987,#4988));
#1078=EDGE_LOOP('',(#4989,#4990,#4991,#4992));
#1079=EDGE_LOOP('',(#4993,#4994,#4995,#4996));
#1080=EDGE_LOOP('',(#4997,#4998,#4999,#5000));
#1081=EDGE_LOOP('',(#5001,#5002,#5003,#5004));
#1082=EDGE_LOOP('',(#5005,#5006,#5007,#5008));
#1083=EDGE_LOOP('',(#5009,#5010,#5011,#5012));
#1084=EDGE_LOOP('',(#5013,#5014,#5015,#5016));
#1085=EDGE_LOOP('',(#5017,#5018,#5019,#5020));
#1086=EDGE_LOOP('',(#5021,#5022,#5023,#5024));
#1087=EDGE_LOOP('',(#5025,#5026,#5027,#5028));
#1088=EDGE_LOOP('',(#5029,#5030,#5031,#5032));
#1089=EDGE_LOOP('',(#5033,#5034,#5035,#5036));
#1090=EDGE_LOOP('',(#5037,#5038,#5039,#5040,#5041,#5042,#5043,#5044,#5045,
#5046,#5047,#5048,#5049,#5050,#5051,#5052,#5053,#5054,#5055,#5056,#5057,
#5058,#5059,#5060,#5061,#5062,#5063,#5064,#5065,#5066,#5067,#5068,#5069,
#5070,#5071,#5072,#5073,#5074,#5075,#5076,#5077,#5078,#5079,#5080,#5081,
#5082,#5083,#5084,#5085,#5086,#5087,#5088,#5089,#5090,#5091,#5092));
#1091=EDGE_LOOP('',(#5093,#5094,#5095,#5096));
#1092=EDGE_LOOP('',(#5097,#5098,#5099,#5100,#5101,#5102,#5103,#5104,#5105,
#5106,#5107,#5108));
#1093=EDGE_LOOP('',(#5109,#5110,#5111,#5112));
#1094=EDGE_LOOP('',(#5113,#5114,#5115,#5116));
#1095=EDGE_LOOP('',(#5117,#5118,#5119,#5120));
#1096=EDGE_LOOP('',(#5121,#5122,#5123,#5124));
#1097=EDGE_LOOP('',(#5125,#5126,#5127,#5128));
#1098=EDGE_LOOP('',(#5129,#5130,#5131,#5132));
#1099=EDGE_LOOP('',(#5133,#5134,#5135,#5136));
#1100=EDGE_LOOP('',(#5137,#5138,#5139,#5140));
#1101=EDGE_LOOP('',(#5141,#5142,#5143,#5144));
#1102=EDGE_LOOP('',(#5145,#5146,#5147,#5148));
#1103=EDGE_LOOP('',(#5149,#5150,#5151,#5152));
#1104=EDGE_LOOP('',(#5153,#5154,#5155,#5156,#5157,#5158,#5159,#5160,#5161,
#5162,#5163,#5164));
#1105=EDGE_LOOP('',(#5165,#5166,#5167,#5168));
#1106=EDGE_LOOP('',(#5169,#5170,#5171,#5172));
#1107=EDGE_LOOP('',(#5173,#5174,#5175,#5176,#5177,#5178,#5179,#5180,#5181,
#5182,#5183,#5184));
#1108=EDGE_LOOP('',(#5185,#5186,#5187,#5188));
#1109=EDGE_LOOP('',(#5189,#5190,#5191,#5192));
#1110=EDGE_LOOP('',(#5193,#5194,#5195,#5196,#5197,#5198,#5199,#5200,#5201,
#5202,#5203,#5204));
#1111=EDGE_LOOP('',(#5205,#5206,#5207,#5208));
#1112=EDGE_LOOP('',(#5209,#5210,#5211,#5212,#5213,#5214,#5215,#5216,#5217,
#5218,#5219,#5220,#5221,#5222,#5223,#5224,#5225,#5226,#5227,#5228,#5229,
#5230,#5231,#5232,#5233,#5234));
#1113=EDGE_LOOP('',(#5235));
#1114=EDGE_LOOP('',(#5236));
#1115=EDGE_LOOP('',(#5237));
#1116=EDGE_LOOP('',(#5238));
#1117=EDGE_LOOP('',(#5239));
#1118=EDGE_LOOP('',(#5240,#5241,#5242,#5243));
#1119=EDGE_LOOP('',(#5244,#5245,#5246,#5247));
#1120=EDGE_LOOP('',(#5248,#5249,#5250,#5251));
#1121=EDGE_LOOP('',(#5252,#5253,#5254,#5255));
#1122=EDGE_LOOP('',(#5256,#5257,#5258,#5259));
#1123=EDGE_LOOP('',(#5260));
#1124=EDGE_LOOP('',(#5261));
#1125=EDGE_LOOP('',(#5262,#5263,#5264,#5265));
#1126=EDGE_LOOP('',(#5266));
#1127=EDGE_LOOP('',(#5267));
#1128=EDGE_LOOP('',(#5268,#5269,#5270,#5271));
#1129=EDGE_LOOP('',(#5272));
#1130=EDGE_LOOP('',(#5273));
#1131=EDGE_LOOP('',(#5274,#5275,#5276,#5277));
#1132=EDGE_LOOP('',(#5278));
#1133=EDGE_LOOP('',(#5279));
#1134=EDGE_LOOP('',(#5280,#5281,#5282,#5283));
#1135=EDGE_LOOP('',(#5284));
#1136=EDGE_LOOP('',(#5285));
#1137=EDGE_LOOP('',(#5286));
#1138=EDGE_LOOP('',(#5287));
#1139=EDGE_LOOP('',(#5288));
#1140=EDGE_LOOP('',(#5289));
#1141=EDGE_LOOP('',(#5290));
#1142=EDGE_LOOP('',(#5291,#5292,#5293,#5294));
#1143=EDGE_LOOP('',(#5295,#5296,#5297,#5298));
#1144=EDGE_LOOP('',(#5299,#5300,#5301,#5302));
#1145=EDGE_LOOP('',(#5303,#5304,#5305,#5306));
#1146=EDGE_LOOP('',(#5307,#5308,#5309,#5310));
#1147=EDGE_LOOP('',(#5311,#5312,#5313,#5314));
#1148=EDGE_LOOP('',(#5315,#5316,#5317,#5318));
#1149=EDGE_LOOP('',(#5319,#5320,#5321,#5322));
#1150=EDGE_LOOP('',(#5323,#5324,#5325,#5326));
#1151=EDGE_LOOP('',(#5327,#5328,#5329,#5330));
#1152=EDGE_LOOP('',(#5331,#5332,#5333,#5334));
#1153=EDGE_LOOP('',(#5335,#5336,#5337,#5338));
#1154=EDGE_LOOP('',(#5339,#5340,#5341,#5342));
#1155=EDGE_LOOP('',(#5343,#5344,#5345,#5346));
#1156=EDGE_LOOP('',(#5347,#5348,#5349,#5350));
#1157=EDGE_LOOP('',(#5351,#5352,#5353,#5354));
#1158=EDGE_LOOP('',(#5355,#5356,#5357,#5358));
#1159=EDGE_LOOP('',(#5359,#5360,#5361,#5362));
#1160=EDGE_LOOP('',(#5363,#5364,#5365,#5366));
#1161=EDGE_LOOP('',(#5367,#5368,#5369,#5370));
#1162=EDGE_LOOP('',(#5371,#5372,#5373,#5374));
#1163=EDGE_LOOP('',(#5375,#5376,#5377,#5378));
#1164=EDGE_LOOP('',(#5379,#5380,#5381,#5382));
#1165=EDGE_LOOP('',(#5383,#5384,#5385,#5386));
#1166=EDGE_LOOP('',(#5387,#5388,#5389,#5390));
#1167=EDGE_LOOP('',(#5391,#5392,#5393,#5394));
#1168=EDGE_LOOP('',(#5395,#5396,#5397,#5398));
#1169=EDGE_LOOP('',(#5399,#5400,#5401,#5402));
#1170=EDGE_LOOP('',(#5403,#5404,#5405,#5406));
#1171=EDGE_LOOP('',(#5407,#5408,#5409,#5410));
#1172=EDGE_LOOP('',(#5411,#5412,#5413,#5414));
#1173=EDGE_LOOP('',(#5415,#5416,#5417,#5418));
#1174=EDGE_LOOP('',(#5419,#5420,#5421,#5422));
#1175=EDGE_LOOP('',(#5423,#5424,#5425,#5426));
#1176=EDGE_LOOP('',(#5427,#5428,#5429,#5430));
#1177=EDGE_LOOP('',(#5431,#5432,#5433,#5434));
#1178=EDGE_LOOP('',(#5435,#5436,#5437,#5438));
#1179=EDGE_LOOP('',(#5439,#5440,#5441,#5442));
#1180=EDGE_LOOP('',(#5443,#5444,#5445,#5446));
#1181=EDGE_LOOP('',(#5447,#5448,#5449,#5450));
#1182=EDGE_LOOP('',(#5451,#5452,#5453,#5454));
#1183=EDGE_LOOP('',(#5455,#5456,#5457,#5458));
#1184=EDGE_LOOP('',(#5459,#5460,#5461,#5462));
#1185=EDGE_LOOP('',(#5463,#5464,#5465,#5466));
#1186=EDGE_LOOP('',(#5467,#5468,#5469,#5470));
#1187=EDGE_LOOP('',(#5471,#5472,#5473,#5474,#5475,#5476,#5477,#5478,#5479,
#5480,#5481,#5482,#5483,#5484,#5485,#5486,#5487,#5488,#5489,#5490,#5491,
#5492,#5493,#5494,#5495,#5496,#5497,#5498,#5499,#5500));
#1188=EDGE_LOOP('',(#5501,#5502,#5503,#5504));
#1189=EDGE_LOOP('',(#5505,#5506,#5507,#5508));
#1190=EDGE_LOOP('',(#5509,#5510,#5511,#5512));
#1191=EDGE_LOOP('',(#5513,#5514,#5515,#5516));
#1192=EDGE_LOOP('',(#5517,#5518,#5519,#5520));
#1193=EDGE_LOOP('',(#5521,#5522,#5523,#5524));
#1194=EDGE_LOOP('',(#5525,#5526,#5527,#5528));
#1195=EDGE_LOOP('',(#5529,#5530,#5531,#5532));
#1196=EDGE_LOOP('',(#5533,#5534,#5535,#5536));
#1197=EDGE_LOOP('',(#5537,#5538,#5539,#5540));
#1198=EDGE_LOOP('',(#5541,#5542,#5543,#5544));
#1199=EDGE_LOOP('',(#5545,#5546,#5547,#5548));
#1200=EDGE_LOOP('',(#5549,#5550,#5551,#5552));
#1201=EDGE_LOOP('',(#5553,#5554,#5555,#5556));
#1202=EDGE_LOOP('',(#5557,#5558,#5559,#5560));
#1203=EDGE_LOOP('',(#5561,#5562,#5563,#5564));
#1204=EDGE_LOOP('',(#5565,#5566,#5567,#5568));
#1205=EDGE_LOOP('',(#5569,#5570,#5571,#5572));
#1206=EDGE_LOOP('',(#5573,#5574,#5575,#5576));
#1207=EDGE_LOOP('',(#5577,#5578,#5579,#5580));
#1208=EDGE_LOOP('',(#5581,#5582,#5583,#5584));
#1209=EDGE_LOOP('',(#5585,#5586,#5587,#5588));
#1210=EDGE_LOOP('',(#5589,#5590,#5591,#5592));
#1211=EDGE_LOOP('',(#5593,#5594,#5595,#5596));
#1212=EDGE_LOOP('',(#5597,#5598,#5599,#5600));
#1213=EDGE_LOOP('',(#5601,#5602,#5603,#5604));
#1214=EDGE_LOOP('',(#5605,#5606,#5607,#5608));
#1215=EDGE_LOOP('',(#5609,#5610,#5611,#5612));
#1216=EDGE_LOOP('',(#5613,#5614,#5615,#5616));
#1217=EDGE_LOOP('',(#5617,#5618,#5619,#5620));
#1218=EDGE_LOOP('',(#5621,#5622,#5623,#5624));
#1219=EDGE_LOOP('',(#5625,#5626,#5627,#5628));
#1220=EDGE_LOOP('',(#5629,#5630,#5631,#5632));
#1221=EDGE_LOOP('',(#5633,#5634,#5635,#5636));
#1222=EDGE_LOOP('',(#5637,#5638,#5639,#5640));
#1223=EDGE_LOOP('',(#5641,#5642,#5643,#5644));
#1224=EDGE_LOOP('',(#5645,#5646,#5647,#5648));
#1225=EDGE_LOOP('',(#5649,#5650,#5651,#5652));
#1226=EDGE_LOOP('',(#5653,#5654,#5655,#5656));
#1227=EDGE_LOOP('',(#5657,#5658,#5659,#5660));
#1228=EDGE_LOOP('',(#5661,#5662,#5663,#5664));
#1229=EDGE_LOOP('',(#5665,#5666,#5667,#5668));
#1230=EDGE_LOOP('',(#5669,#5670,#5671,#5672));
#1231=EDGE_LOOP('',(#5673,#5674,#5675,#5676));
#1232=EDGE_LOOP('',(#5677,#5678,#5679,#5680));
#1233=EDGE_LOOP('',(#5681,#5682,#5683,#5684));
#1234=EDGE_LOOP('',(#5685,#5686,#5687,#5688));
#1235=EDGE_LOOP('',(#5689,#5690,#5691,#5692));
#1236=EDGE_LOOP('',(#5693,#5694,#5695,#5696));
#1237=EDGE_LOOP('',(#5697,#5698,#5699,#5700,#5701,#5702,#5703,#5704));
#1238=EDGE_LOOP('',(#5705,#5706,#5707,#5708));
#1239=EDGE_LOOP('',(#5709,#5710,#5711,#5712));
#1240=EDGE_LOOP('',(#5713,#5714,#5715,#5716));
#1241=EDGE_LOOP('',(#5717,#5718,#5719,#5720));
#1242=EDGE_LOOP('',(#5721,#5722,#5723,#5724));
#1243=EDGE_LOOP('',(#5725,#5726,#5727,#5728));
#1244=EDGE_LOOP('',(#5729,#5730,#5731,#5732));
#1245=EDGE_LOOP('',(#5733,#5734,#5735,#5736));
#1246=EDGE_LOOP('',(#5737,#5738,#5739,#5740));
#1247=EDGE_LOOP('',(#5741,#5742,#5743,#5744));
#1248=EDGE_LOOP('',(#5745,#5746,#5747,#5748));
#1249=EDGE_LOOP('',(#5749,#5750,#5751,#5752));
#1250=EDGE_LOOP('',(#5753,#5754,#5755,#5756));
#1251=EDGE_LOOP('',(#5757,#5758,#5759,#5760));
#1252=EDGE_LOOP('',(#5761,#5762,#5763,#5764));
#1253=EDGE_LOOP('',(#5765,#5766,#5767,#5768));
#1254=EDGE_LOOP('',(#5769,#5770,#5771,#5772));
#1255=EDGE_LOOP('',(#5773,#5774,#5775,#5776));
#1256=EDGE_LOOP('',(#5777,#5778,#5779,#5780));
#1257=EDGE_LOOP('',(#5781,#5782,#5783,#5784));
#1258=EDGE_LOOP('',(#5785,#5786,#5787,#5788));
#1259=EDGE_LOOP('',(#5789,#5790,#5791,#5792));
#1260=EDGE_LOOP('',(#5793,#5794,#5795,#5796));
#1261=EDGE_LOOP('',(#5797,#5798,#5799,#5800));
#1262=EDGE_LOOP('',(#5801,#5802,#5803,#5804));
#1263=EDGE_LOOP('',(#5805,#5806,#5807,#5808));
#1264=EDGE_LOOP('',(#5809,#5810,#5811,#5812));
#1265=EDGE_LOOP('',(#5813,#5814,#5815,#5816));
#1266=EDGE_LOOP('',(#5817,#5818,#5819,#5820));
#1267=EDGE_LOOP('',(#5821,#5822,#5823,#5824));
#1268=EDGE_LOOP('',(#5825,#5826,#5827,#5828));
#1269=EDGE_LOOP('',(#5829,#5830,#5831,#5832));
#1270=EDGE_LOOP('',(#5833,#5834,#5835,#5836));
#1271=EDGE_LOOP('',(#5837,#5838,#5839,#5840));
#1272=EDGE_LOOP('',(#5841,#5842,#5843,#5844));
#1273=EDGE_LOOP('',(#5845,#5846,#5847,#5848));
#1274=EDGE_LOOP('',(#5849,#5850,#5851,#5852));
#1275=EDGE_LOOP('',(#5853,#5854,#5855,#5856));
#1276=EDGE_LOOP('',(#5857,#5858,#5859,#5860));
#1277=EDGE_LOOP('',(#5861,#5862,#5863,#5864));
#1278=EDGE_LOOP('',(#5865,#5866,#5867,#5868));
#1279=EDGE_LOOP('',(#5869,#5870,#5871,#5872));
#1280=EDGE_LOOP('',(#5873,#5874,#5875,#5876));
#1281=EDGE_LOOP('',(#5877,#5878,#5879,#5880));
#1282=EDGE_LOOP('',(#5881,#5882,#5883,#5884));
#1283=EDGE_LOOP('',(#5885,#5886,#5887,#5888));
#1284=EDGE_LOOP('',(#5889,#5890,#5891,#5892));
#1285=EDGE_LOOP('',(#5893,#5894,#5895,#5896));
#1286=EDGE_LOOP('',(#5897,#5898,#5899,#5900));
#1287=EDGE_LOOP('',(#5901,#5902,#5903,#5904));
#1288=EDGE_LOOP('',(#5905,#5906,#5907,#5908));
#1289=EDGE_LOOP('',(#5909,#5910,#5911,#5912));
#1290=EDGE_LOOP('',(#5913,#5914,#5915,#5916));
#1291=EDGE_LOOP('',(#5917,#5918,#5919,#5920));
#1292=EDGE_LOOP('',(#5921,#5922,#5923,#5924));
#1293=EDGE_LOOP('',(#5925,#5926,#5927,#5928));
#1294=EDGE_LOOP('',(#5929,#5930,#5931,#5932));
#1295=EDGE_LOOP('',(#5933,#5934,#5935,#5936));
#1296=EDGE_LOOP('',(#5937,#5938,#5939,#5940));
#1297=EDGE_LOOP('',(#5941,#5942,#5943,#5944));
#1298=EDGE_LOOP('',(#5945,#5946,#5947,#5948));
#1299=EDGE_LOOP('',(#5949,#5950,#5951,#5952));
#1300=EDGE_LOOP('',(#5953,#5954,#5955,#5956));
#1301=EDGE_LOOP('',(#5957,#5958,#5959,#5960));
#1302=EDGE_LOOP('',(#5961,#5962,#5963,#5964));
#1303=EDGE_LOOP('',(#5965,#5966,#5967,#5968));
#1304=EDGE_LOOP('',(#5969,#5970,#5971,#5972));
#1305=EDGE_LOOP('',(#5973,#5974,#5975,#5976));
#1306=EDGE_LOOP('',(#5977,#5978,#5979,#5980));
#1307=EDGE_LOOP('',(#5981,#5982,#5983,#5984));
#1308=EDGE_LOOP('',(#5985,#5986,#5987,#5988));
#1309=EDGE_LOOP('',(#5989,#5990,#5991,#5992));
#1310=EDGE_LOOP('',(#5993,#5994,#5995,#5996));
#1311=EDGE_LOOP('',(#5997,#5998,#5999,#6000));
#1312=EDGE_LOOP('',(#6001,#6002,#6003,#6004,#6005,#6006,#6007,#6008,#6009,
#6010,#6011,#6012,#6013,#6014,#6015,#6016,#6017,#6018,#6019,#6020,#6021,
#6022,#6023,#6024,#6025,#6026,#6027,#6028,#6029,#6030,#6031,#6032,#6033,
#6034,#6035,#6036,#6037,#6038,#6039,#6040,#6041,#6042,#6043,#6044,#6045,
#6046,#6047,#6048,#6049,#6050,#6051,#6052,#6053,#6054,#6055,#6056));
#1313=EDGE_LOOP('',(#6057,#6058,#6059,#6060));
#1314=EDGE_LOOP('',(#6061,#6062,#6063,#6064,#6065,#6066,#6067,#6068,#6069,
#6070,#6071,#6072));
#1315=EDGE_LOOP('',(#6073,#6074,#6075,#6076));
#1316=EDGE_LOOP('',(#6077,#6078,#6079,#6080));
#1317=EDGE_LOOP('',(#6081,#6082,#6083,#6084));
#1318=EDGE_LOOP('',(#6085,#6086,#6087,#6088));
#1319=EDGE_LOOP('',(#6089,#6090,#6091,#6092));
#1320=EDGE_LOOP('',(#6093,#6094,#6095,#6096));
#1321=EDGE_LOOP('',(#6097,#6098,#6099,#6100));
#1322=EDGE_LOOP('',(#6101,#6102,#6103,#6104));
#1323=EDGE_LOOP('',(#6105,#6106,#6107,#6108));
#1324=EDGE_LOOP('',(#6109,#6110,#6111,#6112));
#1325=EDGE_LOOP('',(#6113,#6114,#6115,#6116));
#1326=EDGE_LOOP('',(#6117,#6118,#6119,#6120,#6121,#6122,#6123,#6124,#6125,
#6126,#6127,#6128));
#1327=EDGE_LOOP('',(#6129,#6130,#6131,#6132));
#1328=EDGE_LOOP('',(#6133,#6134,#6135,#6136));
#1329=EDGE_LOOP('',(#6137,#6138,#6139,#6140,#6141,#6142,#6143,#6144,#6145,
#6146,#6147,#6148));
#1330=EDGE_LOOP('',(#6149,#6150,#6151,#6152));
#1331=EDGE_LOOP('',(#6153,#6154,#6155,#6156));
#1332=EDGE_LOOP('',(#6157,#6158,#6159,#6160,#6161,#6162,#6163,#6164,#6165,
#6166,#6167,#6168));
#1333=LINE('',#9845,#1763);
#1334=LINE('',#9852,#1764);
#1335=LINE('',#9858,#1765);
#1336=LINE('',#9862,#1766);
#1337=LINE('',#9866,#1767);
#1338=LINE('',#9870,#1768);
#1339=LINE('',#9874,#1769);
#1340=LINE('',#9878,#1770);
#1341=LINE('',#9882,#1771);
#1342=LINE('',#9886,#1772);
#1343=LINE('',#9890,#1773);
#1344=LINE('',#9892,#1774);
#1345=LINE('',#9894,#1775);
#1346=LINE('',#9896,#1776);
#1347=LINE('',#9898,#1777);
#1348=LINE('',#9899,#1778);
#1349=LINE('',#9910,#1779);
#1350=LINE('',#9914,#1780);
#1351=LINE('',#9918,#1781);
#1352=LINE('',#9922,#1782);
#1353=LINE('',#9928,#1783);
#1354=LINE('',#9935,#1784);
#1355=LINE('',#9942,#1785);
#1356=LINE('',#9949,#1786);
#1357=LINE('',#9956,#1787);
#1358=LINE('',#9998,#1788);
#1359=LINE('',#9999,#1789);
#1360=LINE('',#10010,#1790);
#1361=LINE('',#10011,#1791);
#1362=LINE('',#10030,#1792);
#1363=LINE('',#10031,#1793);
#1364=LINE('',#10042,#1794);
#1365=LINE('',#10043,#1795);
#1366=LINE('',#10062,#1796);
#1367=LINE('',#10063,#1797);
#1368=LINE('',#10082,#1798);
#1369=LINE('',#10083,#1799);
#1370=LINE('',#10102,#1800);
#1371=LINE('',#10103,#1801);
#1372=LINE('',#10128,#1802);
#1373=LINE('',#10129,#1803);
#1374=LINE('',#10140,#1804);
#1375=LINE('',#10141,#1805);
#1376=LINE('',#10160,#1806);
#1377=LINE('',#10161,#1807);
#1378=LINE('',#10186,#1808);
#1379=LINE('',#10187,#1809);
#1380=LINE('',#10206,#1810);
#1381=LINE('',#10207,#1811);
#1382=LINE('',#10218,#1812);
#1383=LINE('',#10219,#1813);
#1384=LINE('',#10235,#1814);
#1385=LINE('',#10236,#1815);
#1386=LINE('',#10239,#1816);
#1387=LINE('',#10241,#1817);
#1388=LINE('',#10242,#1818);
#1389=LINE('',#10245,#1819);
#1390=LINE('',#10249,#1820);
#1391=LINE('',#10250,#1821);
#1392=LINE('',#10253,#1822);
#1393=LINE('',#10257,#1823);
#1394=LINE('',#10258,#1824);
#1395=LINE('',#10261,#1825);
#1396=LINE('',#10265,#1826);
#1397=LINE('',#10269,#1827);
#1398=LINE('',#10270,#1828);
#1399=LINE('',#10273,#1829);
#1400=LINE('',#10277,#1830);
#1401=LINE('',#10278,#1831);
#1402=LINE('',#10281,#1832);
#1403=LINE('',#10285,#1833);
#1404=LINE('',#10286,#1834);
#1405=LINE('',#10289,#1835);
#1406=LINE('',#10293,#1836);
#1407=LINE('',#10294,#1837);
#1408=LINE('',#10297,#1838);
#1409=LINE('',#10303,#1839);
#1410=LINE('',#10307,#1840);
#1411=LINE('',#10311,#1841);
#1412=LINE('',#10314,#1842);
#1413=LINE('',#10317,#1843);
#1414=LINE('',#10320,#1844);
#1415=LINE('',#10323,#1845);
#1416=LINE('',#10326,#1846);
#1417=LINE('',#10337,#1847);
#1418=LINE('',#10338,#1848);
#1419=LINE('',#10349,#1849);
#1420=LINE('',#10350,#1850);
#1421=LINE('',#10361,#1851);
#1422=LINE('',#10362,#1852);
#1423=LINE('',#10373,#1853);
#1424=LINE('',#10374,#1854);
#1425=LINE('',#10385,#1855);
#1426=LINE('',#10386,#1856);
#1427=LINE('',#10397,#1857);
#1428=LINE('',#10398,#1858);
#1429=LINE('',#10409,#1859);
#1430=LINE('',#10410,#1860);
#1431=LINE('',#10421,#1861);
#1432=LINE('',#10422,#1862);
#1433=LINE('',#10433,#1863);
#1434=LINE('',#10434,#1864);
#1435=LINE('',#10451,#1865);
#1436=LINE('',#10452,#1866);
#1437=LINE('',#10463,#1867);
#1438=LINE('',#10464,#1868);
#1439=LINE('',#10475,#1869);
#1440=LINE('',#10476,#1870);
#1441=LINE('',#10487,#1871);
#1442=LINE('',#10488,#1872);
#1443=LINE('',#10499,#1873);
#1444=LINE('',#10500,#1874);
#1445=LINE('',#10511,#1875);
#1446=LINE('',#10512,#1876);
#1447=LINE('',#10523,#1877);
#1448=LINE('',#10524,#1878);
#1449=LINE('',#10535,#1879);
#1450=LINE('',#10536,#1880);
#1451=LINE('',#10545,#1881);
#1452=LINE('',#10547,#1882);
#1453=LINE('',#10550,#1883);
#1454=LINE('',#10551,#1884);
#1455=LINE('',#10554,#1885);
#1456=LINE('',#10557,#1886);
#1457=LINE('',#10560,#1887);
#1458=LINE('',#10561,#1888);
#1459=LINE('',#10564,#1889);
#1460=LINE('',#10568,#1890);
#1461=LINE('',#10569,#1891);
#1462=LINE('',#10572,#1892);
#1463=LINE('',#10576,#1893);
#1464=LINE('',#10577,#1894);
#1465=LINE('',#10580,#1895);
#1466=LINE('',#10584,#1896);
#1467=LINE('',#10586,#1897);
#1468=LINE('',#10589,#1898);
#1469=LINE('',#10592,#1899);
#1470=LINE('',#10596,#1900);
#1471=LINE('',#10597,#1901);
#1472=LINE('',#10600,#1902);
#1473=LINE('',#10604,#1903);
#1474=LINE('',#10605,#1904);
#1475=LINE('',#10608,#1905);
#1476=LINE('',#10612,#1906);
#1477=LINE('',#10613,#1907);
#1478=LINE('',#10616,#1908);
#1479=LINE('',#10619,#1909);
#1480=LINE('',#10620,#1910);
#1481=LINE('',#10622,#1911);
#1482=LINE('',#10624,#1912);
#1483=LINE('',#10626,#1913);
#1484=LINE('',#10628,#1914);
#1485=LINE('',#10630,#1915);
#1486=LINE('',#10632,#1916);
#1487=LINE('',#10634,#1917);
#1488=LINE('',#10636,#1918);
#1489=LINE('',#10638,#1919);
#1490=LINE('',#10640,#1920);
#1491=LINE('',#10642,#1921);
#1492=LINE('',#10644,#1922);
#1493=LINE('',#10646,#1923);
#1494=LINE('',#10648,#1924);
#1495=LINE('',#10650,#1925);
#1496=LINE('',#10652,#1926);
#1497=LINE('',#10654,#1927);
#1498=LINE('',#10656,#1928);
#1499=LINE('',#10658,#1929);
#1500=LINE('',#10660,#1930);
#1501=LINE('',#10684,#1931);
#1502=LINE('',#10685,#1932);
#1503=LINE('',#10696,#1933);
#1504=LINE('',#10697,#1934);
#1505=LINE('',#10708,#1935);
#1506=LINE('',#10709,#1936);
#1507=LINE('',#10720,#1937);
#1508=LINE('',#10721,#1938);
#1509=LINE('',#10732,#1939);
#1510=LINE('',#10733,#1940);
#1511=LINE('',#10743,#1941);
#1512=LINE('',#10744,#1942);
#1513=LINE('',#10752,#1943);
#1514=LINE('',#10760,#1944);
#1515=LINE('',#10768,#1945);
#1516=LINE('',#10776,#1946);
#1517=LINE('',#10784,#1947);
#1518=LINE('',#10792,#1948);
#1519=LINE('',#10800,#1949);
#1520=LINE('',#10808,#1950);
#1521=LINE('',#10817,#1951);
#1522=LINE('',#10818,#1952);
#1523=LINE('',#10833,#1953);
#1524=LINE('',#10841,#1954);
#1525=LINE('',#10849,#1955);
#1526=LINE('',#10861,#1956);
#1527=LINE('',#10869,#1957);
#1528=LINE('',#10877,#1958);
#1529=LINE('',#10883,#1959);
#1530=LINE('',#10886,#1960);
#1531=LINE('',#10887,#1961);
#1532=LINE('',#10889,#1962);
#1533=LINE('',#10891,#1963);
#1534=LINE('',#10893,#1964);
#1535=LINE('',#10895,#1965);
#1536=LINE('',#10897,#1966);
#1537=LINE('',#10899,#1967);
#1538=LINE('',#10901,#1968);
#1539=LINE('',#10903,#1969);
#1540=LINE('',#10905,#1970);
#1541=LINE('',#10907,#1971);
#1542=LINE('',#10910,#1972);
#1543=LINE('',#10912,#1973);
#1544=LINE('',#10914,#1974);
#1545=LINE('',#10916,#1975);
#1546=LINE('',#10918,#1976);
#1547=LINE('',#10920,#1977);
#1548=LINE('',#10927,#1978);
#1549=LINE('',#10934,#1979);
#1550=LINE('',#10936,#1980);
#1551=LINE('',#10938,#1981);
#1552=LINE('',#10940,#1982);
#1553=LINE('',#10942,#1983);
#1554=LINE('',#10944,#1984);
#1555=LINE('',#10948,#1985);
#1556=LINE('',#10952,#1986);
#1557=LINE('',#10956,#1987);
#1558=LINE('',#10960,#1988);
#1559=LINE('',#10964,#1989);
#1560=LINE('',#10968,#1990);
#1561=LINE('',#10972,#1991);
#1562=LINE('',#10976,#1992);
#1563=LINE('',#10981,#1993);
#1564=LINE('',#10992,#1994);
#1565=LINE('',#10996,#1995);
#1566=LINE('',#11000,#1996);
#1567=LINE('',#11004,#1997);
#1568=LINE('',#11010,#1998);
#1569=LINE('',#11017,#1999);
#1570=LINE('',#11024,#2000);
#1571=LINE('',#11031,#2001);
#1572=LINE('',#11038,#2002);
#1573=LINE('',#11080,#2003);
#1574=LINE('',#11081,#2004);
#1575=LINE('',#11092,#2005);
#1576=LINE('',#11093,#2006);
#1577=LINE('',#11112,#2007);
#1578=LINE('',#11113,#2008);
#1579=LINE('',#11124,#2009);
#1580=LINE('',#11125,#2010);
#1581=LINE('',#11144,#2011);
#1582=LINE('',#11145,#2012);
#1583=LINE('',#11164,#2013);
#1584=LINE('',#11165,#2014);
#1585=LINE('',#11184,#2015);
#1586=LINE('',#11185,#2016);
#1587=LINE('',#11210,#2017);
#1588=LINE('',#11211,#2018);
#1589=LINE('',#11222,#2019);
#1590=LINE('',#11223,#2020);
#1591=LINE('',#11242,#2021);
#1592=LINE('',#11243,#2022);
#1593=LINE('',#11268,#2023);
#1594=LINE('',#11269,#2024);
#1595=LINE('',#11288,#2025);
#1596=LINE('',#11289,#2026);
#1597=LINE('',#11300,#2027);
#1598=LINE('',#11301,#2028);
#1599=LINE('',#11317,#2029);
#1600=LINE('',#11318,#2030);
#1601=LINE('',#11321,#2031);
#1602=LINE('',#11323,#2032);
#1603=LINE('',#11324,#2033);
#1604=LINE('',#11328,#2034);
#1605=LINE('',#11331,#2035);
#1606=LINE('',#11332,#2036);
#1607=LINE('',#11336,#2037);
#1608=LINE('',#11339,#2038);
#1609=LINE('',#11340,#2039);
#1610=LINE('',#11344,#2040);
#1611=LINE('',#11348,#2041);
#1612=LINE('',#11351,#2042);
#1613=LINE('',#11352,#2043);
#1614=LINE('',#11356,#2044);
#1615=LINE('',#11359,#2045);
#1616=LINE('',#11360,#2046);
#1617=LINE('',#11364,#2047);
#1618=LINE('',#11367,#2048);
#1619=LINE('',#11368,#2049);
#1620=LINE('',#11372,#2050);
#1621=LINE('',#11375,#2051);
#1622=LINE('',#11376,#2052);
#1623=LINE('',#11380,#2053);
#1624=LINE('',#11385,#2054);
#1625=LINE('',#11389,#2055);
#1626=LINE('',#11393,#2056);
#1627=LINE('',#11395,#2057);
#1628=LINE('',#11399,#2058);
#1629=LINE('',#11401,#2059);
#1630=LINE('',#11405,#2060);
#1631=LINE('',#11407,#2061);
#1632=LINE('',#11419,#2062);
#1633=LINE('',#11420,#2063);
#1634=LINE('',#11431,#2064);
#1635=LINE('',#11432,#2065);
#1636=LINE('',#11443,#2066);
#1637=LINE('',#11444,#2067);
#1638=LINE('',#11455,#2068);
#1639=LINE('',#11456,#2069);
#1640=LINE('',#11467,#2070);
#1641=LINE('',#11468,#2071);
#1642=LINE('',#11479,#2072);
#1643=LINE('',#11480,#2073);
#1644=LINE('',#11491,#2074);
#1645=LINE('',#11492,#2075);
#1646=LINE('',#11503,#2076);
#1647=LINE('',#11504,#2077);
#1648=LINE('',#11515,#2078);
#1649=LINE('',#11516,#2079);
#1650=LINE('',#11533,#2080);
#1651=LINE('',#11534,#2081);
#1652=LINE('',#11545,#2082);
#1653=LINE('',#11546,#2083);
#1654=LINE('',#11557,#2084);
#1655=LINE('',#11558,#2085);
#1656=LINE('',#11569,#2086);
#1657=LINE('',#11570,#2087);
#1658=LINE('',#11581,#2088);
#1659=LINE('',#11582,#2089);
#1660=LINE('',#11593,#2090);
#1661=LINE('',#11594,#2091);
#1662=LINE('',#11605,#2092);
#1663=LINE('',#11606,#2093);
#1664=LINE('',#11617,#2094);
#1665=LINE('',#11618,#2095);
#1666=LINE('',#11627,#2096);
#1667=LINE('',#11630,#2097);
#1668=LINE('',#11632,#2098);
#1669=LINE('',#11633,#2099);
#1670=LINE('',#11636,#2100);
#1671=LINE('',#11639,#2101);
#1672=LINE('',#11642,#2102);
#1673=LINE('',#11643,#2103);
#1674=LINE('',#11647,#2104);
#1675=LINE('',#11650,#2105);
#1676=LINE('',#11651,#2106);
#1677=LINE('',#11655,#2107);
#1678=LINE('',#11658,#2108);
#1679=LINE('',#11659,#2109);
#1680=LINE('',#11663,#2110);
#1681=LINE('',#11666,#2111);
#1682=LINE('',#11670,#2112);
#1683=LINE('',#11671,#2113);
#1684=LINE('',#11675,#2114);
#1685=LINE('',#11678,#2115);
#1686=LINE('',#11679,#2116);
#1687=LINE('',#11683,#2117);
#1688=LINE('',#11686,#2118);
#1689=LINE('',#11687,#2119);
#1690=LINE('',#11691,#2120);
#1691=LINE('',#11694,#2121);
#1692=LINE('',#11695,#2122);
#1693=LINE('',#11699,#2123);
#1694=LINE('',#11701,#2124);
#1695=LINE('',#11702,#2125);
#1696=LINE('',#11704,#2126);
#1697=LINE('',#11706,#2127);
#1698=LINE('',#11708,#2128);
#1699=LINE('',#11710,#2129);
#1700=LINE('',#11712,#2130);
#1701=LINE('',#11714,#2131);
#1702=LINE('',#11716,#2132);
#1703=LINE('',#11718,#2133);
#1704=LINE('',#11720,#2134);
#1705=LINE('',#11722,#2135);
#1706=LINE('',#11724,#2136);
#1707=LINE('',#11726,#2137);
#1708=LINE('',#11728,#2138);
#1709=LINE('',#11730,#2139);
#1710=LINE('',#11732,#2140);
#1711=LINE('',#11734,#2141);
#1712=LINE('',#11736,#2142);
#1713=LINE('',#11738,#2143);
#1714=LINE('',#11740,#2144);
#1715=LINE('',#11742,#2145);
#1716=LINE('',#11766,#2146);
#1717=LINE('',#11767,#2147);
#1718=LINE('',#11778,#2148);
#1719=LINE('',#11779,#2149);
#1720=LINE('',#11790,#2150);
#1721=LINE('',#11791,#2151);
#1722=LINE('',#11802,#2152);
#1723=LINE('',#11803,#2153);
#1724=LINE('',#11814,#2154);
#1725=LINE('',#11815,#2155);
#1726=LINE('',#11825,#2156);
#1727=LINE('',#11826,#2157);
#1728=LINE('',#11834,#2158);
#1729=LINE('',#11842,#2159);
#1730=LINE('',#11850,#2160);
#1731=LINE('',#11858,#2161);
#1732=LINE('',#11866,#2162);
#1733=LINE('',#11874,#2163);
#1734=LINE('',#11882,#2164);
#1735=LINE('',#11890,#2165);
#1736=LINE('',#11899,#2166);
#1737=LINE('',#11900,#2167);
#1738=LINE('',#11915,#2168);
#1739=LINE('',#11923,#2169);
#1740=LINE('',#11931,#2170);
#1741=LINE('',#11943,#2171);
#1742=LINE('',#11951,#2172);
#1743=LINE('',#11959,#2173);
#1744=LINE('',#11965,#2174);
#1745=LINE('',#11968,#2175);
#1746=LINE('',#11969,#2176);
#1747=LINE('',#11971,#2177);
#1748=LINE('',#11973,#2178);
#1749=LINE('',#11975,#2179);
#1750=LINE('',#11977,#2180);
#1751=LINE('',#11979,#2181);
#1752=LINE('',#11981,#2182);
#1753=LINE('',#11983,#2183);
#1754=LINE('',#11985,#2184);
#1755=LINE('',#11987,#2185);
#1756=LINE('',#11989,#2186);
#1757=LINE('',#11992,#2187);
#1758=LINE('',#11994,#2188);
#1759=LINE('',#11996,#2189);
#1760=LINE('',#11998,#2190);
#1761=LINE('',#12000,#2191);
#1762=LINE('',#12002,#2192);
#1763=VECTOR('',#7546,4.50000000000001);
#1764=VECTOR('',#7553,10.);
#1765=VECTOR('',#7558,10.);
#1766=VECTOR('',#7561,10.);
#1767=VECTOR('',#7564,10.);
#1768=VECTOR('',#7567,10.);
#1769=VECTOR('',#7570,10.);
#1770=VECTOR('',#7573,10.);
#1771=VECTOR('',#7576,10.);
#1772=VECTOR('',#7579,10.);
#1773=VECTOR('',#7582,10.);
#1774=VECTOR('',#7583,10.);
#1775=VECTOR('',#7584,10.);
#1776=VECTOR('',#7585,10.);
#1777=VECTOR('',#7586,10.);
#1778=VECTOR('',#7587,10.);
#1779=VECTOR('',#7598,4.50000000000001);
#1780=VECTOR('',#7603,4.50000000000001);
#1781=VECTOR('',#7608,4.50000000000001);
#1782=VECTOR('',#7613,4.50000000000001);
#1783=VECTOR('',#7620,2.54999999999999);
#1784=VECTOR('',#7629,2.55000000000001);
#1785=VECTOR('',#7638,2.55000000000001);
#1786=VECTOR('',#7647,2.55000000000001);
#1787=VECTOR('',#7656,2.55000000000001);
#1788=VECTOR('',#7681,10.);
#1789=VECTOR('',#7682,10.);
#1790=VECTOR('',#7695,10.);
#1791=VECTOR('',#7696,10.);
#1792=VECTOR('',#7707,10.);
#1793=VECTOR('',#7708,10.);
#1794=VECTOR('',#7721,10.);
#1795=VECTOR('',#7722,10.);
#1796=VECTOR('',#7733,10.);
#1797=VECTOR('',#7734,10.);
#1798=VECTOR('',#7745,10.);
#1799=VECTOR('',#7746,10.);
#1800=VECTOR('',#7757,10.);
#1801=VECTOR('',#7758,10.);
#1802=VECTOR('',#7777,10.);
#1803=VECTOR('',#7778,10.);
#1804=VECTOR('',#7791,10.);
#1805=VECTOR('',#7792,10.);
#1806=VECTOR('',#7803,10.);
#1807=VECTOR('',#7804,10.);
#1808=VECTOR('',#7823,10.);
#1809=VECTOR('',#7824,10.);
#1810=VECTOR('',#7835,10.);
#1811=VECTOR('',#7836,10.);
#1812=VECTOR('',#7849,10.);
#1813=VECTOR('',#7850,10.);
#1814=VECTOR('',#7859,10.);
#1815=VECTOR('',#7860,10.);
#1816=VECTOR('',#7863,10.);
#1817=VECTOR('',#7864,10.);
#1818=VECTOR('',#7865,10.);
#1819=VECTOR('',#7868,10.);
#1820=VECTOR('',#7873,10.);
#1821=VECTOR('',#7874,10.);
#1822=VECTOR('',#7877,10.);
#1823=VECTOR('',#7882,10.);
#1824=VECTOR('',#7883,10.);
#1825=VECTOR('',#7886,2.);
#1826=VECTOR('',#7891,2.);
#1827=VECTOR('',#7896,10.);
#1828=VECTOR('',#7897,10.);
#1829=VECTOR('',#7900,10.);
#1830=VECTOR('',#7905,10.);
#1831=VECTOR('',#7906,10.);
#1832=VECTOR('',#7909,10.);
#1833=VECTOR('',#7914,10.);
#1834=VECTOR('',#7915,10.);
#1835=VECTOR('',#7918,10.);
#1836=VECTOR('',#7923,10.);
#1837=VECTOR('',#7924,10.);
#1838=VECTOR('',#7927,2.);
#1839=VECTOR('',#7934,10.);
#1840=VECTOR('',#7937,10.);
#1841=VECTOR('',#7942,10.);
#1842=VECTOR('',#7945,10.);
#1843=VECTOR('',#7948,10.);
#1844=VECTOR('',#7951,10.);
#1845=VECTOR('',#7954,10.);
#1846=VECTOR('',#7957,10.);
#1847=VECTOR('',#7970,10.);
#1848=VECTOR('',#7971,10.);
#1849=VECTOR('',#7984,10.);
#1850=VECTOR('',#7985,10.);
#1851=VECTOR('',#7998,10.);
#1852=VECTOR('',#7999,10.);
#1853=VECTOR('',#8012,10.);
#1854=VECTOR('',#8013,10.);
#1855=VECTOR('',#8026,10.);
#1856=VECTOR('',#8027,10.);
#1857=VECTOR('',#8040,10.);
#1858=VECTOR('',#8041,10.);
#1859=VECTOR('',#8054,10.);
#1860=VECTOR('',#8055,10.);
#1861=VECTOR('',#8068,10.);
#1862=VECTOR('',#8069,10.);
#1863=VECTOR('',#8082,10.);
#1864=VECTOR('',#8083,10.);
#1865=VECTOR('',#8104,10.);
#1866=VECTOR('',#8105,10.);
#1867=VECTOR('',#8118,10.);
#1868=VECTOR('',#8119,10.);
#1869=VECTOR('',#8132,10.);
#1870=VECTOR('',#8133,10.);
#1871=VECTOR('',#8146,10.);
#1872=VECTOR('',#8147,10.);
#1873=VECTOR('',#8160,10.);
#1874=VECTOR('',#8161,10.);
#1875=VECTOR('',#8174,10.);
#1876=VECTOR('',#8175,10.);
#1877=VECTOR('',#8188,10.);
#1878=VECTOR('',#8189,10.);
#1879=VECTOR('',#8202,10.);
#1880=VECTOR('',#8203,10.);
#1881=VECTOR('',#8214,10.);
#1882=VECTOR('',#8215,10.);
#1883=VECTOR('',#8220,10.);
#1884=VECTOR('',#8221,10.);
#1885=VECTOR('',#8224,10.);
#1886=VECTOR('',#8227,10.);
#1887=VECTOR('',#8230,10.);
#1888=VECTOR('',#8231,10.);
#1889=VECTOR('',#8234,10.);
#1890=VECTOR('',#8239,10.);
#1891=VECTOR('',#8240,10.);
#1892=VECTOR('',#8243,10.);
#1893=VECTOR('',#8248,10.);
#1894=VECTOR('',#8249,10.);
#1895=VECTOR('',#8252,10.);
#1896=VECTOR('',#8257,10.);
#1897=VECTOR('',#8258,10.);
#1898=VECTOR('',#8261,10.);
#1899=VECTOR('',#8264,10.);
#1900=VECTOR('',#8269,10.);
#1901=VECTOR('',#8270,10.);
#1902=VECTOR('',#8273,10.);
#1903=VECTOR('',#8278,10.);
#1904=VECTOR('',#8279,10.);
#1905=VECTOR('',#8282,10.);
#1906=VECTOR('',#8287,10.);
#1907=VECTOR('',#8288,10.);
#1908=VECTOR('',#8291,10.);
#1909=VECTOR('',#8296,10.);
#1910=VECTOR('',#8297,10.);
#1911=VECTOR('',#8300,10.);
#1912=VECTOR('',#8303,10.);
#1913=VECTOR('',#8306,10.);
#1914=VECTOR('',#8309,10.);
#1915=VECTOR('',#8312,10.);
#1916=VECTOR('',#8315,10.);
#1917=VECTOR('',#8318,10.);
#1918=VECTOR('',#8321,10.);
#1919=VECTOR('',#8324,10.);
#1920=VECTOR('',#8327,10.);
#1921=VECTOR('',#8330,10.);
#1922=VECTOR('',#8333,10.);
#1923=VECTOR('',#8336,10.);
#1924=VECTOR('',#8339,10.);
#1925=VECTOR('',#8342,10.);
#1926=VECTOR('',#8345,10.);
#1927=VECTOR('',#8348,10.);
#1928=VECTOR('',#8351,10.);
#1929=VECTOR('',#8354,10.);
#1930=VECTOR('',#8357,10.);
#1931=VECTOR('',#8368,10.);
#1932=VECTOR('',#8369,10.);
#1933=VECTOR('',#8382,10.);
#1934=VECTOR('',#8383,10.);
#1935=VECTOR('',#8396,10.);
#1936=VECTOR('',#8397,10.);
#1937=VECTOR('',#8410,10.);
#1938=VECTOR('',#8411,10.);
#1939=VECTOR('',#8424,10.);
#1940=VECTOR('',#8425,10.);
#1941=VECTOR('',#8438,10.);
#1942=VECTOR('',#8439,10.);
#1943=VECTOR('',#8450,10.);
#1944=VECTOR('',#8461,10.);
#1945=VECTOR('',#8472,10.);
#1946=VECTOR('',#8483,10.);
#1947=VECTOR('',#8494,10.);
#1948=VECTOR('',#8505,10.);
#1949=VECTOR('',#8516,10.);
#1950=VECTOR('',#8527,10.);
#1951=VECTOR('',#8538,10.);
#1952=VECTOR('',#8539,10.);
#1953=VECTOR('',#8560,10.);
#1954=VECTOR('',#8571,10.);
#1955=VECTOR('',#8582,10.);
#1956=VECTOR('',#8599,10.);
#1957=VECTOR('',#8610,10.);
#1958=VECTOR('',#8621,10.);
#1959=VECTOR('',#8630,10.);
#1960=VECTOR('',#8635,10.);
#1961=VECTOR('',#8636,10.);
#1962=VECTOR('',#8639,10.);
#1963=VECTOR('',#8642,10.);
#1964=VECTOR('',#8645,10.);
#1965=VECTOR('',#8648,10.);
#1966=VECTOR('',#8651,10.);
#1967=VECTOR('',#8654,10.);
#1968=VECTOR('',#8657,10.);
#1969=VECTOR('',#8660,10.);
#1970=VECTOR('',#8663,10.);
#1971=VECTOR('',#8666,10.);
#1972=VECTOR('',#8671,10.);
#1973=VECTOR('',#8674,10.);
#1974=VECTOR('',#8677,10.);
#1975=VECTOR('',#8680,10.);
#1976=VECTOR('',#8683,10.);
#1977=VECTOR('',#8686,10.);
#1978=VECTOR('',#8695,4.50000000000001);
#1979=VECTOR('',#8702,10.);
#1980=VECTOR('',#8703,10.);
#1981=VECTOR('',#8704,10.);
#1982=VECTOR('',#8705,10.);
#1983=VECTOR('',#8706,10.);
#1984=VECTOR('',#8707,10.);
#1985=VECTOR('',#8710,10.);
#1986=VECTOR('',#8713,10.);
#1987=VECTOR('',#8716,10.);
#1988=VECTOR('',#8719,10.);
#1989=VECTOR('',#8722,10.);
#1990=VECTOR('',#8725,10.);
#1991=VECTOR('',#8728,10.);
#1992=VECTOR('',#8731,10.);
#1993=VECTOR('',#8736,10.);
#1994=VECTOR('',#8747,4.50000000000001);
#1995=VECTOR('',#8752,4.50000000000001);
#1996=VECTOR('',#8757,4.50000000000001);
#1997=VECTOR('',#8762,4.50000000000001);
#1998=VECTOR('',#8769,2.54999999999999);
#1999=VECTOR('',#8778,2.55000000000001);
#2000=VECTOR('',#8787,2.55000000000001);
#2001=VECTOR('',#8796,2.55000000000001);
#2002=VECTOR('',#8805,2.55000000000001);
#2003=VECTOR('',#8830,10.);
#2004=VECTOR('',#8831,10.);
#2005=VECTOR('',#8844,10.);
#2006=VECTOR('',#8845,10.);
#2007=VECTOR('',#8856,10.);
#2008=VECTOR('',#8857,10.);
#2009=VECTOR('',#8870,10.);
#2010=VECTOR('',#8871,10.);
#2011=VECTOR('',#8882,10.);
#2012=VECTOR('',#8883,10.);
#2013=VECTOR('',#8894,10.);
#2014=VECTOR('',#8895,10.);
#2015=VECTOR('',#8906,10.);
#2016=VECTOR('',#8907,10.);
#2017=VECTOR('',#8926,10.);
#2018=VECTOR('',#8927,10.);
#2019=VECTOR('',#8940,10.);
#2020=VECTOR('',#8941,10.);
#2021=VECTOR('',#8952,10.);
#2022=VECTOR('',#8953,10.);
#2023=VECTOR('',#8972,10.);
#2024=VECTOR('',#8973,10.);
#2025=VECTOR('',#8984,10.);
#2026=VECTOR('',#8985,10.);
#2027=VECTOR('',#8998,10.);
#2028=VECTOR('',#8999,10.);
#2029=VECTOR('',#9008,10.);
#2030=VECTOR('',#9009,10.);
#2031=VECTOR('',#9012,10.);
#2032=VECTOR('',#9013,10.);
#2033=VECTOR('',#9014,10.);
#2034=VECTOR('',#9019,10.);
#2035=VECTOR('',#9022,10.);
#2036=VECTOR('',#9023,10.);
#2037=VECTOR('',#9028,10.);
#2038=VECTOR('',#9031,10.);
#2039=VECTOR('',#9032,10.);
#2040=VECTOR('',#9037,2.);
#2041=VECTOR('',#9042,2.);
#2042=VECTOR('',#9045,10.);
#2043=VECTOR('',#9046,10.);
#2044=VECTOR('',#9051,10.);
#2045=VECTOR('',#9054,10.);
#2046=VECTOR('',#9055,10.);
#2047=VECTOR('',#9060,10.);
#2048=VECTOR('',#9063,10.);
#2049=VECTOR('',#9064,10.);
#2050=VECTOR('',#9069,10.);
#2051=VECTOR('',#9072,10.);
#2052=VECTOR('',#9073,10.);
#2053=VECTOR('',#9078,2.);
#2054=VECTOR('',#9083,10.);
#2055=VECTOR('',#9086,10.);
#2056=VECTOR('',#9091,10.);
#2057=VECTOR('',#9092,10.);
#2058=VECTOR('',#9097,10.);
#2059=VECTOR('',#9098,10.);
#2060=VECTOR('',#9103,10.);
#2061=VECTOR('',#9104,10.);
#2062=VECTOR('',#9119,10.);
#2063=VECTOR('',#9120,10.);
#2064=VECTOR('',#9133,10.);
#2065=VECTOR('',#9134,10.);
#2066=VECTOR('',#9147,10.);
#2067=VECTOR('',#9148,10.);
#2068=VECTOR('',#9161,10.);
#2069=VECTOR('',#9162,10.);
#2070=VECTOR('',#9175,10.);
#2071=VECTOR('',#9176,10.);
#2072=VECTOR('',#9189,10.);
#2073=VECTOR('',#9190,10.);
#2074=VECTOR('',#9203,10.);
#2075=VECTOR('',#9204,10.);
#2076=VECTOR('',#9217,10.);
#2077=VECTOR('',#9218,10.);
#2078=VECTOR('',#9231,10.);
#2079=VECTOR('',#9232,10.);
#2080=VECTOR('',#9253,10.);
#2081=VECTOR('',#9254,10.);
#2082=VECTOR('',#9267,10.);
#2083=VECTOR('',#9268,10.);
#2084=VECTOR('',#9281,10.);
#2085=VECTOR('',#9282,10.);
#2086=VECTOR('',#9295,10.);
#2087=VECTOR('',#9296,10.);
#2088=VECTOR('',#9309,10.);
#2089=VECTOR('',#9310,10.);
#2090=VECTOR('',#9323,10.);
#2091=VECTOR('',#9324,10.);
#2092=VECTOR('',#9337,10.);
#2093=VECTOR('',#9338,10.);
#2094=VECTOR('',#9351,10.);
#2095=VECTOR('',#9352,10.);
#2096=VECTOR('',#9363,10.);
#2097=VECTOR('',#9366,10.);
#2098=VECTOR('',#9369,10.);
#2099=VECTOR('',#9370,10.);
#2100=VECTOR('',#9373,10.);
#2101=VECTOR('',#9376,10.);
#2102=VECTOR('',#9379,10.);
#2103=VECTOR('',#9380,10.);
#2104=VECTOR('',#9385,10.);
#2105=VECTOR('',#9388,10.);
#2106=VECTOR('',#9389,10.);
#2107=VECTOR('',#9394,10.);
#2108=VECTOR('',#9397,10.);
#2109=VECTOR('',#9398,10.);
#2110=VECTOR('',#9403,10.);
#2111=VECTOR('',#9406,10.);
#2112=VECTOR('',#9409,10.);
#2113=VECTOR('',#9410,10.);
#2114=VECTOR('',#9415,10.);
#2115=VECTOR('',#9418,10.);
#2116=VECTOR('',#9419,10.);
#2117=VECTOR('',#9424,10.);
#2118=VECTOR('',#9427,10.);
#2119=VECTOR('',#9428,10.);
#2120=VECTOR('',#9433,10.);
#2121=VECTOR('',#9436,10.);
#2122=VECTOR('',#9437,10.);
#2123=VECTOR('',#9442,10.);
#2124=VECTOR('',#9445,10.);
#2125=VECTOR('',#9446,10.);
#2126=VECTOR('',#9449,10.);
#2127=VECTOR('',#9452,10.);
#2128=VECTOR('',#9455,10.);
#2129=VECTOR('',#9458,10.);
#2130=VECTOR('',#9461,10.);
#2131=VECTOR('',#9464,10.);
#2132=VECTOR('',#9467,10.);
#2133=VECTOR('',#9470,10.);
#2134=VECTOR('',#9473,10.);
#2135=VECTOR('',#9476,10.);
#2136=VECTOR('',#9479,10.);
#2137=VECTOR('',#9482,10.);
#2138=VECTOR('',#9485,10.);
#2139=VECTOR('',#9488,10.);
#2140=VECTOR('',#9491,10.);
#2141=VECTOR('',#9494,10.);
#2142=VECTOR('',#9497,10.);
#2143=VECTOR('',#9500,10.);
#2144=VECTOR('',#9503,10.);
#2145=VECTOR('',#9506,10.);
#2146=VECTOR('',#9517,10.);
#2147=VECTOR('',#9518,10.);
#2148=VECTOR('',#9531,10.);
#2149=VECTOR('',#9532,10.);
#2150=VECTOR('',#9545,10.);
#2151=VECTOR('',#9546,10.);
#2152=VECTOR('',#9559,10.);
#2153=VECTOR('',#9560,10.);
#2154=VECTOR('',#9573,10.);
#2155=VECTOR('',#9574,10.);
#2156=VECTOR('',#9587,10.);
#2157=VECTOR('',#9588,10.);
#2158=VECTOR('',#9599,10.);
#2159=VECTOR('',#9610,10.);
#2160=VECTOR('',#9621,10.);
#2161=VECTOR('',#9632,10.);
#2162=VECTOR('',#9643,10.);
#2163=VECTOR('',#9654,10.);
#2164=VECTOR('',#9665,10.);
#2165=VECTOR('',#9676,10.);
#2166=VECTOR('',#9687,10.);
#2167=VECTOR('',#9688,10.);
#2168=VECTOR('',#9709,10.);
#2169=VECTOR('',#9720,10.);
#2170=VECTOR('',#9731,10.);
#2171=VECTOR('',#9748,10.);
#2172=VECTOR('',#9759,10.);
#2173=VECTOR('',#9770,10.);
#2174=VECTOR('',#9779,10.);
#2175=VECTOR('',#9784,10.);
#2176=VECTOR('',#9785,10.);
#2177=VECTOR('',#9788,10.);
#2178=VECTOR('',#9791,10.);
#2179=VECTOR('',#9794,10.);
#2180=VECTOR('',#9797,10.);
#2181=VECTOR('',#9800,10.);
#2182=VECTOR('',#9803,10.);
#2183=VECTOR('',#9806,10.);
#2184=VECTOR('',#9809,10.);
#2185=VECTOR('',#9812,10.);
#2186=VECTOR('',#9815,10.);
#2187=VECTOR('',#9820,10.);
#2188=VECTOR('',#9823,10.);
#2189=VECTOR('',#9826,10.);
#2190=VECTOR('',#9829,10.);
#2191=VECTOR('',#9832,10.);
#2192=VECTOR('',#9835,10.);
#2193=CIRCLE('',#6607,6.00000000000001);
#2194=CIRCLE('',#6608,3.00000000000001);
#2195=CIRCLE('',#6610,1.);
#2196=CIRCLE('',#6611,1.);
#2197=CIRCLE('',#6612,1.);
#2198=CIRCLE('',#6613,1.);
#2199=CIRCLE('',#6614,1.);
#2200=CIRCLE('',#6615,1.);
#2201=CIRCLE('',#6616,1.);
#2202=CIRCLE('',#6617,1.);
#2203=CIRCLE('',#6618,1.);
#2204=CIRCLE('',#6619,1.);
#2205=CIRCLE('',#6620,1.);
#2206=CIRCLE('',#6621,6.00000000000001);
#2207=CIRCLE('',#6622,6.00000000000001);
#2208=CIRCLE('',#6623,6.00000000000001);
#2209=CIRCLE('',#6624,6.00000000000001);
#2210=CIRCLE('',#6626,3.00000000000001);
#2211=CIRCLE('',#6628,3.00000000000001);
#2212=CIRCLE('',#6630,3.00000000000001);
#2213=CIRCLE('',#6632,3.00000000000001);
#2214=CIRCLE('',#6634,2.54999999999999);
#2215=CIRCLE('',#6635,2.54999999999999);
#2216=CIRCLE('',#6638,2.55000000000001);
#2217=CIRCLE('',#6639,2.55000000000001);
#2218=CIRCLE('',#6642,2.55000000000001);
#2219=CIRCLE('',#6643,2.55000000000001);
#2220=CIRCLE('',#6646,2.55000000000001);
#2221=CIRCLE('',#6647,2.55000000000001);
#2222=CIRCLE('',#6650,2.55000000000001);
#2223=CIRCLE('',#6651,2.55000000000001);
#2224=CIRCLE('',#6658,0.500000000000004);
#2225=CIRCLE('',#6659,1.5);
#2226=CIRCLE('',#6660,2.);
#2227=CIRCLE('',#6662,1.5);
#2228=CIRCLE('',#6664,1.5);
#2229=CIRCLE('',#6665,2.);
#2230=CIRCLE('',#6666,3.5);
#2231=CIRCLE('',#6668,1.5);
#2232=CIRCLE('',#6669,1.5);
#2233=CIRCLE('',#6670,2.);
#2234=CIRCLE('',#6671,0.5);
#2235=CIRCLE('',#6673,1.5);
#2236=CIRCLE('',#6675,1.5);
#2237=CIRCLE('',#6676,2.);
#2238=CIRCLE('',#6677,3.5);
#2239=CIRCLE('',#6679,1.5);
#2240=CIRCLE('',#6680,1.5);
#2241=CIRCLE('',#6681,2.);
#2242=CIRCLE('',#6682,0.5);
#2243=CIRCLE('',#6684,1.5);
#2244=CIRCLE('',#6685,1.5);
#2245=CIRCLE('',#6686,2.);
#2246=CIRCLE('',#6687,0.5);
#2247=CIRCLE('',#6689,1.5);
#2248=CIRCLE('',#6690,1.5);
#2249=CIRCLE('',#6691,2.);
#2250=CIRCLE('',#6692,0.5);
#2251=CIRCLE('',#6694,1.5);
#2252=CIRCLE('',#6696,1.5);
#2253=CIRCLE('',#6697,2.);
#2254=CIRCLE('',#6698,3.5);
#2255=CIRCLE('',#6699,1.5);
#2256=CIRCLE('',#6700,2.);
#2257=CIRCLE('',#6701,0.5);
#2258=CIRCLE('',#6703,1.5);
#2259=CIRCLE('',#6705,1.5);
#2260=CIRCLE('',#6706,2.);
#2261=CIRCLE('',#6707,3.5);
#2262=CIRCLE('',#6709,1.5);
#2263=CIRCLE('',#6710,1.5);
#2264=CIRCLE('',#6711,2.);
#2265=CIRCLE('',#6712,0.5);
#2266=CIRCLE('',#6714,1.5);
#2267=CIRCLE('',#6715,1.5);
#2268=CIRCLE('',#6716,2.);
#2269=CIRCLE('',#6717,0.5);
#2270=CIRCLE('',#6719,1.5);
#2271=CIRCLE('',#6720,2.);
#2272=CIRCLE('',#6721,3.5);
#2273=CIRCLE('',#6723,1.5);
#2274=CIRCLE('',#6724,1.5);
#2275=CIRCLE('',#6725,2.);
#2276=CIRCLE('',#6726,0.5);
#2277=CIRCLE('',#6728,1.5);
#2278=CIRCLE('',#6730,1.5);
#2279=CIRCLE('',#6731,2.);
#2280=CIRCLE('',#6732,3.5);
#2281=CIRCLE('',#6734,1.5);
#2282=CIRCLE('',#6735,1.5);
#2283=CIRCLE('',#6736,2.);
#2284=CIRCLE('',#6737,0.5);
#2285=CIRCLE('',#6741,2.);
#2286=CIRCLE('',#6744,2.);
#2287=CIRCLE('',#6747,2.);
#2288=CIRCLE('',#6749,2.);
#2289=CIRCLE('',#6752,2.);
#2290=CIRCLE('',#6755,2.);
#2291=CIRCLE('',#6758,2.);
#2292=CIRCLE('',#6761,2.);
#2293=CIRCLE('',#6771,0.25);
#2294=CIRCLE('',#6773,0.250000000000004);
#2295=CIRCLE('',#6774,0.75);
#2296=CIRCLE('',#6775,1.);
#2297=CIRCLE('',#6777,0.250000000000004);
#2298=CIRCLE('',#6779,0.25);
#2299=CIRCLE('',#6780,1.25);
#2300=CIRCLE('',#6781,1.);
#2301=CIRCLE('',#6783,0.25);
#2302=CIRCLE('',#6785,0.250000000000021);
#2303=CIRCLE('',#6786,1.25);
#2304=CIRCLE('',#6787,1.);
#2305=CIRCLE('',#6789,0.250000000000004);
#2306=CIRCLE('',#6791,0.249999999999999);
#2307=CIRCLE('',#6792,0.75);
#2308=CIRCLE('',#6793,1.);
#2309=CIRCLE('',#6795,0.25);
#2310=CIRCLE('',#6797,0.25);
#2311=CIRCLE('',#6798,1.);
#2312=CIRCLE('',#6799,1.25);
#2313=CIRCLE('',#6801,0.25);
#2314=CIRCLE('',#6803,0.249999999999986);
#2315=CIRCLE('',#6804,0.75);
#2316=CIRCLE('',#6805,1.);
#2317=CIRCLE('',#6807,0.249999999999986);
#2318=CIRCLE('',#6809,0.25);
#2319=CIRCLE('',#6810,1.25);
#2320=CIRCLE('',#6811,1.);
#2321=CIRCLE('',#6813,0.25);
#2322=CIRCLE('',#6815,0.249999999999986);
#2323=CIRCLE('',#6816,1.25);
#2324=CIRCLE('',#6817,1.);
#2325=CIRCLE('',#6819,0.249999999999986);
#2326=CIRCLE('',#6821,0.249999999999999);
#2327=CIRCLE('',#6822,0.75);
#2328=CIRCLE('',#6823,1.);
#2329=CIRCLE('',#6825,0.25);
#2330=CIRCLE('',#6827,0.25);
#2331=CIRCLE('',#6828,1.);
#2332=CIRCLE('',#6829,0.75);
#2333=CIRCLE('',#6831,0.25);
#2334=CIRCLE('',#6832,1.);
#2335=CIRCLE('',#6833,1.25);
#2336=CIRCLE('',#6835,0.25);
#2337=CIRCLE('',#6837,0.25);
#2338=CIRCLE('',#6838,1.);
#2339=CIRCLE('',#6839,0.75);
#2340=CIRCLE('',#6841,0.25);
#2341=CIRCLE('',#6843,0.25);
#2342=CIRCLE('',#6844,1.);
#2343=CIRCLE('',#6845,1.25);
#2344=CIRCLE('',#6847,0.25);
#2345=CIRCLE('',#6849,0.25);
#2346=CIRCLE('',#6850,1.);
#2347=CIRCLE('',#6851,1.25);
#2348=CIRCLE('',#6853,0.25);
#2349=CIRCLE('',#6855,0.25);
#2350=CIRCLE('',#6856,1.);
#2351=CIRCLE('',#6857,0.75);
#2352=CIRCLE('',#6859,0.25);
#2353=CIRCLE('',#6861,0.25);
#2354=CIRCLE('',#6862,1.);
#2355=CIRCLE('',#6863,1.25);
#2356=CIRCLE('',#6865,0.25);
#2357=CIRCLE('',#6867,0.25);
#2358=CIRCLE('',#6868,1.);
#2359=CIRCLE('',#6869,0.75);
#2360=CIRCLE('',#6871,0.25);
#2361=CIRCLE('',#6873,0.25);
#2362=CIRCLE('',#6874,1.);
#2363=CIRCLE('',#6875,1.25);
#2364=CIRCLE('',#6877,0.25);
#2365=CIRCLE('',#6879,0.25);
#2366=CIRCLE('',#6880,1.);
#2367=CIRCLE('',#6881,1.25);
#2368=CIRCLE('',#6886,1.);
#2369=CIRCLE('',#6889,1.);
#2370=CIRCLE('',#6892,1.);
#2371=CIRCLE('',#6895,1.);
#2372=CIRCLE('',#6897,1.75);
#2373=CIRCLE('',#6899,1.);
#2374=CIRCLE('',#6902,1.);
#2375=CIRCLE('',#6905,1.);
#2376=CIRCLE('',#6908,1.);
#2377=CIRCLE('',#6931,0.250000000000004);
#2378=CIRCLE('',#6932,1.75);
#2379=CIRCLE('',#6934,0.250000000000004);
#2380=CIRCLE('',#6936,0.249999999999999);
#2381=CIRCLE('',#6937,2.25);
#2382=CIRCLE('',#6938,2.);
#2383=CIRCLE('',#6940,0.250000000000009);
#2384=CIRCLE('',#6942,0.25);
#2385=CIRCLE('',#6943,1.75);
#2386=CIRCLE('',#6944,2.);
#2387=CIRCLE('',#6946,0.249999999999983);
#2388=CIRCLE('',#6948,0.250000000000009);
#2389=CIRCLE('',#6949,2.25);
#2390=CIRCLE('',#6950,2.);
#2391=CIRCLE('',#6952,0.250000000000009);
#2392=CIRCLE('',#6954,0.249999999999985);
#2393=CIRCLE('',#6955,1.75);
#2394=CIRCLE('',#6956,2.);
#2395=CIRCLE('',#6958,0.249999999999985);
#2396=CIRCLE('',#6960,0.249999999999986);
#2397=CIRCLE('',#6961,1.75);
#2398=CIRCLE('',#6962,2.);
#2399=CIRCLE('',#6964,0.249999999999986);
#2400=CIRCLE('',#6966,0.249999999999986);
#2401=CIRCLE('',#6967,0.75);
#2402=CIRCLE('',#6969,0.249999999999986);
#2403=CIRCLE('',#6971,0.249999999999986);
#2404=CIRCLE('',#6972,1.25);
#2405=CIRCLE('',#6974,0.249999999999986);
#2406=CIRCLE('',#6976,0.249999999999986);
#2407=CIRCLE('',#6977,1.25);
#2408=CIRCLE('',#6979,0.249999999999986);
#2409=CIRCLE('',#6981,0.249999999999986);
#2410=CIRCLE('',#6982,0.75);
#2411=CIRCLE('',#6984,0.249999999999986);
#2412=CIRCLE('',#6986,0.250000000000004);
#2413=CIRCLE('',#6987,2.);
#2414=CIRCLE('',#6989,0.250000000000004);
#2415=CIRCLE('',#6991,0.250000000000004);
#2416=CIRCLE('',#6992,0.75);
#2417=CIRCLE('',#6994,0.250000000000004);
#2418=CIRCLE('',#6996,0.250000000000004);
#2419=CIRCLE('',#6997,1.25);
#2420=CIRCLE('',#6999,0.250000000000004);
#2421=CIRCLE('',#7001,0.250000000000004);
#2422=CIRCLE('',#7002,1.25);
#2423=CIRCLE('',#7004,0.250000000000004);
#2424=CIRCLE('',#7006,0.250000000000004);
#2425=CIRCLE('',#7007,0.75);
#2426=CIRCLE('',#7009,0.250000000000004);
#2427=CIRCLE('',#7011,0.250000000000002);
#2428=CIRCLE('',#7012,2.25);
#2429=CIRCLE('',#7013,2.);
#2430=CIRCLE('',#7015,0.250000000000004);
#2431=CIRCLE('',#7016,1.75);
#2432=CIRCLE('',#7017,2.);
#2433=CIRCLE('',#7019,0.250000000000004);
#2434=CIRCLE('',#7021,0.250000000000004);
#2435=CIRCLE('',#7022,2.25);
#2436=CIRCLE('',#7024,0.250000000000004);
#2437=CIRCLE('',#7026,0.250000000000004);
#2438=CIRCLE('',#7027,1.75);
#2439=CIRCLE('',#7029,0.249999999999999);
#2440=CIRCLE('',#7031,0.249999999999994);
#2441=CIRCLE('',#7032,1.75);
#2442=CIRCLE('',#7034,0.250000000000004);
#2443=CIRCLE('',#7035,2.25);
#2444=CIRCLE('',#7037,0.250000000000004);
#2445=CIRCLE('',#7039,0.249999999999986);
#2446=CIRCLE('',#7040,1.75);
#2447=CIRCLE('',#7042,0.250000000000004);
#2448=CIRCLE('',#7044,0.249999999999995);
#2449=CIRCLE('',#7045,2.25);
#2450=CIRCLE('',#7047,0.250000000000004);
#2451=CIRCLE('',#7049,0.250000000000004);
#2452=CIRCLE('',#7050,1.75);
#2453=CIRCLE('',#7074,6.00000000000001);
#2454=CIRCLE('',#7075,3.00000000000001);
#2455=CIRCLE('',#7077,1.);
#2456=CIRCLE('',#7078,1.);
#2457=CIRCLE('',#7079,1.);
#2458=CIRCLE('',#7080,1.);
#2459=CIRCLE('',#7081,1.);
#2460=CIRCLE('',#7082,1.);
#2461=CIRCLE('',#7083,1.);
#2462=CIRCLE('',#7084,1.);
#2463=CIRCLE('',#7085,1.);
#2464=CIRCLE('',#7086,1.);
#2465=CIRCLE('',#7087,1.);
#2466=CIRCLE('',#7088,6.00000000000001);
#2467=CIRCLE('',#7089,6.00000000000001);
#2468=CIRCLE('',#7090,6.00000000000001);
#2469=CIRCLE('',#7091,6.00000000000001);
#2470=CIRCLE('',#7093,3.00000000000001);
#2471=CIRCLE('',#7095,3.00000000000001);
#2472=CIRCLE('',#7097,3.00000000000001);
#2473=CIRCLE('',#7099,3.00000000000001);
#2474=CIRCLE('',#7101,2.54999999999999);
#2475=CIRCLE('',#7102,2.54999999999999);
#2476=CIRCLE('',#7105,2.55000000000001);
#2477=CIRCLE('',#7106,2.55000000000001);
#2478=CIRCLE('',#7109,2.55000000000001);
#2479=CIRCLE('',#7110,2.55000000000001);
#2480=CIRCLE('',#7113,2.55000000000001);
#2481=CIRCLE('',#7114,2.55000000000001);
#2482=CIRCLE('',#7117,2.55000000000001);
#2483=CIRCLE('',#7118,2.55000000000001);
#2484=CIRCLE('',#7125,0.500000000000004);
#2485=CIRCLE('',#7126,2.);
#2486=CIRCLE('',#7127,1.5);
#2487=CIRCLE('',#7129,1.5);
#2488=CIRCLE('',#7131,1.5);
#2489=CIRCLE('',#7132,3.5);
#2490=CIRCLE('',#7133,2.);
#2491=CIRCLE('',#7135,1.5);
#2492=CIRCLE('',#7136,1.5);
#2493=CIRCLE('',#7137,0.5);
#2494=CIRCLE('',#7138,2.);
#2495=CIRCLE('',#7140,1.5);
#2496=CIRCLE('',#7142,1.5);
#2497=CIRCLE('',#7143,3.5);
#2498=CIRCLE('',#7144,2.);
#2499=CIRCLE('',#7146,1.5);
#2500=CIRCLE('',#7147,1.5);
#2501=CIRCLE('',#7148,0.5);
#2502=CIRCLE('',#7149,2.);
#2503=CIRCLE('',#7151,1.5);
#2504=CIRCLE('',#7152,1.5);
#2505=CIRCLE('',#7153,0.5);
#2506=CIRCLE('',#7154,2.);
#2507=CIRCLE('',#7156,1.5);
#2508=CIRCLE('',#7157,1.5);
#2509=CIRCLE('',#7158,0.5);
#2510=CIRCLE('',#7159,2.);
#2511=CIRCLE('',#7161,1.5);
#2512=CIRCLE('',#7163,1.5);
#2513=CIRCLE('',#7164,3.5);
#2514=CIRCLE('',#7165,2.);
#2515=CIRCLE('',#7166,1.5);
#2516=CIRCLE('',#7167,0.5);
#2517=CIRCLE('',#7168,2.);
#2518=CIRCLE('',#7170,1.5);
#2519=CIRCLE('',#7172,1.5);
#2520=CIRCLE('',#7173,3.5);
#2521=CIRCLE('',#7174,2.);
#2522=CIRCLE('',#7176,1.5);
#2523=CIRCLE('',#7177,1.5);
#2524=CIRCLE('',#7178,0.5);
#2525=CIRCLE('',#7179,2.);
#2526=CIRCLE('',#7181,1.5);
#2527=CIRCLE('',#7182,1.5);
#2528=CIRCLE('',#7183,0.5);
#2529=CIRCLE('',#7184,2.);
#2530=CIRCLE('',#7186,1.5);
#2531=CIRCLE('',#7187,3.5);
#2532=CIRCLE('',#7188,2.);
#2533=CIRCLE('',#7190,1.5);
#2534=CIRCLE('',#7191,1.5);
#2535=CIRCLE('',#7192,0.5);
#2536=CIRCLE('',#7193,2.);
#2537=CIRCLE('',#7195,1.5);
#2538=CIRCLE('',#7197,1.5);
#2539=CIRCLE('',#7198,3.5);
#2540=CIRCLE('',#7199,2.);
#2541=CIRCLE('',#7201,1.5);
#2542=CIRCLE('',#7202,1.5);
#2543=CIRCLE('',#7203,0.5);
#2544=CIRCLE('',#7204,2.);
#2545=CIRCLE('',#7208,2.);
#2546=CIRCLE('',#7211,2.);
#2547=CIRCLE('',#7214,2.);
#2548=CIRCLE('',#7216,2.);
#2549=CIRCLE('',#7219,2.);
#2550=CIRCLE('',#7222,2.);
#2551=CIRCLE('',#7225,2.);
#2552=CIRCLE('',#7228,2.);
#2553=CIRCLE('',#7238,0.25);
#2554=CIRCLE('',#7240,0.250000000000004);
#2555=CIRCLE('',#7241,1.);
#2556=CIRCLE('',#7242,0.75);
#2557=CIRCLE('',#7244,0.250000000000004);
#2558=CIRCLE('',#7246,0.25);
#2559=CIRCLE('',#7247,1.);
#2560=CIRCLE('',#7248,1.25);
#2561=CIRCLE('',#7250,0.25);
#2562=CIRCLE('',#7252,0.250000000000021);
#2563=CIRCLE('',#7253,1.);
#2564=CIRCLE('',#7254,1.25);
#2565=CIRCLE('',#7256,0.250000000000004);
#2566=CIRCLE('',#7258,0.249999999999999);
#2567=CIRCLE('',#7259,1.);
#2568=CIRCLE('',#7260,0.75);
#2569=CIRCLE('',#7262,0.25);
#2570=CIRCLE('',#7264,0.25);
#2571=CIRCLE('',#7265,1.25);
#2572=CIRCLE('',#7266,1.);
#2573=CIRCLE('',#7268,0.25);
#2574=CIRCLE('',#7270,0.249999999999986);
#2575=CIRCLE('',#7271,1.);
#2576=CIRCLE('',#7272,0.75);
#2577=CIRCLE('',#7274,0.249999999999986);
#2578=CIRCLE('',#7276,0.25);
#2579=CIRCLE('',#7277,1.);
#2580=CIRCLE('',#7278,1.25);
#2581=CIRCLE('',#7280,0.25);
#2582=CIRCLE('',#7282,0.249999999999986);
#2583=CIRCLE('',#7283,1.);
#2584=CIRCLE('',#7284,1.25);
#2585=CIRCLE('',#7286,0.249999999999986);
#2586=CIRCLE('',#7288,0.249999999999999);
#2587=CIRCLE('',#7289,1.);
#2588=CIRCLE('',#7290,0.75);
#2589=CIRCLE('',#7292,0.25);
#2590=CIRCLE('',#7294,0.25);
#2591=CIRCLE('',#7295,0.75);
#2592=CIRCLE('',#7296,1.);
#2593=CIRCLE('',#7298,0.25);
#2594=CIRCLE('',#7299,1.25);
#2595=CIRCLE('',#7300,1.);
#2596=CIRCLE('',#7302,0.25);
#2597=CIRCLE('',#7304,0.25);
#2598=CIRCLE('',#7305,0.75);
#2599=CIRCLE('',#7306,1.);
#2600=CIRCLE('',#7308,0.25);
#2601=CIRCLE('',#7310,0.25);
#2602=CIRCLE('',#7311,1.25);
#2603=CIRCLE('',#7312,1.);
#2604=CIRCLE('',#7314,0.25);
#2605=CIRCLE('',#7316,0.25);
#2606=CIRCLE('',#7317,1.25);
#2607=CIRCLE('',#7318,1.);
#2608=CIRCLE('',#7320,0.25);
#2609=CIRCLE('',#7322,0.25);
#2610=CIRCLE('',#7323,0.75);
#2611=CIRCLE('',#7324,1.);
#2612=CIRCLE('',#7326,0.25);
#2613=CIRCLE('',#7328,0.25);
#2614=CIRCLE('',#7329,1.25);
#2615=CIRCLE('',#7330,1.);
#2616=CIRCLE('',#7332,0.25);
#2617=CIRCLE('',#7334,0.25);
#2618=CIRCLE('',#7335,0.75);
#2619=CIRCLE('',#7336,1.);
#2620=CIRCLE('',#7338,0.25);
#2621=CIRCLE('',#7340,0.25);
#2622=CIRCLE('',#7341,1.25);
#2623=CIRCLE('',#7342,1.);
#2624=CIRCLE('',#7344,0.25);
#2625=CIRCLE('',#7346,0.25);
#2626=CIRCLE('',#7347,1.25);
#2627=CIRCLE('',#7348,1.);
#2628=CIRCLE('',#7353,1.);
#2629=CIRCLE('',#7356,1.);
#2630=CIRCLE('',#7359,1.);
#2631=CIRCLE('',#7362,1.);
#2632=CIRCLE('',#7364,1.75);
#2633=CIRCLE('',#7366,1.);
#2634=CIRCLE('',#7369,1.);
#2635=CIRCLE('',#7372,1.);
#2636=CIRCLE('',#7375,1.);
#2637=CIRCLE('',#7398,1.75);
#2638=CIRCLE('',#7399,0.250000000000004);
#2639=CIRCLE('',#7401,0.250000000000004);
#2640=CIRCLE('',#7403,0.249999999999999);
#2641=CIRCLE('',#7404,2.);
#2642=CIRCLE('',#7405,2.25);
#2643=CIRCLE('',#7407,0.250000000000009);
#2644=CIRCLE('',#7409,0.25);
#2645=CIRCLE('',#7410,2.);
#2646=CIRCLE('',#7411,1.75);
#2647=CIRCLE('',#7413,0.249999999999983);
#2648=CIRCLE('',#7415,0.250000000000009);
#2649=CIRCLE('',#7416,2.);
#2650=CIRCLE('',#7417,2.25);
#2651=CIRCLE('',#7419,0.250000000000009);
#2652=CIRCLE('',#7421,0.249999999999985);
#2653=CIRCLE('',#7422,2.);
#2654=CIRCLE('',#7423,1.75);
#2655=CIRCLE('',#7425,0.249999999999985);
#2656=CIRCLE('',#7427,0.249999999999986);
#2657=CIRCLE('',#7428,2.);
#2658=CIRCLE('',#7429,1.75);
#2659=CIRCLE('',#7431,0.249999999999986);
#2660=CIRCLE('',#7433,0.249999999999986);
#2661=CIRCLE('',#7434,0.75);
#2662=CIRCLE('',#7436,0.249999999999986);
#2663=CIRCLE('',#7438,0.249999999999986);
#2664=CIRCLE('',#7439,1.25);
#2665=CIRCLE('',#7441,0.249999999999986);
#2666=CIRCLE('',#7443,0.249999999999986);
#2667=CIRCLE('',#7444,1.25);
#2668=CIRCLE('',#7446,0.249999999999986);
#2669=CIRCLE('',#7448,0.249999999999986);
#2670=CIRCLE('',#7449,0.75);
#2671=CIRCLE('',#7451,0.249999999999986);
#2672=CIRCLE('',#7453,0.250000000000004);
#2673=CIRCLE('',#7454,2.);
#2674=CIRCLE('',#7456,0.250000000000004);
#2675=CIRCLE('',#7458,0.250000000000004);
#2676=CIRCLE('',#7459,0.75);
#2677=CIRCLE('',#7461,0.250000000000004);
#2678=CIRCLE('',#7463,0.250000000000004);
#2679=CIRCLE('',#7464,1.25);
#2680=CIRCLE('',#7466,0.250000000000004);
#2681=CIRCLE('',#7468,0.250000000000004);
#2682=CIRCLE('',#7469,1.25);
#2683=CIRCLE('',#7471,0.250000000000004);
#2684=CIRCLE('',#7473,0.250000000000004);
#2685=CIRCLE('',#7474,0.75);
#2686=CIRCLE('',#7476,0.250000000000004);
#2687=CIRCLE('',#7478,0.250000000000002);
#2688=CIRCLE('',#7479,2.);
#2689=CIRCLE('',#7480,2.25);
#2690=CIRCLE('',#7482,0.250000000000004);
#2691=CIRCLE('',#7483,2.);
#2692=CIRCLE('',#7484,1.75);
#2693=CIRCLE('',#7486,0.250000000000004);
#2694=CIRCLE('',#7488,0.250000000000004);
#2695=CIRCLE('',#7489,2.25);
#2696=CIRCLE('',#7491,0.250000000000004);
#2697=CIRCLE('',#7493,0.250000000000004);
#2698=CIRCLE('',#7494,1.75);
#2699=CIRCLE('',#7496,0.249999999999999);
#2700=CIRCLE('',#7498,0.249999999999994);
#2701=CIRCLE('',#7499,1.75);
#2702=CIRCLE('',#7501,0.250000000000004);
#2703=CIRCLE('',#7502,2.25);
#2704=CIRCLE('',#7504,0.250000000000004);
#2705=CIRCLE('',#7506,0.249999999999986);
#2706=CIRCLE('',#7507,1.75);
#2707=CIRCLE('',#7509,0.250000000000004);
#2708=CIRCLE('',#7511,0.249999999999995);
#2709=CIRCLE('',#7512,2.25);
#2710=CIRCLE('',#7514,0.250000000000004);
#2711=CIRCLE('',#7516,0.250000000000004);
#2712=CIRCLE('',#7517,1.75);
#2713=VERTEX_POINT('',#9842);
#2714=VERTEX_POINT('',#9844);
#2715=VERTEX_POINT('',#9848);
#2716=VERTEX_POINT('',#9849);
#2717=VERTEX_POINT('',#9851);
#2718=VERTEX_POINT('',#9853);
#2719=VERTEX_POINT('',#9855);
#2720=VERTEX_POINT('',#9857);
#2721=VERTEX_POINT('',#9859);
#2722=VERTEX_POINT('',#9861);
#2723=VERTEX_POINT('',#9863);
#2724=VERTEX_POINT('',#9865);
#2725=VERTEX_POINT('',#9867);
#2726=VERTEX_POINT('',#9869);
#2727=VERTEX_POINT('',#9871);
#2728=VERTEX_POINT('',#9873);
#2729=VERTEX_POINT('',#9875);
#2730=VERTEX_POINT('',#9877);
#2731=VERTEX_POINT('',#9879);
#2732=VERTEX_POINT('',#9881);
#2733=VERTEX_POINT('',#9883);
#2734=VERTEX_POINT('',#9885);
#2735=VERTEX_POINT('',#9887);
#2736=VERTEX_POINT('',#9889);
#2737=VERTEX_POINT('',#9891);
#2738=VERTEX_POINT('',#9893);
#2739=VERTEX_POINT('',#9895);
#2740=VERTEX_POINT('',#9897);
#2741=VERTEX_POINT('',#9900);
#2742=VERTEX_POINT('',#9902);
#2743=VERTEX_POINT('',#9904);
#2744=VERTEX_POINT('',#9906);
#2745=VERTEX_POINT('',#9909);
#2746=VERTEX_POINT('',#9913);
#2747=VERTEX_POINT('',#9917);
#2748=VERTEX_POINT('',#9921);
#2749=VERTEX_POINT('',#9925);
#2750=VERTEX_POINT('',#9927);
#2751=VERTEX_POINT('',#9932);
#2752=VERTEX_POINT('',#9934);
#2753=VERTEX_POINT('',#9939);
#2754=VERTEX_POINT('',#9941);
#2755=VERTEX_POINT('',#9946);
#2756=VERTEX_POINT('',#9948);
#2757=VERTEX_POINT('',#9953);
#2758=VERTEX_POINT('',#9955);
#2759=VERTEX_POINT('',#9973);
#2760=VERTEX_POINT('',#9974);
#2761=VERTEX_POINT('',#9976);
#2762=VERTEX_POINT('',#9978);
#2763=VERTEX_POINT('',#9995);
#2764=VERTEX_POINT('',#9996);
#2765=VERTEX_POINT('',#10001);
#2766=VERTEX_POINT('',#10002);
#2767=VERTEX_POINT('',#10007);
#2768=VERTEX_POINT('',#10008);
#2769=VERTEX_POINT('',#10021);
#2770=VERTEX_POINT('',#10022);
#2771=VERTEX_POINT('',#10027);
#2772=VERTEX_POINT('',#10028);
#2773=VERTEX_POINT('',#10033);
#2774=VERTEX_POINT('',#10034);
#2775=VERTEX_POINT('',#10039);
#2776=VERTEX_POINT('',#10040);
#2777=VERTEX_POINT('',#10053);
#2778=VERTEX_POINT('',#10054);
#2779=VERTEX_POINT('',#10059);
#2780=VERTEX_POINT('',#10060);
#2781=VERTEX_POINT('',#10073);
#2782=VERTEX_POINT('',#10074);
#2783=VERTEX_POINT('',#10079);
#2784=VERTEX_POINT('',#10080);
#2785=VERTEX_POINT('',#10093);
#2786=VERTEX_POINT('',#10094);
#2787=VERTEX_POINT('',#10099);
#2788=VERTEX_POINT('',#10100);
#2789=VERTEX_POINT('',#10105);
#2790=VERTEX_POINT('',#10106);
#2791=VERTEX_POINT('',#10119);
#2792=VERTEX_POINT('',#10120);
#2793=VERTEX_POINT('',#10125);
#2794=VERTEX_POINT('',#10126);
#2795=VERTEX_POINT('',#10131);
#2796=VERTEX_POINT('',#10132);
#2797=VERTEX_POINT('',#10137);
#2798=VERTEX_POINT('',#10138);
#2799=VERTEX_POINT('',#10151);
#2800=VERTEX_POINT('',#10152);
#2801=VERTEX_POINT('',#10157);
#2802=VERTEX_POINT('',#10158);
#2803=VERTEX_POINT('',#10171);
#2804=VERTEX_POINT('',#10172);
#2805=VERTEX_POINT('',#10177);
#2806=VERTEX_POINT('',#10178);
#2807=VERTEX_POINT('',#10183);
#2808=VERTEX_POINT('',#10184);
#2809=VERTEX_POINT('',#10197);
#2810=VERTEX_POINT('',#10198);
#2811=VERTEX_POINT('',#10203);
#2812=VERTEX_POINT('',#10204);
#2813=VERTEX_POINT('',#10209);
#2814=VERTEX_POINT('',#10210);
#2815=VERTEX_POINT('',#10215);
#2816=VERTEX_POINT('',#10216);
#2817=VERTEX_POINT('',#10229);
#2818=VERTEX_POINT('',#10230);
#2819=VERTEX_POINT('',#10238);
#2820=VERTEX_POINT('',#10240);
#2821=VERTEX_POINT('',#10244);
#2822=VERTEX_POINT('',#10248);
#2823=VERTEX_POINT('',#10252);
#2824=VERTEX_POINT('',#10256);
#2825=VERTEX_POINT('',#10260);
#2826=VERTEX_POINT('',#10264);
#2827=VERTEX_POINT('',#10268);
#2828=VERTEX_POINT('',#10272);
#2829=VERTEX_POINT('',#10276);
#2830=VERTEX_POINT('',#10280);
#2831=VERTEX_POINT('',#10284);
#2832=VERTEX_POINT('',#10288);
#2833=VERTEX_POINT('',#10292);
#2834=VERTEX_POINT('',#10296);
#2835=VERTEX_POINT('',#10301);
#2836=VERTEX_POINT('',#10302);
#2837=VERTEX_POINT('',#10304);
#2838=VERTEX_POINT('',#10306);
#2839=VERTEX_POINT('',#10310);
#2840=VERTEX_POINT('',#10312);
#2841=VERTEX_POINT('',#10316);
#2842=VERTEX_POINT('',#10318);
#2843=VERTEX_POINT('',#10322);
#2844=VERTEX_POINT('',#10324);
#2845=VERTEX_POINT('',#10328);
#2846=VERTEX_POINT('',#10329);
#2847=VERTEX_POINT('',#10334);
#2848=VERTEX_POINT('',#10335);
#2849=VERTEX_POINT('',#10340);
#2850=VERTEX_POINT('',#10341);
#2851=VERTEX_POINT('',#10346);
#2852=VERTEX_POINT('',#10347);
#2853=VERTEX_POINT('',#10352);
#2854=VERTEX_POINT('',#10353);
#2855=VERTEX_POINT('',#10358);
#2856=VERTEX_POINT('',#10359);
#2857=VERTEX_POINT('',#10364);
#2858=VERTEX_POINT('',#10365);
#2859=VERTEX_POINT('',#10370);
#2860=VERTEX_POINT('',#10371);
#2861=VERTEX_POINT('',#10376);
#2862=VERTEX_POINT('',#10377);
#2863=VERTEX_POINT('',#10382);
#2864=VERTEX_POINT('',#10383);
#2865=VERTEX_POINT('',#10388);
#2866=VERTEX_POINT('',#10389);
#2867=VERTEX_POINT('',#10394);
#2868=VERTEX_POINT('',#10395);
#2869=VERTEX_POINT('',#10400);
#2870=VERTEX_POINT('',#10401);
#2871=VERTEX_POINT('',#10406);
#2872=VERTEX_POINT('',#10407);
#2873=VERTEX_POINT('',#10412);
#2874=VERTEX_POINT('',#10413);
#2875=VERTEX_POINT('',#10418);
#2876=VERTEX_POINT('',#10419);
#2877=VERTEX_POINT('',#10424);
#2878=VERTEX_POINT('',#10425);
#2879=VERTEX_POINT('',#10430);
#2880=VERTEX_POINT('',#10431);
#2881=VERTEX_POINT('',#10436);
#2882=VERTEX_POINT('',#10437);
#2883=VERTEX_POINT('',#10442);
#2884=VERTEX_POINT('',#10443);
#2885=VERTEX_POINT('',#10448);
#2886=VERTEX_POINT('',#10449);
#2887=VERTEX_POINT('',#10454);
#2888=VERTEX_POINT('',#10455);
#2889=VERTEX_POINT('',#10460);
#2890=VERTEX_POINT('',#10461);
#2891=VERTEX_POINT('',#10466);
#2892=VERTEX_POINT('',#10467);
#2893=VERTEX_POINT('',#10472);
#2894=VERTEX_POINT('',#10473);
#2895=VERTEX_POINT('',#10478);
#2896=VERTEX_POINT('',#10479);
#2897=VERTEX_POINT('',#10484);
#2898=VERTEX_POINT('',#10485);
#2899=VERTEX_POINT('',#10490);
#2900=VERTEX_POINT('',#10491);
#2901=VERTEX_POINT('',#10496);
#2902=VERTEX_POINT('',#10497);
#2903=VERTEX_POINT('',#10502);
#2904=VERTEX_POINT('',#10503);
#2905=VERTEX_POINT('',#10508);
#2906=VERTEX_POINT('',#10509);
#2907=VERTEX_POINT('',#10514);
#2908=VERTEX_POINT('',#10515);
#2909=VERTEX_POINT('',#10520);
#2910=VERTEX_POINT('',#10521);
#2911=VERTEX_POINT('',#10526);
#2912=VERTEX_POINT('',#10527);
#2913=VERTEX_POINT('',#10532);
#2914=VERTEX_POINT('',#10533);
#2915=VERTEX_POINT('',#10538);
#2916=VERTEX_POINT('',#10539);
#2917=VERTEX_POINT('',#10544);
#2918=VERTEX_POINT('',#10546);
#2919=VERTEX_POINT('',#10553);
#2920=VERTEX_POINT('',#10555);
#2921=VERTEX_POINT('',#10559);
#2922=VERTEX_POINT('',#10563);
#2923=VERTEX_POINT('',#10567);
#2924=VERTEX_POINT('',#10571);
#2925=VERTEX_POINT('',#10575);
#2926=VERTEX_POINT('',#10579);
#2927=VERTEX_POINT('',#10583);
#2928=VERTEX_POINT('',#10585);
#2929=VERTEX_POINT('',#10587);
#2930=VERTEX_POINT('',#10591);
#2931=VERTEX_POINT('',#10595);
#2932=VERTEX_POINT('',#10599);
#2933=VERTEX_POINT('',#10603);
#2934=VERTEX_POINT('',#10607);
#2935=VERTEX_POINT('',#10611);
#2936=VERTEX_POINT('',#10615);
#2937=VERTEX_POINT('',#10662);
#2938=VERTEX_POINT('',#10664);
#2939=VERTEX_POINT('',#10681);
#2940=VERTEX_POINT('',#10682);
#2941=VERTEX_POINT('',#10687);
#2942=VERTEX_POINT('',#10688);
#2943=VERTEX_POINT('',#10693);
#2944=VERTEX_POINT('',#10694);
#2945=VERTEX_POINT('',#10699);
#2946=VERTEX_POINT('',#10700);
#2947=VERTEX_POINT('',#10705);
#2948=VERTEX_POINT('',#10706);
#2949=VERTEX_POINT('',#10711);
#2950=VERTEX_POINT('',#10712);
#2951=VERTEX_POINT('',#10717);
#2952=VERTEX_POINT('',#10718);
#2953=VERTEX_POINT('',#10723);
#2954=VERTEX_POINT('',#10724);
#2955=VERTEX_POINT('',#10729);
#2956=VERTEX_POINT('',#10730);
#2957=VERTEX_POINT('',#10735);
#2958=VERTEX_POINT('',#10736);
#2959=VERTEX_POINT('',#10741);
#2960=VERTEX_POINT('',#10746);
#2961=VERTEX_POINT('',#10750);
#2962=VERTEX_POINT('',#10754);
#2963=VERTEX_POINT('',#10758);
#2964=VERTEX_POINT('',#10762);
#2965=VERTEX_POINT('',#10766);
#2966=VERTEX_POINT('',#10770);
#2967=VERTEX_POINT('',#10774);
#2968=VERTEX_POINT('',#10778);
#2969=VERTEX_POINT('',#10782);
#2970=VERTEX_POINT('',#10786);
#2971=VERTEX_POINT('',#10790);
#2972=VERTEX_POINT('',#10794);
#2973=VERTEX_POINT('',#10798);
#2974=VERTEX_POINT('',#10802);
#2975=VERTEX_POINT('',#10806);
#2976=VERTEX_POINT('',#10810);
#2977=VERTEX_POINT('',#10814);
#2978=VERTEX_POINT('',#10815);
#2979=VERTEX_POINT('',#10820);
#2980=VERTEX_POINT('',#10821);
#2981=VERTEX_POINT('',#10826);
#2982=VERTEX_POINT('',#10831);
#2983=VERTEX_POINT('',#10835);
#2984=VERTEX_POINT('',#10839);
#2985=VERTEX_POINT('',#10843);
#2986=VERTEX_POINT('',#10847);
#2987=VERTEX_POINT('',#10851);
#2988=VERTEX_POINT('',#10855);
#2989=VERTEX_POINT('',#10859);
#2990=VERTEX_POINT('',#10863);
#2991=VERTEX_POINT('',#10867);
#2992=VERTEX_POINT('',#10871);
#2993=VERTEX_POINT('',#10875);
#2994=VERTEX_POINT('',#10879);
#2995=VERTEX_POINT('',#10924);
#2996=VERTEX_POINT('',#10926);
#2997=VERTEX_POINT('',#10930);
#2998=VERTEX_POINT('',#10931);
#2999=VERTEX_POINT('',#10933);
#3000=VERTEX_POINT('',#10935);
#3001=VERTEX_POINT('',#10937);
#3002=VERTEX_POINT('',#10939);
#3003=VERTEX_POINT('',#10941);
#3004=VERTEX_POINT('',#10943);
#3005=VERTEX_POINT('',#10945);
#3006=VERTEX_POINT('',#10947);
#3007=VERTEX_POINT('',#10949);
#3008=VERTEX_POINT('',#10951);
#3009=VERTEX_POINT('',#10953);
#3010=VERTEX_POINT('',#10955);
#3011=VERTEX_POINT('',#10957);
#3012=VERTEX_POINT('',#10959);
#3013=VERTEX_POINT('',#10961);
#3014=VERTEX_POINT('',#10963);
#3015=VERTEX_POINT('',#10965);
#3016=VERTEX_POINT('',#10967);
#3017=VERTEX_POINT('',#10969);
#3018=VERTEX_POINT('',#10971);
#3019=VERTEX_POINT('',#10973);
#3020=VERTEX_POINT('',#10975);
#3021=VERTEX_POINT('',#10977);
#3022=VERTEX_POINT('',#10979);
#3023=VERTEX_POINT('',#10982);
#3024=VERTEX_POINT('',#10984);
#3025=VERTEX_POINT('',#10986);
#3026=VERTEX_POINT('',#10988);
#3027=VERTEX_POINT('',#10991);
#3028=VERTEX_POINT('',#10995);
#3029=VERTEX_POINT('',#10999);
#3030=VERTEX_POINT('',#11003);
#3031=VERTEX_POINT('',#11007);
#3032=VERTEX_POINT('',#11009);
#3033=VERTEX_POINT('',#11014);
#3034=VERTEX_POINT('',#11016);
#3035=VERTEX_POINT('',#11021);
#3036=VERTEX_POINT('',#11023);
#3037=VERTEX_POINT('',#11028);
#3038=VERTEX_POINT('',#11030);
#3039=VERTEX_POINT('',#11035);
#3040=VERTEX_POINT('',#11037);
#3041=VERTEX_POINT('',#11055);
#3042=VERTEX_POINT('',#11056);
#3043=VERTEX_POINT('',#11058);
#3044=VERTEX_POINT('',#11073);
#3045=VERTEX_POINT('',#11077);
#3046=VERTEX_POINT('',#11078);
#3047=VERTEX_POINT('',#11083);
#3048=VERTEX_POINT('',#11084);
#3049=VERTEX_POINT('',#11089);
#3050=VERTEX_POINT('',#11090);
#3051=VERTEX_POINT('',#11103);
#3052=VERTEX_POINT('',#11104);
#3053=VERTEX_POINT('',#11109);
#3054=VERTEX_POINT('',#11110);
#3055=VERTEX_POINT('',#11115);
#3056=VERTEX_POINT('',#11116);
#3057=VERTEX_POINT('',#11121);
#3058=VERTEX_POINT('',#11122);
#3059=VERTEX_POINT('',#11135);
#3060=VERTEX_POINT('',#11136);
#3061=VERTEX_POINT('',#11141);
#3062=VERTEX_POINT('',#11142);
#3063=VERTEX_POINT('',#11155);
#3064=VERTEX_POINT('',#11156);
#3065=VERTEX_POINT('',#11161);
#3066=VERTEX_POINT('',#11162);
#3067=VERTEX_POINT('',#11175);
#3068=VERTEX_POINT('',#11176);
#3069=VERTEX_POINT('',#11181);
#3070=VERTEX_POINT('',#11182);
#3071=VERTEX_POINT('',#11187);
#3072=VERTEX_POINT('',#11188);
#3073=VERTEX_POINT('',#11201);
#3074=VERTEX_POINT('',#11202);
#3075=VERTEX_POINT('',#11207);
#3076=VERTEX_POINT('',#11208);
#3077=VERTEX_POINT('',#11213);
#3078=VERTEX_POINT('',#11214);
#3079=VERTEX_POINT('',#11219);
#3080=VERTEX_POINT('',#11220);
#3081=VERTEX_POINT('',#11233);
#3082=VERTEX_POINT('',#11234);
#3083=VERTEX_POINT('',#11239);
#3084=VERTEX_POINT('',#11240);
#3085=VERTEX_POINT('',#11253);
#3086=VERTEX_POINT('',#11254);
#3087=VERTEX_POINT('',#11259);
#3088=VERTEX_POINT('',#11260);
#3089=VERTEX_POINT('',#11265);
#3090=VERTEX_POINT('',#11266);
#3091=VERTEX_POINT('',#11279);
#3092=VERTEX_POINT('',#11280);
#3093=VERTEX_POINT('',#11285);
#3094=VERTEX_POINT('',#11286);
#3095=VERTEX_POINT('',#11291);
#3096=VERTEX_POINT('',#11292);
#3097=VERTEX_POINT('',#11297);
#3098=VERTEX_POINT('',#11298);
#3099=VERTEX_POINT('',#11311);
#3100=VERTEX_POINT('',#11312);
#3101=VERTEX_POINT('',#11320);
#3102=VERTEX_POINT('',#11322);
#3103=VERTEX_POINT('',#11326);
#3104=VERTEX_POINT('',#11330);
#3105=VERTEX_POINT('',#11334);
#3106=VERTEX_POINT('',#11338);
#3107=VERTEX_POINT('',#11342);
#3108=VERTEX_POINT('',#11346);
#3109=VERTEX_POINT('',#11350);
#3110=VERTEX_POINT('',#11354);
#3111=VERTEX_POINT('',#11358);
#3112=VERTEX_POINT('',#11362);
#3113=VERTEX_POINT('',#11366);
#3114=VERTEX_POINT('',#11370);
#3115=VERTEX_POINT('',#11374);
#3116=VERTEX_POINT('',#11378);
#3117=VERTEX_POINT('',#11383);
#3118=VERTEX_POINT('',#11384);
#3119=VERTEX_POINT('',#11386);
#3120=VERTEX_POINT('',#11388);
#3121=VERTEX_POINT('',#11392);
#3122=VERTEX_POINT('',#11394);
#3123=VERTEX_POINT('',#11398);
#3124=VERTEX_POINT('',#11400);
#3125=VERTEX_POINT('',#11404);
#3126=VERTEX_POINT('',#11406);
#3127=VERTEX_POINT('',#11410);
#3128=VERTEX_POINT('',#11411);
#3129=VERTEX_POINT('',#11416);
#3130=VERTEX_POINT('',#11417);
#3131=VERTEX_POINT('',#11422);
#3132=VERTEX_POINT('',#11423);
#3133=VERTEX_POINT('',#11428);
#3134=VERTEX_POINT('',#11429);
#3135=VERTEX_POINT('',#11434);
#3136=VERTEX_POINT('',#11435);
#3137=VERTEX_POINT('',#11440);
#3138=VERTEX_POINT('',#11441);
#3139=VERTEX_POINT('',#11446);
#3140=VERTEX_POINT('',#11447);
#3141=VERTEX_POINT('',#11452);
#3142=VERTEX_POINT('',#11453);
#3143=VERTEX_POINT('',#11458);
#3144=VERTEX_POINT('',#11459);
#3145=VERTEX_POINT('',#11464);
#3146=VERTEX_POINT('',#11465);
#3147=VERTEX_POINT('',#11470);
#3148=VERTEX_POINT('',#11471);
#3149=VERTEX_POINT('',#11476);
#3150=VERTEX_POINT('',#11477);
#3151=VERTEX_POINT('',#11482);
#3152=VERTEX_POINT('',#11483);
#3153=VERTEX_POINT('',#11488);
#3154=VERTEX_POINT('',#11489);
#3155=VERTEX_POINT('',#11494);
#3156=VERTEX_POINT('',#11495);
#3157=VERTEX_POINT('',#11500);
#3158=VERTEX_POINT('',#11501);
#3159=VERTEX_POINT('',#11506);
#3160=VERTEX_POINT('',#11507);
#3161=VERTEX_POINT('',#11512);
#3162=VERTEX_POINT('',#11513);
#3163=VERTEX_POINT('',#11518);
#3164=VERTEX_POINT('',#11519);
#3165=VERTEX_POINT('',#11524);
#3166=VERTEX_POINT('',#11525);
#3167=VERTEX_POINT('',#11530);
#3168=VERTEX_POINT('',#11531);
#3169=VERTEX_POINT('',#11536);
#3170=VERTEX_POINT('',#11537);
#3171=VERTEX_POINT('',#11542);
#3172=VERTEX_POINT('',#11543);
#3173=VERTEX_POINT('',#11548);
#3174=VERTEX_POINT('',#11549);
#3175=VERTEX_POINT('',#11554);
#3176=VERTEX_POINT('',#11555);
#3177=VERTEX_POINT('',#11560);
#3178=VERTEX_POINT('',#11561);
#3179=VERTEX_POINT('',#11566);
#3180=VERTEX_POINT('',#11567);
#3181=VERTEX_POINT('',#11572);
#3182=VERTEX_POINT('',#11573);
#3183=VERTEX_POINT('',#11578);
#3184=VERTEX_POINT('',#11579);
#3185=VERTEX_POINT('',#11584);
#3186=VERTEX_POINT('',#11585);
#3187=VERTEX_POINT('',#11590);
#3188=VERTEX_POINT('',#11591);
#3189=VERTEX_POINT('',#11596);
#3190=VERTEX_POINT('',#11597);
#3191=VERTEX_POINT('',#11602);
#3192=VERTEX_POINT('',#11603);
#3193=VERTEX_POINT('',#11608);
#3194=VERTEX_POINT('',#11609);
#3195=VERTEX_POINT('',#11614);
#3196=VERTEX_POINT('',#11615);
#3197=VERTEX_POINT('',#11620);
#3198=VERTEX_POINT('',#11621);
#3199=VERTEX_POINT('',#11626);
#3200=VERTEX_POINT('',#11628);
#3201=VERTEX_POINT('',#11635);
#3202=VERTEX_POINT('',#11637);
#3203=VERTEX_POINT('',#11641);
#3204=VERTEX_POINT('',#11645);
#3205=VERTEX_POINT('',#11649);
#3206=VERTEX_POINT('',#11653);
#3207=VERTEX_POINT('',#11657);
#3208=VERTEX_POINT('',#11661);
#3209=VERTEX_POINT('',#11665);
#3210=VERTEX_POINT('',#11667);
#3211=VERTEX_POINT('',#11669);
#3212=VERTEX_POINT('',#11673);
#3213=VERTEX_POINT('',#11677);
#3214=VERTEX_POINT('',#11681);
#3215=VERTEX_POINT('',#11685);
#3216=VERTEX_POINT('',#11689);
#3217=VERTEX_POINT('',#11693);
#3218=VERTEX_POINT('',#11697);
#3219=VERTEX_POINT('',#11744);
#3220=VERTEX_POINT('',#11759);
#3221=VERTEX_POINT('',#11763);
#3222=VERTEX_POINT('',#11764);
#3223=VERTEX_POINT('',#11769);
#3224=VERTEX_POINT('',#11770);
#3225=VERTEX_POINT('',#11775);
#3226=VERTEX_POINT('',#11776);
#3227=VERTEX_POINT('',#11781);
#3228=VERTEX_POINT('',#11782);
#3229=VERTEX_POINT('',#11787);
#3230=VERTEX_POINT('',#11788);
#3231=VERTEX_POINT('',#11793);
#3232=VERTEX_POINT('',#11794);
#3233=VERTEX_POINT('',#11799);
#3234=VERTEX_POINT('',#11800);
#3235=VERTEX_POINT('',#11805);
#3236=VERTEX_POINT('',#11806);
#3237=VERTEX_POINT('',#11811);
#3238=VERTEX_POINT('',#11812);
#3239=VERTEX_POINT('',#11817);
#3240=VERTEX_POINT('',#11818);
#3241=VERTEX_POINT('',#11823);
#3242=VERTEX_POINT('',#11828);
#3243=VERTEX_POINT('',#11832);
#3244=VERTEX_POINT('',#11836);
#3245=VERTEX_POINT('',#11840);
#3246=VERTEX_POINT('',#11844);
#3247=VERTEX_POINT('',#11848);
#3248=VERTEX_POINT('',#11852);
#3249=VERTEX_POINT('',#11856);
#3250=VERTEX_POINT('',#11860);
#3251=VERTEX_POINT('',#11864);
#3252=VERTEX_POINT('',#11868);
#3253=VERTEX_POINT('',#11872);
#3254=VERTEX_POINT('',#11876);
#3255=VERTEX_POINT('',#11880);
#3256=VERTEX_POINT('',#11884);
#3257=VERTEX_POINT('',#11888);
#3258=VERTEX_POINT('',#11892);
#3259=VERTEX_POINT('',#11896);
#3260=VERTEX_POINT('',#11897);
#3261=VERTEX_POINT('',#11902);
#3262=VERTEX_POINT('',#11903);
#3263=VERTEX_POINT('',#11908);
#3264=VERTEX_POINT('',#11913);
#3265=VERTEX_POINT('',#11917);
#3266=VERTEX_POINT('',#11921);
#3267=VERTEX_POINT('',#11925);
#3268=VERTEX_POINT('',#11929);
#3269=VERTEX_POINT('',#11933);
#3270=VERTEX_POINT('',#11937);
#3271=VERTEX_POINT('',#11941);
#3272=VERTEX_POINT('',#11945);
#3273=VERTEX_POINT('',#11949);
#3274=VERTEX_POINT('',#11953);
#3275=VERTEX_POINT('',#11957);
#3276=VERTEX_POINT('',#11961);
#3277=EDGE_CURVE('',#2713,#2713,#2193,.T.);
#3278=EDGE_CURVE('',#2713,#2714,#1333,.T.);
#3279=EDGE_CURVE('',#2714,#2714,#2194,.T.);
#3280=EDGE_CURVE('',#2715,#2716,#2195,.T.);
#3281=EDGE_CURVE('',#2716,#2717,#1334,.T.);
#3282=EDGE_CURVE('',#2718,#2717,#2196,.F.);
#3283=EDGE_CURVE('',#2718,#2719,#2197,.T.);
#3284=EDGE_CURVE('',#2719,#2720,#1335,.T.);
#3285=EDGE_CURVE('',#2721,#2720,#2198,.F.);
#3286=EDGE_CURVE('',#2721,#2722,#1336,.T.);
#3287=EDGE_CURVE('',#2722,#2723,#2199,.T.);
#3288=EDGE_CURVE('',#2723,#2724,#1337,.T.);
#3289=EDGE_CURVE('',#2724,#2725,#2200,.T.);
#3290=EDGE_CURVE('',#2725,#2726,#1338,.T.);
#3291=EDGE_CURVE('',#2727,#2726,#2201,.F.);
#3292=EDGE_CURVE('',#2727,#2728,#1339,.T.);
#3293=EDGE_CURVE('',#2728,#2729,#2202,.T.);
#3294=EDGE_CURVE('',#2729,#2730,#1340,.T.);
#3295=EDGE_CURVE('',#2731,#2730,#2203,.F.);
#3296=EDGE_CURVE('',#2731,#2732,#1341,.T.);
#3297=EDGE_CURVE('',#2732,#2733,#2204,.T.);
#3298=EDGE_CURVE('',#2733,#2734,#1342,.T.);
#3299=EDGE_CURVE('',#2734,#2735,#2205,.T.);
#3300=EDGE_CURVE('',#2735,#2736,#1343,.T.);
#3301=EDGE_CURVE('',#2736,#2737,#1344,.T.);
#3302=EDGE_CURVE('',#2737,#2738,#1345,.T.);
#3303=EDGE_CURVE('',#2738,#2739,#1346,.T.);
#3304=EDGE_CURVE('',#2739,#2740,#1347,.T.);
#3305=EDGE_CURVE('',#2740,#2715,#1348,.T.);
#3306=EDGE_CURVE('',#2741,#2741,#2206,.T.);
#3307=EDGE_CURVE('',#2742,#2742,#2207,.T.);
#3308=EDGE_CURVE('',#2743,#2743,#2208,.T.);
#3309=EDGE_CURVE('',#2744,#2744,#2209,.T.);
#3310=EDGE_CURVE('',#2741,#2745,#1349,.T.);
#3311=EDGE_CURVE('',#2745,#2745,#2210,.T.);
#3312=EDGE_CURVE('',#2744,#2746,#1350,.T.);
#3313=EDGE_CURVE('',#2746,#2746,#2211,.T.);
#3314=EDGE_CURVE('',#2742,#2747,#1351,.T.);
#3315=EDGE_CURVE('',#2747,#2747,#2212,.T.);
#3316=EDGE_CURVE('',#2743,#2748,#1352,.T.);
#3317=EDGE_CURVE('',#2748,#2748,#2213,.T.);
#3318=EDGE_CURVE('',#2749,#2749,#2214,.T.);
#3319=EDGE_CURVE('',#2749,#2750,#1353,.T.);
#3320=EDGE_CURVE('',#2750,#2750,#2215,.T.);
#3321=EDGE_CURVE('',#2751,#2751,#2216,.T.);
#3322=EDGE_CURVE('',#2751,#2752,#1354,.T.);
#3323=EDGE_CURVE('',#2752,#2752,#2217,.T.);
#3324=EDGE_CURVE('',#2753,#2753,#2218,.T.);
#3325=EDGE_CURVE('',#2753,#2754,#1355,.T.);
#3326=EDGE_CURVE('',#2754,#2754,#2219,.T.);
#3327=EDGE_CURVE('',#2755,#2755,#2220,.T.);
#3328=EDGE_CURVE('',#2755,#2756,#1356,.T.);
#3329=EDGE_CURVE('',#2756,#2756,#2221,.T.);
#3330=EDGE_CURVE('',#2757,#2757,#2222,.T.);
#3331=EDGE_CURVE('',#2757,#2758,#1357,.T.);
#3332=EDGE_CURVE('',#2758,#2758,#2223,.T.);
#3333=EDGE_CURVE('',#2759,#2760,#2224,.T.);
#3334=EDGE_CURVE('',#2760,#2761,#2225,.T.);
#3335=EDGE_CURVE('',#2761,#2762,#2226,.T.);
#3336=EDGE_CURVE('',#2759,#2762,#125,.T.);
#3337=EDGE_CURVE('',#2763,#2764,#2227,.T.);
#3338=EDGE_CURVE('',#2764,#2761,#1358,.T.);
#3339=EDGE_CURVE('',#2760,#2763,#1359,.T.);
#3340=EDGE_CURVE('',#2765,#2766,#2228,.T.);
#3341=EDGE_CURVE('',#2766,#2764,#2229,.T.);
#3342=EDGE_CURVE('',#2763,#2765,#2230,.T.);
#3343=EDGE_CURVE('',#2767,#2768,#2231,.T.);
#3344=EDGE_CURVE('',#2768,#2766,#1360,.T.);
#3345=EDGE_CURVE('',#2765,#2767,#1361,.T.);
#3346=EDGE_CURVE('',#2769,#2770,#2232,.T.);
#3347=EDGE_CURVE('',#2770,#2768,#2233,.T.);
#3348=EDGE_CURVE('',#2767,#2769,#2234,.T.);
#3349=EDGE_CURVE('',#2771,#2772,#2235,.T.);
#3350=EDGE_CURVE('',#2772,#2770,#1362,.T.);
#3351=EDGE_CURVE('',#2769,#2771,#1363,.T.);
#3352=EDGE_CURVE('',#2773,#2774,#2236,.T.);
#3353=EDGE_CURVE('',#2774,#2772,#2237,.T.);
#3354=EDGE_CURVE('',#2771,#2773,#2238,.T.);
#3355=EDGE_CURVE('',#2775,#2776,#2239,.T.);
#3356=EDGE_CURVE('',#2776,#2774,#1364,.T.);
#3357=EDGE_CURVE('',#2773,#2775,#1365,.T.);
#3358=EDGE_CURVE('',#2777,#2778,#2240,.T.);
#3359=EDGE_CURVE('',#2778,#2776,#2241,.T.);
#3360=EDGE_CURVE('',#2775,#2777,#2242,.T.);
#3361=EDGE_CURVE('',#2779,#2780,#2243,.T.);
#3362=EDGE_CURVE('',#2780,#2778,#1366,.T.);
#3363=EDGE_CURVE('',#2777,#2779,#1367,.T.);
#3364=EDGE_CURVE('',#2781,#2782,#2244,.T.);
#3365=EDGE_CURVE('',#2782,#2780,#2245,.T.);
#3366=EDGE_CURVE('',#2779,#2781,#2246,.T.);
#3367=EDGE_CURVE('',#2783,#2784,#2247,.T.);
#3368=EDGE_CURVE('',#2784,#2782,#1368,.T.);
#3369=EDGE_CURVE('',#2781,#2783,#1369,.T.);
#3370=EDGE_CURVE('',#2785,#2786,#2248,.T.);
#3371=EDGE_CURVE('',#2786,#2784,#2249,.T.);
#3372=EDGE_CURVE('',#2783,#2785,#2250,.T.);
#3373=EDGE_CURVE('',#2787,#2788,#2251,.T.);
#3374=EDGE_CURVE('',#2788,#2786,#1370,.T.);
#3375=EDGE_CURVE('',#2785,#2787,#1371,.T.);
#3376=EDGE_CURVE('',#2789,#2790,#2252,.T.);
#3377=EDGE_CURVE('',#2790,#2788,#2253,.T.);
#3378=EDGE_CURVE('',#2787,#2789,#2254,.T.);
#3379=EDGE_CURVE('',#2791,#2792,#2255,.T.);
#3380=EDGE_CURVE('',#2792,#2790,#2256,.T.);
#3381=EDGE_CURVE('',#2789,#2791,#2257,.T.);
#3382=EDGE_CURVE('',#2793,#2794,#2258,.T.);
#3383=EDGE_CURVE('',#2794,#2792,#1372,.T.);
#3384=EDGE_CURVE('',#2791,#2793,#1373,.T.);
#3385=EDGE_CURVE('',#2795,#2796,#2259,.T.);
#3386=EDGE_CURVE('',#2796,#2794,#2260,.T.);
#3387=EDGE_CURVE('',#2793,#2795,#2261,.T.);
#3388=EDGE_CURVE('',#2797,#2798,#2262,.T.);
#3389=EDGE_CURVE('',#2798,#2796,#1374,.T.);
#3390=EDGE_CURVE('',#2795,#2797,#1375,.T.);
#3391=EDGE_CURVE('',#2799,#2800,#2263,.T.);
#3392=EDGE_CURVE('',#2800,#2798,#2264,.T.);
#3393=EDGE_CURVE('',#2797,#2799,#2265,.T.);
#3394=EDGE_CURVE('',#2801,#2802,#2266,.T.);
#3395=EDGE_CURVE('',#2802,#2800,#1376,.T.);
#3396=EDGE_CURVE('',#2799,#2801,#1377,.T.);
#3397=EDGE_CURVE('',#2803,#2804,#2267,.T.);
#3398=EDGE_CURVE('',#2804,#2802,#2268,.T.);
#3399=EDGE_CURVE('',#2801,#2803,#2269,.T.);
#3400=EDGE_CURVE('',#2805,#2806,#2270,.T.);
#3401=EDGE_CURVE('',#2806,#2804,#2271,.T.);
#3402=EDGE_CURVE('',#2803,#2805,#2272,.T.);
#3403=EDGE_CURVE('',#2807,#2808,#2273,.T.);
#3404=EDGE_CURVE('',#2808,#2806,#1378,.T.);
#3405=EDGE_CURVE('',#2805,#2807,#1379,.T.);
#3406=EDGE_CURVE('',#2809,#2810,#2274,.T.);
#3407=EDGE_CURVE('',#2810,#2808,#2275,.T.);
#3408=EDGE_CURVE('',#2807,#2809,#2276,.T.);
#3409=EDGE_CURVE('',#2811,#2812,#2277,.T.);
#3410=EDGE_CURVE('',#2812,#2810,#1380,.T.);
#3411=EDGE_CURVE('',#2809,#2811,#1381,.T.);
#3412=EDGE_CURVE('',#2813,#2814,#2278,.T.);
#3413=EDGE_CURVE('',#2814,#2812,#2279,.T.);
#3414=EDGE_CURVE('',#2811,#2813,#2280,.T.);
#3415=EDGE_CURVE('',#2815,#2816,#2281,.T.);
#3416=EDGE_CURVE('',#2816,#2814,#1382,.T.);
#3417=EDGE_CURVE('',#2813,#2815,#1383,.T.);
#3418=EDGE_CURVE('',#2817,#2818,#2282,.T.);
#3419=EDGE_CURVE('',#2818,#2816,#2283,.T.);
#3420=EDGE_CURVE('',#2815,#2817,#2284,.T.);
#3421=EDGE_CURVE('',#2762,#2818,#1384,.T.);
#3422=EDGE_CURVE('',#2817,#2759,#1385,.T.);
#3423=EDGE_CURVE('',#2819,#2794,#1386,.T.);
#3424=EDGE_CURVE('',#2820,#2819,#1387,.T.);
#3425=EDGE_CURVE('',#2792,#2820,#1388,.T.);
#3426=EDGE_CURVE('',#2796,#2821,#1389,.T.);
#3427=EDGE_CURVE('',#2819,#2821,#2285,.T.);
#3428=EDGE_CURVE('',#2822,#2798,#1390,.T.);
#3429=EDGE_CURVE('',#2821,#2822,#1391,.T.);
#3430=EDGE_CURVE('',#2800,#2823,#1392,.T.);
#3431=EDGE_CURVE('',#2822,#2823,#2286,.T.);
#3432=EDGE_CURVE('',#2824,#2802,#1393,.T.);
#3433=EDGE_CURVE('',#2823,#2824,#1394,.T.);
#3434=EDGE_CURVE('',#2825,#2804,#1395,.T.);
#3435=EDGE_CURVE('',#2824,#2825,#2287,.T.);
#3436=EDGE_CURVE('',#2806,#2826,#1396,.T.);
#3437=EDGE_CURVE('',#2825,#2826,#2288,.T.);
#3438=EDGE_CURVE('',#2827,#2808,#1397,.T.);
#3439=EDGE_CURVE('',#2826,#2827,#1398,.T.);
#3440=EDGE_CURVE('',#2810,#2828,#1399,.T.);
#3441=EDGE_CURVE('',#2827,#2828,#2289,.T.);
#3442=EDGE_CURVE('',#2829,#2812,#1400,.T.);
#3443=EDGE_CURVE('',#2828,#2829,#1401,.T.);
#3444=EDGE_CURVE('',#2814,#2830,#1402,.T.);
#3445=EDGE_CURVE('',#2829,#2830,#2290,.T.);
#3446=EDGE_CURVE('',#2831,#2816,#1403,.T.);
#3447=EDGE_CURVE('',#2830,#2831,#1404,.T.);
#3448=EDGE_CURVE('',#2818,#2832,#1405,.T.);
#3449=EDGE_CURVE('',#2831,#2832,#2291,.T.);
#3450=EDGE_CURVE('',#2762,#2833,#1406,.T.);
#3451=EDGE_CURVE('',#2832,#2833,#1407,.T.);
#3452=EDGE_CURVE('',#2761,#2834,#1408,.T.);
#3453=EDGE_CURVE('',#2833,#2834,#2292,.T.);
#3454=EDGE_CURVE('',#2835,#2836,#1409,.T.);
#3455=EDGE_CURVE('',#2836,#2837,#17,.T.);
#3456=EDGE_CURVE('',#2837,#2838,#1410,.T.);
#3457=EDGE_CURVE('',#2835,#2838,#18,.T.);
#3458=EDGE_CURVE('',#2836,#2839,#1411,.T.);
#3459=EDGE_CURVE('',#2839,#2840,#19,.T.);
#3460=EDGE_CURVE('',#2840,#2837,#1412,.T.);
#3461=EDGE_CURVE('',#2839,#2841,#1413,.T.);
#3462=EDGE_CURVE('',#2841,#2842,#20,.T.);
#3463=EDGE_CURVE('',#2842,#2840,#1414,.T.);
#3464=EDGE_CURVE('',#2841,#2843,#1415,.T.);
#3465=EDGE_CURVE('',#2843,#2844,#2293,.T.);
#3466=EDGE_CURVE('',#2844,#2842,#1416,.T.);
#3467=EDGE_CURVE('',#2845,#2846,#2294,.T.);
#3468=EDGE_CURVE('',#2846,#2844,#2295,.T.);
#3469=EDGE_CURVE('',#2843,#2845,#2296,.T.);
#3470=EDGE_CURVE('',#2847,#2848,#2297,.T.);
#3471=EDGE_CURVE('',#2848,#2846,#1417,.T.);
#3472=EDGE_CURVE('',#2845,#2847,#1418,.T.);
#3473=EDGE_CURVE('',#2849,#2850,#2298,.T.);
#3474=EDGE_CURVE('',#2850,#2848,#2299,.T.);
#3475=EDGE_CURVE('',#2847,#2849,#2300,.T.);
#3476=EDGE_CURVE('',#2851,#2852,#2301,.T.);
#3477=EDGE_CURVE('',#2852,#2850,#1419,.T.);
#3478=EDGE_CURVE('',#2849,#2851,#1420,.T.);
#3479=EDGE_CURVE('',#2853,#2854,#2302,.T.);
#3480=EDGE_CURVE('',#2854,#2852,#2303,.T.);
#3481=EDGE_CURVE('',#2851,#2853,#2304,.T.);
#3482=EDGE_CURVE('',#2855,#2856,#2305,.T.);
#3483=EDGE_CURVE('',#2856,#2854,#1421,.T.);
#3484=EDGE_CURVE('',#2853,#2855,#1422,.T.);
#3485=EDGE_CURVE('',#2857,#2858,#2306,.T.);
#3486=EDGE_CURVE('',#2858,#2856,#2307,.T.);
#3487=EDGE_CURVE('',#2855,#2857,#2308,.T.);
#3488=EDGE_CURVE('',#2859,#2860,#2309,.T.);
#3489=EDGE_CURVE('',#2860,#2858,#1423,.T.);
#3490=EDGE_CURVE('',#2857,#2859,#1424,.T.);
#3491=EDGE_CURVE('',#2861,#2862,#2310,.T.);
#3492=EDGE_CURVE('',#2862,#2860,#2311,.T.);
#3493=EDGE_CURVE('',#2859,#2861,#2312,.T.);
#3494=EDGE_CURVE('',#2863,#2864,#2313,.T.);
#3495=EDGE_CURVE('',#2864,#2862,#1425,.T.);
#3496=EDGE_CURVE('',#2861,#2863,#1426,.T.);
#3497=EDGE_CURVE('',#2865,#2866,#2314,.T.);
#3498=EDGE_CURVE('',#2866,#2864,#2315,.T.);
#3499=EDGE_CURVE('',#2863,#2865,#2316,.T.);
#3500=EDGE_CURVE('',#2867,#2868,#2317,.T.);
#3501=EDGE_CURVE('',#2868,#2866,#1427,.T.);
#3502=EDGE_CURVE('',#2865,#2867,#1428,.T.);
#3503=EDGE_CURVE('',#2869,#2870,#2318,.T.);
#3504=EDGE_CURVE('',#2870,#2868,#2319,.T.);
#3505=EDGE_CURVE('',#2867,#2869,#2320,.T.);
#3506=EDGE_CURVE('',#2871,#2872,#2321,.T.);
#3507=EDGE_CURVE('',#2872,#2870,#1429,.T.);
#3508=EDGE_CURVE('',#2869,#2871,#1430,.T.);
#3509=EDGE_CURVE('',#2873,#2874,#2322,.T.);
#3510=EDGE_CURVE('',#2874,#2872,#2323,.T.);
#3511=EDGE_CURVE('',#2871,#2873,#2324,.T.);
#3512=EDGE_CURVE('',#2875,#2876,#2325,.T.);
#3513=EDGE_CURVE('',#2876,#2874,#1431,.T.);
#3514=EDGE_CURVE('',#2873,#2875,#1432,.T.);
#3515=EDGE_CURVE('',#2877,#2878,#2326,.T.);
#3516=EDGE_CURVE('',#2878,#2876,#2327,.T.);
#3517=EDGE_CURVE('',#2875,#2877,#2328,.T.);
#3518=EDGE_CURVE('',#2879,#2880,#2329,.T.);
#3519=EDGE_CURVE('',#2880,#2878,#1433,.T.);
#3520=EDGE_CURVE('',#2877,#2879,#1434,.T.);
#3521=EDGE_CURVE('',#2881,#2882,#2330,.T.);
#3522=EDGE_CURVE('',#2882,#2880,#2331,.T.);
#3523=EDGE_CURVE('',#2879,#2881,#2332,.T.);
#3524=EDGE_CURVE('',#2883,#2884,#2333,.T.);
#3525=EDGE_CURVE('',#2884,#2882,#2334,.T.);
#3526=EDGE_CURVE('',#2881,#2883,#2335,.T.);
#3527=EDGE_CURVE('',#2885,#2886,#2336,.T.);
#3528=EDGE_CURVE('',#2886,#2884,#1435,.T.);
#3529=EDGE_CURVE('',#2883,#2885,#1436,.T.);
#3530=EDGE_CURVE('',#2887,#2888,#2337,.T.);
#3531=EDGE_CURVE('',#2888,#2886,#2338,.T.);
#3532=EDGE_CURVE('',#2885,#2887,#2339,.T.);
#3533=EDGE_CURVE('',#2889,#2890,#2340,.T.);
#3534=EDGE_CURVE('',#2890,#2888,#1437,.T.);
#3535=EDGE_CURVE('',#2887,#2889,#1438,.T.);
#3536=EDGE_CURVE('',#2891,#2892,#2341,.T.);
#3537=EDGE_CURVE('',#2892,#2890,#2342,.T.);
#3538=EDGE_CURVE('',#2889,#2891,#2343,.T.);
#3539=EDGE_CURVE('',#2893,#2894,#2344,.T.);
#3540=EDGE_CURVE('',#2894,#2892,#1439,.T.);
#3541=EDGE_CURVE('',#2891,#2893,#1440,.T.);
#3542=EDGE_CURVE('',#2895,#2896,#2345,.T.);
#3543=EDGE_CURVE('',#2896,#2894,#2346,.T.);
#3544=EDGE_CURVE('',#2893,#2895,#2347,.T.);
#3545=EDGE_CURVE('',#2897,#2898,#2348,.T.);
#3546=EDGE_CURVE('',#2898,#2896,#1441,.T.);
#3547=EDGE_CURVE('',#2895,#2897,#1442,.T.);
#3548=EDGE_CURVE('',#2899,#2900,#2349,.T.);
#3549=EDGE_CURVE('',#2900,#2898,#2350,.T.);
#3550=EDGE_CURVE('',#2897,#2899,#2351,.T.);
#3551=EDGE_CURVE('',#2901,#2902,#2352,.T.);
#3552=EDGE_CURVE('',#2902,#2900,#1443,.T.);
#3553=EDGE_CURVE('',#2899,#2901,#1444,.T.);
#3554=EDGE_CURVE('',#2903,#2904,#2353,.T.);
#3555=EDGE_CURVE('',#2904,#2902,#2354,.T.);
#3556=EDGE_CURVE('',#2901,#2903,#2355,.T.);
#3557=EDGE_CURVE('',#2905,#2906,#2356,.T.);
#3558=EDGE_CURVE('',#2906,#2904,#1445,.T.);
#3559=EDGE_CURVE('',#2903,#2905,#1446,.T.);
#3560=EDGE_CURVE('',#2907,#2908,#2357,.T.);
#3561=EDGE_CURVE('',#2908,#2906,#2358,.T.);
#3562=EDGE_CURVE('',#2905,#2907,#2359,.T.);
#3563=EDGE_CURVE('',#2909,#2910,#2360,.T.);
#3564=EDGE_CURVE('',#2910,#2908,#1447,.T.);
#3565=EDGE_CURVE('',#2907,#2909,#1448,.T.);
#3566=EDGE_CURVE('',#2911,#2912,#2361,.T.);
#3567=EDGE_CURVE('',#2912,#2910,#2362,.T.);
#3568=EDGE_CURVE('',#2909,#2911,#2363,.T.);
#3569=EDGE_CURVE('',#2913,#2914,#2364,.T.);
#3570=EDGE_CURVE('',#2914,#2912,#1449,.T.);
#3571=EDGE_CURVE('',#2911,#2913,#1450,.T.);
#3572=EDGE_CURVE('',#2915,#2916,#2365,.T.);
#3573=EDGE_CURVE('',#2916,#2914,#2366,.T.);
#3574=EDGE_CURVE('',#2913,#2915,#2367,.T.);
#3575=EDGE_CURVE('',#2917,#2916,#1451,.T.);
#3576=EDGE_CURVE('',#2915,#2918,#1452,.T.);
#3577=EDGE_CURVE('',#2918,#2917,#21,.T.);
#3578=EDGE_CURVE('',#2838,#2917,#1453,.T.);
#3579=EDGE_CURVE('',#2918,#2835,#1454,.T.);
#3580=EDGE_CURVE('',#2875,#2919,#1455,.T.);
#3581=EDGE_CURVE('',#2920,#2919,#2368,.T.);
#3582=EDGE_CURVE('',#2920,#2877,#1456,.T.);
#3583=EDGE_CURVE('',#2921,#2873,#1457,.T.);
#3584=EDGE_CURVE('',#2919,#2921,#1458,.T.);
#3585=EDGE_CURVE('',#2871,#2922,#1459,.T.);
#3586=EDGE_CURVE('',#2921,#2922,#2369,.T.);
#3587=EDGE_CURVE('',#2923,#2869,#1460,.T.);
#3588=EDGE_CURVE('',#2922,#2923,#1461,.T.);
#3589=EDGE_CURVE('',#2867,#2924,#1462,.T.);
#3590=EDGE_CURVE('',#2923,#2924,#2370,.T.);
#3591=EDGE_CURVE('',#2925,#2865,#1463,.T.);
#3592=EDGE_CURVE('',#2924,#2925,#1464,.T.);
#3593=EDGE_CURVE('',#2863,#2926,#1465,.T.);
#3594=EDGE_CURVE('',#2925,#2926,#2371,.T.);
#3595=EDGE_CURVE('',#2927,#2857,#1466,.T.);
#3596=EDGE_CURVE('',#2928,#2927,#1467,.T.);
#3597=EDGE_CURVE('',#2929,#2928,#2372,.T.);
#3598=EDGE_CURVE('',#2926,#2929,#1468,.T.);
#3599=EDGE_CURVE('',#2855,#2930,#1469,.T.);
#3600=EDGE_CURVE('',#2927,#2930,#2373,.T.);
#3601=EDGE_CURVE('',#2931,#2853,#1470,.T.);
#3602=EDGE_CURVE('',#2930,#2931,#1471,.T.);
#3603=EDGE_CURVE('',#2851,#2932,#1472,.T.);
#3604=EDGE_CURVE('',#2931,#2932,#2374,.T.);
#3605=EDGE_CURVE('',#2933,#2849,#1473,.T.);
#3606=EDGE_CURVE('',#2932,#2933,#1474,.T.);
#3607=EDGE_CURVE('',#2847,#2934,#1475,.T.);
#3608=EDGE_CURVE('',#2933,#2934,#2375,.T.);
#3609=EDGE_CURVE('',#2935,#2845,#1476,.T.);
#3610=EDGE_CURVE('',#2934,#2935,#1477,.T.);
#3611=EDGE_CURVE('',#2843,#2936,#1478,.T.);
#3612=EDGE_CURVE('',#2935,#2936,#2376,.T.);
#3613=EDGE_CURVE('',#2718,#2882,#1479,.T.);
#3614=EDGE_CURVE('',#2717,#2880,#1480,.T.);
#3615=EDGE_CURVE('',#2884,#2719,#1481,.T.);
#3616=EDGE_CURVE('',#2720,#2886,#1482,.T.);
#3617=EDGE_CURVE('',#2888,#2721,#1483,.T.);
#3618=EDGE_CURVE('',#2722,#2890,#1484,.T.);
#3619=EDGE_CURVE('',#2892,#2723,#1485,.T.);
#3620=EDGE_CURVE('',#2724,#2894,#1486,.T.);
#3621=EDGE_CURVE('',#2896,#2725,#1487,.T.);
#3622=EDGE_CURVE('',#2726,#2898,#1488,.T.);
#3623=EDGE_CURVE('',#2900,#2727,#1489,.T.);
#3624=EDGE_CURVE('',#2728,#2902,#1490,.T.);
#3625=EDGE_CURVE('',#2904,#2729,#1491,.T.);
#3626=EDGE_CURVE('',#2730,#2906,#1492,.T.);
#3627=EDGE_CURVE('',#2908,#2731,#1493,.T.);
#3628=EDGE_CURVE('',#2732,#2910,#1494,.T.);
#3629=EDGE_CURVE('',#2912,#2733,#1495,.T.);
#3630=EDGE_CURVE('',#2734,#2914,#1496,.T.);
#3631=EDGE_CURVE('',#2916,#2735,#1497,.T.);
#3632=EDGE_CURVE('',#2736,#2917,#1498,.T.);
#3633=EDGE_CURVE('',#2737,#2838,#1499,.F.);
#3634=EDGE_CURVE('',#2738,#2837,#1500,.T.);
#3635=EDGE_CURVE('',#2834,#2937,#2377,.T.);
#3636=EDGE_CURVE('',#2937,#2938,#2378,.T.);
#3637=EDGE_CURVE('',#2938,#2833,#126,.T.);
#3638=EDGE_CURVE('',#2939,#2940,#2379,.T.);
#3639=EDGE_CURVE('',#2940,#2937,#1501,.T.);
#3640=EDGE_CURVE('',#2834,#2939,#1502,.T.);
#3641=EDGE_CURVE('',#2941,#2942,#2380,.T.);
#3642=EDGE_CURVE('',#2942,#2940,#2381,.T.);
#3643=EDGE_CURVE('',#2939,#2941,#2382,.T.);
#3644=EDGE_CURVE('',#2943,#2944,#2383,.T.);
#3645=EDGE_CURVE('',#2944,#2942,#1503,.T.);
#3646=EDGE_CURVE('',#2941,#2943,#1504,.T.);
#3647=EDGE_CURVE('',#2945,#2946,#2384,.T.);
#3648=EDGE_CURVE('',#2946,#2944,#2385,.T.);
#3649=EDGE_CURVE('',#2943,#2945,#2386,.T.);
#3650=EDGE_CURVE('',#2947,#2948,#2387,.T.);
#3651=EDGE_CURVE('',#2948,#2946,#1505,.T.);
#3652=EDGE_CURVE('',#2945,#2947,#1506,.T.);
#3653=EDGE_CURVE('',#2949,#2950,#2388,.T.);
#3654=EDGE_CURVE('',#2950,#2948,#2389,.T.);
#3655=EDGE_CURVE('',#2947,#2949,#2390,.T.);
#3656=EDGE_CURVE('',#2951,#2952,#2391,.T.);
#3657=EDGE_CURVE('',#2952,#2950,#1507,.T.);
#3658=EDGE_CURVE('',#2949,#2951,#1508,.T.);
#3659=EDGE_CURVE('',#2953,#2954,#2392,.T.);
#3660=EDGE_CURVE('',#2954,#2952,#2393,.T.);
#3661=EDGE_CURVE('',#2951,#2953,#2394,.T.);
#3662=EDGE_CURVE('',#2955,#2956,#2395,.T.);
#3663=EDGE_CURVE('',#2956,#2954,#1509,.T.);
#3664=EDGE_CURVE('',#2953,#2955,#1510,.T.);
#3665=EDGE_CURVE('',#2957,#2958,#2396,.T.);
#3666=EDGE_CURVE('',#2958,#2956,#2397,.T.);
#3667=EDGE_CURVE('',#2955,#2957,#2398,.T.);
#3668=EDGE_CURVE('',#2959,#2936,#2399,.T.);
#3669=EDGE_CURVE('',#2936,#2958,#1511,.T.);
#3670=EDGE_CURVE('',#2957,#2959,#1512,.T.);
#3671=EDGE_CURVE('',#2960,#2935,#2400,.T.);
#3672=EDGE_CURVE('',#2959,#2960,#2401,.T.);
#3673=EDGE_CURVE('',#2961,#2934,#2402,.T.);
#3674=EDGE_CURVE('',#2960,#2961,#1513,.T.);
#3675=EDGE_CURVE('',#2962,#2933,#2403,.T.);
#3676=EDGE_CURVE('',#2961,#2962,#2404,.T.);
#3677=EDGE_CURVE('',#2963,#2932,#2405,.T.);
#3678=EDGE_CURVE('',#2962,#2963,#1514,.T.);
#3679=EDGE_CURVE('',#2964,#2931,#2406,.T.);
#3680=EDGE_CURVE('',#2963,#2964,#2407,.T.);
#3681=EDGE_CURVE('',#2965,#2930,#2408,.T.);
#3682=EDGE_CURVE('',#2964,#2965,#1515,.T.);
#3683=EDGE_CURVE('',#2966,#2927,#2409,.T.);
#3684=EDGE_CURVE('',#2965,#2966,#2410,.T.);
#3685=EDGE_CURVE('',#2967,#2928,#2411,.T.);
#3686=EDGE_CURVE('',#2966,#2967,#1516,.T.);
#3687=EDGE_CURVE('',#2968,#2929,#2412,.T.);
#3688=EDGE_CURVE('',#2967,#2968,#2413,.T.);
#3689=EDGE_CURVE('',#2969,#2926,#2414,.T.);
#3690=EDGE_CURVE('',#2968,#2969,#1517,.T.);
#3691=EDGE_CURVE('',#2970,#2925,#2415,.T.);
#3692=EDGE_CURVE('',#2969,#2970,#2416,.T.);
#3693=EDGE_CURVE('',#2971,#2924,#2417,.T.);
#3694=EDGE_CURVE('',#2970,#2971,#1518,.T.);
#3695=EDGE_CURVE('',#2972,#2923,#2418,.T.);
#3696=EDGE_CURVE('',#2971,#2972,#2419,.T.);
#3697=EDGE_CURVE('',#2973,#2922,#2420,.T.);
#3698=EDGE_CURVE('',#2972,#2973,#1519,.T.);
#3699=EDGE_CURVE('',#2974,#2921,#2421,.T.);
#3700=EDGE_CURVE('',#2973,#2974,#2422,.T.);
#3701=EDGE_CURVE('',#2975,#2919,#2423,.T.);
#3702=EDGE_CURVE('',#2974,#2975,#1520,.T.);
#3703=EDGE_CURVE('',#2976,#2920,#2424,.T.);
#3704=EDGE_CURVE('',#2975,#2976,#2425,.T.);
#3705=EDGE_CURVE('',#2977,#2978,#2426,.T.);
#3706=EDGE_CURVE('',#2978,#2920,#1521,.T.);
#3707=EDGE_CURVE('',#2976,#2977,#1522,.T.);
#3708=EDGE_CURVE('',#2979,#2980,#2427,.T.);
#3709=EDGE_CURVE('',#2980,#2978,#2428,.T.);
#3710=EDGE_CURVE('',#2977,#2979,#2429,.T.);
#3711=EDGE_CURVE('',#2820,#2981,#2430,.T.);
#3712=EDGE_CURVE('',#2981,#2980,#2431,.T.);
#3713=EDGE_CURVE('',#2979,#2820,#2432,.T.);
#3714=EDGE_CURVE('',#2819,#2982,#2433,.T.);
#3715=EDGE_CURVE('',#2982,#2981,#1523,.T.);
#3716=EDGE_CURVE('',#2821,#2983,#2434,.T.);
#3717=EDGE_CURVE('',#2983,#2982,#2435,.T.);
#3718=EDGE_CURVE('',#2822,#2984,#2436,.T.);
#3719=EDGE_CURVE('',#2984,#2983,#1524,.T.);
#3720=EDGE_CURVE('',#2823,#2985,#2437,.T.);
#3721=EDGE_CURVE('',#2985,#2984,#2438,.T.);
#3722=EDGE_CURVE('',#2824,#2986,#2439,.T.);
#3723=EDGE_CURVE('',#2986,#2985,#1525,.T.);
#3724=EDGE_CURVE('',#2825,#2987,#2440,.T.);
#3725=EDGE_CURVE('',#2987,#2986,#2441,.T.);
#3726=EDGE_CURVE('',#2826,#2988,#2442,.T.);
#3727=EDGE_CURVE('',#2988,#2987,#2443,.T.);
#3728=EDGE_CURVE('',#2827,#2989,#2444,.T.);
#3729=EDGE_CURVE('',#2989,#2988,#1526,.T.);
#3730=EDGE_CURVE('',#2828,#2990,#2445,.T.);
#3731=EDGE_CURVE('',#2990,#2989,#2446,.T.);
#3732=EDGE_CURVE('',#2829,#2991,#2447,.T.);
#3733=EDGE_CURVE('',#2991,#2990,#1527,.T.);
#3734=EDGE_CURVE('',#2830,#2992,#2448,.T.);
#3735=EDGE_CURVE('',#2992,#2991,#2449,.T.);
#3736=EDGE_CURVE('',#2831,#2993,#2450,.T.);
#3737=EDGE_CURVE('',#2993,#2992,#1528,.T.);
#3738=EDGE_CURVE('',#2832,#2994,#2451,.T.);
#3739=EDGE_CURVE('',#2994,#2993,#2452,.T.);
#3740=EDGE_CURVE('',#2938,#2994,#1529,.T.);
#3741=EDGE_CURVE('',#2786,#2968,#1530,.T.);
#3742=EDGE_CURVE('',#2967,#2784,#1531,.T.);
#3743=EDGE_CURVE('',#2782,#2957,#1532,.T.);
#3744=EDGE_CURVE('',#2955,#2780,#1533,.T.);
#3745=EDGE_CURVE('',#2778,#2953,#1534,.T.);
#3746=EDGE_CURVE('',#2951,#2776,#1535,.T.);
#3747=EDGE_CURVE('',#2774,#2949,#1536,.T.);
#3748=EDGE_CURVE('',#2947,#2772,#1537,.T.);
#3749=EDGE_CURVE('',#2770,#2945,#1538,.T.);
#3750=EDGE_CURVE('',#2943,#2768,#1539,.T.);
#3751=EDGE_CURVE('',#2766,#2941,#1540,.T.);
#3752=EDGE_CURVE('',#2939,#2764,#1541,.T.);
#3753=EDGE_CURVE('',#2979,#2790,#1542,.T.);
#3754=EDGE_CURVE('',#2862,#2716,#1543,.T.);
#3755=EDGE_CURVE('',#2977,#2788,#1544,.T.);
#3756=EDGE_CURVE('',#2715,#2860,#1545,.T.);
#3757=EDGE_CURVE('',#2740,#2842,#1546,.F.);
#3758=EDGE_CURVE('',#2739,#2840,#1547,.F.);
#3759=EDGE_CURVE('',#2995,#2995,#2453,.T.);
#3760=EDGE_CURVE('',#2995,#2996,#1548,.T.);
#3761=EDGE_CURVE('',#2996,#2996,#2454,.T.);
#3762=EDGE_CURVE('',#2997,#2998,#2455,.T.);
#3763=EDGE_CURVE('',#2999,#2997,#1549,.T.);
#3764=EDGE_CURVE('',#3000,#2999,#1550,.T.);
#3765=EDGE_CURVE('',#3001,#3000,#1551,.T.);
#3766=EDGE_CURVE('',#3002,#3001,#1552,.T.);
#3767=EDGE_CURVE('',#3003,#3002,#1553,.T.);
#3768=EDGE_CURVE('',#3004,#3003,#1554,.T.);
#3769=EDGE_CURVE('',#3005,#3004,#2456,.T.);
#3770=EDGE_CURVE('',#3006,#3005,#1555,.T.);
#3771=EDGE_CURVE('',#3007,#3006,#2457,.T.);
#3772=EDGE_CURVE('',#3008,#3007,#1556,.T.);
#3773=EDGE_CURVE('',#3008,#3009,#2458,.F.);
#3774=EDGE_CURVE('',#3010,#3009,#1557,.T.);
#3775=EDGE_CURVE('',#3011,#3010,#2459,.T.);
#3776=EDGE_CURVE('',#3012,#3011,#1558,.T.);
#3777=EDGE_CURVE('',#3012,#3013,#2460,.F.);
#3778=EDGE_CURVE('',#3014,#3013,#1559,.T.);
#3779=EDGE_CURVE('',#3015,#3014,#2461,.T.);
#3780=EDGE_CURVE('',#3016,#3015,#1560,.T.);
#3781=EDGE_CURVE('',#3017,#3016,#2462,.T.);
#3782=EDGE_CURVE('',#3018,#3017,#1561,.T.);
#3783=EDGE_CURVE('',#3018,#3019,#2463,.F.);
#3784=EDGE_CURVE('',#3020,#3019,#1562,.T.);
#3785=EDGE_CURVE('',#3021,#3020,#2464,.T.);
#3786=EDGE_CURVE('',#3021,#3022,#2465,.F.);
#3787=EDGE_CURVE('',#2998,#3022,#1563,.T.);
#3788=EDGE_CURVE('',#3023,#3023,#2466,.T.);
#3789=EDGE_CURVE('',#3024,#3024,#2467,.T.);
#3790=EDGE_CURVE('',#3025,#3025,#2468,.T.);
#3791=EDGE_CURVE('',#3026,#3026,#2469,.T.);
#3792=EDGE_CURVE('',#3023,#3027,#1564,.T.);
#3793=EDGE_CURVE('',#3027,#3027,#2470,.T.);
#3794=EDGE_CURVE('',#3026,#3028,#1565,.T.);
#3795=EDGE_CURVE('',#3028,#3028,#2471,.T.);
#3796=EDGE_CURVE('',#3024,#3029,#1566,.T.);
#3797=EDGE_CURVE('',#3029,#3029,#2472,.T.);
#3798=EDGE_CURVE('',#3025,#3030,#1567,.T.);
#3799=EDGE_CURVE('',#3030,#3030,#2473,.T.);
#3800=EDGE_CURVE('',#3031,#3031,#2474,.T.);
#3801=EDGE_CURVE('',#3031,#3032,#1568,.T.);
#3802=EDGE_CURVE('',#3032,#3032,#2475,.T.);
#3803=EDGE_CURVE('',#3033,#3033,#2476,.T.);
#3804=EDGE_CURVE('',#3033,#3034,#1569,.T.);
#3805=EDGE_CURVE('',#3034,#3034,#2477,.T.);
#3806=EDGE_CURVE('',#3035,#3035,#2478,.T.);
#3807=EDGE_CURVE('',#3035,#3036,#1570,.T.);
#3808=EDGE_CURVE('',#3036,#3036,#2479,.T.);
#3809=EDGE_CURVE('',#3037,#3037,#2480,.T.);
#3810=EDGE_CURVE('',#3037,#3038,#1571,.T.);
#3811=EDGE_CURVE('',#3038,#3038,#2481,.T.);
#3812=EDGE_CURVE('',#3039,#3039,#2482,.T.);
#3813=EDGE_CURVE('',#3039,#3040,#1572,.T.);
#3814=EDGE_CURVE('',#3040,#3040,#2483,.T.);
#3815=EDGE_CURVE('',#3041,#3042,#2484,.T.);
#3816=EDGE_CURVE('',#3041,#3043,#127,.T.);
#3817=EDGE_CURVE('',#3044,#3043,#2485,.T.);
#3818=EDGE_CURVE('',#3042,#3044,#2486,.T.);
#3819=EDGE_CURVE('',#3045,#3046,#2487,.T.);
#3820=EDGE_CURVE('',#3042,#3045,#1573,.T.);
#3821=EDGE_CURVE('',#3046,#3044,#1574,.T.);
#3822=EDGE_CURVE('',#3047,#3048,#2488,.T.);
#3823=EDGE_CURVE('',#3045,#3047,#2489,.T.);
#3824=EDGE_CURVE('',#3048,#3046,#2490,.T.);
#3825=EDGE_CURVE('',#3049,#3050,#2491,.T.);
#3826=EDGE_CURVE('',#3047,#3049,#1575,.T.);
#3827=EDGE_CURVE('',#3050,#3048,#1576,.T.);
#3828=EDGE_CURVE('',#3051,#3052,#2492,.T.);
#3829=EDGE_CURVE('',#3049,#3051,#2493,.T.);
#3830=EDGE_CURVE('',#3052,#3050,#2494,.T.);
#3831=EDGE_CURVE('',#3053,#3054,#2495,.T.);
#3832=EDGE_CURVE('',#3051,#3053,#1577,.T.);
#3833=EDGE_CURVE('',#3054,#3052,#1578,.T.);
#3834=EDGE_CURVE('',#3055,#3056,#2496,.T.);
#3835=EDGE_CURVE('',#3053,#3055,#2497,.T.);
#3836=EDGE_CURVE('',#3056,#3054,#2498,.T.);
#3837=EDGE_CURVE('',#3057,#3058,#2499,.T.);
#3838=EDGE_CURVE('',#3055,#3057,#1579,.T.);
#3839=EDGE_CURVE('',#3058,#3056,#1580,.T.);
#3840=EDGE_CURVE('',#3059,#3060,#2500,.T.);
#3841=EDGE_CURVE('',#3057,#3059,#2501,.T.);
#3842=EDGE_CURVE('',#3060,#3058,#2502,.T.);
#3843=EDGE_CURVE('',#3061,#3062,#2503,.T.);
#3844=EDGE_CURVE('',#3059,#3061,#1581,.T.);
#3845=EDGE_CURVE('',#3062,#3060,#1582,.T.);
#3846=EDGE_CURVE('',#3063,#3064,#2504,.T.);
#3847=EDGE_CURVE('',#3061,#3063,#2505,.T.);
#3848=EDGE_CURVE('',#3064,#3062,#2506,.T.);
#3849=EDGE_CURVE('',#3065,#3066,#2507,.T.);
#3850=EDGE_CURVE('',#3063,#3065,#1583,.T.);
#3851=EDGE_CURVE('',#3066,#3064,#1584,.T.);
#3852=EDGE_CURVE('',#3067,#3068,#2508,.T.);
#3853=EDGE_CURVE('',#3065,#3067,#2509,.T.);
#3854=EDGE_CURVE('',#3068,#3066,#2510,.T.);
#3855=EDGE_CURVE('',#3069,#3070,#2511,.T.);
#3856=EDGE_CURVE('',#3067,#3069,#1585,.T.);
#3857=EDGE_CURVE('',#3070,#3068,#1586,.T.);
#3858=EDGE_CURVE('',#3071,#3072,#2512,.T.);
#3859=EDGE_CURVE('',#3069,#3071,#2513,.T.);
#3860=EDGE_CURVE('',#3072,#3070,#2514,.T.);
#3861=EDGE_CURVE('',#3073,#3074,#2515,.T.);
#3862=EDGE_CURVE('',#3071,#3073,#2516,.T.);
#3863=EDGE_CURVE('',#3074,#3072,#2517,.T.);
#3864=EDGE_CURVE('',#3075,#3076,#2518,.T.);
#3865=EDGE_CURVE('',#3073,#3075,#1587,.T.);
#3866=EDGE_CURVE('',#3076,#3074,#1588,.T.);
#3867=EDGE_CURVE('',#3077,#3078,#2519,.T.);
#3868=EDGE_CURVE('',#3075,#3077,#2520,.T.);
#3869=EDGE_CURVE('',#3078,#3076,#2521,.T.);
#3870=EDGE_CURVE('',#3079,#3080,#2522,.T.);
#3871=EDGE_CURVE('',#3077,#3079,#1589,.T.);
#3872=EDGE_CURVE('',#3080,#3078,#1590,.T.);
#3873=EDGE_CURVE('',#3081,#3082,#2523,.T.);
#3874=EDGE_CURVE('',#3079,#3081,#2524,.T.);
#3875=EDGE_CURVE('',#3082,#3080,#2525,.T.);
#3876=EDGE_CURVE('',#3083,#3084,#2526,.T.);
#3877=EDGE_CURVE('',#3081,#3083,#1591,.T.);
#3878=EDGE_CURVE('',#3084,#3082,#1592,.T.);
#3879=EDGE_CURVE('',#3085,#3086,#2527,.T.);
#3880=EDGE_CURVE('',#3083,#3085,#2528,.T.);
#3881=EDGE_CURVE('',#3086,#3084,#2529,.T.);
#3882=EDGE_CURVE('',#3087,#3088,#2530,.T.);
#3883=EDGE_CURVE('',#3085,#3087,#2531,.T.);
#3884=EDGE_CURVE('',#3088,#3086,#2532,.T.);
#3885=EDGE_CURVE('',#3089,#3090,#2533,.T.);
#3886=EDGE_CURVE('',#3087,#3089,#1593,.T.);
#3887=EDGE_CURVE('',#3090,#3088,#1594,.T.);
#3888=EDGE_CURVE('',#3091,#3092,#2534,.T.);
#3889=EDGE_CURVE('',#3089,#3091,#2535,.T.);
#3890=EDGE_CURVE('',#3092,#3090,#2536,.T.);
#3891=EDGE_CURVE('',#3093,#3094,#2537,.T.);
#3892=EDGE_CURVE('',#3091,#3093,#1595,.T.);
#3893=EDGE_CURVE('',#3094,#3092,#1596,.T.);
#3894=EDGE_CURVE('',#3095,#3096,#2538,.T.);
#3895=EDGE_CURVE('',#3093,#3095,#2539,.T.);
#3896=EDGE_CURVE('',#3096,#3094,#2540,.T.);
#3897=EDGE_CURVE('',#3097,#3098,#2541,.T.);
#3898=EDGE_CURVE('',#3095,#3097,#1597,.T.);
#3899=EDGE_CURVE('',#3098,#3096,#1598,.T.);
#3900=EDGE_CURVE('',#3099,#3100,#2542,.T.);
#3901=EDGE_CURVE('',#3097,#3099,#2543,.T.);
#3902=EDGE_CURVE('',#3100,#3098,#2544,.T.);
#3903=EDGE_CURVE('',#3043,#3100,#1599,.T.);
#3904=EDGE_CURVE('',#3099,#3041,#1600,.T.);
#3905=EDGE_CURVE('',#3074,#3101,#1601,.T.);
#3906=EDGE_CURVE('',#3101,#3102,#1602,.T.);
#3907=EDGE_CURVE('',#3102,#3076,#1603,.T.);
#3908=EDGE_CURVE('',#3102,#3103,#2545,.T.);
#3909=EDGE_CURVE('',#3078,#3103,#1604,.T.);
#3910=EDGE_CURVE('',#3103,#3104,#1605,.T.);
#3911=EDGE_CURVE('',#3104,#3080,#1606,.T.);
#3912=EDGE_CURVE('',#3104,#3105,#2546,.T.);
#3913=EDGE_CURVE('',#3082,#3105,#1607,.T.);
#3914=EDGE_CURVE('',#3105,#3106,#1608,.T.);
#3915=EDGE_CURVE('',#3106,#3084,#1609,.T.);
#3916=EDGE_CURVE('',#3106,#3107,#2547,.T.);
#3917=EDGE_CURVE('',#3107,#3086,#1610,.T.);
#3918=EDGE_CURVE('',#3107,#3108,#2548,.T.);
#3919=EDGE_CURVE('',#3088,#3108,#1611,.T.);
#3920=EDGE_CURVE('',#3108,#3109,#1612,.T.);
#3921=EDGE_CURVE('',#3109,#3090,#1613,.T.);
#3922=EDGE_CURVE('',#3109,#3110,#2549,.T.);
#3923=EDGE_CURVE('',#3092,#3110,#1614,.T.);
#3924=EDGE_CURVE('',#3110,#3111,#1615,.T.);
#3925=EDGE_CURVE('',#3111,#3094,#1616,.T.);
#3926=EDGE_CURVE('',#3111,#3112,#2550,.T.);
#3927=EDGE_CURVE('',#3096,#3112,#1617,.T.);
#3928=EDGE_CURVE('',#3112,#3113,#1618,.T.);
#3929=EDGE_CURVE('',#3113,#3098,#1619,.T.);
#3930=EDGE_CURVE('',#3113,#3114,#2551,.T.);
#3931=EDGE_CURVE('',#3100,#3114,#1620,.T.);
#3932=EDGE_CURVE('',#3114,#3115,#1621,.T.);
#3933=EDGE_CURVE('',#3043,#3115,#1622,.T.);
#3934=EDGE_CURVE('',#3115,#3116,#2552,.T.);
#3935=EDGE_CURVE('',#3044,#3116,#1623,.T.);
#3936=EDGE_CURVE('',#3117,#3118,#1624,.T.);
#3937=EDGE_CURVE('',#3117,#3119,#22,.T.);
#3938=EDGE_CURVE('',#3120,#3119,#1625,.T.);
#3939=EDGE_CURVE('',#3118,#3120,#23,.T.);
#3940=EDGE_CURVE('',#3118,#3121,#1626,.T.);
#3941=EDGE_CURVE('',#3122,#3120,#1627,.T.);
#3942=EDGE_CURVE('',#3121,#3122,#24,.T.);
#3943=EDGE_CURVE('',#3121,#3123,#1628,.T.);
#3944=EDGE_CURVE('',#3124,#3122,#1629,.T.);
#3945=EDGE_CURVE('',#3123,#3124,#25,.T.);
#3946=EDGE_CURVE('',#3123,#3125,#1630,.T.);
#3947=EDGE_CURVE('',#3126,#3124,#1631,.T.);
#3948=EDGE_CURVE('',#3125,#3126,#2553,.T.);
#3949=EDGE_CURVE('',#3127,#3128,#2554,.T.);
#3950=EDGE_CURVE('',#3125,#3127,#2555,.T.);
#3951=EDGE_CURVE('',#3128,#3126,#2556,.T.);
#3952=EDGE_CURVE('',#3129,#3130,#2557,.T.);
#3953=EDGE_CURVE('',#3127,#3129,#1632,.T.);
#3954=EDGE_CURVE('',#3130,#3128,#1633,.T.);
#3955=EDGE_CURVE('',#3131,#3132,#2558,.T.);
#3956=EDGE_CURVE('',#3129,#3131,#2559,.T.);
#3957=EDGE_CURVE('',#3132,#3130,#2560,.T.);
#3958=EDGE_CURVE('',#3133,#3134,#2561,.T.);
#3959=EDGE_CURVE('',#3131,#3133,#1634,.T.);
#3960=EDGE_CURVE('',#3134,#3132,#1635,.T.);
#3961=EDGE_CURVE('',#3135,#3136,#2562,.T.);
#3962=EDGE_CURVE('',#3133,#3135,#2563,.T.);
#3963=EDGE_CURVE('',#3136,#3134,#2564,.T.);
#3964=EDGE_CURVE('',#3137,#3138,#2565,.T.);
#3965=EDGE_CURVE('',#3135,#3137,#1636,.T.);
#3966=EDGE_CURVE('',#3138,#3136,#1637,.T.);
#3967=EDGE_CURVE('',#3139,#3140,#2566,.T.);
#3968=EDGE_CURVE('',#3137,#3139,#2567,.T.);
#3969=EDGE_CURVE('',#3140,#3138,#2568,.T.);
#3970=EDGE_CURVE('',#3141,#3142,#2569,.T.);
#3971=EDGE_CURVE('',#3139,#3141,#1638,.T.);
#3972=EDGE_CURVE('',#3142,#3140,#1639,.T.);
#3973=EDGE_CURVE('',#3143,#3144,#2570,.T.);
#3974=EDGE_CURVE('',#3141,#3143,#2571,.T.);
#3975=EDGE_CURVE('',#3144,#3142,#2572,.T.);
#3976=EDGE_CURVE('',#3145,#3146,#2573,.T.);
#3977=EDGE_CURVE('',#3143,#3145,#1640,.T.);
#3978=EDGE_CURVE('',#3146,#3144,#1641,.T.);
#3979=EDGE_CURVE('',#3147,#3148,#2574,.T.);
#3980=EDGE_CURVE('',#3145,#3147,#2575,.T.);
#3981=EDGE_CURVE('',#3148,#3146,#2576,.T.);
#3982=EDGE_CURVE('',#3149,#3150,#2577,.T.);
#3983=EDGE_CURVE('',#3147,#3149,#1642,.T.);
#3984=EDGE_CURVE('',#3150,#3148,#1643,.T.);
#3985=EDGE_CURVE('',#3151,#3152,#2578,.T.);
#3986=EDGE_CURVE('',#3149,#3151,#2579,.T.);
#3987=EDGE_CURVE('',#3152,#3150,#2580,.T.);
#3988=EDGE_CURVE('',#3153,#3154,#2581,.T.);
#3989=EDGE_CURVE('',#3151,#3153,#1644,.T.);
#3990=EDGE_CURVE('',#3154,#3152,#1645,.T.);
#3991=EDGE_CURVE('',#3155,#3156,#2582,.T.);
#3992=EDGE_CURVE('',#3153,#3155,#2583,.T.);
#3993=EDGE_CURVE('',#3156,#3154,#2584,.T.);
#3994=EDGE_CURVE('',#3157,#3158,#2585,.T.);
#3995=EDGE_CURVE('',#3155,#3157,#1646,.T.);
#3996=EDGE_CURVE('',#3158,#3156,#1647,.T.);
#3997=EDGE_CURVE('',#3159,#3160,#2586,.T.);
#3998=EDGE_CURVE('',#3157,#3159,#2587,.T.);
#3999=EDGE_CURVE('',#3160,#3158,#2588,.T.);
#4000=EDGE_CURVE('',#3161,#3162,#2589,.T.);
#4001=EDGE_CURVE('',#3159,#3161,#1648,.T.);
#4002=EDGE_CURVE('',#3162,#3160,#1649,.T.);
#4003=EDGE_CURVE('',#3163,#3164,#2590,.T.);
#4004=EDGE_CURVE('',#3161,#3163,#2591,.T.);
#4005=EDGE_CURVE('',#3164,#3162,#2592,.T.);
#4006=EDGE_CURVE('',#3165,#3166,#2593,.T.);
#4007=EDGE_CURVE('',#3163,#3165,#2594,.T.);
#4008=EDGE_CURVE('',#3166,#3164,#2595,.T.);
#4009=EDGE_CURVE('',#3167,#3168,#2596,.T.);
#4010=EDGE_CURVE('',#3165,#3167,#1650,.T.);
#4011=EDGE_CURVE('',#3168,#3166,#1651,.T.);
#4012=EDGE_CURVE('',#3169,#3170,#2597,.T.);
#4013=EDGE_CURVE('',#3167,#3169,#2598,.T.);
#4014=EDGE_CURVE('',#3170,#3168,#2599,.T.);
#4015=EDGE_CURVE('',#3171,#3172,#2600,.T.);
#4016=EDGE_CURVE('',#3169,#3171,#1652,.T.);
#4017=EDGE_CURVE('',#3172,#3170,#1653,.T.);
#4018=EDGE_CURVE('',#3173,#3174,#2601,.T.);
#4019=EDGE_CURVE('',#3171,#3173,#2602,.T.);
#4020=EDGE_CURVE('',#3174,#3172,#2603,.T.);
#4021=EDGE_CURVE('',#3175,#3176,#2604,.T.);
#4022=EDGE_CURVE('',#3173,#3175,#1654,.T.);
#4023=EDGE_CURVE('',#3176,#3174,#1655,.T.);
#4024=EDGE_CURVE('',#3177,#3178,#2605,.T.);
#4025=EDGE_CURVE('',#3175,#3177,#2606,.T.);
#4026=EDGE_CURVE('',#3178,#3176,#2607,.T.);
#4027=EDGE_CURVE('',#3179,#3180,#2608,.T.);
#4028=EDGE_CURVE('',#3177,#3179,#1656,.T.);
#4029=EDGE_CURVE('',#3180,#3178,#1657,.T.);
#4030=EDGE_CURVE('',#3181,#3182,#2609,.T.);
#4031=EDGE_CURVE('',#3179,#3181,#2610,.T.);
#4032=EDGE_CURVE('',#3182,#3180,#2611,.T.);
#4033=EDGE_CURVE('',#3183,#3184,#2612,.T.);
#4034=EDGE_CURVE('',#3181,#3183,#1658,.T.);
#4035=EDGE_CURVE('',#3184,#3182,#1659,.T.);
#4036=EDGE_CURVE('',#3185,#3186,#2613,.T.);
#4037=EDGE_CURVE('',#3183,#3185,#2614,.T.);
#4038=EDGE_CURVE('',#3186,#3184,#2615,.T.);
#4039=EDGE_CURVE('',#3187,#3188,#2616,.T.);
#4040=EDGE_CURVE('',#3185,#3187,#1660,.T.);
#4041=EDGE_CURVE('',#3188,#3186,#1661,.T.);
#4042=EDGE_CURVE('',#3189,#3190,#2617,.T.);
#4043=EDGE_CURVE('',#3187,#3189,#2618,.T.);
#4044=EDGE_CURVE('',#3190,#3188,#2619,.T.);
#4045=EDGE_CURVE('',#3191,#3192,#2620,.T.);
#4046=EDGE_CURVE('',#3189,#3191,#1662,.T.);
#4047=EDGE_CURVE('',#3192,#3190,#1663,.T.);
#4048=EDGE_CURVE('',#3193,#3194,#2621,.T.);
#4049=EDGE_CURVE('',#3191,#3193,#2622,.T.);
#4050=EDGE_CURVE('',#3194,#3192,#2623,.T.);
#4051=EDGE_CURVE('',#3195,#3196,#2624,.T.);
#4052=EDGE_CURVE('',#3193,#3195,#1664,.T.);
#4053=EDGE_CURVE('',#3196,#3194,#1665,.T.);
#4054=EDGE_CURVE('',#3197,#3198,#2625,.T.);
#4055=EDGE_CURVE('',#3195,#3197,#2626,.T.);
#4056=EDGE_CURVE('',#3198,#3196,#2627,.T.);
#4057=EDGE_CURVE('',#3199,#3198,#1666,.T.);
#4058=EDGE_CURVE('',#3200,#3199,#26,.T.);
#4059=EDGE_CURVE('',#3197,#3200,#1667,.T.);
#4060=EDGE_CURVE('',#3119,#3199,#1668,.T.);
#4061=EDGE_CURVE('',#3200,#3117,#1669,.T.);
#4062=EDGE_CURVE('',#3201,#3159,#1670,.T.);
#4063=EDGE_CURVE('',#3201,#3202,#2628,.T.);
#4064=EDGE_CURVE('',#3157,#3202,#1671,.T.);
#4065=EDGE_CURVE('',#3202,#3203,#1672,.T.);
#4066=EDGE_CURVE('',#3203,#3155,#1673,.T.);
#4067=EDGE_CURVE('',#3203,#3204,#2629,.T.);
#4068=EDGE_CURVE('',#3153,#3204,#1674,.T.);
#4069=EDGE_CURVE('',#3204,#3205,#1675,.T.);
#4070=EDGE_CURVE('',#3205,#3151,#1676,.T.);
#4071=EDGE_CURVE('',#3205,#3206,#2630,.T.);
#4072=EDGE_CURVE('',#3149,#3206,#1677,.T.);
#4073=EDGE_CURVE('',#3206,#3207,#1678,.T.);
#4074=EDGE_CURVE('',#3207,#3147,#1679,.T.);
#4075=EDGE_CURVE('',#3207,#3208,#2631,.T.);
#4076=EDGE_CURVE('',#3145,#3208,#1680,.T.);
#4077=EDGE_CURVE('',#3208,#3209,#1681,.T.);
#4078=EDGE_CURVE('',#3209,#3210,#2632,.T.);
#4079=EDGE_CURVE('',#3210,#3211,#1682,.T.);
#4080=EDGE_CURVE('',#3211,#3139,#1683,.T.);
#4081=EDGE_CURVE('',#3211,#3212,#2633,.T.);
#4082=EDGE_CURVE('',#3137,#3212,#1684,.T.);
#4083=EDGE_CURVE('',#3212,#3213,#1685,.T.);
#4084=EDGE_CURVE('',#3213,#3135,#1686,.T.);
#4085=EDGE_CURVE('',#3213,#3214,#2634,.T.);
#4086=EDGE_CURVE('',#3133,#3214,#1687,.T.);
#4087=EDGE_CURVE('',#3214,#3215,#1688,.T.);
#4088=EDGE_CURVE('',#3215,#3131,#1689,.T.);
#4089=EDGE_CURVE('',#3215,#3216,#2635,.T.);
#4090=EDGE_CURVE('',#3129,#3216,#1690,.T.);
#4091=EDGE_CURVE('',#3216,#3217,#1691,.T.);
#4092=EDGE_CURVE('',#3217,#3127,#1692,.T.);
#4093=EDGE_CURVE('',#3217,#3218,#2636,.T.);
#4094=EDGE_CURVE('',#3125,#3218,#1693,.T.);
#4095=EDGE_CURVE('',#3022,#3162,#1694,.T.);
#4096=EDGE_CURVE('',#3021,#3164,#1695,.T.);
#4097=EDGE_CURVE('',#3166,#3020,#1696,.T.);
#4098=EDGE_CURVE('',#3019,#3168,#1697,.T.);
#4099=EDGE_CURVE('',#3170,#3018,#1698,.T.);
#4100=EDGE_CURVE('',#3017,#3172,#1699,.T.);
#4101=EDGE_CURVE('',#3174,#3016,#1700,.T.);
#4102=EDGE_CURVE('',#3015,#3176,#1701,.T.);
#4103=EDGE_CURVE('',#3178,#3014,#1702,.T.);
#4104=EDGE_CURVE('',#3013,#3180,#1703,.T.);
#4105=EDGE_CURVE('',#3182,#3012,#1704,.T.);
#4106=EDGE_CURVE('',#3011,#3184,#1705,.T.);
#4107=EDGE_CURVE('',#3186,#3010,#1706,.T.);
#4108=EDGE_CURVE('',#3009,#3188,#1707,.T.);
#4109=EDGE_CURVE('',#3190,#3008,#1708,.T.);
#4110=EDGE_CURVE('',#3007,#3192,#1709,.T.);
#4111=EDGE_CURVE('',#3194,#3006,#1710,.T.);
#4112=EDGE_CURVE('',#3005,#3196,#1711,.T.);
#4113=EDGE_CURVE('',#3198,#3004,#1712,.T.);
#4114=EDGE_CURVE('',#3003,#3199,#1713,.T.);
#4115=EDGE_CURVE('',#3002,#3119,#1714,.F.);
#4116=EDGE_CURVE('',#3001,#3120,#1715,.T.);
#4117=EDGE_CURVE('',#3219,#3115,#128,.T.);
#4118=EDGE_CURVE('',#3220,#3219,#2637,.T.);
#4119=EDGE_CURVE('',#3116,#3220,#2638,.T.);
#4120=EDGE_CURVE('',#3221,#3222,#2639,.T.);
#4121=EDGE_CURVE('',#3116,#3221,#1716,.T.);
#4122=EDGE_CURVE('',#3222,#3220,#1717,.T.);
#4123=EDGE_CURVE('',#3223,#3224,#2640,.T.);
#4124=EDGE_CURVE('',#3221,#3223,#2641,.T.);
#4125=EDGE_CURVE('',#3224,#3222,#2642,.T.);
#4126=EDGE_CURVE('',#3225,#3226,#2643,.T.);
#4127=EDGE_CURVE('',#3223,#3225,#1718,.T.);
#4128=EDGE_CURVE('',#3226,#3224,#1719,.T.);
#4129=EDGE_CURVE('',#3227,#3228,#2644,.T.);
#4130=EDGE_CURVE('',#3225,#3227,#2645,.T.);
#4131=EDGE_CURVE('',#3228,#3226,#2646,.T.);
#4132=EDGE_CURVE('',#3229,#3230,#2647,.T.);
#4133=EDGE_CURVE('',#3227,#3229,#1720,.T.);
#4134=EDGE_CURVE('',#3230,#3228,#1721,.T.);
#4135=EDGE_CURVE('',#3231,#3232,#2648,.T.);
#4136=EDGE_CURVE('',#3229,#3231,#2649,.T.);
#4137=EDGE_CURVE('',#3232,#3230,#2650,.T.);
#4138=EDGE_CURVE('',#3233,#3234,#2651,.T.);
#4139=EDGE_CURVE('',#3231,#3233,#1722,.T.);
#4140=EDGE_CURVE('',#3234,#3232,#1723,.T.);
#4141=EDGE_CURVE('',#3235,#3236,#2652,.T.);
#4142=EDGE_CURVE('',#3233,#3235,#2653,.T.);
#4143=EDGE_CURVE('',#3236,#3234,#2654,.T.);
#4144=EDGE_CURVE('',#3237,#3238,#2655,.T.);
#4145=EDGE_CURVE('',#3235,#3237,#1724,.T.);
#4146=EDGE_CURVE('',#3238,#3236,#1725,.T.);
#4147=EDGE_CURVE('',#3239,#3240,#2656,.T.);
#4148=EDGE_CURVE('',#3237,#3239,#2657,.T.);
#4149=EDGE_CURVE('',#3240,#3238,#2658,.T.);
#4150=EDGE_CURVE('',#3241,#3218,#2659,.T.);
#4151=EDGE_CURVE('',#3239,#3241,#1726,.T.);
#4152=EDGE_CURVE('',#3218,#3240,#1727,.T.);
#4153=EDGE_CURVE('',#3242,#3217,#2660,.T.);
#4154=EDGE_CURVE('',#3241,#3242,#2661,.T.);
#4155=EDGE_CURVE('',#3243,#3216,#2662,.T.);
#4156=EDGE_CURVE('',#3242,#3243,#1728,.T.);
#4157=EDGE_CURVE('',#3244,#3215,#2663,.T.);
#4158=EDGE_CURVE('',#3243,#3244,#2664,.T.);
#4159=EDGE_CURVE('',#3245,#3214,#2665,.T.);
#4160=EDGE_CURVE('',#3244,#3245,#1729,.T.);
#4161=EDGE_CURVE('',#3246,#3213,#2666,.T.);
#4162=EDGE_CURVE('',#3245,#3246,#2667,.T.);
#4163=EDGE_CURVE('',#3247,#3212,#2668,.T.);
#4164=EDGE_CURVE('',#3246,#3247,#1730,.T.);
#4165=EDGE_CURVE('',#3248,#3211,#2669,.T.);
#4166=EDGE_CURVE('',#3247,#3248,#2670,.T.);
#4167=EDGE_CURVE('',#3249,#3210,#2671,.T.);
#4168=EDGE_CURVE('',#3248,#3249,#1731,.T.);
#4169=EDGE_CURVE('',#3250,#3209,#2672,.T.);
#4170=EDGE_CURVE('',#3249,#3250,#2673,.T.);
#4171=EDGE_CURVE('',#3251,#3208,#2674,.T.);
#4172=EDGE_CURVE('',#3250,#3251,#1732,.T.);
#4173=EDGE_CURVE('',#3252,#3207,#2675,.T.);
#4174=EDGE_CURVE('',#3251,#3252,#2676,.T.);
#4175=EDGE_CURVE('',#3253,#3206,#2677,.T.);
#4176=EDGE_CURVE('',#3252,#3253,#1733,.T.);
#4177=EDGE_CURVE('',#3254,#3205,#2678,.T.);
#4178=EDGE_CURVE('',#3253,#3254,#2679,.T.);
#4179=EDGE_CURVE('',#3255,#3204,#2680,.T.);
#4180=EDGE_CURVE('',#3254,#3255,#1734,.T.);
#4181=EDGE_CURVE('',#3256,#3203,#2681,.T.);
#4182=EDGE_CURVE('',#3255,#3256,#2682,.T.);
#4183=EDGE_CURVE('',#3257,#3202,#2683,.T.);
#4184=EDGE_CURVE('',#3256,#3257,#1735,.T.);
#4185=EDGE_CURVE('',#3258,#3201,#2684,.T.);
#4186=EDGE_CURVE('',#3257,#3258,#2685,.T.);
#4187=EDGE_CURVE('',#3259,#3260,#2686,.T.);
#4188=EDGE_CURVE('',#3258,#3259,#1736,.T.);
#4189=EDGE_CURVE('',#3260,#3201,#1737,.T.);
#4190=EDGE_CURVE('',#3261,#3262,#2687,.T.);
#4191=EDGE_CURVE('',#3259,#3261,#2688,.T.);
#4192=EDGE_CURVE('',#3262,#3260,#2689,.T.);
#4193=EDGE_CURVE('',#3101,#3263,#2690,.T.);
#4194=EDGE_CURVE('',#3261,#3101,#2691,.T.);
#4195=EDGE_CURVE('',#3263,#3262,#2692,.T.);
#4196=EDGE_CURVE('',#3102,#3264,#2693,.T.);
#4197=EDGE_CURVE('',#3264,#3263,#1738,.T.);
#4198=EDGE_CURVE('',#3103,#3265,#2694,.T.);
#4199=EDGE_CURVE('',#3265,#3264,#2695,.T.);
#4200=EDGE_CURVE('',#3104,#3266,#2696,.T.);
#4201=EDGE_CURVE('',#3266,#3265,#1739,.T.);
#4202=EDGE_CURVE('',#3105,#3267,#2697,.T.);
#4203=EDGE_CURVE('',#3267,#3266,#2698,.T.);
#4204=EDGE_CURVE('',#3106,#3268,#2699,.T.);
#4205=EDGE_CURVE('',#3268,#3267,#1740,.T.);
#4206=EDGE_CURVE('',#3107,#3269,#2700,.T.);
#4207=EDGE_CURVE('',#3269,#3268,#2701,.T.);
#4208=EDGE_CURVE('',#3108,#3270,#2702,.T.);
#4209=EDGE_CURVE('',#3270,#3269,#2703,.T.);
#4210=EDGE_CURVE('',#3109,#3271,#2704,.T.);
#4211=EDGE_CURVE('',#3271,#3270,#1741,.T.);
#4212=EDGE_CURVE('',#3110,#3272,#2705,.T.);
#4213=EDGE_CURVE('',#3272,#3271,#2706,.T.);
#4214=EDGE_CURVE('',#3111,#3273,#2707,.T.);
#4215=EDGE_CURVE('',#3273,#3272,#1742,.T.);
#4216=EDGE_CURVE('',#3112,#3274,#2708,.T.);
#4217=EDGE_CURVE('',#3274,#3273,#2709,.T.);
#4218=EDGE_CURVE('',#3113,#3275,#2710,.T.);
#4219=EDGE_CURVE('',#3275,#3274,#1743,.T.);
#4220=EDGE_CURVE('',#3114,#3276,#2711,.T.);
#4221=EDGE_CURVE('',#3276,#3275,#2712,.T.);
#4222=EDGE_CURVE('',#3219,#3276,#1744,.T.);
#4223=EDGE_CURVE('',#3249,#3066,#1745,.T.);
#4224=EDGE_CURVE('',#3068,#3250,#1746,.T.);
#4225=EDGE_CURVE('',#3064,#3239,#1747,.T.);
#4226=EDGE_CURVE('',#3237,#3062,#1748,.T.);
#4227=EDGE_CURVE('',#3060,#3235,#1749,.T.);
#4228=EDGE_CURVE('',#3233,#3058,#1750,.T.);
#4229=EDGE_CURVE('',#3056,#3231,#1751,.T.);
#4230=EDGE_CURVE('',#3229,#3054,#1752,.T.);
#4231=EDGE_CURVE('',#3052,#3227,#1753,.T.);
#4232=EDGE_CURVE('',#3225,#3050,#1754,.T.);
#4233=EDGE_CURVE('',#3048,#3223,#1755,.T.);
#4234=EDGE_CURVE('',#3221,#3046,#1756,.T.);
#4235=EDGE_CURVE('',#3261,#3072,#1757,.T.);
#4236=EDGE_CURVE('',#3144,#2998,#1758,.T.);
#4237=EDGE_CURVE('',#3259,#3070,#1759,.T.);
#4238=EDGE_CURVE('',#2997,#3142,#1760,.T.);
#4239=EDGE_CURVE('',#2999,#3124,#1761,.F.);
#4240=EDGE_CURVE('',#3000,#3122,#1762,.F.);
#4241=ORIENTED_EDGE('',*,*,#3277,.T.);
#4242=ORIENTED_EDGE('',*,*,#3278,.T.);
#4243=ORIENTED_EDGE('',*,*,#3279,.F.);
#4244=ORIENTED_EDGE('',*,*,#3278,.F.);
#4245=ORIENTED_EDGE('',*,*,#3280,.T.);
#4246=ORIENTED_EDGE('',*,*,#3281,.T.);
#4247=ORIENTED_EDGE('',*,*,#3282,.F.);
#4248=ORIENTED_EDGE('',*,*,#3283,.T.);
#4249=ORIENTED_EDGE('',*,*,#3284,.T.);
#4250=ORIENTED_EDGE('',*,*,#3285,.F.);
#4251=ORIENTED_EDGE('',*,*,#3286,.T.);
#4252=ORIENTED_EDGE('',*,*,#3287,.T.);
#4253=ORIENTED_EDGE('',*,*,#3288,.T.);
#4254=ORIENTED_EDGE('',*,*,#3289,.T.);
#4255=ORIENTED_EDGE('',*,*,#3290,.T.);
#4256=ORIENTED_EDGE('',*,*,#3291,.F.);
#4257=ORIENTED_EDGE('',*,*,#3292,.T.);
#4258=ORIENTED_EDGE('',*,*,#3293,.T.);
#4259=ORIENTED_EDGE('',*,*,#3294,.T.);
#4260=ORIENTED_EDGE('',*,*,#3295,.F.);
#4261=ORIENTED_EDGE('',*,*,#3296,.T.);
#4262=ORIENTED_EDGE('',*,*,#3297,.T.);
#4263=ORIENTED_EDGE('',*,*,#3298,.T.);
#4264=ORIENTED_EDGE('',*,*,#3299,.T.);
#4265=ORIENTED_EDGE('',*,*,#3300,.T.);
#4266=ORIENTED_EDGE('',*,*,#3301,.T.);
#4267=ORIENTED_EDGE('',*,*,#3302,.T.);
#4268=ORIENTED_EDGE('',*,*,#3303,.T.);
#4269=ORIENTED_EDGE('',*,*,#3304,.T.);
#4270=ORIENTED_EDGE('',*,*,#3305,.T.);
#4271=ORIENTED_EDGE('',*,*,#3306,.F.);
#4272=ORIENTED_EDGE('',*,*,#3307,.F.);
#4273=ORIENTED_EDGE('',*,*,#3308,.F.);
#4274=ORIENTED_EDGE('',*,*,#3309,.F.);
#4275=ORIENTED_EDGE('',*,*,#3277,.F.);
#4276=ORIENTED_EDGE('',*,*,#3306,.T.);
#4277=ORIENTED_EDGE('',*,*,#3310,.T.);
#4278=ORIENTED_EDGE('',*,*,#3311,.F.);
#4279=ORIENTED_EDGE('',*,*,#3310,.F.);
#4280=ORIENTED_EDGE('',*,*,#3309,.T.);
#4281=ORIENTED_EDGE('',*,*,#3312,.T.);
#4282=ORIENTED_EDGE('',*,*,#3313,.F.);
#4283=ORIENTED_EDGE('',*,*,#3312,.F.);
#4284=ORIENTED_EDGE('',*,*,#3307,.T.);
#4285=ORIENTED_EDGE('',*,*,#3314,.T.);
#4286=ORIENTED_EDGE('',*,*,#3315,.F.);
#4287=ORIENTED_EDGE('',*,*,#3314,.F.);
#4288=ORIENTED_EDGE('',*,*,#3308,.T.);
#4289=ORIENTED_EDGE('',*,*,#3316,.T.);
#4290=ORIENTED_EDGE('',*,*,#3317,.F.);
#4291=ORIENTED_EDGE('',*,*,#3316,.F.);
#4292=ORIENTED_EDGE('',*,*,#3318,.F.);
#4293=ORIENTED_EDGE('',*,*,#3319,.T.);
#4294=ORIENTED_EDGE('',*,*,#3320,.F.);
#4295=ORIENTED_EDGE('',*,*,#3319,.F.);
#4296=ORIENTED_EDGE('',*,*,#3317,.T.);
#4297=ORIENTED_EDGE('',*,*,#3318,.T.);
#4298=ORIENTED_EDGE('',*,*,#3321,.F.);
#4299=ORIENTED_EDGE('',*,*,#3322,.T.);
#4300=ORIENTED_EDGE('',*,*,#3323,.F.);
#4301=ORIENTED_EDGE('',*,*,#3322,.F.);
#4302=ORIENTED_EDGE('',*,*,#3279,.T.);
#4303=ORIENTED_EDGE('',*,*,#3321,.T.);
#4304=ORIENTED_EDGE('',*,*,#3324,.F.);
#4305=ORIENTED_EDGE('',*,*,#3325,.T.);
#4306=ORIENTED_EDGE('',*,*,#3326,.F.);
#4307=ORIENTED_EDGE('',*,*,#3325,.F.);
#4308=ORIENTED_EDGE('',*,*,#3315,.T.);
#4309=ORIENTED_EDGE('',*,*,#3324,.T.);
#4310=ORIENTED_EDGE('',*,*,#3327,.F.);
#4311=ORIENTED_EDGE('',*,*,#3328,.T.);
#4312=ORIENTED_EDGE('',*,*,#3329,.F.);
#4313=ORIENTED_EDGE('',*,*,#3328,.F.);
#4314=ORIENTED_EDGE('',*,*,#3311,.T.);
#4315=ORIENTED_EDGE('',*,*,#3327,.T.);
#4316=ORIENTED_EDGE('',*,*,#3330,.F.);
#4317=ORIENTED_EDGE('',*,*,#3331,.T.);
#4318=ORIENTED_EDGE('',*,*,#3332,.F.);
#4319=ORIENTED_EDGE('',*,*,#3331,.F.);
#4320=ORIENTED_EDGE('',*,*,#3313,.T.);
#4321=ORIENTED_EDGE('',*,*,#3330,.T.);
#4322=ORIENTED_EDGE('',*,*,#3320,.T.);
#4323=ORIENTED_EDGE('',*,*,#3323,.T.);
#4324=ORIENTED_EDGE('',*,*,#3326,.T.);
#4325=ORIENTED_EDGE('',*,*,#3329,.T.);
#4326=ORIENTED_EDGE('',*,*,#3332,.T.);
#4327=ORIENTED_EDGE('',*,*,#3333,.T.);
#4328=ORIENTED_EDGE('',*,*,#3334,.T.);
#4329=ORIENTED_EDGE('',*,*,#3335,.T.);
#4330=ORIENTED_EDGE('',*,*,#3336,.F.);
#4331=ORIENTED_EDGE('',*,*,#3337,.T.);
#4332=ORIENTED_EDGE('',*,*,#3338,.T.);
#4333=ORIENTED_EDGE('',*,*,#3334,.F.);
#4334=ORIENTED_EDGE('',*,*,#3339,.T.);
#4335=ORIENTED_EDGE('',*,*,#3340,.T.);
#4336=ORIENTED_EDGE('',*,*,#3341,.T.);
#4337=ORIENTED_EDGE('',*,*,#3337,.F.);
#4338=ORIENTED_EDGE('',*,*,#3342,.T.);
#4339=ORIENTED_EDGE('',*,*,#3343,.T.);
#4340=ORIENTED_EDGE('',*,*,#3344,.T.);
#4341=ORIENTED_EDGE('',*,*,#3340,.F.);
#4342=ORIENTED_EDGE('',*,*,#3345,.T.);
#4343=ORIENTED_EDGE('',*,*,#3346,.T.);
#4344=ORIENTED_EDGE('',*,*,#3347,.T.);
#4345=ORIENTED_EDGE('',*,*,#3343,.F.);
#4346=ORIENTED_EDGE('',*,*,#3348,.T.);
#4347=ORIENTED_EDGE('',*,*,#3349,.T.);
#4348=ORIENTED_EDGE('',*,*,#3350,.T.);
#4349=ORIENTED_EDGE('',*,*,#3346,.F.);
#4350=ORIENTED_EDGE('',*,*,#3351,.T.);
#4351=ORIENTED_EDGE('',*,*,#3352,.T.);
#4352=ORIENTED_EDGE('',*,*,#3353,.T.);
#4353=ORIENTED_EDGE('',*,*,#3349,.F.);
#4354=ORIENTED_EDGE('',*,*,#3354,.T.);
#4355=ORIENTED_EDGE('',*,*,#3355,.T.);
#4356=ORIENTED_EDGE('',*,*,#3356,.T.);
#4357=ORIENTED_EDGE('',*,*,#3352,.F.);
#4358=ORIENTED_EDGE('',*,*,#3357,.T.);
#4359=ORIENTED_EDGE('',*,*,#3358,.T.);
#4360=ORIENTED_EDGE('',*,*,#3359,.T.);
#4361=ORIENTED_EDGE('',*,*,#3355,.F.);
#4362=ORIENTED_EDGE('',*,*,#3360,.T.);
#4363=ORIENTED_EDGE('',*,*,#3361,.T.);
#4364=ORIENTED_EDGE('',*,*,#3362,.T.);
#4365=ORIENTED_EDGE('',*,*,#3358,.F.);
#4366=ORIENTED_EDGE('',*,*,#3363,.T.);
#4367=ORIENTED_EDGE('',*,*,#3364,.T.);
#4368=ORIENTED_EDGE('',*,*,#3365,.T.);
#4369=ORIENTED_EDGE('',*,*,#3361,.F.);
#4370=ORIENTED_EDGE('',*,*,#3366,.T.);
#4371=ORIENTED_EDGE('',*,*,#3367,.T.);
#4372=ORIENTED_EDGE('',*,*,#3368,.T.);
#4373=ORIENTED_EDGE('',*,*,#3364,.F.);
#4374=ORIENTED_EDGE('',*,*,#3369,.T.);
#4375=ORIENTED_EDGE('',*,*,#3370,.T.);
#4376=ORIENTED_EDGE('',*,*,#3371,.T.);
#4377=ORIENTED_EDGE('',*,*,#3367,.F.);
#4378=ORIENTED_EDGE('',*,*,#3372,.T.);
#4379=ORIENTED_EDGE('',*,*,#3373,.T.);
#4380=ORIENTED_EDGE('',*,*,#3374,.T.);
#4381=ORIENTED_EDGE('',*,*,#3370,.F.);
#4382=ORIENTED_EDGE('',*,*,#3375,.T.);
#4383=ORIENTED_EDGE('',*,*,#3376,.T.);
#4384=ORIENTED_EDGE('',*,*,#3377,.T.);
#4385=ORIENTED_EDGE('',*,*,#3373,.F.);
#4386=ORIENTED_EDGE('',*,*,#3378,.T.);
#4387=ORIENTED_EDGE('',*,*,#3379,.T.);
#4388=ORIENTED_EDGE('',*,*,#3380,.T.);
#4389=ORIENTED_EDGE('',*,*,#3376,.F.);
#4390=ORIENTED_EDGE('',*,*,#3381,.T.);
#4391=ORIENTED_EDGE('',*,*,#3382,.T.);
#4392=ORIENTED_EDGE('',*,*,#3383,.T.);
#4393=ORIENTED_EDGE('',*,*,#3379,.F.);
#4394=ORIENTED_EDGE('',*,*,#3384,.T.);
#4395=ORIENTED_EDGE('',*,*,#3385,.T.);
#4396=ORIENTED_EDGE('',*,*,#3386,.T.);
#4397=ORIENTED_EDGE('',*,*,#3382,.F.);
#4398=ORIENTED_EDGE('',*,*,#3387,.T.);
#4399=ORIENTED_EDGE('',*,*,#3388,.T.);
#4400=ORIENTED_EDGE('',*,*,#3389,.T.);
#4401=ORIENTED_EDGE('',*,*,#3385,.F.);
#4402=ORIENTED_EDGE('',*,*,#3390,.T.);
#4403=ORIENTED_EDGE('',*,*,#3391,.T.);
#4404=ORIENTED_EDGE('',*,*,#3392,.T.);
#4405=ORIENTED_EDGE('',*,*,#3388,.F.);
#4406=ORIENTED_EDGE('',*,*,#3393,.T.);
#4407=ORIENTED_EDGE('',*,*,#3394,.T.);
#4408=ORIENTED_EDGE('',*,*,#3395,.T.);
#4409=ORIENTED_EDGE('',*,*,#3391,.F.);
#4410=ORIENTED_EDGE('',*,*,#3396,.T.);
#4411=ORIENTED_EDGE('',*,*,#3397,.T.);
#4412=ORIENTED_EDGE('',*,*,#3398,.T.);
#4413=ORIENTED_EDGE('',*,*,#3394,.F.);
#4414=ORIENTED_EDGE('',*,*,#3399,.T.);
#4415=ORIENTED_EDGE('',*,*,#3400,.T.);
#4416=ORIENTED_EDGE('',*,*,#3401,.T.);
#4417=ORIENTED_EDGE('',*,*,#3397,.F.);
#4418=ORIENTED_EDGE('',*,*,#3402,.T.);
#4419=ORIENTED_EDGE('',*,*,#3403,.T.);
#4420=ORIENTED_EDGE('',*,*,#3404,.T.);
#4421=ORIENTED_EDGE('',*,*,#3400,.F.);
#4422=ORIENTED_EDGE('',*,*,#3405,.T.);
#4423=ORIENTED_EDGE('',*,*,#3406,.T.);
#4424=ORIENTED_EDGE('',*,*,#3407,.T.);
#4425=ORIENTED_EDGE('',*,*,#3403,.F.);
#4426=ORIENTED_EDGE('',*,*,#3408,.T.);
#4427=ORIENTED_EDGE('',*,*,#3409,.T.);
#4428=ORIENTED_EDGE('',*,*,#3410,.T.);
#4429=ORIENTED_EDGE('',*,*,#3406,.F.);
#4430=ORIENTED_EDGE('',*,*,#3411,.T.);
#4431=ORIENTED_EDGE('',*,*,#3412,.T.);
#4432=ORIENTED_EDGE('',*,*,#3413,.T.);
#4433=ORIENTED_EDGE('',*,*,#3409,.F.);
#4434=ORIENTED_EDGE('',*,*,#3414,.T.);
#4435=ORIENTED_EDGE('',*,*,#3415,.T.);
#4436=ORIENTED_EDGE('',*,*,#3416,.T.);
#4437=ORIENTED_EDGE('',*,*,#3412,.F.);
#4438=ORIENTED_EDGE('',*,*,#3417,.T.);
#4439=ORIENTED_EDGE('',*,*,#3418,.T.);
#4440=ORIENTED_EDGE('',*,*,#3419,.T.);
#4441=ORIENTED_EDGE('',*,*,#3415,.F.);
#4442=ORIENTED_EDGE('',*,*,#3420,.T.);
#4443=ORIENTED_EDGE('',*,*,#3421,.T.);
#4444=ORIENTED_EDGE('',*,*,#3418,.F.);
#4445=ORIENTED_EDGE('',*,*,#3422,.T.);
#4446=ORIENTED_EDGE('',*,*,#3336,.T.);
#4447=ORIENTED_EDGE('',*,*,#3383,.F.);
#4448=ORIENTED_EDGE('',*,*,#3423,.F.);
#4449=ORIENTED_EDGE('',*,*,#3424,.F.);
#4450=ORIENTED_EDGE('',*,*,#3425,.F.);
#4451=ORIENTED_EDGE('',*,*,#3386,.F.);
#4452=ORIENTED_EDGE('',*,*,#3426,.T.);
#4453=ORIENTED_EDGE('',*,*,#3427,.F.);
#4454=ORIENTED_EDGE('',*,*,#3423,.T.);
#4455=ORIENTED_EDGE('',*,*,#3389,.F.);
#4456=ORIENTED_EDGE('',*,*,#3428,.F.);
#4457=ORIENTED_EDGE('',*,*,#3429,.F.);
#4458=ORIENTED_EDGE('',*,*,#3426,.F.);
#4459=ORIENTED_EDGE('',*,*,#3392,.F.);
#4460=ORIENTED_EDGE('',*,*,#3430,.T.);
#4461=ORIENTED_EDGE('',*,*,#3431,.F.);
#4462=ORIENTED_EDGE('',*,*,#3428,.T.);
#4463=ORIENTED_EDGE('',*,*,#3395,.F.);
#4464=ORIENTED_EDGE('',*,*,#3432,.F.);
#4465=ORIENTED_EDGE('',*,*,#3433,.F.);
#4466=ORIENTED_EDGE('',*,*,#3430,.F.);
#4467=ORIENTED_EDGE('',*,*,#3398,.F.);
#4468=ORIENTED_EDGE('',*,*,#3434,.F.);
#4469=ORIENTED_EDGE('',*,*,#3435,.F.);
#4470=ORIENTED_EDGE('',*,*,#3432,.T.);
#4471=ORIENTED_EDGE('',*,*,#3401,.F.);
#4472=ORIENTED_EDGE('',*,*,#3436,.T.);
#4473=ORIENTED_EDGE('',*,*,#3437,.F.);
#4474=ORIENTED_EDGE('',*,*,#3434,.T.);
#4475=ORIENTED_EDGE('',*,*,#3404,.F.);
#4476=ORIENTED_EDGE('',*,*,#3438,.F.);
#4477=ORIENTED_EDGE('',*,*,#3439,.F.);
#4478=ORIENTED_EDGE('',*,*,#3436,.F.);
#4479=ORIENTED_EDGE('',*,*,#3407,.F.);
#4480=ORIENTED_EDGE('',*,*,#3440,.T.);
#4481=ORIENTED_EDGE('',*,*,#3441,.F.);
#4482=ORIENTED_EDGE('',*,*,#3438,.T.);
#4483=ORIENTED_EDGE('',*,*,#3410,.F.);
#4484=ORIENTED_EDGE('',*,*,#3442,.F.);
#4485=ORIENTED_EDGE('',*,*,#3443,.F.);
#4486=ORIENTED_EDGE('',*,*,#3440,.F.);
#4487=ORIENTED_EDGE('',*,*,#3413,.F.);
#4488=ORIENTED_EDGE('',*,*,#3444,.T.);
#4489=ORIENTED_EDGE('',*,*,#3445,.F.);
#4490=ORIENTED_EDGE('',*,*,#3442,.T.);
#4491=ORIENTED_EDGE('',*,*,#3416,.F.);
#4492=ORIENTED_EDGE('',*,*,#3446,.F.);
#4493=ORIENTED_EDGE('',*,*,#3447,.F.);
#4494=ORIENTED_EDGE('',*,*,#3444,.F.);
#4495=ORIENTED_EDGE('',*,*,#3419,.F.);
#4496=ORIENTED_EDGE('',*,*,#3448,.T.);
#4497=ORIENTED_EDGE('',*,*,#3449,.F.);
#4498=ORIENTED_EDGE('',*,*,#3446,.T.);
#4499=ORIENTED_EDGE('',*,*,#3421,.F.);
#4500=ORIENTED_EDGE('',*,*,#3450,.T.);
#4501=ORIENTED_EDGE('',*,*,#3451,.F.);
#4502=ORIENTED_EDGE('',*,*,#3448,.F.);
#4503=ORIENTED_EDGE('',*,*,#3335,.F.);
#4504=ORIENTED_EDGE('',*,*,#3452,.T.);
#4505=ORIENTED_EDGE('',*,*,#3453,.F.);
#4506=ORIENTED_EDGE('',*,*,#3450,.F.);
#4507=ORIENTED_EDGE('',*,*,#3333,.F.);
#4508=ORIENTED_EDGE('',*,*,#3422,.F.);
#4509=ORIENTED_EDGE('',*,*,#3420,.F.);
#4510=ORIENTED_EDGE('',*,*,#3417,.F.);
#4511=ORIENTED_EDGE('',*,*,#3414,.F.);
#4512=ORIENTED_EDGE('',*,*,#3411,.F.);
#4513=ORIENTED_EDGE('',*,*,#3408,.F.);
#4514=ORIENTED_EDGE('',*,*,#3405,.F.);
#4515=ORIENTED_EDGE('',*,*,#3402,.F.);
#4516=ORIENTED_EDGE('',*,*,#3399,.F.);
#4517=ORIENTED_EDGE('',*,*,#3396,.F.);
#4518=ORIENTED_EDGE('',*,*,#3393,.F.);
#4519=ORIENTED_EDGE('',*,*,#3390,.F.);
#4520=ORIENTED_EDGE('',*,*,#3387,.F.);
#4521=ORIENTED_EDGE('',*,*,#3384,.F.);
#4522=ORIENTED_EDGE('',*,*,#3381,.F.);
#4523=ORIENTED_EDGE('',*,*,#3378,.F.);
#4524=ORIENTED_EDGE('',*,*,#3375,.F.);
#4525=ORIENTED_EDGE('',*,*,#3372,.F.);
#4526=ORIENTED_EDGE('',*,*,#3369,.F.);
#4527=ORIENTED_EDGE('',*,*,#3366,.F.);
#4528=ORIENTED_EDGE('',*,*,#3363,.F.);
#4529=ORIENTED_EDGE('',*,*,#3360,.F.);
#4530=ORIENTED_EDGE('',*,*,#3357,.F.);
#4531=ORIENTED_EDGE('',*,*,#3354,.F.);
#4532=ORIENTED_EDGE('',*,*,#3351,.F.);
#4533=ORIENTED_EDGE('',*,*,#3348,.F.);
#4534=ORIENTED_EDGE('',*,*,#3345,.F.);
#4535=ORIENTED_EDGE('',*,*,#3342,.F.);
#4536=ORIENTED_EDGE('',*,*,#3339,.F.);
#4537=ORIENTED_EDGE('',*,*,#3454,.T.);
#4538=ORIENTED_EDGE('',*,*,#3455,.T.);
#4539=ORIENTED_EDGE('',*,*,#3456,.T.);
#4540=ORIENTED_EDGE('',*,*,#3457,.F.);
#4541=ORIENTED_EDGE('',*,*,#3458,.T.);
#4542=ORIENTED_EDGE('',*,*,#3459,.T.);
#4543=ORIENTED_EDGE('',*,*,#3460,.T.);
#4544=ORIENTED_EDGE('',*,*,#3455,.F.);
#4545=ORIENTED_EDGE('',*,*,#3461,.T.);
#4546=ORIENTED_EDGE('',*,*,#3462,.T.);
#4547=ORIENTED_EDGE('',*,*,#3463,.T.);
#4548=ORIENTED_EDGE('',*,*,#3459,.F.);
#4549=ORIENTED_EDGE('',*,*,#3464,.T.);
#4550=ORIENTED_EDGE('',*,*,#3465,.T.);
#4551=ORIENTED_EDGE('',*,*,#3466,.T.);
#4552=ORIENTED_EDGE('',*,*,#3462,.F.);
#4553=ORIENTED_EDGE('',*,*,#3467,.T.);
#4554=ORIENTED_EDGE('',*,*,#3468,.T.);
#4555=ORIENTED_EDGE('',*,*,#3465,.F.);
#4556=ORIENTED_EDGE('',*,*,#3469,.T.);
#4557=ORIENTED_EDGE('',*,*,#3470,.T.);
#4558=ORIENTED_EDGE('',*,*,#3471,.T.);
#4559=ORIENTED_EDGE('',*,*,#3467,.F.);
#4560=ORIENTED_EDGE('',*,*,#3472,.T.);
#4561=ORIENTED_EDGE('',*,*,#3473,.T.);
#4562=ORIENTED_EDGE('',*,*,#3474,.T.);
#4563=ORIENTED_EDGE('',*,*,#3470,.F.);
#4564=ORIENTED_EDGE('',*,*,#3475,.T.);
#4565=ORIENTED_EDGE('',*,*,#3476,.T.);
#4566=ORIENTED_EDGE('',*,*,#3477,.T.);
#4567=ORIENTED_EDGE('',*,*,#3473,.F.);
#4568=ORIENTED_EDGE('',*,*,#3478,.T.);
#4569=ORIENTED_EDGE('',*,*,#3479,.T.);
#4570=ORIENTED_EDGE('',*,*,#3480,.T.);
#4571=ORIENTED_EDGE('',*,*,#3476,.F.);
#4572=ORIENTED_EDGE('',*,*,#3481,.T.);
#4573=ORIENTED_EDGE('',*,*,#3482,.T.);
#4574=ORIENTED_EDGE('',*,*,#3483,.T.);
#4575=ORIENTED_EDGE('',*,*,#3479,.F.);
#4576=ORIENTED_EDGE('',*,*,#3484,.T.);
#4577=ORIENTED_EDGE('',*,*,#3485,.T.);
#4578=ORIENTED_EDGE('',*,*,#3486,.T.);
#4579=ORIENTED_EDGE('',*,*,#3482,.F.);
#4580=ORIENTED_EDGE('',*,*,#3487,.T.);
#4581=ORIENTED_EDGE('',*,*,#3488,.T.);
#4582=ORIENTED_EDGE('',*,*,#3489,.T.);
#4583=ORIENTED_EDGE('',*,*,#3485,.F.);
#4584=ORIENTED_EDGE('',*,*,#3490,.T.);
#4585=ORIENTED_EDGE('',*,*,#3491,.T.);
#4586=ORIENTED_EDGE('',*,*,#3492,.T.);
#4587=ORIENTED_EDGE('',*,*,#3488,.F.);
#4588=ORIENTED_EDGE('',*,*,#3493,.T.);
#4589=ORIENTED_EDGE('',*,*,#3494,.T.);
#4590=ORIENTED_EDGE('',*,*,#3495,.T.);
#4591=ORIENTED_EDGE('',*,*,#3491,.F.);
#4592=ORIENTED_EDGE('',*,*,#3496,.T.);
#4593=ORIENTED_EDGE('',*,*,#3497,.T.);
#4594=ORIENTED_EDGE('',*,*,#3498,.T.);
#4595=ORIENTED_EDGE('',*,*,#3494,.F.);
#4596=ORIENTED_EDGE('',*,*,#3499,.T.);
#4597=ORIENTED_EDGE('',*,*,#3500,.T.);
#4598=ORIENTED_EDGE('',*,*,#3501,.T.);
#4599=ORIENTED_EDGE('',*,*,#3497,.F.);
#4600=ORIENTED_EDGE('',*,*,#3502,.T.);
#4601=ORIENTED_EDGE('',*,*,#3503,.T.);
#4602=ORIENTED_EDGE('',*,*,#3504,.T.);
#4603=ORIENTED_EDGE('',*,*,#3500,.F.);
#4604=ORIENTED_EDGE('',*,*,#3505,.T.);
#4605=ORIENTED_EDGE('',*,*,#3506,.T.);
#4606=ORIENTED_EDGE('',*,*,#3507,.T.);
#4607=ORIENTED_EDGE('',*,*,#3503,.F.);
#4608=ORIENTED_EDGE('',*,*,#3508,.T.);
#4609=ORIENTED_EDGE('',*,*,#3509,.T.);
#4610=ORIENTED_EDGE('',*,*,#3510,.T.);
#4611=ORIENTED_EDGE('',*,*,#3506,.F.);
#4612=ORIENTED_EDGE('',*,*,#3511,.T.);
#4613=ORIENTED_EDGE('',*,*,#3512,.T.);
#4614=ORIENTED_EDGE('',*,*,#3513,.T.);
#4615=ORIENTED_EDGE('',*,*,#3509,.F.);
#4616=ORIENTED_EDGE('',*,*,#3514,.T.);
#4617=ORIENTED_EDGE('',*,*,#3515,.T.);
#4618=ORIENTED_EDGE('',*,*,#3516,.T.);
#4619=ORIENTED_EDGE('',*,*,#3512,.F.);
#4620=ORIENTED_EDGE('',*,*,#3517,.T.);
#4621=ORIENTED_EDGE('',*,*,#3518,.T.);
#4622=ORIENTED_EDGE('',*,*,#3519,.T.);
#4623=ORIENTED_EDGE('',*,*,#3515,.F.);
#4624=ORIENTED_EDGE('',*,*,#3520,.T.);
#4625=ORIENTED_EDGE('',*,*,#3521,.T.);
#4626=ORIENTED_EDGE('',*,*,#3522,.T.);
#4627=ORIENTED_EDGE('',*,*,#3518,.F.);
#4628=ORIENTED_EDGE('',*,*,#3523,.T.);
#4629=ORIENTED_EDGE('',*,*,#3524,.T.);
#4630=ORIENTED_EDGE('',*,*,#3525,.T.);
#4631=ORIENTED_EDGE('',*,*,#3521,.F.);
#4632=ORIENTED_EDGE('',*,*,#3526,.T.);
#4633=ORIENTED_EDGE('',*,*,#3527,.T.);
#4634=ORIENTED_EDGE('',*,*,#3528,.T.);
#4635=ORIENTED_EDGE('',*,*,#3524,.F.);
#4636=ORIENTED_EDGE('',*,*,#3529,.T.);
#4637=ORIENTED_EDGE('',*,*,#3530,.T.);
#4638=ORIENTED_EDGE('',*,*,#3531,.T.);
#4639=ORIENTED_EDGE('',*,*,#3527,.F.);
#4640=ORIENTED_EDGE('',*,*,#3532,.T.);
#4641=ORIENTED_EDGE('',*,*,#3533,.T.);
#4642=ORIENTED_EDGE('',*,*,#3534,.T.);
#4643=ORIENTED_EDGE('',*,*,#3530,.F.);
#4644=ORIENTED_EDGE('',*,*,#3535,.T.);
#4645=ORIENTED_EDGE('',*,*,#3536,.T.);
#4646=ORIENTED_EDGE('',*,*,#3537,.T.);
#4647=ORIENTED_EDGE('',*,*,#3533,.F.);
#4648=ORIENTED_EDGE('',*,*,#3538,.T.);
#4649=ORIENTED_EDGE('',*,*,#3539,.T.);
#4650=ORIENTED_EDGE('',*,*,#3540,.T.);
#4651=ORIENTED_EDGE('',*,*,#3536,.F.);
#4652=ORIENTED_EDGE('',*,*,#3541,.T.);
#4653=ORIENTED_EDGE('',*,*,#3542,.T.);
#4654=ORIENTED_EDGE('',*,*,#3543,.T.);
#4655=ORIENTED_EDGE('',*,*,#3539,.F.);
#4656=ORIENTED_EDGE('',*,*,#3544,.T.);
#4657=ORIENTED_EDGE('',*,*,#3545,.T.);
#4658=ORIENTED_EDGE('',*,*,#3546,.T.);
#4659=ORIENTED_EDGE('',*,*,#3542,.F.);
#4660=ORIENTED_EDGE('',*,*,#3547,.T.);
#4661=ORIENTED_EDGE('',*,*,#3548,.T.);
#4662=ORIENTED_EDGE('',*,*,#3549,.T.);
#4663=ORIENTED_EDGE('',*,*,#3545,.F.);
#4664=ORIENTED_EDGE('',*,*,#3550,.T.);
#4665=ORIENTED_EDGE('',*,*,#3551,.T.);
#4666=ORIENTED_EDGE('',*,*,#3552,.T.);
#4667=ORIENTED_EDGE('',*,*,#3548,.F.);
#4668=ORIENTED_EDGE('',*,*,#3553,.T.);
#4669=ORIENTED_EDGE('',*,*,#3554,.T.);
#4670=ORIENTED_EDGE('',*,*,#3555,.T.);
#4671=ORIENTED_EDGE('',*,*,#3551,.F.);
#4672=ORIENTED_EDGE('',*,*,#3556,.T.);
#4673=ORIENTED_EDGE('',*,*,#3557,.T.);
#4674=ORIENTED_EDGE('',*,*,#3558,.T.);
#4675=ORIENTED_EDGE('',*,*,#3554,.F.);
#4676=ORIENTED_EDGE('',*,*,#3559,.T.);
#4677=ORIENTED_EDGE('',*,*,#3560,.T.);
#4678=ORIENTED_EDGE('',*,*,#3561,.T.);
#4679=ORIENTED_EDGE('',*,*,#3557,.F.);
#4680=ORIENTED_EDGE('',*,*,#3562,.T.);
#4681=ORIENTED_EDGE('',*,*,#3563,.T.);
#4682=ORIENTED_EDGE('',*,*,#3564,.T.);
#4683=ORIENTED_EDGE('',*,*,#3560,.F.);
#4684=ORIENTED_EDGE('',*,*,#3565,.T.);
#4685=ORIENTED_EDGE('',*,*,#3566,.T.);
#4686=ORIENTED_EDGE('',*,*,#3567,.T.);
#4687=ORIENTED_EDGE('',*,*,#3563,.F.);
#4688=ORIENTED_EDGE('',*,*,#3568,.T.);
#4689=ORIENTED_EDGE('',*,*,#3569,.T.);
#4690=ORIENTED_EDGE('',*,*,#3570,.T.);
#4691=ORIENTED_EDGE('',*,*,#3566,.F.);
#4692=ORIENTED_EDGE('',*,*,#3571,.T.);
#4693=ORIENTED_EDGE('',*,*,#3572,.T.);
#4694=ORIENTED_EDGE('',*,*,#3573,.T.);
#4695=ORIENTED_EDGE('',*,*,#3569,.F.);
#4696=ORIENTED_EDGE('',*,*,#3574,.T.);
#4697=ORIENTED_EDGE('',*,*,#3575,.T.);
#4698=ORIENTED_EDGE('',*,*,#3572,.F.);
#4699=ORIENTED_EDGE('',*,*,#3576,.T.);
#4700=ORIENTED_EDGE('',*,*,#3577,.T.);
#4701=ORIENTED_EDGE('',*,*,#3578,.T.);
#4702=ORIENTED_EDGE('',*,*,#3577,.F.);
#4703=ORIENTED_EDGE('',*,*,#3579,.T.);
#4704=ORIENTED_EDGE('',*,*,#3457,.T.);
#4705=ORIENTED_EDGE('',*,*,#3517,.F.);
#4706=ORIENTED_EDGE('',*,*,#3580,.T.);
#4707=ORIENTED_EDGE('',*,*,#3581,.F.);
#4708=ORIENTED_EDGE('',*,*,#3582,.T.);
#4709=ORIENTED_EDGE('',*,*,#3514,.F.);
#4710=ORIENTED_EDGE('',*,*,#3583,.F.);
#4711=ORIENTED_EDGE('',*,*,#3584,.F.);
#4712=ORIENTED_EDGE('',*,*,#3580,.F.);
#4713=ORIENTED_EDGE('',*,*,#3511,.F.);
#4714=ORIENTED_EDGE('',*,*,#3585,.T.);
#4715=ORIENTED_EDGE('',*,*,#3586,.F.);
#4716=ORIENTED_EDGE('',*,*,#3583,.T.);
#4717=ORIENTED_EDGE('',*,*,#3508,.F.);
#4718=ORIENTED_EDGE('',*,*,#3587,.F.);
#4719=ORIENTED_EDGE('',*,*,#3588,.F.);
#4720=ORIENTED_EDGE('',*,*,#3585,.F.);
#4721=ORIENTED_EDGE('',*,*,#3505,.F.);
#4722=ORIENTED_EDGE('',*,*,#3589,.T.);
#4723=ORIENTED_EDGE('',*,*,#3590,.F.);
#4724=ORIENTED_EDGE('',*,*,#3587,.T.);
#4725=ORIENTED_EDGE('',*,*,#3502,.F.);
#4726=ORIENTED_EDGE('',*,*,#3591,.F.);
#4727=ORIENTED_EDGE('',*,*,#3592,.F.);
#4728=ORIENTED_EDGE('',*,*,#3589,.F.);
#4729=ORIENTED_EDGE('',*,*,#3499,.F.);
#4730=ORIENTED_EDGE('',*,*,#3593,.T.);
#4731=ORIENTED_EDGE('',*,*,#3594,.F.);
#4732=ORIENTED_EDGE('',*,*,#3591,.T.);
#4733=ORIENTED_EDGE('',*,*,#3496,.F.);
#4734=ORIENTED_EDGE('',*,*,#3493,.F.);
#4735=ORIENTED_EDGE('',*,*,#3490,.F.);
#4736=ORIENTED_EDGE('',*,*,#3595,.F.);
#4737=ORIENTED_EDGE('',*,*,#3596,.F.);
#4738=ORIENTED_EDGE('',*,*,#3597,.F.);
#4739=ORIENTED_EDGE('',*,*,#3598,.F.);
#4740=ORIENTED_EDGE('',*,*,#3593,.F.);
#4741=ORIENTED_EDGE('',*,*,#3487,.F.);
#4742=ORIENTED_EDGE('',*,*,#3599,.T.);
#4743=ORIENTED_EDGE('',*,*,#3600,.F.);
#4744=ORIENTED_EDGE('',*,*,#3595,.T.);
#4745=ORIENTED_EDGE('',*,*,#3484,.F.);
#4746=ORIENTED_EDGE('',*,*,#3601,.F.);
#4747=ORIENTED_EDGE('',*,*,#3602,.F.);
#4748=ORIENTED_EDGE('',*,*,#3599,.F.);
#4749=ORIENTED_EDGE('',*,*,#3481,.F.);
#4750=ORIENTED_EDGE('',*,*,#3603,.T.);
#4751=ORIENTED_EDGE('',*,*,#3604,.F.);
#4752=ORIENTED_EDGE('',*,*,#3601,.T.);
#4753=ORIENTED_EDGE('',*,*,#3478,.F.);
#4754=ORIENTED_EDGE('',*,*,#3605,.F.);
#4755=ORIENTED_EDGE('',*,*,#3606,.F.);
#4756=ORIENTED_EDGE('',*,*,#3603,.F.);
#4757=ORIENTED_EDGE('',*,*,#3475,.F.);
#4758=ORIENTED_EDGE('',*,*,#3607,.T.);
#4759=ORIENTED_EDGE('',*,*,#3608,.F.);
#4760=ORIENTED_EDGE('',*,*,#3605,.T.);
#4761=ORIENTED_EDGE('',*,*,#3472,.F.);
#4762=ORIENTED_EDGE('',*,*,#3609,.F.);
#4763=ORIENTED_EDGE('',*,*,#3610,.F.);
#4764=ORIENTED_EDGE('',*,*,#3607,.F.);
#4765=ORIENTED_EDGE('',*,*,#3469,.F.);
#4766=ORIENTED_EDGE('',*,*,#3611,.T.);
#4767=ORIENTED_EDGE('',*,*,#3612,.F.);
#4768=ORIENTED_EDGE('',*,*,#3609,.T.);
#4769=ORIENTED_EDGE('',*,*,#3522,.F.);
#4770=ORIENTED_EDGE('',*,*,#3613,.F.);
#4771=ORIENTED_EDGE('',*,*,#3282,.T.);
#4772=ORIENTED_EDGE('',*,*,#3614,.T.);
#4773=ORIENTED_EDGE('',*,*,#3525,.F.);
#4774=ORIENTED_EDGE('',*,*,#3615,.T.);
#4775=ORIENTED_EDGE('',*,*,#3283,.F.);
#4776=ORIENTED_EDGE('',*,*,#3613,.T.);
#4777=ORIENTED_EDGE('',*,*,#3528,.F.);
#4778=ORIENTED_EDGE('',*,*,#3616,.F.);
#4779=ORIENTED_EDGE('',*,*,#3284,.F.);
#4780=ORIENTED_EDGE('',*,*,#3615,.F.);
#4781=ORIENTED_EDGE('',*,*,#3531,.F.);
#4782=ORIENTED_EDGE('',*,*,#3617,.T.);
#4783=ORIENTED_EDGE('',*,*,#3285,.T.);
#4784=ORIENTED_EDGE('',*,*,#3616,.T.);
#4785=ORIENTED_EDGE('',*,*,#3534,.F.);
#4786=ORIENTED_EDGE('',*,*,#3618,.F.);
#4787=ORIENTED_EDGE('',*,*,#3286,.F.);
#4788=ORIENTED_EDGE('',*,*,#3617,.F.);
#4789=ORIENTED_EDGE('',*,*,#3537,.F.);
#4790=ORIENTED_EDGE('',*,*,#3619,.T.);
#4791=ORIENTED_EDGE('',*,*,#3287,.F.);
#4792=ORIENTED_EDGE('',*,*,#3618,.T.);
#4793=ORIENTED_EDGE('',*,*,#3540,.F.);
#4794=ORIENTED_EDGE('',*,*,#3620,.F.);
#4795=ORIENTED_EDGE('',*,*,#3288,.F.);
#4796=ORIENTED_EDGE('',*,*,#3619,.F.);
#4797=ORIENTED_EDGE('',*,*,#3543,.F.);
#4798=ORIENTED_EDGE('',*,*,#3621,.T.);
#4799=ORIENTED_EDGE('',*,*,#3289,.F.);
#4800=ORIENTED_EDGE('',*,*,#3620,.T.);
#4801=ORIENTED_EDGE('',*,*,#3546,.F.);
#4802=ORIENTED_EDGE('',*,*,#3622,.F.);
#4803=ORIENTED_EDGE('',*,*,#3290,.F.);
#4804=ORIENTED_EDGE('',*,*,#3621,.F.);
#4805=ORIENTED_EDGE('',*,*,#3549,.F.);
#4806=ORIENTED_EDGE('',*,*,#3623,.T.);
#4807=ORIENTED_EDGE('',*,*,#3291,.T.);
#4808=ORIENTED_EDGE('',*,*,#3622,.T.);
#4809=ORIENTED_EDGE('',*,*,#3552,.F.);
#4810=ORIENTED_EDGE('',*,*,#3624,.F.);
#4811=ORIENTED_EDGE('',*,*,#3292,.F.);
#4812=ORIENTED_EDGE('',*,*,#3623,.F.);
#4813=ORIENTED_EDGE('',*,*,#3555,.F.);
#4814=ORIENTED_EDGE('',*,*,#3625,.T.);
#4815=ORIENTED_EDGE('',*,*,#3293,.F.);
#4816=ORIENTED_EDGE('',*,*,#3624,.T.);
#4817=ORIENTED_EDGE('',*,*,#3558,.F.);
#4818=ORIENTED_EDGE('',*,*,#3626,.F.);
#4819=ORIENTED_EDGE('',*,*,#3294,.F.);
#4820=ORIENTED_EDGE('',*,*,#3625,.F.);
#4821=ORIENTED_EDGE('',*,*,#3561,.F.);
#4822=ORIENTED_EDGE('',*,*,#3627,.T.);
#4823=ORIENTED_EDGE('',*,*,#3295,.T.);
#4824=ORIENTED_EDGE('',*,*,#3626,.T.);
#4825=ORIENTED_EDGE('',*,*,#3564,.F.);
#4826=ORIENTED_EDGE('',*,*,#3628,.F.);
#4827=ORIENTED_EDGE('',*,*,#3296,.F.);
#4828=ORIENTED_EDGE('',*,*,#3627,.F.);
#4829=ORIENTED_EDGE('',*,*,#3567,.F.);
#4830=ORIENTED_EDGE('',*,*,#3629,.T.);
#4831=ORIENTED_EDGE('',*,*,#3297,.F.);
#4832=ORIENTED_EDGE('',*,*,#3628,.T.);
#4833=ORIENTED_EDGE('',*,*,#3570,.F.);
#4834=ORIENTED_EDGE('',*,*,#3630,.F.);
#4835=ORIENTED_EDGE('',*,*,#3298,.F.);
#4836=ORIENTED_EDGE('',*,*,#3629,.F.);
#4837=ORIENTED_EDGE('',*,*,#3573,.F.);
#4838=ORIENTED_EDGE('',*,*,#3631,.T.);
#4839=ORIENTED_EDGE('',*,*,#3299,.F.);
#4840=ORIENTED_EDGE('',*,*,#3630,.T.);
#4841=ORIENTED_EDGE('',*,*,#3575,.F.);
#4842=ORIENTED_EDGE('',*,*,#3632,.F.);
#4843=ORIENTED_EDGE('',*,*,#3300,.F.);
#4844=ORIENTED_EDGE('',*,*,#3631,.F.);
#4845=ORIENTED_EDGE('',*,*,#3578,.F.);
#4846=ORIENTED_EDGE('',*,*,#3633,.F.);
#4847=ORIENTED_EDGE('',*,*,#3301,.F.);
#4848=ORIENTED_EDGE('',*,*,#3632,.T.);
#4849=ORIENTED_EDGE('',*,*,#3456,.F.);
#4850=ORIENTED_EDGE('',*,*,#3634,.F.);
#4851=ORIENTED_EDGE('',*,*,#3302,.F.);
#4852=ORIENTED_EDGE('',*,*,#3633,.T.);
#4853=ORIENTED_EDGE('',*,*,#3453,.T.);
#4854=ORIENTED_EDGE('',*,*,#3635,.T.);
#4855=ORIENTED_EDGE('',*,*,#3636,.T.);
#4856=ORIENTED_EDGE('',*,*,#3637,.T.);
#4857=ORIENTED_EDGE('',*,*,#3638,.T.);
#4858=ORIENTED_EDGE('',*,*,#3639,.T.);
#4859=ORIENTED_EDGE('',*,*,#3635,.F.);
#4860=ORIENTED_EDGE('',*,*,#3640,.T.);
#4861=ORIENTED_EDGE('',*,*,#3641,.T.);
#4862=ORIENTED_EDGE('',*,*,#3642,.T.);
#4863=ORIENTED_EDGE('',*,*,#3638,.F.);
#4864=ORIENTED_EDGE('',*,*,#3643,.T.);
#4865=ORIENTED_EDGE('',*,*,#3644,.T.);
#4866=ORIENTED_EDGE('',*,*,#3645,.T.);
#4867=ORIENTED_EDGE('',*,*,#3641,.F.);
#4868=ORIENTED_EDGE('',*,*,#3646,.T.);
#4869=ORIENTED_EDGE('',*,*,#3647,.T.);
#4870=ORIENTED_EDGE('',*,*,#3648,.T.);
#4871=ORIENTED_EDGE('',*,*,#3644,.F.);
#4872=ORIENTED_EDGE('',*,*,#3649,.T.);
#4873=ORIENTED_EDGE('',*,*,#3650,.T.);
#4874=ORIENTED_EDGE('',*,*,#3651,.T.);
#4875=ORIENTED_EDGE('',*,*,#3647,.F.);
#4876=ORIENTED_EDGE('',*,*,#3652,.T.);
#4877=ORIENTED_EDGE('',*,*,#3653,.T.);
#4878=ORIENTED_EDGE('',*,*,#3654,.T.);
#4879=ORIENTED_EDGE('',*,*,#3650,.F.);
#4880=ORIENTED_EDGE('',*,*,#3655,.T.);
#4881=ORIENTED_EDGE('',*,*,#3656,.T.);
#4882=ORIENTED_EDGE('',*,*,#3657,.T.);
#4883=ORIENTED_EDGE('',*,*,#3653,.F.);
#4884=ORIENTED_EDGE('',*,*,#3658,.T.);
#4885=ORIENTED_EDGE('',*,*,#3659,.T.);
#4886=ORIENTED_EDGE('',*,*,#3660,.T.);
#4887=ORIENTED_EDGE('',*,*,#3656,.F.);
#4888=ORIENTED_EDGE('',*,*,#3661,.T.);
#4889=ORIENTED_EDGE('',*,*,#3662,.T.);
#4890=ORIENTED_EDGE('',*,*,#3663,.T.);
#4891=ORIENTED_EDGE('',*,*,#3659,.F.);
#4892=ORIENTED_EDGE('',*,*,#3664,.T.);
#4893=ORIENTED_EDGE('',*,*,#3665,.T.);
#4894=ORIENTED_EDGE('',*,*,#3666,.T.);
#4895=ORIENTED_EDGE('',*,*,#3662,.F.);
#4896=ORIENTED_EDGE('',*,*,#3667,.T.);
#4897=ORIENTED_EDGE('',*,*,#3668,.T.);
#4898=ORIENTED_EDGE('',*,*,#3669,.T.);
#4899=ORIENTED_EDGE('',*,*,#3665,.F.);
#4900=ORIENTED_EDGE('',*,*,#3670,.T.);
#4901=ORIENTED_EDGE('',*,*,#3671,.T.);
#4902=ORIENTED_EDGE('',*,*,#3612,.T.);
#4903=ORIENTED_EDGE('',*,*,#3668,.F.);
#4904=ORIENTED_EDGE('',*,*,#3672,.T.);
#4905=ORIENTED_EDGE('',*,*,#3673,.T.);
#4906=ORIENTED_EDGE('',*,*,#3610,.T.);
#4907=ORIENTED_EDGE('',*,*,#3671,.F.);
#4908=ORIENTED_EDGE('',*,*,#3674,.T.);
#4909=ORIENTED_EDGE('',*,*,#3675,.T.);
#4910=ORIENTED_EDGE('',*,*,#3608,.T.);
#4911=ORIENTED_EDGE('',*,*,#3673,.F.);
#4912=ORIENTED_EDGE('',*,*,#3676,.T.);
#4913=ORIENTED_EDGE('',*,*,#3677,.T.);
#4914=ORIENTED_EDGE('',*,*,#3606,.T.);
#4915=ORIENTED_EDGE('',*,*,#3675,.F.);
#4916=ORIENTED_EDGE('',*,*,#3678,.T.);
#4917=ORIENTED_EDGE('',*,*,#3679,.T.);
#4918=ORIENTED_EDGE('',*,*,#3604,.T.);
#4919=ORIENTED_EDGE('',*,*,#3677,.F.);
#4920=ORIENTED_EDGE('',*,*,#3680,.T.);
#4921=ORIENTED_EDGE('',*,*,#3681,.T.);
#4922=ORIENTED_EDGE('',*,*,#3602,.T.);
#4923=ORIENTED_EDGE('',*,*,#3679,.F.);
#4924=ORIENTED_EDGE('',*,*,#3682,.T.);
#4925=ORIENTED_EDGE('',*,*,#3683,.T.);
#4926=ORIENTED_EDGE('',*,*,#3600,.T.);
#4927=ORIENTED_EDGE('',*,*,#3681,.F.);
#4928=ORIENTED_EDGE('',*,*,#3684,.T.);
#4929=ORIENTED_EDGE('',*,*,#3685,.T.);
#4930=ORIENTED_EDGE('',*,*,#3596,.T.);
#4931=ORIENTED_EDGE('',*,*,#3683,.F.);
#4932=ORIENTED_EDGE('',*,*,#3686,.T.);
#4933=ORIENTED_EDGE('',*,*,#3687,.T.);
#4934=ORIENTED_EDGE('',*,*,#3597,.T.);
#4935=ORIENTED_EDGE('',*,*,#3685,.F.);
#4936=ORIENTED_EDGE('',*,*,#3688,.T.);
#4937=ORIENTED_EDGE('',*,*,#3689,.T.);
#4938=ORIENTED_EDGE('',*,*,#3598,.T.);
#4939=ORIENTED_EDGE('',*,*,#3687,.F.);
#4940=ORIENTED_EDGE('',*,*,#3690,.T.);
#4941=ORIENTED_EDGE('',*,*,#3691,.T.);
#4942=ORIENTED_EDGE('',*,*,#3594,.T.);
#4943=ORIENTED_EDGE('',*,*,#3689,.F.);
#4944=ORIENTED_EDGE('',*,*,#3692,.T.);
#4945=ORIENTED_EDGE('',*,*,#3693,.T.);
#4946=ORIENTED_EDGE('',*,*,#3592,.T.);
#4947=ORIENTED_EDGE('',*,*,#3691,.F.);
#4948=ORIENTED_EDGE('',*,*,#3694,.T.);
#4949=ORIENTED_EDGE('',*,*,#3695,.T.);
#4950=ORIENTED_EDGE('',*,*,#3590,.T.);
#4951=ORIENTED_EDGE('',*,*,#3693,.F.);
#4952=ORIENTED_EDGE('',*,*,#3696,.T.);
#4953=ORIENTED_EDGE('',*,*,#3697,.T.);
#4954=ORIENTED_EDGE('',*,*,#3588,.T.);
#4955=ORIENTED_EDGE('',*,*,#3695,.F.);
#4956=ORIENTED_EDGE('',*,*,#3698,.T.);
#4957=ORIENTED_EDGE('',*,*,#3699,.T.);
#4958=ORIENTED_EDGE('',*,*,#3586,.T.);
#4959=ORIENTED_EDGE('',*,*,#3697,.F.);
#4960=ORIENTED_EDGE('',*,*,#3700,.T.);
#4961=ORIENTED_EDGE('',*,*,#3701,.T.);
#4962=ORIENTED_EDGE('',*,*,#3584,.T.);
#4963=ORIENTED_EDGE('',*,*,#3699,.F.);
#4964=ORIENTED_EDGE('',*,*,#3702,.T.);
#4965=ORIENTED_EDGE('',*,*,#3703,.T.);
#4966=ORIENTED_EDGE('',*,*,#3581,.T.);
#4967=ORIENTED_EDGE('',*,*,#3701,.F.);
#4968=ORIENTED_EDGE('',*,*,#3704,.T.);
#4969=ORIENTED_EDGE('',*,*,#3705,.T.);
#4970=ORIENTED_EDGE('',*,*,#3706,.T.);
#4971=ORIENTED_EDGE('',*,*,#3703,.F.);
#4972=ORIENTED_EDGE('',*,*,#3707,.T.);
#4973=ORIENTED_EDGE('',*,*,#3708,.T.);
#4974=ORIENTED_EDGE('',*,*,#3709,.T.);
#4975=ORIENTED_EDGE('',*,*,#3705,.F.);
#4976=ORIENTED_EDGE('',*,*,#3710,.T.);
#4977=ORIENTED_EDGE('',*,*,#3711,.T.);
#4978=ORIENTED_EDGE('',*,*,#3712,.T.);
#4979=ORIENTED_EDGE('',*,*,#3708,.F.);
#4980=ORIENTED_EDGE('',*,*,#3713,.T.);
#4981=ORIENTED_EDGE('',*,*,#3714,.T.);
#4982=ORIENTED_EDGE('',*,*,#3715,.T.);
#4983=ORIENTED_EDGE('',*,*,#3711,.F.);
#4984=ORIENTED_EDGE('',*,*,#3424,.T.);
#4985=ORIENTED_EDGE('',*,*,#3716,.T.);
#4986=ORIENTED_EDGE('',*,*,#3717,.T.);
#4987=ORIENTED_EDGE('',*,*,#3714,.F.);
#4988=ORIENTED_EDGE('',*,*,#3427,.T.);
#4989=ORIENTED_EDGE('',*,*,#3718,.T.);
#4990=ORIENTED_EDGE('',*,*,#3719,.T.);
#4991=ORIENTED_EDGE('',*,*,#3716,.F.);
#4992=ORIENTED_EDGE('',*,*,#3429,.T.);
#4993=ORIENTED_EDGE('',*,*,#3720,.T.);
#4994=ORIENTED_EDGE('',*,*,#3721,.T.);
#4995=ORIENTED_EDGE('',*,*,#3718,.F.);
#4996=ORIENTED_EDGE('',*,*,#3431,.T.);
#4997=ORIENTED_EDGE('',*,*,#3722,.T.);
#4998=ORIENTED_EDGE('',*,*,#3723,.T.);
#4999=ORIENTED_EDGE('',*,*,#3720,.F.);
#5000=ORIENTED_EDGE('',*,*,#3433,.T.);
#5001=ORIENTED_EDGE('',*,*,#3724,.T.);
#5002=ORIENTED_EDGE('',*,*,#3725,.T.);
#5003=ORIENTED_EDGE('',*,*,#3722,.F.);
#5004=ORIENTED_EDGE('',*,*,#3435,.T.);
#5005=ORIENTED_EDGE('',*,*,#3726,.T.);
#5006=ORIENTED_EDGE('',*,*,#3727,.T.);
#5007=ORIENTED_EDGE('',*,*,#3724,.F.);
#5008=ORIENTED_EDGE('',*,*,#3437,.T.);
#5009=ORIENTED_EDGE('',*,*,#3728,.T.);
#5010=ORIENTED_EDGE('',*,*,#3729,.T.);
#5011=ORIENTED_EDGE('',*,*,#3726,.F.);
#5012=ORIENTED_EDGE('',*,*,#3439,.T.);
#5013=ORIENTED_EDGE('',*,*,#3730,.T.);
#5014=ORIENTED_EDGE('',*,*,#3731,.T.);
#5015=ORIENTED_EDGE('',*,*,#3728,.F.);
#5016=ORIENTED_EDGE('',*,*,#3441,.T.);
#5017=ORIENTED_EDGE('',*,*,#3732,.T.);
#5018=ORIENTED_EDGE('',*,*,#3733,.T.);
#5019=ORIENTED_EDGE('',*,*,#3730,.F.);
#5020=ORIENTED_EDGE('',*,*,#3443,.T.);
#5021=ORIENTED_EDGE('',*,*,#3734,.T.);
#5022=ORIENTED_EDGE('',*,*,#3735,.T.);
#5023=ORIENTED_EDGE('',*,*,#3732,.F.);
#5024=ORIENTED_EDGE('',*,*,#3445,.T.);
#5025=ORIENTED_EDGE('',*,*,#3736,.T.);
#5026=ORIENTED_EDGE('',*,*,#3737,.T.);
#5027=ORIENTED_EDGE('',*,*,#3734,.F.);
#5028=ORIENTED_EDGE('',*,*,#3447,.T.);
#5029=ORIENTED_EDGE('',*,*,#3738,.T.);
#5030=ORIENTED_EDGE('',*,*,#3739,.T.);
#5031=ORIENTED_EDGE('',*,*,#3736,.F.);
#5032=ORIENTED_EDGE('',*,*,#3449,.T.);
#5033=ORIENTED_EDGE('',*,*,#3740,.T.);
#5034=ORIENTED_EDGE('',*,*,#3738,.F.);
#5035=ORIENTED_EDGE('',*,*,#3451,.T.);
#5036=ORIENTED_EDGE('',*,*,#3637,.F.);
#5037=ORIENTED_EDGE('',*,*,#3520,.F.);
#5038=ORIENTED_EDGE('',*,*,#3582,.F.);
#5039=ORIENTED_EDGE('',*,*,#3706,.F.);
#5040=ORIENTED_EDGE('',*,*,#3709,.F.);
#5041=ORIENTED_EDGE('',*,*,#3712,.F.);
#5042=ORIENTED_EDGE('',*,*,#3715,.F.);
#5043=ORIENTED_EDGE('',*,*,#3717,.F.);
#5044=ORIENTED_EDGE('',*,*,#3719,.F.);
#5045=ORIENTED_EDGE('',*,*,#3721,.F.);
#5046=ORIENTED_EDGE('',*,*,#3723,.F.);
#5047=ORIENTED_EDGE('',*,*,#3725,.F.);
#5048=ORIENTED_EDGE('',*,*,#3727,.F.);
#5049=ORIENTED_EDGE('',*,*,#3729,.F.);
#5050=ORIENTED_EDGE('',*,*,#3731,.F.);
#5051=ORIENTED_EDGE('',*,*,#3733,.F.);
#5052=ORIENTED_EDGE('',*,*,#3735,.F.);
#5053=ORIENTED_EDGE('',*,*,#3737,.F.);
#5054=ORIENTED_EDGE('',*,*,#3739,.F.);
#5055=ORIENTED_EDGE('',*,*,#3740,.F.);
#5056=ORIENTED_EDGE('',*,*,#3636,.F.);
#5057=ORIENTED_EDGE('',*,*,#3639,.F.);
#5058=ORIENTED_EDGE('',*,*,#3642,.F.);
#5059=ORIENTED_EDGE('',*,*,#3645,.F.);
#5060=ORIENTED_EDGE('',*,*,#3648,.F.);
#5061=ORIENTED_EDGE('',*,*,#3651,.F.);
#5062=ORIENTED_EDGE('',*,*,#3654,.F.);
#5063=ORIENTED_EDGE('',*,*,#3657,.F.);
#5064=ORIENTED_EDGE('',*,*,#3660,.F.);
#5065=ORIENTED_EDGE('',*,*,#3663,.F.);
#5066=ORIENTED_EDGE('',*,*,#3666,.F.);
#5067=ORIENTED_EDGE('',*,*,#3669,.F.);
#5068=ORIENTED_EDGE('',*,*,#3611,.F.);
#5069=ORIENTED_EDGE('',*,*,#3464,.F.);
#5070=ORIENTED_EDGE('',*,*,#3461,.F.);
#5071=ORIENTED_EDGE('',*,*,#3458,.F.);
#5072=ORIENTED_EDGE('',*,*,#3454,.F.);
#5073=ORIENTED_EDGE('',*,*,#3579,.F.);
#5074=ORIENTED_EDGE('',*,*,#3576,.F.);
#5075=ORIENTED_EDGE('',*,*,#3574,.F.);
#5076=ORIENTED_EDGE('',*,*,#3571,.F.);
#5077=ORIENTED_EDGE('',*,*,#3568,.F.);
#5078=ORIENTED_EDGE('',*,*,#3565,.F.);
#5079=ORIENTED_EDGE('',*,*,#3562,.F.);
#5080=ORIENTED_EDGE('',*,*,#3559,.F.);
#5081=ORIENTED_EDGE('',*,*,#3556,.F.);
#5082=ORIENTED_EDGE('',*,*,#3553,.F.);
#5083=ORIENTED_EDGE('',*,*,#3550,.F.);
#5084=ORIENTED_EDGE('',*,*,#3547,.F.);
#5085=ORIENTED_EDGE('',*,*,#3544,.F.);
#5086=ORIENTED_EDGE('',*,*,#3541,.F.);
#5087=ORIENTED_EDGE('',*,*,#3538,.F.);
#5088=ORIENTED_EDGE('',*,*,#3535,.F.);
#5089=ORIENTED_EDGE('',*,*,#3532,.F.);
#5090=ORIENTED_EDGE('',*,*,#3529,.F.);
#5091=ORIENTED_EDGE('',*,*,#3526,.F.);
#5092=ORIENTED_EDGE('',*,*,#3523,.F.);
#5093=ORIENTED_EDGE('',*,*,#3371,.F.);
#5094=ORIENTED_EDGE('',*,*,#3741,.T.);
#5095=ORIENTED_EDGE('',*,*,#3688,.F.);
#5096=ORIENTED_EDGE('',*,*,#3742,.T.);
#5097=ORIENTED_EDGE('',*,*,#3368,.F.);
#5098=ORIENTED_EDGE('',*,*,#3742,.F.);
#5099=ORIENTED_EDGE('',*,*,#3686,.F.);
#5100=ORIENTED_EDGE('',*,*,#3684,.F.);
#5101=ORIENTED_EDGE('',*,*,#3682,.F.);
#5102=ORIENTED_EDGE('',*,*,#3680,.F.);
#5103=ORIENTED_EDGE('',*,*,#3678,.F.);
#5104=ORIENTED_EDGE('',*,*,#3676,.F.);
#5105=ORIENTED_EDGE('',*,*,#3674,.F.);
#5106=ORIENTED_EDGE('',*,*,#3672,.F.);
#5107=ORIENTED_EDGE('',*,*,#3670,.F.);
#5108=ORIENTED_EDGE('',*,*,#3743,.F.);
#5109=ORIENTED_EDGE('',*,*,#3365,.F.);
#5110=ORIENTED_EDGE('',*,*,#3743,.T.);
#5111=ORIENTED_EDGE('',*,*,#3667,.F.);
#5112=ORIENTED_EDGE('',*,*,#3744,.T.);
#5113=ORIENTED_EDGE('',*,*,#3362,.F.);
#5114=ORIENTED_EDGE('',*,*,#3744,.F.);
#5115=ORIENTED_EDGE('',*,*,#3664,.F.);
#5116=ORIENTED_EDGE('',*,*,#3745,.F.);
#5117=ORIENTED_EDGE('',*,*,#3359,.F.);
#5118=ORIENTED_EDGE('',*,*,#3745,.T.);
#5119=ORIENTED_EDGE('',*,*,#3661,.F.);
#5120=ORIENTED_EDGE('',*,*,#3746,.T.);
#5121=ORIENTED_EDGE('',*,*,#3356,.F.);
#5122=ORIENTED_EDGE('',*,*,#3746,.F.);
#5123=ORIENTED_EDGE('',*,*,#3658,.F.);
#5124=ORIENTED_EDGE('',*,*,#3747,.F.);
#5125=ORIENTED_EDGE('',*,*,#3353,.F.);
#5126=ORIENTED_EDGE('',*,*,#3747,.T.);
#5127=ORIENTED_EDGE('',*,*,#3655,.F.);
#5128=ORIENTED_EDGE('',*,*,#3748,.T.);
#5129=ORIENTED_EDGE('',*,*,#3350,.F.);
#5130=ORIENTED_EDGE('',*,*,#3748,.F.);
#5131=ORIENTED_EDGE('',*,*,#3652,.F.);
#5132=ORIENTED_EDGE('',*,*,#3749,.F.);
#5133=ORIENTED_EDGE('',*,*,#3347,.F.);
#5134=ORIENTED_EDGE('',*,*,#3749,.T.);
#5135=ORIENTED_EDGE('',*,*,#3649,.F.);
#5136=ORIENTED_EDGE('',*,*,#3750,.T.);
#5137=ORIENTED_EDGE('',*,*,#3344,.F.);
#5138=ORIENTED_EDGE('',*,*,#3750,.F.);
#5139=ORIENTED_EDGE('',*,*,#3646,.F.);
#5140=ORIENTED_EDGE('',*,*,#3751,.F.);
#5141=ORIENTED_EDGE('',*,*,#3341,.F.);
#5142=ORIENTED_EDGE('',*,*,#3751,.T.);
#5143=ORIENTED_EDGE('',*,*,#3643,.F.);
#5144=ORIENTED_EDGE('',*,*,#3752,.T.);
#5145=ORIENTED_EDGE('',*,*,#3338,.F.);
#5146=ORIENTED_EDGE('',*,*,#3752,.F.);
#5147=ORIENTED_EDGE('',*,*,#3640,.F.);
#5148=ORIENTED_EDGE('',*,*,#3452,.F.);
#5149=ORIENTED_EDGE('',*,*,#3380,.F.);
#5150=ORIENTED_EDGE('',*,*,#3425,.T.);
#5151=ORIENTED_EDGE('',*,*,#3713,.F.);
#5152=ORIENTED_EDGE('',*,*,#3753,.T.);
#5153=ORIENTED_EDGE('',*,*,#3519,.F.);
#5154=ORIENTED_EDGE('',*,*,#3614,.F.);
#5155=ORIENTED_EDGE('',*,*,#3281,.F.);
#5156=ORIENTED_EDGE('',*,*,#3754,.F.);
#5157=ORIENTED_EDGE('',*,*,#3495,.F.);
#5158=ORIENTED_EDGE('',*,*,#3498,.F.);
#5159=ORIENTED_EDGE('',*,*,#3501,.F.);
#5160=ORIENTED_EDGE('',*,*,#3504,.F.);
#5161=ORIENTED_EDGE('',*,*,#3507,.F.);
#5162=ORIENTED_EDGE('',*,*,#3510,.F.);
#5163=ORIENTED_EDGE('',*,*,#3513,.F.);
#5164=ORIENTED_EDGE('',*,*,#3516,.F.);
#5165=ORIENTED_EDGE('',*,*,#3377,.F.);
#5166=ORIENTED_EDGE('',*,*,#3753,.F.);
#5167=ORIENTED_EDGE('',*,*,#3710,.F.);
#5168=ORIENTED_EDGE('',*,*,#3755,.T.);
#5169=ORIENTED_EDGE('',*,*,#3492,.F.);
#5170=ORIENTED_EDGE('',*,*,#3754,.T.);
#5171=ORIENTED_EDGE('',*,*,#3280,.F.);
#5172=ORIENTED_EDGE('',*,*,#3756,.T.);
#5173=ORIENTED_EDGE('',*,*,#3489,.F.);
#5174=ORIENTED_EDGE('',*,*,#3756,.F.);
#5175=ORIENTED_EDGE('',*,*,#3305,.F.);
#5176=ORIENTED_EDGE('',*,*,#3757,.T.);
#5177=ORIENTED_EDGE('',*,*,#3466,.F.);
#5178=ORIENTED_EDGE('',*,*,#3468,.F.);
#5179=ORIENTED_EDGE('',*,*,#3471,.F.);
#5180=ORIENTED_EDGE('',*,*,#3474,.F.);
#5181=ORIENTED_EDGE('',*,*,#3477,.F.);
#5182=ORIENTED_EDGE('',*,*,#3480,.F.);
#5183=ORIENTED_EDGE('',*,*,#3483,.F.);
#5184=ORIENTED_EDGE('',*,*,#3486,.F.);
#5185=ORIENTED_EDGE('',*,*,#3463,.F.);
#5186=ORIENTED_EDGE('',*,*,#3757,.F.);
#5187=ORIENTED_EDGE('',*,*,#3304,.F.);
#5188=ORIENTED_EDGE('',*,*,#3758,.T.);
#5189=ORIENTED_EDGE('',*,*,#3460,.F.);
#5190=ORIENTED_EDGE('',*,*,#3758,.F.);
#5191=ORIENTED_EDGE('',*,*,#3303,.F.);
#5192=ORIENTED_EDGE('',*,*,#3634,.T.);
#5193=ORIENTED_EDGE('',*,*,#3374,.F.);
#5194=ORIENTED_EDGE('',*,*,#3755,.F.);
#5195=ORIENTED_EDGE('',*,*,#3707,.F.);
#5196=ORIENTED_EDGE('',*,*,#3704,.F.);
#5197=ORIENTED_EDGE('',*,*,#3702,.F.);
#5198=ORIENTED_EDGE('',*,*,#3700,.F.);
#5199=ORIENTED_EDGE('',*,*,#3698,.F.);
#5200=ORIENTED_EDGE('',*,*,#3696,.F.);
#5201=ORIENTED_EDGE('',*,*,#3694,.F.);
#5202=ORIENTED_EDGE('',*,*,#3692,.F.);
#5203=ORIENTED_EDGE('',*,*,#3690,.F.);
#5204=ORIENTED_EDGE('',*,*,#3741,.F.);
#5205=ORIENTED_EDGE('',*,*,#3759,.F.);
#5206=ORIENTED_EDGE('',*,*,#3760,.T.);
#5207=ORIENTED_EDGE('',*,*,#3761,.T.);
#5208=ORIENTED_EDGE('',*,*,#3760,.F.);
#5209=ORIENTED_EDGE('',*,*,#3762,.F.);
#5210=ORIENTED_EDGE('',*,*,#3763,.F.);
#5211=ORIENTED_EDGE('',*,*,#3764,.F.);
#5212=ORIENTED_EDGE('',*,*,#3765,.F.);
#5213=ORIENTED_EDGE('',*,*,#3766,.F.);
#5214=ORIENTED_EDGE('',*,*,#3767,.F.);
#5215=ORIENTED_EDGE('',*,*,#3768,.F.);
#5216=ORIENTED_EDGE('',*,*,#3769,.F.);
#5217=ORIENTED_EDGE('',*,*,#3770,.F.);
#5218=ORIENTED_EDGE('',*,*,#3771,.F.);
#5219=ORIENTED_EDGE('',*,*,#3772,.F.);
#5220=ORIENTED_EDGE('',*,*,#3773,.T.);
#5221=ORIENTED_EDGE('',*,*,#3774,.F.);
#5222=ORIENTED_EDGE('',*,*,#3775,.F.);
#5223=ORIENTED_EDGE('',*,*,#3776,.F.);
#5224=ORIENTED_EDGE('',*,*,#3777,.T.);
#5225=ORIENTED_EDGE('',*,*,#3778,.F.);
#5226=ORIENTED_EDGE('',*,*,#3779,.F.);
#5227=ORIENTED_EDGE('',*,*,#3780,.F.);
#5228=ORIENTED_EDGE('',*,*,#3781,.F.);
#5229=ORIENTED_EDGE('',*,*,#3782,.F.);
#5230=ORIENTED_EDGE('',*,*,#3783,.T.);
#5231=ORIENTED_EDGE('',*,*,#3784,.F.);
#5232=ORIENTED_EDGE('',*,*,#3785,.F.);
#5233=ORIENTED_EDGE('',*,*,#3786,.T.);
#5234=ORIENTED_EDGE('',*,*,#3787,.F.);
#5235=ORIENTED_EDGE('',*,*,#3788,.T.);
#5236=ORIENTED_EDGE('',*,*,#3789,.T.);
#5237=ORIENTED_EDGE('',*,*,#3790,.T.);
#5238=ORIENTED_EDGE('',*,*,#3791,.T.);
#5239=ORIENTED_EDGE('',*,*,#3759,.T.);
#5240=ORIENTED_EDGE('',*,*,#3788,.F.);
#5241=ORIENTED_EDGE('',*,*,#3792,.T.);
#5242=ORIENTED_EDGE('',*,*,#3793,.T.);
#5243=ORIENTED_EDGE('',*,*,#3792,.F.);
#5244=ORIENTED_EDGE('',*,*,#3791,.F.);
#5245=ORIENTED_EDGE('',*,*,#3794,.T.);
#5246=ORIENTED_EDGE('',*,*,#3795,.T.);
#5247=ORIENTED_EDGE('',*,*,#3794,.F.);
#5248=ORIENTED_EDGE('',*,*,#3789,.F.);
#5249=ORIENTED_EDGE('',*,*,#3796,.T.);
#5250=ORIENTED_EDGE('',*,*,#3797,.T.);
#5251=ORIENTED_EDGE('',*,*,#3796,.F.);
#5252=ORIENTED_EDGE('',*,*,#3790,.F.);
#5253=ORIENTED_EDGE('',*,*,#3798,.T.);
#5254=ORIENTED_EDGE('',*,*,#3799,.T.);
#5255=ORIENTED_EDGE('',*,*,#3798,.F.);
#5256=ORIENTED_EDGE('',*,*,#3800,.T.);
#5257=ORIENTED_EDGE('',*,*,#3801,.T.);
#5258=ORIENTED_EDGE('',*,*,#3802,.T.);
#5259=ORIENTED_EDGE('',*,*,#3801,.F.);
#5260=ORIENTED_EDGE('',*,*,#3799,.F.);
#5261=ORIENTED_EDGE('',*,*,#3800,.F.);
#5262=ORIENTED_EDGE('',*,*,#3803,.T.);
#5263=ORIENTED_EDGE('',*,*,#3804,.T.);
#5264=ORIENTED_EDGE('',*,*,#3805,.T.);
#5265=ORIENTED_EDGE('',*,*,#3804,.F.);
#5266=ORIENTED_EDGE('',*,*,#3761,.F.);
#5267=ORIENTED_EDGE('',*,*,#3803,.F.);
#5268=ORIENTED_EDGE('',*,*,#3806,.T.);
#5269=ORIENTED_EDGE('',*,*,#3807,.T.);
#5270=ORIENTED_EDGE('',*,*,#3808,.T.);
#5271=ORIENTED_EDGE('',*,*,#3807,.F.);
#5272=ORIENTED_EDGE('',*,*,#3797,.F.);
#5273=ORIENTED_EDGE('',*,*,#3806,.F.);
#5274=ORIENTED_EDGE('',*,*,#3809,.T.);
#5275=ORIENTED_EDGE('',*,*,#3810,.T.);
#5276=ORIENTED_EDGE('',*,*,#3811,.T.);
#5277=ORIENTED_EDGE('',*,*,#3810,.F.);
#5278=ORIENTED_EDGE('',*,*,#3793,.F.);
#5279=ORIENTED_EDGE('',*,*,#3809,.F.);
#5280=ORIENTED_EDGE('',*,*,#3812,.T.);
#5281=ORIENTED_EDGE('',*,*,#3813,.T.);
#5282=ORIENTED_EDGE('',*,*,#3814,.T.);
#5283=ORIENTED_EDGE('',*,*,#3813,.F.);
#5284=ORIENTED_EDGE('',*,*,#3795,.F.);
#5285=ORIENTED_EDGE('',*,*,#3812,.F.);
#5286=ORIENTED_EDGE('',*,*,#3802,.F.);
#5287=ORIENTED_EDGE('',*,*,#3805,.F.);
#5288=ORIENTED_EDGE('',*,*,#3808,.F.);
#5289=ORIENTED_EDGE('',*,*,#3811,.F.);
#5290=ORIENTED_EDGE('',*,*,#3814,.F.);
#5291=ORIENTED_EDGE('',*,*,#3815,.F.);
#5292=ORIENTED_EDGE('',*,*,#3816,.T.);
#5293=ORIENTED_EDGE('',*,*,#3817,.F.);
#5294=ORIENTED_EDGE('',*,*,#3818,.F.);
#5295=ORIENTED_EDGE('',*,*,#3819,.F.);
#5296=ORIENTED_EDGE('',*,*,#3820,.F.);
#5297=ORIENTED_EDGE('',*,*,#3818,.T.);
#5298=ORIENTED_EDGE('',*,*,#3821,.F.);
#5299=ORIENTED_EDGE('',*,*,#3822,.F.);
#5300=ORIENTED_EDGE('',*,*,#3823,.F.);
#5301=ORIENTED_EDGE('',*,*,#3819,.T.);
#5302=ORIENTED_EDGE('',*,*,#3824,.F.);
#5303=ORIENTED_EDGE('',*,*,#3825,.F.);
#5304=ORIENTED_EDGE('',*,*,#3826,.F.);
#5305=ORIENTED_EDGE('',*,*,#3822,.T.);
#5306=ORIENTED_EDGE('',*,*,#3827,.F.);
#5307=ORIENTED_EDGE('',*,*,#3828,.F.);
#5308=ORIENTED_EDGE('',*,*,#3829,.F.);
#5309=ORIENTED_EDGE('',*,*,#3825,.T.);
#5310=ORIENTED_EDGE('',*,*,#3830,.F.);
#5311=ORIENTED_EDGE('',*,*,#3831,.F.);
#5312=ORIENTED_EDGE('',*,*,#3832,.F.);
#5313=ORIENTED_EDGE('',*,*,#3828,.T.);
#5314=ORIENTED_EDGE('',*,*,#3833,.F.);
#5315=ORIENTED_EDGE('',*,*,#3834,.F.);
#5316=ORIENTED_EDGE('',*,*,#3835,.F.);
#5317=ORIENTED_EDGE('',*,*,#3831,.T.);
#5318=ORIENTED_EDGE('',*,*,#3836,.F.);
#5319=ORIENTED_EDGE('',*,*,#3837,.F.);
#5320=ORIENTED_EDGE('',*,*,#3838,.F.);
#5321=ORIENTED_EDGE('',*,*,#3834,.T.);
#5322=ORIENTED_EDGE('',*,*,#3839,.F.);
#5323=ORIENTED_EDGE('',*,*,#3840,.F.);
#5324=ORIENTED_EDGE('',*,*,#3841,.F.);
#5325=ORIENTED_EDGE('',*,*,#3837,.T.);
#5326=ORIENTED_EDGE('',*,*,#3842,.F.);
#5327=ORIENTED_EDGE('',*,*,#3843,.F.);
#5328=ORIENTED_EDGE('',*,*,#3844,.F.);
#5329=ORIENTED_EDGE('',*,*,#3840,.T.);
#5330=ORIENTED_EDGE('',*,*,#3845,.F.);
#5331=ORIENTED_EDGE('',*,*,#3846,.F.);
#5332=ORIENTED_EDGE('',*,*,#3847,.F.);
#5333=ORIENTED_EDGE('',*,*,#3843,.T.);
#5334=ORIENTED_EDGE('',*,*,#3848,.F.);
#5335=ORIENTED_EDGE('',*,*,#3849,.F.);
#5336=ORIENTED_EDGE('',*,*,#3850,.F.);
#5337=ORIENTED_EDGE('',*,*,#3846,.T.);
#5338=ORIENTED_EDGE('',*,*,#3851,.F.);
#5339=ORIENTED_EDGE('',*,*,#3852,.F.);
#5340=ORIENTED_EDGE('',*,*,#3853,.F.);
#5341=ORIENTED_EDGE('',*,*,#3849,.T.);
#5342=ORIENTED_EDGE('',*,*,#3854,.F.);
#5343=ORIENTED_EDGE('',*,*,#3855,.F.);
#5344=ORIENTED_EDGE('',*,*,#3856,.F.);
#5345=ORIENTED_EDGE('',*,*,#3852,.T.);
#5346=ORIENTED_EDGE('',*,*,#3857,.F.);
#5347=ORIENTED_EDGE('',*,*,#3858,.F.);
#5348=ORIENTED_EDGE('',*,*,#3859,.F.);
#5349=ORIENTED_EDGE('',*,*,#3855,.T.);
#5350=ORIENTED_EDGE('',*,*,#3860,.F.);
#5351=ORIENTED_EDGE('',*,*,#3861,.F.);
#5352=ORIENTED_EDGE('',*,*,#3862,.F.);
#5353=ORIENTED_EDGE('',*,*,#3858,.T.);
#5354=ORIENTED_EDGE('',*,*,#3863,.F.);
#5355=ORIENTED_EDGE('',*,*,#3864,.F.);
#5356=ORIENTED_EDGE('',*,*,#3865,.F.);
#5357=ORIENTED_EDGE('',*,*,#3861,.T.);
#5358=ORIENTED_EDGE('',*,*,#3866,.F.);
#5359=ORIENTED_EDGE('',*,*,#3867,.F.);
#5360=ORIENTED_EDGE('',*,*,#3868,.F.);
#5361=ORIENTED_EDGE('',*,*,#3864,.T.);
#5362=ORIENTED_EDGE('',*,*,#3869,.F.);
#5363=ORIENTED_EDGE('',*,*,#3870,.F.);
#5364=ORIENTED_EDGE('',*,*,#3871,.F.);
#5365=ORIENTED_EDGE('',*,*,#3867,.T.);
#5366=ORIENTED_EDGE('',*,*,#3872,.F.);
#5367=ORIENTED_EDGE('',*,*,#3873,.F.);
#5368=ORIENTED_EDGE('',*,*,#3874,.F.);
#5369=ORIENTED_EDGE('',*,*,#3870,.T.);
#5370=ORIENTED_EDGE('',*,*,#3875,.F.);
#5371=ORIENTED_EDGE('',*,*,#3876,.F.);
#5372=ORIENTED_EDGE('',*,*,#3877,.F.);
#5373=ORIENTED_EDGE('',*,*,#3873,.T.);
#5374=ORIENTED_EDGE('',*,*,#3878,.F.);
#5375=ORIENTED_EDGE('',*,*,#3879,.F.);
#5376=ORIENTED_EDGE('',*,*,#3880,.F.);
#5377=ORIENTED_EDGE('',*,*,#3876,.T.);
#5378=ORIENTED_EDGE('',*,*,#3881,.F.);
#5379=ORIENTED_EDGE('',*,*,#3882,.F.);
#5380=ORIENTED_EDGE('',*,*,#3883,.F.);
#5381=ORIENTED_EDGE('',*,*,#3879,.T.);
#5382=ORIENTED_EDGE('',*,*,#3884,.F.);
#5383=ORIENTED_EDGE('',*,*,#3885,.F.);
#5384=ORIENTED_EDGE('',*,*,#3886,.F.);
#5385=ORIENTED_EDGE('',*,*,#3882,.T.);
#5386=ORIENTED_EDGE('',*,*,#3887,.F.);
#5387=ORIENTED_EDGE('',*,*,#3888,.F.);
#5388=ORIENTED_EDGE('',*,*,#3889,.F.);
#5389=ORIENTED_EDGE('',*,*,#3885,.T.);
#5390=ORIENTED_EDGE('',*,*,#3890,.F.);
#5391=ORIENTED_EDGE('',*,*,#3891,.F.);
#5392=ORIENTED_EDGE('',*,*,#3892,.F.);
#5393=ORIENTED_EDGE('',*,*,#3888,.T.);
#5394=ORIENTED_EDGE('',*,*,#3893,.F.);
#5395=ORIENTED_EDGE('',*,*,#3894,.F.);
#5396=ORIENTED_EDGE('',*,*,#3895,.F.);
#5397=ORIENTED_EDGE('',*,*,#3891,.T.);
#5398=ORIENTED_EDGE('',*,*,#3896,.F.);
#5399=ORIENTED_EDGE('',*,*,#3897,.F.);
#5400=ORIENTED_EDGE('',*,*,#3898,.F.);
#5401=ORIENTED_EDGE('',*,*,#3894,.T.);
#5402=ORIENTED_EDGE('',*,*,#3899,.F.);
#5403=ORIENTED_EDGE('',*,*,#3900,.F.);
#5404=ORIENTED_EDGE('',*,*,#3901,.F.);
#5405=ORIENTED_EDGE('',*,*,#3897,.T.);
#5406=ORIENTED_EDGE('',*,*,#3902,.F.);
#5407=ORIENTED_EDGE('',*,*,#3903,.F.);
#5408=ORIENTED_EDGE('',*,*,#3816,.F.);
#5409=ORIENTED_EDGE('',*,*,#3904,.F.);
#5410=ORIENTED_EDGE('',*,*,#3900,.T.);
#5411=ORIENTED_EDGE('',*,*,#3866,.T.);
#5412=ORIENTED_EDGE('',*,*,#3905,.T.);
#5413=ORIENTED_EDGE('',*,*,#3906,.T.);
#5414=ORIENTED_EDGE('',*,*,#3907,.T.);
#5415=ORIENTED_EDGE('',*,*,#3869,.T.);
#5416=ORIENTED_EDGE('',*,*,#3907,.F.);
#5417=ORIENTED_EDGE('',*,*,#3908,.T.);
#5418=ORIENTED_EDGE('',*,*,#3909,.F.);
#5419=ORIENTED_EDGE('',*,*,#3872,.T.);
#5420=ORIENTED_EDGE('',*,*,#3909,.T.);
#5421=ORIENTED_EDGE('',*,*,#3910,.T.);
#5422=ORIENTED_EDGE('',*,*,#3911,.T.);
#5423=ORIENTED_EDGE('',*,*,#3875,.T.);
#5424=ORIENTED_EDGE('',*,*,#3911,.F.);
#5425=ORIENTED_EDGE('',*,*,#3912,.T.);
#5426=ORIENTED_EDGE('',*,*,#3913,.F.);
#5427=ORIENTED_EDGE('',*,*,#3878,.T.);
#5428=ORIENTED_EDGE('',*,*,#3913,.T.);
#5429=ORIENTED_EDGE('',*,*,#3914,.T.);
#5430=ORIENTED_EDGE('',*,*,#3915,.T.);
#5431=ORIENTED_EDGE('',*,*,#3881,.T.);
#5432=ORIENTED_EDGE('',*,*,#3915,.F.);
#5433=ORIENTED_EDGE('',*,*,#3916,.T.);
#5434=ORIENTED_EDGE('',*,*,#3917,.T.);
#5435=ORIENTED_EDGE('',*,*,#3884,.T.);
#5436=ORIENTED_EDGE('',*,*,#3917,.F.);
#5437=ORIENTED_EDGE('',*,*,#3918,.T.);
#5438=ORIENTED_EDGE('',*,*,#3919,.F.);
#5439=ORIENTED_EDGE('',*,*,#3887,.T.);
#5440=ORIENTED_EDGE('',*,*,#3919,.T.);
#5441=ORIENTED_EDGE('',*,*,#3920,.T.);
#5442=ORIENTED_EDGE('',*,*,#3921,.T.);
#5443=ORIENTED_EDGE('',*,*,#3890,.T.);
#5444=ORIENTED_EDGE('',*,*,#3921,.F.);
#5445=ORIENTED_EDGE('',*,*,#3922,.T.);
#5446=ORIENTED_EDGE('',*,*,#3923,.F.);
#5447=ORIENTED_EDGE('',*,*,#3893,.T.);
#5448=ORIENTED_EDGE('',*,*,#3923,.T.);
#5449=ORIENTED_EDGE('',*,*,#3924,.T.);
#5450=ORIENTED_EDGE('',*,*,#3925,.T.);
#5451=ORIENTED_EDGE('',*,*,#3896,.T.);
#5452=ORIENTED_EDGE('',*,*,#3925,.F.);
#5453=ORIENTED_EDGE('',*,*,#3926,.T.);
#5454=ORIENTED_EDGE('',*,*,#3927,.F.);
#5455=ORIENTED_EDGE('',*,*,#3899,.T.);
#5456=ORIENTED_EDGE('',*,*,#3927,.T.);
#5457=ORIENTED_EDGE('',*,*,#3928,.T.);
#5458=ORIENTED_EDGE('',*,*,#3929,.T.);
#5459=ORIENTED_EDGE('',*,*,#3902,.T.);
#5460=ORIENTED_EDGE('',*,*,#3929,.F.);
#5461=ORIENTED_EDGE('',*,*,#3930,.T.);
#5462=ORIENTED_EDGE('',*,*,#3931,.F.);
#5463=ORIENTED_EDGE('',*,*,#3903,.T.);
#5464=ORIENTED_EDGE('',*,*,#3931,.T.);
#5465=ORIENTED_EDGE('',*,*,#3932,.T.);
#5466=ORIENTED_EDGE('',*,*,#3933,.F.);
#5467=ORIENTED_EDGE('',*,*,#3817,.T.);
#5468=ORIENTED_EDGE('',*,*,#3933,.T.);
#5469=ORIENTED_EDGE('',*,*,#3934,.T.);
#5470=ORIENTED_EDGE('',*,*,#3935,.F.);
#5471=ORIENTED_EDGE('',*,*,#3815,.T.);
#5472=ORIENTED_EDGE('',*,*,#3820,.T.);
#5473=ORIENTED_EDGE('',*,*,#3823,.T.);
#5474=ORIENTED_EDGE('',*,*,#3826,.T.);
#5475=ORIENTED_EDGE('',*,*,#3829,.T.);
#5476=ORIENTED_EDGE('',*,*,#3832,.T.);
#5477=ORIENTED_EDGE('',*,*,#3835,.T.);
#5478=ORIENTED_EDGE('',*,*,#3838,.T.);
#5479=ORIENTED_EDGE('',*,*,#3841,.T.);
#5480=ORIENTED_EDGE('',*,*,#3844,.T.);
#5481=ORIENTED_EDGE('',*,*,#3847,.T.);
#5482=ORIENTED_EDGE('',*,*,#3850,.T.);
#5483=ORIENTED_EDGE('',*,*,#3853,.T.);
#5484=ORIENTED_EDGE('',*,*,#3856,.T.);
#5485=ORIENTED_EDGE('',*,*,#3859,.T.);
#5486=ORIENTED_EDGE('',*,*,#3862,.T.);
#5487=ORIENTED_EDGE('',*,*,#3865,.T.);
#5488=ORIENTED_EDGE('',*,*,#3868,.T.);
#5489=ORIENTED_EDGE('',*,*,#3871,.T.);
#5490=ORIENTED_EDGE('',*,*,#3874,.T.);
#5491=ORIENTED_EDGE('',*,*,#3877,.T.);
#5492=ORIENTED_EDGE('',*,*,#3880,.T.);
#5493=ORIENTED_EDGE('',*,*,#3883,.T.);
#5494=ORIENTED_EDGE('',*,*,#3886,.T.);
#5495=ORIENTED_EDGE('',*,*,#3889,.T.);
#5496=ORIENTED_EDGE('',*,*,#3892,.T.);
#5497=ORIENTED_EDGE('',*,*,#3895,.T.);
#5498=ORIENTED_EDGE('',*,*,#3898,.T.);
#5499=ORIENTED_EDGE('',*,*,#3901,.T.);
#5500=ORIENTED_EDGE('',*,*,#3904,.T.);
#5501=ORIENTED_EDGE('',*,*,#3936,.F.);
#5502=ORIENTED_EDGE('',*,*,#3937,.T.);
#5503=ORIENTED_EDGE('',*,*,#3938,.F.);
#5504=ORIENTED_EDGE('',*,*,#3939,.F.);
#5505=ORIENTED_EDGE('',*,*,#3940,.F.);
#5506=ORIENTED_EDGE('',*,*,#3939,.T.);
#5507=ORIENTED_EDGE('',*,*,#3941,.F.);
#5508=ORIENTED_EDGE('',*,*,#3942,.F.);
#5509=ORIENTED_EDGE('',*,*,#3943,.F.);
#5510=ORIENTED_EDGE('',*,*,#3942,.T.);
#5511=ORIENTED_EDGE('',*,*,#3944,.F.);
#5512=ORIENTED_EDGE('',*,*,#3945,.F.);
#5513=ORIENTED_EDGE('',*,*,#3946,.F.);
#5514=ORIENTED_EDGE('',*,*,#3945,.T.);
#5515=ORIENTED_EDGE('',*,*,#3947,.F.);
#5516=ORIENTED_EDGE('',*,*,#3948,.F.);
#5517=ORIENTED_EDGE('',*,*,#3949,.F.);
#5518=ORIENTED_EDGE('',*,*,#3950,.F.);
#5519=ORIENTED_EDGE('',*,*,#3948,.T.);
#5520=ORIENTED_EDGE('',*,*,#3951,.F.);
#5521=ORIENTED_EDGE('',*,*,#3952,.F.);
#5522=ORIENTED_EDGE('',*,*,#3953,.F.);
#5523=ORIENTED_EDGE('',*,*,#3949,.T.);
#5524=ORIENTED_EDGE('',*,*,#3954,.F.);
#5525=ORIENTED_EDGE('',*,*,#3955,.F.);
#5526=ORIENTED_EDGE('',*,*,#3956,.F.);
#5527=ORIENTED_EDGE('',*,*,#3952,.T.);
#5528=ORIENTED_EDGE('',*,*,#3957,.F.);
#5529=ORIENTED_EDGE('',*,*,#3958,.F.);
#5530=ORIENTED_EDGE('',*,*,#3959,.F.);
#5531=ORIENTED_EDGE('',*,*,#3955,.T.);
#5532=ORIENTED_EDGE('',*,*,#3960,.F.);
#5533=ORIENTED_EDGE('',*,*,#3961,.F.);
#5534=ORIENTED_EDGE('',*,*,#3962,.F.);
#5535=ORIENTED_EDGE('',*,*,#3958,.T.);
#5536=ORIENTED_EDGE('',*,*,#3963,.F.);
#5537=ORIENTED_EDGE('',*,*,#3964,.F.);
#5538=ORIENTED_EDGE('',*,*,#3965,.F.);
#5539=ORIENTED_EDGE('',*,*,#3961,.T.);
#5540=ORIENTED_EDGE('',*,*,#3966,.F.);
#5541=ORIENTED_EDGE('',*,*,#3967,.F.);
#5542=ORIENTED_EDGE('',*,*,#3968,.F.);
#5543=ORIENTED_EDGE('',*,*,#3964,.T.);
#5544=ORIENTED_EDGE('',*,*,#3969,.F.);
#5545=ORIENTED_EDGE('',*,*,#3970,.F.);
#5546=ORIENTED_EDGE('',*,*,#3971,.F.);
#5547=ORIENTED_EDGE('',*,*,#3967,.T.);
#5548=ORIENTED_EDGE('',*,*,#3972,.F.);
#5549=ORIENTED_EDGE('',*,*,#3973,.F.);
#5550=ORIENTED_EDGE('',*,*,#3974,.F.);
#5551=ORIENTED_EDGE('',*,*,#3970,.T.);
#5552=ORIENTED_EDGE('',*,*,#3975,.F.);
#5553=ORIENTED_EDGE('',*,*,#3976,.F.);
#5554=ORIENTED_EDGE('',*,*,#3977,.F.);
#5555=ORIENTED_EDGE('',*,*,#3973,.T.);
#5556=ORIENTED_EDGE('',*,*,#3978,.F.);
#5557=ORIENTED_EDGE('',*,*,#3979,.F.);
#5558=ORIENTED_EDGE('',*,*,#3980,.F.);
#5559=ORIENTED_EDGE('',*,*,#3976,.T.);
#5560=ORIENTED_EDGE('',*,*,#3981,.F.);
#5561=ORIENTED_EDGE('',*,*,#3982,.F.);
#5562=ORIENTED_EDGE('',*,*,#3983,.F.);
#5563=ORIENTED_EDGE('',*,*,#3979,.T.);
#5564=ORIENTED_EDGE('',*,*,#3984,.F.);
#5565=ORIENTED_EDGE('',*,*,#3985,.F.);
#5566=ORIENTED_EDGE('',*,*,#3986,.F.);
#5567=ORIENTED_EDGE('',*,*,#3982,.T.);
#5568=ORIENTED_EDGE('',*,*,#3987,.F.);
#5569=ORIENTED_EDGE('',*,*,#3988,.F.);
#5570=ORIENTED_EDGE('',*,*,#3989,.F.);
#5571=ORIENTED_EDGE('',*,*,#3985,.T.);
#5572=ORIENTED_EDGE('',*,*,#3990,.F.);
#5573=ORIENTED_EDGE('',*,*,#3991,.F.);
#5574=ORIENTED_EDGE('',*,*,#3992,.F.);
#5575=ORIENTED_EDGE('',*,*,#3988,.T.);
#5576=ORIENTED_EDGE('',*,*,#3993,.F.);
#5577=ORIENTED_EDGE('',*,*,#3994,.F.);
#5578=ORIENTED_EDGE('',*,*,#3995,.F.);
#5579=ORIENTED_EDGE('',*,*,#3991,.T.);
#5580=ORIENTED_EDGE('',*,*,#3996,.F.);
#5581=ORIENTED_EDGE('',*,*,#3997,.F.);
#5582=ORIENTED_EDGE('',*,*,#3998,.F.);
#5583=ORIENTED_EDGE('',*,*,#3994,.T.);
#5584=ORIENTED_EDGE('',*,*,#3999,.F.);
#5585=ORIENTED_EDGE('',*,*,#4000,.F.);
#5586=ORIENTED_EDGE('',*,*,#4001,.F.);
#5587=ORIENTED_EDGE('',*,*,#3997,.T.);
#5588=ORIENTED_EDGE('',*,*,#4002,.F.);
#5589=ORIENTED_EDGE('',*,*,#4003,.F.);
#5590=ORIENTED_EDGE('',*,*,#4004,.F.);
#5591=ORIENTED_EDGE('',*,*,#4000,.T.);
#5592=ORIENTED_EDGE('',*,*,#4005,.F.);
#5593=ORIENTED_EDGE('',*,*,#4006,.F.);
#5594=ORIENTED_EDGE('',*,*,#4007,.F.);
#5595=ORIENTED_EDGE('',*,*,#4003,.T.);
#5596=ORIENTED_EDGE('',*,*,#4008,.F.);
#5597=ORIENTED_EDGE('',*,*,#4009,.F.);
#5598=ORIENTED_EDGE('',*,*,#4010,.F.);
#5599=ORIENTED_EDGE('',*,*,#4006,.T.);
#5600=ORIENTED_EDGE('',*,*,#4011,.F.);
#5601=ORIENTED_EDGE('',*,*,#4012,.F.);
#5602=ORIENTED_EDGE('',*,*,#4013,.F.);
#5603=ORIENTED_EDGE('',*,*,#4009,.T.);
#5604=ORIENTED_EDGE('',*,*,#4014,.F.);
#5605=ORIENTED_EDGE('',*,*,#4015,.F.);
#5606=ORIENTED_EDGE('',*,*,#4016,.F.);
#5607=ORIENTED_EDGE('',*,*,#4012,.T.);
#5608=ORIENTED_EDGE('',*,*,#4017,.F.);
#5609=ORIENTED_EDGE('',*,*,#4018,.F.);
#5610=ORIENTED_EDGE('',*,*,#4019,.F.);
#5611=ORIENTED_EDGE('',*,*,#4015,.T.);
#5612=ORIENTED_EDGE('',*,*,#4020,.F.);
#5613=ORIENTED_EDGE('',*,*,#4021,.F.);
#5614=ORIENTED_EDGE('',*,*,#4022,.F.);
#5615=ORIENTED_EDGE('',*,*,#4018,.T.);
#5616=ORIENTED_EDGE('',*,*,#4023,.F.);
#5617=ORIENTED_EDGE('',*,*,#4024,.F.);
#5618=ORIENTED_EDGE('',*,*,#4025,.F.);
#5619=ORIENTED_EDGE('',*,*,#4021,.T.);
#5620=ORIENTED_EDGE('',*,*,#4026,.F.);
#5621=ORIENTED_EDGE('',*,*,#4027,.F.);
#5622=ORIENTED_EDGE('',*,*,#4028,.F.);
#5623=ORIENTED_EDGE('',*,*,#4024,.T.);
#5624=ORIENTED_EDGE('',*,*,#4029,.F.);
#5625=ORIENTED_EDGE('',*,*,#4030,.F.);
#5626=ORIENTED_EDGE('',*,*,#4031,.F.);
#5627=ORIENTED_EDGE('',*,*,#4027,.T.);
#5628=ORIENTED_EDGE('',*,*,#4032,.F.);
#5629=ORIENTED_EDGE('',*,*,#4033,.F.);
#5630=ORIENTED_EDGE('',*,*,#4034,.F.);
#5631=ORIENTED_EDGE('',*,*,#4030,.T.);
#5632=ORIENTED_EDGE('',*,*,#4035,.F.);
#5633=ORIENTED_EDGE('',*,*,#4036,.F.);
#5634=ORIENTED_EDGE('',*,*,#4037,.F.);
#5635=ORIENTED_EDGE('',*,*,#4033,.T.);
#5636=ORIENTED_EDGE('',*,*,#4038,.F.);
#5637=ORIENTED_EDGE('',*,*,#4039,.F.);
#5638=ORIENTED_EDGE('',*,*,#4040,.F.);
#5639=ORIENTED_EDGE('',*,*,#4036,.T.);
#5640=ORIENTED_EDGE('',*,*,#4041,.F.);
#5641=ORIENTED_EDGE('',*,*,#4042,.F.);
#5642=ORIENTED_EDGE('',*,*,#4043,.F.);
#5643=ORIENTED_EDGE('',*,*,#4039,.T.);
#5644=ORIENTED_EDGE('',*,*,#4044,.F.);
#5645=ORIENTED_EDGE('',*,*,#4045,.F.);
#5646=ORIENTED_EDGE('',*,*,#4046,.F.);
#5647=ORIENTED_EDGE('',*,*,#4042,.T.);
#5648=ORIENTED_EDGE('',*,*,#4047,.F.);
#5649=ORIENTED_EDGE('',*,*,#4048,.F.);
#5650=ORIENTED_EDGE('',*,*,#4049,.F.);
#5651=ORIENTED_EDGE('',*,*,#4045,.T.);
#5652=ORIENTED_EDGE('',*,*,#4050,.F.);
#5653=ORIENTED_EDGE('',*,*,#4051,.F.);
#5654=ORIENTED_EDGE('',*,*,#4052,.F.);
#5655=ORIENTED_EDGE('',*,*,#4048,.T.);
#5656=ORIENTED_EDGE('',*,*,#4053,.F.);
#5657=ORIENTED_EDGE('',*,*,#4054,.F.);
#5658=ORIENTED_EDGE('',*,*,#4055,.F.);
#5659=ORIENTED_EDGE('',*,*,#4051,.T.);
#5660=ORIENTED_EDGE('',*,*,#4056,.F.);
#5661=ORIENTED_EDGE('',*,*,#4057,.F.);
#5662=ORIENTED_EDGE('',*,*,#4058,.F.);
#5663=ORIENTED_EDGE('',*,*,#4059,.F.);
#5664=ORIENTED_EDGE('',*,*,#4054,.T.);
#5665=ORIENTED_EDGE('',*,*,#4060,.F.);
#5666=ORIENTED_EDGE('',*,*,#3937,.F.);
#5667=ORIENTED_EDGE('',*,*,#4061,.F.);
#5668=ORIENTED_EDGE('',*,*,#4058,.T.);
#5669=ORIENTED_EDGE('',*,*,#3998,.T.);
#5670=ORIENTED_EDGE('',*,*,#4062,.F.);
#5671=ORIENTED_EDGE('',*,*,#4063,.T.);
#5672=ORIENTED_EDGE('',*,*,#4064,.F.);
#5673=ORIENTED_EDGE('',*,*,#3995,.T.);
#5674=ORIENTED_EDGE('',*,*,#4064,.T.);
#5675=ORIENTED_EDGE('',*,*,#4065,.T.);
#5676=ORIENTED_EDGE('',*,*,#4066,.T.);
#5677=ORIENTED_EDGE('',*,*,#3992,.T.);
#5678=ORIENTED_EDGE('',*,*,#4066,.F.);
#5679=ORIENTED_EDGE('',*,*,#4067,.T.);
#5680=ORIENTED_EDGE('',*,*,#4068,.F.);
#5681=ORIENTED_EDGE('',*,*,#3989,.T.);
#5682=ORIENTED_EDGE('',*,*,#4068,.T.);
#5683=ORIENTED_EDGE('',*,*,#4069,.T.);
#5684=ORIENTED_EDGE('',*,*,#4070,.T.);
#5685=ORIENTED_EDGE('',*,*,#3986,.T.);
#5686=ORIENTED_EDGE('',*,*,#4070,.F.);
#5687=ORIENTED_EDGE('',*,*,#4071,.T.);
#5688=ORIENTED_EDGE('',*,*,#4072,.F.);
#5689=ORIENTED_EDGE('',*,*,#3983,.T.);
#5690=ORIENTED_EDGE('',*,*,#4072,.T.);
#5691=ORIENTED_EDGE('',*,*,#4073,.T.);
#5692=ORIENTED_EDGE('',*,*,#4074,.T.);
#5693=ORIENTED_EDGE('',*,*,#3980,.T.);
#5694=ORIENTED_EDGE('',*,*,#4074,.F.);
#5695=ORIENTED_EDGE('',*,*,#4075,.T.);
#5696=ORIENTED_EDGE('',*,*,#4076,.F.);
#5697=ORIENTED_EDGE('',*,*,#3977,.T.);
#5698=ORIENTED_EDGE('',*,*,#4076,.T.);
#5699=ORIENTED_EDGE('',*,*,#4077,.T.);
#5700=ORIENTED_EDGE('',*,*,#4078,.T.);
#5701=ORIENTED_EDGE('',*,*,#4079,.T.);
#5702=ORIENTED_EDGE('',*,*,#4080,.T.);
#5703=ORIENTED_EDGE('',*,*,#3971,.T.);
#5704=ORIENTED_EDGE('',*,*,#3974,.T.);
#5705=ORIENTED_EDGE('',*,*,#3968,.T.);
#5706=ORIENTED_EDGE('',*,*,#4080,.F.);
#5707=ORIENTED_EDGE('',*,*,#4081,.T.);
#5708=ORIENTED_EDGE('',*,*,#4082,.F.);
#5709=ORIENTED_EDGE('',*,*,#3965,.T.);
#5710=ORIENTED_EDGE('',*,*,#4082,.T.);
#5711=ORIENTED_EDGE('',*,*,#4083,.T.);
#5712=ORIENTED_EDGE('',*,*,#4084,.T.);
#5713=ORIENTED_EDGE('',*,*,#3962,.T.);
#5714=ORIENTED_EDGE('',*,*,#4084,.F.);
#5715=ORIENTED_EDGE('',*,*,#4085,.T.);
#5716=ORIENTED_EDGE('',*,*,#4086,.F.);
#5717=ORIENTED_EDGE('',*,*,#3959,.T.);
#5718=ORIENTED_EDGE('',*,*,#4086,.T.);
#5719=ORIENTED_EDGE('',*,*,#4087,.T.);
#5720=ORIENTED_EDGE('',*,*,#4088,.T.);
#5721=ORIENTED_EDGE('',*,*,#3956,.T.);
#5722=ORIENTED_EDGE('',*,*,#4088,.F.);
#5723=ORIENTED_EDGE('',*,*,#4089,.T.);
#5724=ORIENTED_EDGE('',*,*,#4090,.F.);
#5725=ORIENTED_EDGE('',*,*,#3953,.T.);
#5726=ORIENTED_EDGE('',*,*,#4090,.T.);
#5727=ORIENTED_EDGE('',*,*,#4091,.T.);
#5728=ORIENTED_EDGE('',*,*,#4092,.T.);
#5729=ORIENTED_EDGE('',*,*,#3950,.T.);
#5730=ORIENTED_EDGE('',*,*,#4092,.F.);
#5731=ORIENTED_EDGE('',*,*,#4093,.T.);
#5732=ORIENTED_EDGE('',*,*,#4094,.F.);
#5733=ORIENTED_EDGE('',*,*,#4005,.T.);
#5734=ORIENTED_EDGE('',*,*,#4095,.F.);
#5735=ORIENTED_EDGE('',*,*,#3786,.F.);
#5736=ORIENTED_EDGE('',*,*,#4096,.T.);
#5737=ORIENTED_EDGE('',*,*,#4008,.T.);
#5738=ORIENTED_EDGE('',*,*,#4096,.F.);
#5739=ORIENTED_EDGE('',*,*,#3785,.T.);
#5740=ORIENTED_EDGE('',*,*,#4097,.F.);
#5741=ORIENTED_EDGE('',*,*,#4011,.T.);
#5742=ORIENTED_EDGE('',*,*,#4097,.T.);
#5743=ORIENTED_EDGE('',*,*,#3784,.T.);
#5744=ORIENTED_EDGE('',*,*,#4098,.T.);
#5745=ORIENTED_EDGE('',*,*,#4014,.T.);
#5746=ORIENTED_EDGE('',*,*,#4098,.F.);
#5747=ORIENTED_EDGE('',*,*,#3783,.F.);
#5748=ORIENTED_EDGE('',*,*,#4099,.F.);
#5749=ORIENTED_EDGE('',*,*,#4017,.T.);
#5750=ORIENTED_EDGE('',*,*,#4099,.T.);
#5751=ORIENTED_EDGE('',*,*,#3782,.T.);
#5752=ORIENTED_EDGE('',*,*,#4100,.T.);
#5753=ORIENTED_EDGE('',*,*,#4020,.T.);
#5754=ORIENTED_EDGE('',*,*,#4100,.F.);
#5755=ORIENTED_EDGE('',*,*,#3781,.T.);
#5756=ORIENTED_EDGE('',*,*,#4101,.F.);
#5757=ORIENTED_EDGE('',*,*,#4023,.T.);
#5758=ORIENTED_EDGE('',*,*,#4101,.T.);
#5759=ORIENTED_EDGE('',*,*,#3780,.T.);
#5760=ORIENTED_EDGE('',*,*,#4102,.T.);
#5761=ORIENTED_EDGE('',*,*,#4026,.T.);
#5762=ORIENTED_EDGE('',*,*,#4102,.F.);
#5763=ORIENTED_EDGE('',*,*,#3779,.T.);
#5764=ORIENTED_EDGE('',*,*,#4103,.F.);
#5765=ORIENTED_EDGE('',*,*,#4029,.T.);
#5766=ORIENTED_EDGE('',*,*,#4103,.T.);
#5767=ORIENTED_EDGE('',*,*,#3778,.T.);
#5768=ORIENTED_EDGE('',*,*,#4104,.T.);
#5769=ORIENTED_EDGE('',*,*,#4032,.T.);
#5770=ORIENTED_EDGE('',*,*,#4104,.F.);
#5771=ORIENTED_EDGE('',*,*,#3777,.F.);
#5772=ORIENTED_EDGE('',*,*,#4105,.F.);
#5773=ORIENTED_EDGE('',*,*,#4035,.T.);
#5774=ORIENTED_EDGE('',*,*,#4105,.T.);
#5775=ORIENTED_EDGE('',*,*,#3776,.T.);
#5776=ORIENTED_EDGE('',*,*,#4106,.T.);
#5777=ORIENTED_EDGE('',*,*,#4038,.T.);
#5778=ORIENTED_EDGE('',*,*,#4106,.F.);
#5779=ORIENTED_EDGE('',*,*,#3775,.T.);
#5780=ORIENTED_EDGE('',*,*,#4107,.F.);
#5781=ORIENTED_EDGE('',*,*,#4041,.T.);
#5782=ORIENTED_EDGE('',*,*,#4107,.T.);
#5783=ORIENTED_EDGE('',*,*,#3774,.T.);
#5784=ORIENTED_EDGE('',*,*,#4108,.T.);
#5785=ORIENTED_EDGE('',*,*,#4044,.T.);
#5786=ORIENTED_EDGE('',*,*,#4108,.F.);
#5787=ORIENTED_EDGE('',*,*,#3773,.F.);
#5788=ORIENTED_EDGE('',*,*,#4109,.F.);
#5789=ORIENTED_EDGE('',*,*,#4047,.T.);
#5790=ORIENTED_EDGE('',*,*,#4109,.T.);
#5791=ORIENTED_EDGE('',*,*,#3772,.T.);
#5792=ORIENTED_EDGE('',*,*,#4110,.T.);
#5793=ORIENTED_EDGE('',*,*,#4050,.T.);
#5794=ORIENTED_EDGE('',*,*,#4110,.F.);
#5795=ORIENTED_EDGE('',*,*,#3771,.T.);
#5796=ORIENTED_EDGE('',*,*,#4111,.F.);
#5797=ORIENTED_EDGE('',*,*,#4053,.T.);
#5798=ORIENTED_EDGE('',*,*,#4111,.T.);
#5799=ORIENTED_EDGE('',*,*,#3770,.T.);
#5800=ORIENTED_EDGE('',*,*,#4112,.T.);
#5801=ORIENTED_EDGE('',*,*,#4056,.T.);
#5802=ORIENTED_EDGE('',*,*,#4112,.F.);
#5803=ORIENTED_EDGE('',*,*,#3769,.T.);
#5804=ORIENTED_EDGE('',*,*,#4113,.F.);
#5805=ORIENTED_EDGE('',*,*,#4057,.T.);
#5806=ORIENTED_EDGE('',*,*,#4113,.T.);
#5807=ORIENTED_EDGE('',*,*,#3768,.T.);
#5808=ORIENTED_EDGE('',*,*,#4114,.T.);
#5809=ORIENTED_EDGE('',*,*,#4060,.T.);
#5810=ORIENTED_EDGE('',*,*,#4114,.F.);
#5811=ORIENTED_EDGE('',*,*,#3767,.T.);
#5812=ORIENTED_EDGE('',*,*,#4115,.T.);
#5813=ORIENTED_EDGE('',*,*,#3938,.T.);
#5814=ORIENTED_EDGE('',*,*,#4115,.F.);
#5815=ORIENTED_EDGE('',*,*,#3766,.T.);
#5816=ORIENTED_EDGE('',*,*,#4116,.T.);
#5817=ORIENTED_EDGE('',*,*,#3934,.F.);
#5818=ORIENTED_EDGE('',*,*,#4117,.F.);
#5819=ORIENTED_EDGE('',*,*,#4118,.F.);
#5820=ORIENTED_EDGE('',*,*,#4119,.F.);
#5821=ORIENTED_EDGE('',*,*,#4120,.F.);
#5822=ORIENTED_EDGE('',*,*,#4121,.F.);
#5823=ORIENTED_EDGE('',*,*,#4119,.T.);
#5824=ORIENTED_EDGE('',*,*,#4122,.F.);
#5825=ORIENTED_EDGE('',*,*,#4123,.F.);
#5826=ORIENTED_EDGE('',*,*,#4124,.F.);
#5827=ORIENTED_EDGE('',*,*,#4120,.T.);
#5828=ORIENTED_EDGE('',*,*,#4125,.F.);
#5829=ORIENTED_EDGE('',*,*,#4126,.F.);
#5830=ORIENTED_EDGE('',*,*,#4127,.F.);
#5831=ORIENTED_EDGE('',*,*,#4123,.T.);
#5832=ORIENTED_EDGE('',*,*,#4128,.F.);
#5833=ORIENTED_EDGE('',*,*,#4129,.F.);
#5834=ORIENTED_EDGE('',*,*,#4130,.F.);
#5835=ORIENTED_EDGE('',*,*,#4126,.T.);
#5836=ORIENTED_EDGE('',*,*,#4131,.F.);
#5837=ORIENTED_EDGE('',*,*,#4132,.F.);
#5838=ORIENTED_EDGE('',*,*,#4133,.F.);
#5839=ORIENTED_EDGE('',*,*,#4129,.T.);
#5840=ORIENTED_EDGE('',*,*,#4134,.F.);
#5841=ORIENTED_EDGE('',*,*,#4135,.F.);
#5842=ORIENTED_EDGE('',*,*,#4136,.F.);
#5843=ORIENTED_EDGE('',*,*,#4132,.T.);
#5844=ORIENTED_EDGE('',*,*,#4137,.F.);
#5845=ORIENTED_EDGE('',*,*,#4138,.F.);
#5846=ORIENTED_EDGE('',*,*,#4139,.F.);
#5847=ORIENTED_EDGE('',*,*,#4135,.T.);
#5848=ORIENTED_EDGE('',*,*,#4140,.F.);
#5849=ORIENTED_EDGE('',*,*,#4141,.F.);
#5850=ORIENTED_EDGE('',*,*,#4142,.F.);
#5851=ORIENTED_EDGE('',*,*,#4138,.T.);
#5852=ORIENTED_EDGE('',*,*,#4143,.F.);
#5853=ORIENTED_EDGE('',*,*,#4144,.F.);
#5854=ORIENTED_EDGE('',*,*,#4145,.F.);
#5855=ORIENTED_EDGE('',*,*,#4141,.T.);
#5856=ORIENTED_EDGE('',*,*,#4146,.F.);
#5857=ORIENTED_EDGE('',*,*,#4147,.F.);
#5858=ORIENTED_EDGE('',*,*,#4148,.F.);
#5859=ORIENTED_EDGE('',*,*,#4144,.T.);
#5860=ORIENTED_EDGE('',*,*,#4149,.F.);
#5861=ORIENTED_EDGE('',*,*,#4150,.F.);
#5862=ORIENTED_EDGE('',*,*,#4151,.F.);
#5863=ORIENTED_EDGE('',*,*,#4147,.T.);
#5864=ORIENTED_EDGE('',*,*,#4152,.F.);
#5865=ORIENTED_EDGE('',*,*,#4153,.F.);
#5866=ORIENTED_EDGE('',*,*,#4154,.F.);
#5867=ORIENTED_EDGE('',*,*,#4150,.T.);
#5868=ORIENTED_EDGE('',*,*,#4093,.F.);
#5869=ORIENTED_EDGE('',*,*,#4155,.F.);
#5870=ORIENTED_EDGE('',*,*,#4156,.F.);
#5871=ORIENTED_EDGE('',*,*,#4153,.T.);
#5872=ORIENTED_EDGE('',*,*,#4091,.F.);
#5873=ORIENTED_EDGE('',*,*,#4157,.F.);
#5874=ORIENTED_EDGE('',*,*,#4158,.F.);
#5875=ORIENTED_EDGE('',*,*,#4155,.T.);
#5876=ORIENTED_EDGE('',*,*,#4089,.F.);
#5877=ORIENTED_EDGE('',*,*,#4159,.F.);
#5878=ORIENTED_EDGE('',*,*,#4160,.F.);
#5879=ORIENTED_EDGE('',*,*,#4157,.T.);
#5880=ORIENTED_EDGE('',*,*,#4087,.F.);
#5881=ORIENTED_EDGE('',*,*,#4161,.F.);
#5882=ORIENTED_EDGE('',*,*,#4162,.F.);
#5883=ORIENTED_EDGE('',*,*,#4159,.T.);
#5884=ORIENTED_EDGE('',*,*,#4085,.F.);
#5885=ORIENTED_EDGE('',*,*,#4163,.F.);
#5886=ORIENTED_EDGE('',*,*,#4164,.F.);
#5887=ORIENTED_EDGE('',*,*,#4161,.T.);
#5888=ORIENTED_EDGE('',*,*,#4083,.F.);
#5889=ORIENTED_EDGE('',*,*,#4165,.F.);
#5890=ORIENTED_EDGE('',*,*,#4166,.F.);
#5891=ORIENTED_EDGE('',*,*,#4163,.T.);
#5892=ORIENTED_EDGE('',*,*,#4081,.F.);
#5893=ORIENTED_EDGE('',*,*,#4167,.F.);
#5894=ORIENTED_EDGE('',*,*,#4168,.F.);
#5895=ORIENTED_EDGE('',*,*,#4165,.T.);
#5896=ORIENTED_EDGE('',*,*,#4079,.F.);
#5897=ORIENTED_EDGE('',*,*,#4169,.F.);
#5898=ORIENTED_EDGE('',*,*,#4170,.F.);
#5899=ORIENTED_EDGE('',*,*,#4167,.T.);
#5900=ORIENTED_EDGE('',*,*,#4078,.F.);
#5901=ORIENTED_EDGE('',*,*,#4171,.F.);
#5902=ORIENTED_EDGE('',*,*,#4172,.F.);
#5903=ORIENTED_EDGE('',*,*,#4169,.T.);
#5904=ORIENTED_EDGE('',*,*,#4077,.F.);
#5905=ORIENTED_EDGE('',*,*,#4173,.F.);
#5906=ORIENTED_EDGE('',*,*,#4174,.F.);
#5907=ORIENTED_EDGE('',*,*,#4171,.T.);
#5908=ORIENTED_EDGE('',*,*,#4075,.F.);
#5909=ORIENTED_EDGE('',*,*,#4175,.F.);
#5910=ORIENTED_EDGE('',*,*,#4176,.F.);
#5911=ORIENTED_EDGE('',*,*,#4173,.T.);
#5912=ORIENTED_EDGE('',*,*,#4073,.F.);
#5913=ORIENTED_EDGE('',*,*,#4177,.F.);
#5914=ORIENTED_EDGE('',*,*,#4178,.F.);
#5915=ORIENTED_EDGE('',*,*,#4175,.T.);
#5916=ORIENTED_EDGE('',*,*,#4071,.F.);
#5917=ORIENTED_EDGE('',*,*,#4179,.F.);
#5918=ORIENTED_EDGE('',*,*,#4180,.F.);
#5919=ORIENTED_EDGE('',*,*,#4177,.T.);
#5920=ORIENTED_EDGE('',*,*,#4069,.F.);
#5921=ORIENTED_EDGE('',*,*,#4181,.F.);
#5922=ORIENTED_EDGE('',*,*,#4182,.F.);
#5923=ORIENTED_EDGE('',*,*,#4179,.T.);
#5924=ORIENTED_EDGE('',*,*,#4067,.F.);
#5925=ORIENTED_EDGE('',*,*,#4183,.F.);
#5926=ORIENTED_EDGE('',*,*,#4184,.F.);
#5927=ORIENTED_EDGE('',*,*,#4181,.T.);
#5928=ORIENTED_EDGE('',*,*,#4065,.F.);
#5929=ORIENTED_EDGE('',*,*,#4185,.F.);
#5930=ORIENTED_EDGE('',*,*,#4186,.F.);
#5931=ORIENTED_EDGE('',*,*,#4183,.T.);
#5932=ORIENTED_EDGE('',*,*,#4063,.F.);
#5933=ORIENTED_EDGE('',*,*,#4187,.F.);
#5934=ORIENTED_EDGE('',*,*,#4188,.F.);
#5935=ORIENTED_EDGE('',*,*,#4185,.T.);
#5936=ORIENTED_EDGE('',*,*,#4189,.F.);
#5937=ORIENTED_EDGE('',*,*,#4190,.F.);
#5938=ORIENTED_EDGE('',*,*,#4191,.F.);
#5939=ORIENTED_EDGE('',*,*,#4187,.T.);
#5940=ORIENTED_EDGE('',*,*,#4192,.F.);
#5941=ORIENTED_EDGE('',*,*,#4193,.F.);
#5942=ORIENTED_EDGE('',*,*,#4194,.F.);
#5943=ORIENTED_EDGE('',*,*,#4190,.T.);
#5944=ORIENTED_EDGE('',*,*,#4195,.F.);
#5945=ORIENTED_EDGE('',*,*,#4196,.F.);
#5946=ORIENTED_EDGE('',*,*,#3906,.F.);
#5947=ORIENTED_EDGE('',*,*,#4193,.T.);
#5948=ORIENTED_EDGE('',*,*,#4197,.F.);
#5949=ORIENTED_EDGE('',*,*,#4198,.F.);
#5950=ORIENTED_EDGE('',*,*,#3908,.F.);
#5951=ORIENTED_EDGE('',*,*,#4196,.T.);
#5952=ORIENTED_EDGE('',*,*,#4199,.F.);
#5953=ORIENTED_EDGE('',*,*,#4200,.F.);
#5954=ORIENTED_EDGE('',*,*,#3910,.F.);
#5955=ORIENTED_EDGE('',*,*,#4198,.T.);
#5956=ORIENTED_EDGE('',*,*,#4201,.F.);
#5957=ORIENTED_EDGE('',*,*,#4202,.F.);
#5958=ORIENTED_EDGE('',*,*,#3912,.F.);
#5959=ORIENTED_EDGE('',*,*,#4200,.T.);
#5960=ORIENTED_EDGE('',*,*,#4203,.F.);
#5961=ORIENTED_EDGE('',*,*,#4204,.F.);
#5962=ORIENTED_EDGE('',*,*,#3914,.F.);
#5963=ORIENTED_EDGE('',*,*,#4202,.T.);
#5964=ORIENTED_EDGE('',*,*,#4205,.F.);
#5965=ORIENTED_EDGE('',*,*,#4206,.F.);
#5966=ORIENTED_EDGE('',*,*,#3916,.F.);
#5967=ORIENTED_EDGE('',*,*,#4204,.T.);
#5968=ORIENTED_EDGE('',*,*,#4207,.F.);
#5969=ORIENTED_EDGE('',*,*,#4208,.F.);
#5970=ORIENTED_EDGE('',*,*,#3918,.F.);
#5971=ORIENTED_EDGE('',*,*,#4206,.T.);
#5972=ORIENTED_EDGE('',*,*,#4209,.F.);
#5973=ORIENTED_EDGE('',*,*,#4210,.F.);
#5974=ORIENTED_EDGE('',*,*,#3920,.F.);
#5975=ORIENTED_EDGE('',*,*,#4208,.T.);
#5976=ORIENTED_EDGE('',*,*,#4211,.F.);
#5977=ORIENTED_EDGE('',*,*,#4212,.F.);
#5978=ORIENTED_EDGE('',*,*,#3922,.F.);
#5979=ORIENTED_EDGE('',*,*,#4210,.T.);
#5980=ORIENTED_EDGE('',*,*,#4213,.F.);
#5981=ORIENTED_EDGE('',*,*,#4214,.F.);
#5982=ORIENTED_EDGE('',*,*,#3924,.F.);
#5983=ORIENTED_EDGE('',*,*,#4212,.T.);
#5984=ORIENTED_EDGE('',*,*,#4215,.F.);
#5985=ORIENTED_EDGE('',*,*,#4216,.F.);
#5986=ORIENTED_EDGE('',*,*,#3926,.F.);
#5987=ORIENTED_EDGE('',*,*,#4214,.T.);
#5988=ORIENTED_EDGE('',*,*,#4217,.F.);
#5989=ORIENTED_EDGE('',*,*,#4218,.F.);
#5990=ORIENTED_EDGE('',*,*,#3928,.F.);
#5991=ORIENTED_EDGE('',*,*,#4216,.T.);
#5992=ORIENTED_EDGE('',*,*,#4219,.F.);
#5993=ORIENTED_EDGE('',*,*,#4220,.F.);
#5994=ORIENTED_EDGE('',*,*,#3930,.F.);
#5995=ORIENTED_EDGE('',*,*,#4218,.T.);
#5996=ORIENTED_EDGE('',*,*,#4221,.F.);
#5997=ORIENTED_EDGE('',*,*,#4222,.F.);
#5998=ORIENTED_EDGE('',*,*,#4117,.T.);
#5999=ORIENTED_EDGE('',*,*,#3932,.F.);
#6000=ORIENTED_EDGE('',*,*,#4220,.T.);
#6001=ORIENTED_EDGE('',*,*,#4001,.T.);
#6002=ORIENTED_EDGE('',*,*,#4004,.T.);
#6003=ORIENTED_EDGE('',*,*,#4007,.T.);
#6004=ORIENTED_EDGE('',*,*,#4010,.T.);
#6005=ORIENTED_EDGE('',*,*,#4013,.T.);
#6006=ORIENTED_EDGE('',*,*,#4016,.T.);
#6007=ORIENTED_EDGE('',*,*,#4019,.T.);
#6008=ORIENTED_EDGE('',*,*,#4022,.T.);
#6009=ORIENTED_EDGE('',*,*,#4025,.T.);
#6010=ORIENTED_EDGE('',*,*,#4028,.T.);
#6011=ORIENTED_EDGE('',*,*,#4031,.T.);
#6012=ORIENTED_EDGE('',*,*,#4034,.T.);
#6013=ORIENTED_EDGE('',*,*,#4037,.T.);
#6014=ORIENTED_EDGE('',*,*,#4040,.T.);
#6015=ORIENTED_EDGE('',*,*,#4043,.T.);
#6016=ORIENTED_EDGE('',*,*,#4046,.T.);
#6017=ORIENTED_EDGE('',*,*,#4049,.T.);
#6018=ORIENTED_EDGE('',*,*,#4052,.T.);
#6019=ORIENTED_EDGE('',*,*,#4055,.T.);
#6020=ORIENTED_EDGE('',*,*,#4059,.T.);
#6021=ORIENTED_EDGE('',*,*,#4061,.T.);
#6022=ORIENTED_EDGE('',*,*,#3936,.T.);
#6023=ORIENTED_EDGE('',*,*,#3940,.T.);
#6024=ORIENTED_EDGE('',*,*,#3943,.T.);
#6025=ORIENTED_EDGE('',*,*,#3946,.T.);
#6026=ORIENTED_EDGE('',*,*,#4094,.T.);
#6027=ORIENTED_EDGE('',*,*,#4152,.T.);
#6028=ORIENTED_EDGE('',*,*,#4149,.T.);
#6029=ORIENTED_EDGE('',*,*,#4146,.T.);
#6030=ORIENTED_EDGE('',*,*,#4143,.T.);
#6031=ORIENTED_EDGE('',*,*,#4140,.T.);
#6032=ORIENTED_EDGE('',*,*,#4137,.T.);
#6033=ORIENTED_EDGE('',*,*,#4134,.T.);
#6034=ORIENTED_EDGE('',*,*,#4131,.T.);
#6035=ORIENTED_EDGE('',*,*,#4128,.T.);
#6036=ORIENTED_EDGE('',*,*,#4125,.T.);
#6037=ORIENTED_EDGE('',*,*,#4122,.T.);
#6038=ORIENTED_EDGE('',*,*,#4118,.T.);
#6039=ORIENTED_EDGE('',*,*,#4222,.T.);
#6040=ORIENTED_EDGE('',*,*,#4221,.T.);
#6041=ORIENTED_EDGE('',*,*,#4219,.T.);
#6042=ORIENTED_EDGE('',*,*,#4217,.T.);
#6043=ORIENTED_EDGE('',*,*,#4215,.T.);
#6044=ORIENTED_EDGE('',*,*,#4213,.T.);
#6045=ORIENTED_EDGE('',*,*,#4211,.T.);
#6046=ORIENTED_EDGE('',*,*,#4209,.T.);
#6047=ORIENTED_EDGE('',*,*,#4207,.T.);
#6048=ORIENTED_EDGE('',*,*,#4205,.T.);
#6049=ORIENTED_EDGE('',*,*,#4203,.T.);
#6050=ORIENTED_EDGE('',*,*,#4201,.T.);
#6051=ORIENTED_EDGE('',*,*,#4199,.T.);
#6052=ORIENTED_EDGE('',*,*,#4197,.T.);
#6053=ORIENTED_EDGE('',*,*,#4195,.T.);
#6054=ORIENTED_EDGE('',*,*,#4192,.T.);
#6055=ORIENTED_EDGE('',*,*,#4189,.T.);
#6056=ORIENTED_EDGE('',*,*,#4062,.T.);
#6057=ORIENTED_EDGE('',*,*,#3854,.T.);
#6058=ORIENTED_EDGE('',*,*,#4223,.F.);
#6059=ORIENTED_EDGE('',*,*,#4170,.T.);
#6060=ORIENTED_EDGE('',*,*,#4224,.F.);
#6061=ORIENTED_EDGE('',*,*,#3851,.T.);
#6062=ORIENTED_EDGE('',*,*,#4225,.T.);
#6063=ORIENTED_EDGE('',*,*,#4151,.T.);
#6064=ORIENTED_EDGE('',*,*,#4154,.T.);
#6065=ORIENTED_EDGE('',*,*,#4156,.T.);
#6066=ORIENTED_EDGE('',*,*,#4158,.T.);
#6067=ORIENTED_EDGE('',*,*,#4160,.T.);
#6068=ORIENTED_EDGE('',*,*,#4162,.T.);
#6069=ORIENTED_EDGE('',*,*,#4164,.T.);
#6070=ORIENTED_EDGE('',*,*,#4166,.T.);
#6071=ORIENTED_EDGE('',*,*,#4168,.T.);
#6072=ORIENTED_EDGE('',*,*,#4223,.T.);
#6073=ORIENTED_EDGE('',*,*,#3848,.T.);
#6074=ORIENTED_EDGE('',*,*,#4226,.F.);
#6075=ORIENTED_EDGE('',*,*,#4148,.T.);
#6076=ORIENTED_EDGE('',*,*,#4225,.F.);
#6077=ORIENTED_EDGE('',*,*,#3845,.T.);
#6078=ORIENTED_EDGE('',*,*,#4227,.T.);
#6079=ORIENTED_EDGE('',*,*,#4145,.T.);
#6080=ORIENTED_EDGE('',*,*,#4226,.T.);
#6081=ORIENTED_EDGE('',*,*,#3842,.T.);
#6082=ORIENTED_EDGE('',*,*,#4228,.F.);
#6083=ORIENTED_EDGE('',*,*,#4142,.T.);
#6084=ORIENTED_EDGE('',*,*,#4227,.F.);
#6085=ORIENTED_EDGE('',*,*,#3839,.T.);
#6086=ORIENTED_EDGE('',*,*,#4229,.T.);
#6087=ORIENTED_EDGE('',*,*,#4139,.T.);
#6088=ORIENTED_EDGE('',*,*,#4228,.T.);
#6089=ORIENTED_EDGE('',*,*,#3836,.T.);
#6090=ORIENTED_EDGE('',*,*,#4230,.F.);
#6091=ORIENTED_EDGE('',*,*,#4136,.T.);
#6092=ORIENTED_EDGE('',*,*,#4229,.F.);
#6093=ORIENTED_EDGE('',*,*,#3833,.T.);
#6094=ORIENTED_EDGE('',*,*,#4231,.T.);
#6095=ORIENTED_EDGE('',*,*,#4133,.T.);
#6096=ORIENTED_EDGE('',*,*,#4230,.T.);
#6097=ORIENTED_EDGE('',*,*,#3830,.T.);
#6098=ORIENTED_EDGE('',*,*,#4232,.F.);
#6099=ORIENTED_EDGE('',*,*,#4130,.T.);
#6100=ORIENTED_EDGE('',*,*,#4231,.F.);
#6101=ORIENTED_EDGE('',*,*,#3827,.T.);
#6102=ORIENTED_EDGE('',*,*,#4233,.T.);
#6103=ORIENTED_EDGE('',*,*,#4127,.T.);
#6104=ORIENTED_EDGE('',*,*,#4232,.T.);
#6105=ORIENTED_EDGE('',*,*,#3824,.T.);
#6106=ORIENTED_EDGE('',*,*,#4234,.F.);
#6107=ORIENTED_EDGE('',*,*,#4124,.T.);
#6108=ORIENTED_EDGE('',*,*,#4233,.F.);
#6109=ORIENTED_EDGE('',*,*,#3821,.T.);
#6110=ORIENTED_EDGE('',*,*,#3935,.T.);
#6111=ORIENTED_EDGE('',*,*,#4121,.T.);
#6112=ORIENTED_EDGE('',*,*,#4234,.T.);
#6113=ORIENTED_EDGE('',*,*,#3863,.T.);
#6114=ORIENTED_EDGE('',*,*,#4235,.F.);
#6115=ORIENTED_EDGE('',*,*,#4194,.T.);
#6116=ORIENTED_EDGE('',*,*,#3905,.F.);
#6117=ORIENTED_EDGE('',*,*,#4002,.T.);
#6118=ORIENTED_EDGE('',*,*,#3999,.T.);
#6119=ORIENTED_EDGE('',*,*,#3996,.T.);
#6120=ORIENTED_EDGE('',*,*,#3993,.T.);
#6121=ORIENTED_EDGE('',*,*,#3990,.T.);
#6122=ORIENTED_EDGE('',*,*,#3987,.T.);
#6123=ORIENTED_EDGE('',*,*,#3984,.T.);
#6124=ORIENTED_EDGE('',*,*,#3981,.T.);
#6125=ORIENTED_EDGE('',*,*,#3978,.T.);
#6126=ORIENTED_EDGE('',*,*,#4236,.T.);
#6127=ORIENTED_EDGE('',*,*,#3787,.T.);
#6128=ORIENTED_EDGE('',*,*,#4095,.T.);
#6129=ORIENTED_EDGE('',*,*,#3860,.T.);
#6130=ORIENTED_EDGE('',*,*,#4237,.F.);
#6131=ORIENTED_EDGE('',*,*,#4191,.T.);
#6132=ORIENTED_EDGE('',*,*,#4235,.T.);
#6133=ORIENTED_EDGE('',*,*,#3975,.T.);
#6134=ORIENTED_EDGE('',*,*,#4238,.F.);
#6135=ORIENTED_EDGE('',*,*,#3762,.T.);
#6136=ORIENTED_EDGE('',*,*,#4236,.F.);
#6137=ORIENTED_EDGE('',*,*,#3972,.T.);
#6138=ORIENTED_EDGE('',*,*,#3969,.T.);
#6139=ORIENTED_EDGE('',*,*,#3966,.T.);
#6140=ORIENTED_EDGE('',*,*,#3963,.T.);
#6141=ORIENTED_EDGE('',*,*,#3960,.T.);
#6142=ORIENTED_EDGE('',*,*,#3957,.T.);
#6143=ORIENTED_EDGE('',*,*,#3954,.T.);
#6144=ORIENTED_EDGE('',*,*,#3951,.T.);
#6145=ORIENTED_EDGE('',*,*,#3947,.T.);
#6146=ORIENTED_EDGE('',*,*,#4239,.F.);
#6147=ORIENTED_EDGE('',*,*,#3763,.T.);
#6148=ORIENTED_EDGE('',*,*,#4238,.T.);
#6149=ORIENTED_EDGE('',*,*,#3944,.T.);
#6150=ORIENTED_EDGE('',*,*,#4240,.F.);
#6151=ORIENTED_EDGE('',*,*,#3764,.T.);
#6152=ORIENTED_EDGE('',*,*,#4239,.T.);
#6153=ORIENTED_EDGE('',*,*,#3941,.T.);
#6154=ORIENTED_EDGE('',*,*,#4116,.F.);
#6155=ORIENTED_EDGE('',*,*,#3765,.T.);
#6156=ORIENTED_EDGE('',*,*,#4240,.T.);
#6157=ORIENTED_EDGE('',*,*,#3857,.T.);
#6158=ORIENTED_EDGE('',*,*,#4224,.T.);
#6159=ORIENTED_EDGE('',*,*,#4172,.T.);
#6160=ORIENTED_EDGE('',*,*,#4174,.T.);
#6161=ORIENTED_EDGE('',*,*,#4176,.T.);
#6162=ORIENTED_EDGE('',*,*,#4178,.T.);
#6163=ORIENTED_EDGE('',*,*,#4180,.T.);
#6164=ORIENTED_EDGE('',*,*,#4182,.T.);
#6165=ORIENTED_EDGE('',*,*,#4184,.T.);
#6166=ORIENTED_EDGE('',*,*,#4186,.T.);
#6167=ORIENTED_EDGE('',*,*,#4188,.T.);
#6168=ORIENTED_EDGE('',*,*,#4237,.T.);
#6169=CONICAL_SURFACE('',#6606,4.50000000000001,0.78539816339745);
#6170=CONICAL_SURFACE('',#6625,4.50000000000001,0.78539816339745);
#6171=CONICAL_SURFACE('',#6627,4.50000000000001,0.78539816339745);
#6172=CONICAL_SURFACE('',#6629,4.50000000000001,0.78539816339745);
#6173=CONICAL_SURFACE('',#6631,4.50000000000001,0.78539816339745);
#6174=CONICAL_SURFACE('',#7073,4.50000000000001,0.78539816339745);
#6175=CONICAL_SURFACE('',#7092,4.50000000000001,0.78539816339745);
#6176=CONICAL_SURFACE('',#7094,4.50000000000001,0.78539816339745);
#6177=CONICAL_SURFACE('',#7096,4.50000000000001,0.78539816339745);
#6178=CONICAL_SURFACE('',#7098,4.50000000000001,0.78539816339745);
#6179=ADVANCED_FACE('',(#465),#6169,.T.);
#6180=ADVANCED_FACE('',(#466,#347,#348,#349,#350,#351),#367,.T.);
#6181=ADVANCED_FACE('',(#467),#6170,.T.);
#6182=ADVANCED_FACE('',(#468),#6171,.T.);
#6183=ADVANCED_FACE('',(#469),#6172,.T.);
#6184=ADVANCED_FACE('',(#470),#6173,.T.);
#6185=ADVANCED_FACE('',(#471),#149,.F.);
#6186=ADVANCED_FACE('',(#472,#352),#368,.T.);
#6187=ADVANCED_FACE('',(#473),#150,.F.);
#6188=ADVANCED_FACE('',(#474,#353),#369,.T.);
#6189=ADVANCED_FACE('',(#475),#151,.F.);
#6190=ADVANCED_FACE('',(#476,#354),#370,.T.);
#6191=ADVANCED_FACE('',(#477),#152,.F.);
#6192=ADVANCED_FACE('',(#478,#355),#371,.T.);
#6193=ADVANCED_FACE('',(#479),#153,.F.);
#6194=ADVANCED_FACE('',(#480,#356),#372,.T.);
#6195=ADVANCED_FACE('',(#481),#373,.T.);
#6196=ADVANCED_FACE('',(#482),#374,.T.);
#6197=ADVANCED_FACE('',(#483),#375,.T.);
#6198=ADVANCED_FACE('',(#484),#376,.T.);
#6199=ADVANCED_FACE('',(#485),#377,.T.);
#6200=ADVANCED_FACE('',(#486),#129,.F.);
#6201=ADVANCED_FACE('',(#487),#154,.T.);
#6202=ADVANCED_FACE('',(#488),#27,.T.);
#6203=ADVANCED_FACE('',(#489),#155,.T.);
#6204=ADVANCED_FACE('',(#490),#130,.F.);
#6205=ADVANCED_FACE('',(#491),#156,.T.);
#6206=ADVANCED_FACE('',(#492),#28,.T.);
#6207=ADVANCED_FACE('',(#493),#157,.T.);
#6208=ADVANCED_FACE('',(#494),#131,.F.);
#6209=ADVANCED_FACE('',(#495),#158,.T.);
#6210=ADVANCED_FACE('',(#496),#132,.F.);
#6211=ADVANCED_FACE('',(#497),#159,.T.);
#6212=ADVANCED_FACE('',(#498),#133,.F.);
#6213=ADVANCED_FACE('',(#499),#160,.T.);
#6214=ADVANCED_FACE('',(#500),#29,.T.);
#6215=ADVANCED_FACE('',(#501),#134,.F.);
#6216=ADVANCED_FACE('',(#502),#161,.T.);
#6217=ADVANCED_FACE('',(#503),#30,.T.);
#6218=ADVANCED_FACE('',(#504),#162,.T.);
#6219=ADVANCED_FACE('',(#505),#135,.F.);
#6220=ADVANCED_FACE('',(#506),#163,.T.);
#6221=ADVANCED_FACE('',(#507),#136,.F.);
#6222=ADVANCED_FACE('',(#508),#31,.T.);
#6223=ADVANCED_FACE('',(#509),#164,.T.);
#6224=ADVANCED_FACE('',(#510),#137,.F.);
#6225=ADVANCED_FACE('',(#511),#165,.T.);
#6226=ADVANCED_FACE('',(#512),#32,.T.);
#6227=ADVANCED_FACE('',(#513),#166,.T.);
#6228=ADVANCED_FACE('',(#514),#138,.F.);
#6229=ADVANCED_FACE('',(#515),#167,.T.);
#6230=ADVANCED_FACE('',(#516),#378,.T.);
#6231=ADVANCED_FACE('',(#517),#168,.F.);
#6232=ADVANCED_FACE('',(#518),#379,.T.);
#6233=ADVANCED_FACE('',(#519),#169,.T.);
#6234=ADVANCED_FACE('',(#520),#380,.T.);
#6235=ADVANCED_FACE('',(#521),#170,.T.);
#6236=ADVANCED_FACE('',(#522),#171,.F.);
#6237=ADVANCED_FACE('',(#523),#381,.T.);
#6238=ADVANCED_FACE('',(#524),#172,.T.);
#6239=ADVANCED_FACE('',(#525),#382,.T.);
#6240=ADVANCED_FACE('',(#526),#173,.F.);
#6241=ADVANCED_FACE('',(#527),#383,.T.);
#6242=ADVANCED_FACE('',(#528),#174,.T.);
#6243=ADVANCED_FACE('',(#529),#384,.T.);
#6244=ADVANCED_FACE('',(#530),#175,.T.);
#6245=ADVANCED_FACE('',(#531),#385,.F.);
#6246=ADVANCED_FACE('',(#532),#176,.T.);
#6247=ADVANCED_FACE('',(#533),#177,.T.);
#6248=ADVANCED_FACE('',(#534),#178,.T.);
#6249=ADVANCED_FACE('',(#535),#179,.T.);
#6250=ADVANCED_FACE('',(#536),#33,.T.);
#6251=ADVANCED_FACE('',(#537),#180,.T.);
#6252=ADVANCED_FACE('',(#538),#34,.T.);
#6253=ADVANCED_FACE('',(#539),#181,.T.);
#6254=ADVANCED_FACE('',(#540),#35,.T.);
#6255=ADVANCED_FACE('',(#541),#182,.T.);
#6256=ADVANCED_FACE('',(#542),#36,.T.);
#6257=ADVANCED_FACE('',(#543),#183,.T.);
#6258=ADVANCED_FACE('',(#544),#37,.T.);
#6259=ADVANCED_FACE('',(#545),#184,.T.);
#6260=ADVANCED_FACE('',(#546),#38,.T.);
#6261=ADVANCED_FACE('',(#547),#185,.T.);
#6262=ADVANCED_FACE('',(#548),#39,.T.);
#6263=ADVANCED_FACE('',(#549),#186,.T.);
#6264=ADVANCED_FACE('',(#550),#40,.T.);
#6265=ADVANCED_FACE('',(#551),#187,.T.);
#6266=ADVANCED_FACE('',(#552),#41,.T.);
#6267=ADVANCED_FACE('',(#553),#188,.T.);
#6268=ADVANCED_FACE('',(#554),#42,.T.);
#6269=ADVANCED_FACE('',(#555),#43,.T.);
#6270=ADVANCED_FACE('',(#556),#189,.T.);
#6271=ADVANCED_FACE('',(#557),#44,.T.);
#6272=ADVANCED_FACE('',(#558),#190,.T.);
#6273=ADVANCED_FACE('',(#559),#45,.T.);
#6274=ADVANCED_FACE('',(#560),#191,.T.);
#6275=ADVANCED_FACE('',(#561),#46,.T.);
#6276=ADVANCED_FACE('',(#562),#192,.T.);
#6277=ADVANCED_FACE('',(#563),#47,.T.);
#6278=ADVANCED_FACE('',(#564),#193,.T.);
#6279=ADVANCED_FACE('',(#565),#48,.T.);
#6280=ADVANCED_FACE('',(#566),#194,.T.);
#6281=ADVANCED_FACE('',(#567),#49,.T.);
#6282=ADVANCED_FACE('',(#568),#195,.T.);
#6283=ADVANCED_FACE('',(#569),#50,.T.);
#6284=ADVANCED_FACE('',(#570),#196,.T.);
#6285=ADVANCED_FACE('',(#571),#51,.T.);
#6286=ADVANCED_FACE('',(#572),#197,.T.);
#6287=ADVANCED_FACE('',(#573),#198,.T.);
#6288=ADVANCED_FACE('',(#574),#199,.T.);
#6289=ADVANCED_FACE('',(#575),#386,.T.);
#6290=ADVANCED_FACE('',(#576),#200,.F.);
#6291=ADVANCED_FACE('',(#577),#387,.T.);
#6292=ADVANCED_FACE('',(#578),#201,.F.);
#6293=ADVANCED_FACE('',(#579),#388,.T.);
#6294=ADVANCED_FACE('',(#580),#202,.T.);
#6295=ADVANCED_FACE('',(#581),#389,.T.);
#6296=ADVANCED_FACE('',(#582),#203,.T.);
#6297=ADVANCED_FACE('',(#583),#390,.T.);
#6298=ADVANCED_FACE('',(#584),#204,.F.);
#6299=ADVANCED_FACE('',(#585),#391,.T.);
#6300=ADVANCED_FACE('',(#586),#205,.F.);
#6301=ADVANCED_FACE('',(#587),#392,.T.);
#6302=ADVANCED_FACE('',(#588),#206,.T.);
#6303=ADVANCED_FACE('',(#589),#207,.T.);
#6304=ADVANCED_FACE('',(#590),#208,.F.);
#6305=ADVANCED_FACE('',(#591),#393,.T.);
#6306=ADVANCED_FACE('',(#592),#209,.T.);
#6307=ADVANCED_FACE('',(#593),#394,.T.);
#6308=ADVANCED_FACE('',(#594),#210,.F.);
#6309=ADVANCED_FACE('',(#595),#395,.T.);
#6310=ADVANCED_FACE('',(#596),#211,.F.);
#6311=ADVANCED_FACE('',(#597),#396,.T.);
#6312=ADVANCED_FACE('',(#598),#212,.T.);
#6313=ADVANCED_FACE('',(#599),#397,.T.);
#6314=ADVANCED_FACE('',(#600),#213,.F.);
#6315=ADVANCED_FACE('',(#601),#398,.T.);
#6316=ADVANCED_FACE('',(#602),#214,.T.);
#6317=ADVANCED_FACE('',(#603),#399,.T.);
#6318=ADVANCED_FACE('',(#604),#215,.F.);
#6319=ADVANCED_FACE('',(#605),#400,.T.);
#6320=ADVANCED_FACE('',(#606),#216,.F.);
#6321=ADVANCED_FACE('',(#607),#401,.T.);
#6322=ADVANCED_FACE('',(#608),#402,.T.);
#6323=ADVANCED_FACE('',(#609),#403,.T.);
#6324=ADVANCED_FACE('',(#610),#52,.T.);
#6325=ADVANCED_FACE('',(#611),#217,.T.);
#6326=ADVANCED_FACE('',(#612),#53,.T.);
#6327=ADVANCED_FACE('',(#613),#218,.T.);
#6328=ADVANCED_FACE('',(#614),#54,.T.);
#6329=ADVANCED_FACE('',(#615),#219,.T.);
#6330=ADVANCED_FACE('',(#616),#55,.T.);
#6331=ADVANCED_FACE('',(#617),#220,.T.);
#6332=ADVANCED_FACE('',(#618),#56,.T.);
#6333=ADVANCED_FACE('',(#619),#221,.T.);
#6334=ADVANCED_FACE('',(#620),#57,.T.);
#6335=ADVANCED_FACE('',(#621),#222,.T.);
#6336=ADVANCED_FACE('',(#622),#58,.T.);
#6337=ADVANCED_FACE('',(#623),#223,.T.);
#6338=ADVANCED_FACE('',(#624),#59,.T.);
#6339=ADVANCED_FACE('',(#625),#224,.T.);
#6340=ADVANCED_FACE('',(#626),#60,.T.);
#6341=ADVANCED_FACE('',(#627),#225,.T.);
#6342=ADVANCED_FACE('',(#628),#61,.T.);
#6343=ADVANCED_FACE('',(#629),#226,.T.);
#6344=ADVANCED_FACE('',(#630),#62,.T.);
#6345=ADVANCED_FACE('',(#631),#227,.T.);
#6346=ADVANCED_FACE('',(#632),#63,.T.);
#6347=ADVANCED_FACE('',(#633),#228,.T.);
#6348=ADVANCED_FACE('',(#634),#64,.T.);
#6349=ADVANCED_FACE('',(#635),#229,.T.);
#6350=ADVANCED_FACE('',(#636),#65,.T.);
#6351=ADVANCED_FACE('',(#637),#230,.T.);
#6352=ADVANCED_FACE('',(#638),#66,.T.);
#6353=ADVANCED_FACE('',(#639),#231,.T.);
#6354=ADVANCED_FACE('',(#640),#67,.T.);
#6355=ADVANCED_FACE('',(#641),#68,.T.);
#6356=ADVANCED_FACE('',(#642),#232,.T.);
#6357=ADVANCED_FACE('',(#643),#69,.T.);
#6358=ADVANCED_FACE('',(#644),#233,.T.);
#6359=ADVANCED_FACE('',(#645),#70,.T.);
#6360=ADVANCED_FACE('',(#646),#234,.T.);
#6361=ADVANCED_FACE('',(#647),#71,.T.);
#6362=ADVANCED_FACE('',(#648),#72,.T.);
#6363=ADVANCED_FACE('',(#649),#235,.T.);
#6364=ADVANCED_FACE('',(#650),#73,.T.);
#6365=ADVANCED_FACE('',(#651),#236,.T.);
#6366=ADVANCED_FACE('',(#652),#74,.T.);
#6367=ADVANCED_FACE('',(#653),#237,.T.);
#6368=ADVANCED_FACE('',(#654),#75,.T.);
#6369=ADVANCED_FACE('',(#655),#238,.T.);
#6370=ADVANCED_FACE('',(#656),#404,.T.);
#6371=ADVANCED_FACE('',(#657),#239,.T.);
#6372=ADVANCED_FACE('',(#658),#405,.T.);
#6373=ADVANCED_FACE('',(#659),#240,.T.);
#6374=ADVANCED_FACE('',(#660),#406,.T.);
#6375=ADVANCED_FACE('',(#661),#241,.T.);
#6376=ADVANCED_FACE('',(#662),#407,.T.);
#6377=ADVANCED_FACE('',(#663),#242,.F.);
#6378=ADVANCED_FACE('',(#664),#408,.T.);
#6379=ADVANCED_FACE('',(#665),#243,.T.);
#6380=ADVANCED_FACE('',(#666),#409,.T.);
#6381=ADVANCED_FACE('',(#667),#244,.F.);
#6382=ADVANCED_FACE('',(#668),#410,.T.);
#6383=ADVANCED_FACE('',(#669),#245,.T.);
#6384=ADVANCED_FACE('',(#670),#411,.T.);
#6385=ADVANCED_FACE('',(#671),#246,.F.);
#6386=ADVANCED_FACE('',(#672),#247,.F.);
#6387=ADVANCED_FACE('',(#673),#412,.T.);
#6388=ADVANCED_FACE('',(#674),#413,.T.);
#6389=ADVANCED_FACE('',(#675),#414,.T.);
#6390=ADVANCED_FACE('',(#676),#415,.T.);
#6391=ADVANCED_FACE('',(#677),#6174,.T.);
#6392=ADVANCED_FACE('',(#678,#357,#358,#359,#360,#361),#416,.F.);
#6393=ADVANCED_FACE('',(#679),#6175,.T.);
#6394=ADVANCED_FACE('',(#680),#6176,.T.);
#6395=ADVANCED_FACE('',(#681),#6177,.T.);
#6396=ADVANCED_FACE('',(#682),#6178,.T.);
#6397=ADVANCED_FACE('',(#683),#248,.F.);
#6398=ADVANCED_FACE('',(#684,#362),#417,.F.);
#6399=ADVANCED_FACE('',(#685),#249,.F.);
#6400=ADVANCED_FACE('',(#686,#363),#418,.F.);
#6401=ADVANCED_FACE('',(#687),#250,.F.);
#6402=ADVANCED_FACE('',(#688,#364),#419,.F.);
#6403=ADVANCED_FACE('',(#689),#251,.F.);
#6404=ADVANCED_FACE('',(#690,#365),#420,.F.);
#6405=ADVANCED_FACE('',(#691),#252,.F.);
#6406=ADVANCED_FACE('',(#692,#366),#421,.F.);
#6407=ADVANCED_FACE('',(#693),#422,.F.);
#6408=ADVANCED_FACE('',(#694),#423,.F.);
#6409=ADVANCED_FACE('',(#695),#424,.F.);
#6410=ADVANCED_FACE('',(#696),#425,.F.);
#6411=ADVANCED_FACE('',(#697),#426,.F.);
#6412=ADVANCED_FACE('',(#698),#139,.T.);
#6413=ADVANCED_FACE('',(#699),#253,.T.);
#6414=ADVANCED_FACE('',(#700),#76,.T.);
#6415=ADVANCED_FACE('',(#701),#254,.T.);
#6416=ADVANCED_FACE('',(#702),#140,.T.);
#6417=ADVANCED_FACE('',(#703),#255,.T.);
#6418=ADVANCED_FACE('',(#704),#77,.T.);
#6419=ADVANCED_FACE('',(#705),#256,.T.);
#6420=ADVANCED_FACE('',(#706),#141,.T.);
#6421=ADVANCED_FACE('',(#707),#257,.T.);
#6422=ADVANCED_FACE('',(#708),#142,.T.);
#6423=ADVANCED_FACE('',(#709),#258,.T.);
#6424=ADVANCED_FACE('',(#710),#143,.T.);
#6425=ADVANCED_FACE('',(#711),#259,.T.);
#6426=ADVANCED_FACE('',(#712),#78,.T.);
#6427=ADVANCED_FACE('',(#713),#144,.T.);
#6428=ADVANCED_FACE('',(#714),#260,.T.);
#6429=ADVANCED_FACE('',(#715),#79,.T.);
#6430=ADVANCED_FACE('',(#716),#261,.T.);
#6431=ADVANCED_FACE('',(#717),#145,.T.);
#6432=ADVANCED_FACE('',(#718),#262,.T.);
#6433=ADVANCED_FACE('',(#719),#146,.T.);
#6434=ADVANCED_FACE('',(#720),#80,.T.);
#6435=ADVANCED_FACE('',(#721),#263,.T.);
#6436=ADVANCED_FACE('',(#722),#147,.T.);
#6437=ADVANCED_FACE('',(#723),#264,.T.);
#6438=ADVANCED_FACE('',(#724),#81,.T.);
#6439=ADVANCED_FACE('',(#725),#265,.T.);
#6440=ADVANCED_FACE('',(#726),#148,.T.);
#6441=ADVANCED_FACE('',(#727),#266,.T.);
#6442=ADVANCED_FACE('',(#728),#427,.F.);
#6443=ADVANCED_FACE('',(#729),#267,.F.);
#6444=ADVANCED_FACE('',(#730),#428,.F.);
#6445=ADVANCED_FACE('',(#731),#268,.T.);
#6446=ADVANCED_FACE('',(#732),#429,.F.);
#6447=ADVANCED_FACE('',(#733),#269,.T.);
#6448=ADVANCED_FACE('',(#734),#270,.F.);
#6449=ADVANCED_FACE('',(#735),#430,.F.);
#6450=ADVANCED_FACE('',(#736),#271,.T.);
#6451=ADVANCED_FACE('',(#737),#431,.F.);
#6452=ADVANCED_FACE('',(#738),#272,.F.);
#6453=ADVANCED_FACE('',(#739),#432,.F.);
#6454=ADVANCED_FACE('',(#740),#273,.T.);
#6455=ADVANCED_FACE('',(#741),#433,.F.);
#6456=ADVANCED_FACE('',(#742),#274,.T.);
#6457=ADVANCED_FACE('',(#743),#434,.T.);
#6458=ADVANCED_FACE('',(#744),#275,.T.);
#6459=ADVANCED_FACE('',(#745),#276,.T.);
#6460=ADVANCED_FACE('',(#746),#277,.T.);
#6461=ADVANCED_FACE('',(#747),#278,.T.);
#6462=ADVANCED_FACE('',(#748),#82,.T.);
#6463=ADVANCED_FACE('',(#749),#279,.T.);
#6464=ADVANCED_FACE('',(#750),#83,.T.);
#6465=ADVANCED_FACE('',(#751),#280,.T.);
#6466=ADVANCED_FACE('',(#752),#84,.T.);
#6467=ADVANCED_FACE('',(#753),#281,.T.);
#6468=ADVANCED_FACE('',(#754),#85,.T.);
#6469=ADVANCED_FACE('',(#755),#282,.T.);
#6470=ADVANCED_FACE('',(#756),#86,.T.);
#6471=ADVANCED_FACE('',(#757),#283,.T.);
#6472=ADVANCED_FACE('',(#758),#87,.T.);
#6473=ADVANCED_FACE('',(#759),#284,.T.);
#6474=ADVANCED_FACE('',(#760),#88,.T.);
#6475=ADVANCED_FACE('',(#761),#285,.T.);
#6476=ADVANCED_FACE('',(#762),#89,.T.);
#6477=ADVANCED_FACE('',(#763),#286,.T.);
#6478=ADVANCED_FACE('',(#764),#90,.T.);
#6479=ADVANCED_FACE('',(#765),#287,.T.);
#6480=ADVANCED_FACE('',(#766),#91,.T.);
#6481=ADVANCED_FACE('',(#767),#92,.T.);
#6482=ADVANCED_FACE('',(#768),#288,.T.);
#6483=ADVANCED_FACE('',(#769),#93,.T.);
#6484=ADVANCED_FACE('',(#770),#289,.T.);
#6485=ADVANCED_FACE('',(#771),#94,.T.);
#6486=ADVANCED_FACE('',(#772),#290,.T.);
#6487=ADVANCED_FACE('',(#773),#95,.T.);
#6488=ADVANCED_FACE('',(#774),#291,.T.);
#6489=ADVANCED_FACE('',(#775),#96,.T.);
#6490=ADVANCED_FACE('',(#776),#292,.T.);
#6491=ADVANCED_FACE('',(#777),#97,.T.);
#6492=ADVANCED_FACE('',(#778),#293,.T.);
#6493=ADVANCED_FACE('',(#779),#98,.T.);
#6494=ADVANCED_FACE('',(#780),#294,.T.);
#6495=ADVANCED_FACE('',(#781),#99,.T.);
#6496=ADVANCED_FACE('',(#782),#295,.T.);
#6497=ADVANCED_FACE('',(#783),#100,.T.);
#6498=ADVANCED_FACE('',(#784),#296,.T.);
#6499=ADVANCED_FACE('',(#785),#297,.T.);
#6500=ADVANCED_FACE('',(#786),#298,.T.);
#6501=ADVANCED_FACE('',(#787),#435,.F.);
#6502=ADVANCED_FACE('',(#788),#299,.F.);
#6503=ADVANCED_FACE('',(#789),#436,.F.);
#6504=ADVANCED_FACE('',(#790),#300,.F.);
#6505=ADVANCED_FACE('',(#791),#437,.F.);
#6506=ADVANCED_FACE('',(#792),#301,.T.);
#6507=ADVANCED_FACE('',(#793),#438,.F.);
#6508=ADVANCED_FACE('',(#794),#302,.T.);
#6509=ADVANCED_FACE('',(#795),#439,.F.);
#6510=ADVANCED_FACE('',(#796),#303,.F.);
#6511=ADVANCED_FACE('',(#797),#440,.F.);
#6512=ADVANCED_FACE('',(#798),#304,.F.);
#6513=ADVANCED_FACE('',(#799),#441,.F.);
#6514=ADVANCED_FACE('',(#800),#305,.T.);
#6515=ADVANCED_FACE('',(#801),#306,.T.);
#6516=ADVANCED_FACE('',(#802),#307,.F.);
#6517=ADVANCED_FACE('',(#803),#442,.F.);
#6518=ADVANCED_FACE('',(#804),#308,.T.);
#6519=ADVANCED_FACE('',(#805),#443,.F.);
#6520=ADVANCED_FACE('',(#806),#309,.F.);
#6521=ADVANCED_FACE('',(#807),#444,.F.);
#6522=ADVANCED_FACE('',(#808),#310,.F.);
#6523=ADVANCED_FACE('',(#809),#445,.F.);
#6524=ADVANCED_FACE('',(#810),#311,.T.);
#6525=ADVANCED_FACE('',(#811),#446,.F.);
#6526=ADVANCED_FACE('',(#812),#312,.F.);
#6527=ADVANCED_FACE('',(#813),#447,.F.);
#6528=ADVANCED_FACE('',(#814),#313,.T.);
#6529=ADVANCED_FACE('',(#815),#448,.F.);
#6530=ADVANCED_FACE('',(#816),#314,.F.);
#6531=ADVANCED_FACE('',(#817),#449,.F.);
#6532=ADVANCED_FACE('',(#818),#315,.F.);
#6533=ADVANCED_FACE('',(#819),#450,.F.);
#6534=ADVANCED_FACE('',(#820),#451,.F.);
#6535=ADVANCED_FACE('',(#821),#452,.F.);
#6536=ADVANCED_FACE('',(#822),#101,.T.);
#6537=ADVANCED_FACE('',(#823),#316,.T.);
#6538=ADVANCED_FACE('',(#824),#102,.T.);
#6539=ADVANCED_FACE('',(#825),#317,.T.);
#6540=ADVANCED_FACE('',(#826),#103,.T.);
#6541=ADVANCED_FACE('',(#827),#318,.T.);
#6542=ADVANCED_FACE('',(#828),#104,.T.);
#6543=ADVANCED_FACE('',(#829),#319,.T.);
#6544=ADVANCED_FACE('',(#830),#105,.T.);
#6545=ADVANCED_FACE('',(#831),#320,.T.);
#6546=ADVANCED_FACE('',(#832),#106,.T.);
#6547=ADVANCED_FACE('',(#833),#321,.T.);
#6548=ADVANCED_FACE('',(#834),#107,.T.);
#6549=ADVANCED_FACE('',(#835),#322,.T.);
#6550=ADVANCED_FACE('',(#836),#108,.T.);
#6551=ADVANCED_FACE('',(#837),#323,.T.);
#6552=ADVANCED_FACE('',(#838),#109,.T.);
#6553=ADVANCED_FACE('',(#839),#324,.T.);
#6554=ADVANCED_FACE('',(#840),#110,.T.);
#6555=ADVANCED_FACE('',(#841),#325,.T.);
#6556=ADVANCED_FACE('',(#842),#111,.T.);
#6557=ADVANCED_FACE('',(#843),#326,.T.);
#6558=ADVANCED_FACE('',(#844),#112,.T.);
#6559=ADVANCED_FACE('',(#845),#327,.T.);
#6560=ADVANCED_FACE('',(#846),#113,.T.);
#6561=ADVANCED_FACE('',(#847),#328,.T.);
#6562=ADVANCED_FACE('',(#848),#114,.T.);
#6563=ADVANCED_FACE('',(#849),#329,.T.);
#6564=ADVANCED_FACE('',(#850),#115,.T.);
#6565=ADVANCED_FACE('',(#851),#330,.T.);
#6566=ADVANCED_FACE('',(#852),#116,.T.);
#6567=ADVANCED_FACE('',(#853),#117,.T.);
#6568=ADVANCED_FACE('',(#854),#331,.T.);
#6569=ADVANCED_FACE('',(#855),#118,.T.);
#6570=ADVANCED_FACE('',(#856),#332,.T.);
#6571=ADVANCED_FACE('',(#857),#119,.T.);
#6572=ADVANCED_FACE('',(#858),#333,.T.);
#6573=ADVANCED_FACE('',(#859),#120,.T.);
#6574=ADVANCED_FACE('',(#860),#121,.T.);
#6575=ADVANCED_FACE('',(#861),#334,.T.);
#6576=ADVANCED_FACE('',(#862),#122,.T.);
#6577=ADVANCED_FACE('',(#863),#335,.T.);
#6578=ADVANCED_FACE('',(#864),#123,.T.);
#6579=ADVANCED_FACE('',(#865),#336,.T.);
#6580=ADVANCED_FACE('',(#866),#124,.T.);
#6581=ADVANCED_FACE('',(#867),#337,.T.);
#6582=ADVANCED_FACE('',(#868),#453,.F.);
#6583=ADVANCED_FACE('',(#869),#338,.T.);
#6584=ADVANCED_FACE('',(#870),#454,.F.);
#6585=ADVANCED_FACE('',(#871),#339,.T.);
#6586=ADVANCED_FACE('',(#872),#455,.F.);
#6587=ADVANCED_FACE('',(#873),#340,.T.);
#6588=ADVANCED_FACE('',(#874),#456,.F.);
#6589=ADVANCED_FACE('',(#875),#341,.F.);
#6590=ADVANCED_FACE('',(#876),#457,.F.);
#6591=ADVANCED_FACE('',(#877),#342,.T.);
#6592=ADVANCED_FACE('',(#878),#458,.F.);
#6593=ADVANCED_FACE('',(#879),#343,.F.);
#6594=ADVANCED_FACE('',(#880),#459,.F.);
#6595=ADVANCED_FACE('',(#881),#344,.T.);
#6596=ADVANCED_FACE('',(#882),#460,.F.);
#6597=ADVANCED_FACE('',(#883),#345,.F.);
#6598=ADVANCED_FACE('',(#884),#346,.F.);
#6599=ADVANCED_FACE('',(#885),#461,.F.);
#6600=ADVANCED_FACE('',(#886),#462,.F.);
#6601=ADVANCED_FACE('',(#887),#463,.F.);
#6602=ADVANCED_FACE('',(#888),#464,.F.);
#6603=CLOSED_SHELL('',(#6179,#6180,#6181,#6182,#6183,#6184,#6185,#6186,
#6187,#6188,#6189,#6190,#6191,#6192,#6193,#6194,#6195,#6196,#6197,#6198,
#6199,#6200,#6201,#6202,#6203,#6204,#6205,#6206,#6207,#6208,#6209,#6210,
#6211,#6212,#6213,#6214,#6215,#6216,#6217,#6218,#6219,#6220,#6221,#6222,
#6223,#6224,#6225,#6226,#6227,#6228,#6229,#6230,#6231,#6232,#6233,#6234,
#6235,#6236,#6237,#6238,#6239,#6240,#6241,#6242,#6243,#6244,#6245,#6246,
#6247,#6248,#6249,#6250,#6251,#6252,#6253,#6254,#6255,#6256,#6257,#6258,
#6259,#6260,#6261,#6262,#6263,#6264,#6265,#6266,#6267,#6268,#6269,#6270,
#6271,#6272,#6273,#6274,#6275,#6276,#6277,#6278,#6279,#6280,#6281,#6282,
#6283,#6284,#6285,#6286,#6287,#6288,#6289,#6290,#6291,#6292,#6293,#6294,
#6295,#6296,#6297,#6298,#6299,#6300,#6301,#6302,#6303,#6304,#6305,#6306,
#6307,#6308,#6309,#6310,#6311,#6312,#6313,#6314,#6315,#6316,#6317,#6318,
#6319,#6320,#6321,#6322,#6323,#6324,#6325,#6326,#6327,#6328,#6329,#6330,
#6331,#6332,#6333,#6334,#6335,#6336,#6337,#6338,#6339,#6340,#6341,#6342,
#6343,#6344,#6345,#6346,#6347,#6348,#6349,#6350,#6351,#6352,#6353,#6354,
#6355,#6356,#6357,#6358,#6359,#6360,#6361,#6362,#6363,#6364,#6365,#6366,
#6367,#6368,#6369,#6370,#6371,#6372,#6373,#6374,#6375,#6376,#6377,#6378,
#6379,#6380,#6381,#6382,#6383,#6384,#6385,#6386,#6387,#6388,#6389,#6390));
#6604=CLOSED_SHELL('',(#6391,#6392,#6393,#6394,#6395,#6396,#6397,#6398,
#6399,#6400,#6401,#6402,#6403,#6404,#6405,#6406,#6407,#6408,#6409,#6410,
#6411,#6412,#6413,#6414,#6415,#6416,#6417,#6418,#6419,#6420,#6421,#6422,
#6423,#6424,#6425,#6426,#6427,#6428,#6429,#6430,#6431,#6432,#6433,#6434,
#6435,#6436,#6437,#6438,#6439,#6440,#6441,#6442,#6443,#6444,#6445,#6446,
#6447,#6448,#6449,#6450,#6451,#6452,#6453,#6454,#6455,#6456,#6457,#6458,
#6459,#6460,#6461,#6462,#6463,#6464,#6465,#6466,#6467,#6468,#6469,#6470,
#6471,#6472,#6473,#6474,#6475,#6476,#6477,#6478,#6479,#6480,#6481,#6482,
#6483,#6484,#6485,#6486,#6487,#6488,#6489,#6490,#6491,#6492,#6493,#6494,
#6495,#6496,#6497,#6498,#6499,#6500,#6501,#6502,#6503,#6504,#6505,#6506,
#6507,#6508,#6509,#6510,#6511,#6512,#6513,#6514,#6515,#6516,#6517,#6518,
#6519,#6520,#6521,#6522,#6523,#6524,#6525,#6526,#6527,#6528,#6529,#6530,
#6531,#6532,#6533,#6534,#6535,#6536,#6537,#6538,#6539,#6540,#6541,#6542,
#6543,#6544,#6545,#6546,#6547,#6548,#6549,#6550,#6551,#6552,#6553,#6554,
#6555,#6556,#6557,#6558,#6559,#6560,#6561,#6562,#6563,#6564,#6565,#6566,
#6567,#6568,#6569,#6570,#6571,#6572,#6573,#6574,#6575,#6576,#6577,#6578,
#6579,#6580,#6581,#6582,#6583,#6584,#6585,#6586,#6587,#6588,#6589,#6590,
#6591,#6592,#6593,#6594,#6595,#6596,#6597,#6598,#6599,#6600,#6601,#6602));
#6605=AXIS2_PLACEMENT_3D('',#9840,#7540,#7541);
#6606=AXIS2_PLACEMENT_3D('',#9841,#7542,#7543);
#6607=AXIS2_PLACEMENT_3D('',#9843,#7544,#7545);
#6608=AXIS2_PLACEMENT_3D('',#9846,#7547,#7548);
#6609=AXIS2_PLACEMENT_3D('',#9847,#7549,#7550);
#6610=AXIS2_PLACEMENT_3D('',#9850,#7551,#7552);
#6611=AXIS2_PLACEMENT_3D('',#9854,#7554,#7555);
#6612=AXIS2_PLACEMENT_3D('',#9856,#7556,#7557);
#6613=AXIS2_PLACEMENT_3D('',#9860,#7559,#7560);
#6614=AXIS2_PLACEMENT_3D('',#9864,#7562,#7563);
#6615=AXIS2_PLACEMENT_3D('',#9868,#7565,#7566);
#6616=AXIS2_PLACEMENT_3D('',#9872,#7568,#7569);
#6617=AXIS2_PLACEMENT_3D('',#9876,#7571,#7572);
#6618=AXIS2_PLACEMENT_3D('',#9880,#7574,#7575);
#6619=AXIS2_PLACEMENT_3D('',#9884,#7577,#7578);
#6620=AXIS2_PLACEMENT_3D('',#9888,#7580,#7581);
#6621=AXIS2_PLACEMENT_3D('',#9901,#7588,#7589);
#6622=AXIS2_PLACEMENT_3D('',#9903,#7590,#7591);
#6623=AXIS2_PLACEMENT_3D('',#9905,#7592,#7593);
#6624=AXIS2_PLACEMENT_3D('',#9907,#7594,#7595);
#6625=AXIS2_PLACEMENT_3D('',#9908,#7596,#7597);
#6626=AXIS2_PLACEMENT_3D('',#9911,#7599,#7600);
#6627=AXIS2_PLACEMENT_3D('',#9912,#7601,#7602);
#6628=AXIS2_PLACEMENT_3D('',#9915,#7604,#7605);
#6629=AXIS2_PLACEMENT_3D('',#9916,#7606,#7607);
#6630=AXIS2_PLACEMENT_3D('',#9919,#7609,#7610);
#6631=AXIS2_PLACEMENT_3D('',#9920,#7611,#7612);
#6632=AXIS2_PLACEMENT_3D('',#9923,#7614,#7615);
#6633=AXIS2_PLACEMENT_3D('',#9924,#7616,#7617);
#6634=AXIS2_PLACEMENT_3D('',#9926,#7618,#7619);
#6635=AXIS2_PLACEMENT_3D('',#9929,#7621,#7622);
#6636=AXIS2_PLACEMENT_3D('',#9930,#7623,#7624);
#6637=AXIS2_PLACEMENT_3D('',#9931,#7625,#7626);
#6638=AXIS2_PLACEMENT_3D('',#9933,#7627,#7628);
#6639=AXIS2_PLACEMENT_3D('',#9936,#7630,#7631);
#6640=AXIS2_PLACEMENT_3D('',#9937,#7632,#7633);
#6641=AXIS2_PLACEMENT_3D('',#9938,#7634,#7635);
#6642=AXIS2_PLACEMENT_3D('',#9940,#7636,#7637);
#6643=AXIS2_PLACEMENT_3D('',#9943,#7639,#7640);
#6644=AXIS2_PLACEMENT_3D('',#9944,#7641,#7642);
#6645=AXIS2_PLACEMENT_3D('',#9945,#7643,#7644);
#6646=AXIS2_PLACEMENT_3D('',#9947,#7645,#7646);
#6647=AXIS2_PLACEMENT_3D('',#9950,#7648,#7649);
#6648=AXIS2_PLACEMENT_3D('',#9951,#7650,#7651);
#6649=AXIS2_PLACEMENT_3D('',#9952,#7652,#7653);
#6650=AXIS2_PLACEMENT_3D('',#9954,#7654,#7655);
#6651=AXIS2_PLACEMENT_3D('',#9957,#7657,#7658);
#6652=AXIS2_PLACEMENT_3D('',#9958,#7659,#7660);
#6653=AXIS2_PLACEMENT_3D('',#9959,#7661,#7662);
#6654=AXIS2_PLACEMENT_3D('',#9960,#7663,#7664);
#6655=AXIS2_PLACEMENT_3D('',#9961,#7665,#7666);
#6656=AXIS2_PLACEMENT_3D('',#9962,#7667,#7668);
#6657=AXIS2_PLACEMENT_3D('',#9963,#7669,#7670);
#6658=AXIS2_PLACEMENT_3D('',#9975,#7671,#7672);
#6659=AXIS2_PLACEMENT_3D('',#9977,#7673,#7674);
#6660=AXIS2_PLACEMENT_3D('',#9979,#7675,#7676);
#6661=AXIS2_PLACEMENT_3D('',#9994,#7677,#7678);
#6662=AXIS2_PLACEMENT_3D('',#9997,#7679,#7680);
#6663=AXIS2_PLACEMENT_3D('',#10000,#7683,#7684);
#6664=AXIS2_PLACEMENT_3D('',#10003,#7685,#7686);
#6665=AXIS2_PLACEMENT_3D('',#10004,#7687,#7688);
#6666=AXIS2_PLACEMENT_3D('',#10005,#7689,#7690);
#6667=AXIS2_PLACEMENT_3D('',#10006,#7691,#7692);
#6668=AXIS2_PLACEMENT_3D('',#10009,#7693,#7694);
#6669=AXIS2_PLACEMENT_3D('',#10023,#7697,#7698);
#6670=AXIS2_PLACEMENT_3D('',#10024,#7699,#7700);
#6671=AXIS2_PLACEMENT_3D('',#10025,#7701,#7702);
#6672=AXIS2_PLACEMENT_3D('',#10026,#7703,#7704);
#6673=AXIS2_PLACEMENT_3D('',#10029,#7705,#7706);
#6674=AXIS2_PLACEMENT_3D('',#10032,#7709,#7710);
#6675=AXIS2_PLACEMENT_3D('',#10035,#7711,#7712);
#6676=AXIS2_PLACEMENT_3D('',#10036,#7713,#7714);
#6677=AXIS2_PLACEMENT_3D('',#10037,#7715,#7716);
#6678=AXIS2_PLACEMENT_3D('',#10038,#7717,#7718);
#6679=AXIS2_PLACEMENT_3D('',#10041,#7719,#7720);
#6680=AXIS2_PLACEMENT_3D('',#10055,#7723,#7724);
#6681=AXIS2_PLACEMENT_3D('',#10056,#7725,#7726);
#6682=AXIS2_PLACEMENT_3D('',#10057,#7727,#7728);
#6683=AXIS2_PLACEMENT_3D('',#10058,#7729,#7730);
#6684=AXIS2_PLACEMENT_3D('',#10061,#7731,#7732);
#6685=AXIS2_PLACEMENT_3D('',#10075,#7735,#7736);
#6686=AXIS2_PLACEMENT_3D('',#10076,#7737,#7738);
#6687=AXIS2_PLACEMENT_3D('',#10077,#7739,#7740);
#6688=AXIS2_PLACEMENT_3D('',#10078,#7741,#7742);
#6689=AXIS2_PLACEMENT_3D('',#10081,#7743,#7744);
#6690=AXIS2_PLACEMENT_3D('',#10095,#7747,#7748);
#6691=AXIS2_PLACEMENT_3D('',#10096,#7749,#7750);
#6692=AXIS2_PLACEMENT_3D('',#10097,#7751,#7752);
#6693=AXIS2_PLACEMENT_3D('',#10098,#7753,#7754);
#6694=AXIS2_PLACEMENT_3D('',#10101,#7755,#7756);
#6695=AXIS2_PLACEMENT_3D('',#10104,#7759,#7760);
#6696=AXIS2_PLACEMENT_3D('',#10107,#7761,#7762);
#6697=AXIS2_PLACEMENT_3D('',#10108,#7763,#7764);
#6698=AXIS2_PLACEMENT_3D('',#10109,#7765,#7766);
#6699=AXIS2_PLACEMENT_3D('',#10121,#7767,#7768);
#6700=AXIS2_PLACEMENT_3D('',#10122,#7769,#7770);
#6701=AXIS2_PLACEMENT_3D('',#10123,#7771,#7772);
#6702=AXIS2_PLACEMENT_3D('',#10124,#7773,#7774);
#6703=AXIS2_PLACEMENT_3D('',#10127,#7775,#7776);
#6704=AXIS2_PLACEMENT_3D('',#10130,#7779,#7780);
#6705=AXIS2_PLACEMENT_3D('',#10133,#7781,#7782);
#6706=AXIS2_PLACEMENT_3D('',#10134,#7783,#7784);
#6707=AXIS2_PLACEMENT_3D('',#10135,#7785,#7786);
#6708=AXIS2_PLACEMENT_3D('',#10136,#7787,#7788);
#6709=AXIS2_PLACEMENT_3D('',#10139,#7789,#7790);
#6710=AXIS2_PLACEMENT_3D('',#10153,#7793,#7794);
#6711=AXIS2_PLACEMENT_3D('',#10154,#7795,#7796);
#6712=AXIS2_PLACEMENT_3D('',#10155,#7797,#7798);
#6713=AXIS2_PLACEMENT_3D('',#10156,#7799,#7800);
#6714=AXIS2_PLACEMENT_3D('',#10159,#7801,#7802);
#6715=AXIS2_PLACEMENT_3D('',#10173,#7805,#7806);
#6716=AXIS2_PLACEMENT_3D('',#10174,#7807,#7808);
#6717=AXIS2_PLACEMENT_3D('',#10175,#7809,#7810);
#6718=AXIS2_PLACEMENT_3D('',#10176,#7811,#7812);
#6719=AXIS2_PLACEMENT_3D('',#10179,#7813,#7814);
#6720=AXIS2_PLACEMENT_3D('',#10180,#7815,#7816);
#6721=AXIS2_PLACEMENT_3D('',#10181,#7817,#7818);
#6722=AXIS2_PLACEMENT_3D('',#10182,#7819,#7820);
#6723=AXIS2_PLACEMENT_3D('',#10185,#7821,#7822);
#6724=AXIS2_PLACEMENT_3D('',#10199,#7825,#7826);
#6725=AXIS2_PLACEMENT_3D('',#10200,#7827,#7828);
#6726=AXIS2_PLACEMENT_3D('',#10201,#7829,#7830);
#6727=AXIS2_PLACEMENT_3D('',#10202,#7831,#7832);
#6728=AXIS2_PLACEMENT_3D('',#10205,#7833,#7834);
#6729=AXIS2_PLACEMENT_3D('',#10208,#7837,#7838);
#6730=AXIS2_PLACEMENT_3D('',#10211,#7839,#7840);
#6731=AXIS2_PLACEMENT_3D('',#10212,#7841,#7842);
#6732=AXIS2_PLACEMENT_3D('',#10213,#7843,#7844);
#6733=AXIS2_PLACEMENT_3D('',#10214,#7845,#7846);
#6734=AXIS2_PLACEMENT_3D('',#10217,#7847,#7848);
#6735=AXIS2_PLACEMENT_3D('',#10231,#7851,#7852);
#6736=AXIS2_PLACEMENT_3D('',#10232,#7853,#7854);
#6737=AXIS2_PLACEMENT_3D('',#10233,#7855,#7856);
#6738=AXIS2_PLACEMENT_3D('',#10234,#7857,#7858);
#6739=AXIS2_PLACEMENT_3D('',#10237,#7861,#7862);
#6740=AXIS2_PLACEMENT_3D('',#10243,#7866,#7867);
#6741=AXIS2_PLACEMENT_3D('',#10246,#7869,#7870);
#6742=AXIS2_PLACEMENT_3D('',#10247,#7871,#7872);
#6743=AXIS2_PLACEMENT_3D('',#10251,#7875,#7876);
#6744=AXIS2_PLACEMENT_3D('',#10254,#7878,#7879);
#6745=AXIS2_PLACEMENT_3D('',#10255,#7880,#7881);
#6746=AXIS2_PLACEMENT_3D('',#10259,#7884,#7885);
#6747=AXIS2_PLACEMENT_3D('',#10262,#7887,#7888);
#6748=AXIS2_PLACEMENT_3D('',#10263,#7889,#7890);
#6749=AXIS2_PLACEMENT_3D('',#10266,#7892,#7893);
#6750=AXIS2_PLACEMENT_3D('',#10267,#7894,#7895);
#6751=AXIS2_PLACEMENT_3D('',#10271,#7898,#7899);
#6752=AXIS2_PLACEMENT_3D('',#10274,#7901,#7902);
#6753=AXIS2_PLACEMENT_3D('',#10275,#7903,#7904);
#6754=AXIS2_PLACEMENT_3D('',#10279,#7907,#7908);
#6755=AXIS2_PLACEMENT_3D('',#10282,#7910,#7911);
#6756=AXIS2_PLACEMENT_3D('',#10283,#7912,#7913);
#6757=AXIS2_PLACEMENT_3D('',#10287,#7916,#7917);
#6758=AXIS2_PLACEMENT_3D('',#10290,#7919,#7920);
#6759=AXIS2_PLACEMENT_3D('',#10291,#7921,#7922);
#6760=AXIS2_PLACEMENT_3D('',#10295,#7925,#7926);
#6761=AXIS2_PLACEMENT_3D('',#10298,#7928,#7929);
#6762=AXIS2_PLACEMENT_3D('',#10299,#7930,#7931);
#6763=AXIS2_PLACEMENT_3D('',#10300,#7932,#7933);
#6764=AXIS2_PLACEMENT_3D('',#10305,#7935,#7936);
#6765=AXIS2_PLACEMENT_3D('',#10308,#7938,#7939);
#6766=AXIS2_PLACEMENT_3D('',#10309,#7940,#7941);
#6767=AXIS2_PLACEMENT_3D('',#10313,#7943,#7944);
#6768=AXIS2_PLACEMENT_3D('',#10315,#7946,#7947);
#6769=AXIS2_PLACEMENT_3D('',#10319,#7949,#7950);
#6770=AXIS2_PLACEMENT_3D('',#10321,#7952,#7953);
#6771=AXIS2_PLACEMENT_3D('',#10325,#7955,#7956);
#6772=AXIS2_PLACEMENT_3D('',#10327,#7958,#7959);
#6773=AXIS2_PLACEMENT_3D('',#10330,#7960,#7961);
#6774=AXIS2_PLACEMENT_3D('',#10331,#7962,#7963);
#6775=AXIS2_PLACEMENT_3D('',#10332,#7964,#7965);
#6776=AXIS2_PLACEMENT_3D('',#10333,#7966,#7967);
#6777=AXIS2_PLACEMENT_3D('',#10336,#7968,#7969);
#6778=AXIS2_PLACEMENT_3D('',#10339,#7972,#7973);
#6779=AXIS2_PLACEMENT_3D('',#10342,#7974,#7975);
#6780=AXIS2_PLACEMENT_3D('',#10343,#7976,#7977);
#6781=AXIS2_PLACEMENT_3D('',#10344,#7978,#7979);
#6782=AXIS2_PLACEMENT_3D('',#10345,#7980,#7981);
#6783=AXIS2_PLACEMENT_3D('',#10348,#7982,#7983);
#6784=AXIS2_PLACEMENT_3D('',#10351,#7986,#7987);
#6785=AXIS2_PLACEMENT_3D('',#10354,#7988,#7989);
#6786=AXIS2_PLACEMENT_3D('',#10355,#7990,#7991);
#6787=AXIS2_PLACEMENT_3D('',#10356,#7992,#7993);
#6788=AXIS2_PLACEMENT_3D('',#10357,#7994,#7995);
#6789=AXIS2_PLACEMENT_3D('',#10360,#7996,#7997);
#6790=AXIS2_PLACEMENT_3D('',#10363,#8000,#8001);
#6791=AXIS2_PLACEMENT_3D('',#10366,#8002,#8003);
#6792=AXIS2_PLACEMENT_3D('',#10367,#8004,#8005);
#6793=AXIS2_PLACEMENT_3D('',#10368,#8006,#8007);
#6794=AXIS2_PLACEMENT_3D('',#10369,#8008,#8009);
#6795=AXIS2_PLACEMENT_3D('',#10372,#8010,#8011);
#6796=AXIS2_PLACEMENT_3D('',#10375,#8014,#8015);
#6797=AXIS2_PLACEMENT_3D('',#10378,#8016,#8017);
#6798=AXIS2_PLACEMENT_3D('',#10379,#8018,#8019);
#6799=AXIS2_PLACEMENT_3D('',#10380,#8020,#8021);
#6800=AXIS2_PLACEMENT_3D('',#10381,#8022,#8023);
#6801=AXIS2_PLACEMENT_3D('',#10384,#8024,#8025);
#6802=AXIS2_PLACEMENT_3D('',#10387,#8028,#8029);
#6803=AXIS2_PLACEMENT_3D('',#10390,#8030,#8031);
#6804=AXIS2_PLACEMENT_3D('',#10391,#8032,#8033);
#6805=AXIS2_PLACEMENT_3D('',#10392,#8034,#8035);
#6806=AXIS2_PLACEMENT_3D('',#10393,#8036,#8037);
#6807=AXIS2_PLACEMENT_3D('',#10396,#8038,#8039);
#6808=AXIS2_PLACEMENT_3D('',#10399,#8042,#8043);
#6809=AXIS2_PLACEMENT_3D('',#10402,#8044,#8045);
#6810=AXIS2_PLACEMENT_3D('',#10403,#8046,#8047);
#6811=AXIS2_PLACEMENT_3D('',#10404,#8048,#8049);
#6812=AXIS2_PLACEMENT_3D('',#10405,#8050,#8051);
#6813=AXIS2_PLACEMENT_3D('',#10408,#8052,#8053);
#6814=AXIS2_PLACEMENT_3D('',#10411,#8056,#8057);
#6815=AXIS2_PLACEMENT_3D('',#10414,#8058,#8059);
#6816=AXIS2_PLACEMENT_3D('',#10415,#8060,#8061);
#6817=AXIS2_PLACEMENT_3D('',#10416,#8062,#8063);
#6818=AXIS2_PLACEMENT_3D('',#10417,#8064,#8065);
#6819=AXIS2_PLACEMENT_3D('',#10420,#8066,#8067);
#6820=AXIS2_PLACEMENT_3D('',#10423,#8070,#8071);
#6821=AXIS2_PLACEMENT_3D('',#10426,#8072,#8073);
#6822=AXIS2_PLACEMENT_3D('',#10427,#8074,#8075);
#6823=AXIS2_PLACEMENT_3D('',#10428,#8076,#8077);
#6824=AXIS2_PLACEMENT_3D('',#10429,#8078,#8079);
#6825=AXIS2_PLACEMENT_3D('',#10432,#8080,#8081);
#6826=AXIS2_PLACEMENT_3D('',#10435,#8084,#8085);
#6827=AXIS2_PLACEMENT_3D('',#10438,#8086,#8087);
#6828=AXIS2_PLACEMENT_3D('',#10439,#8088,#8089);
#6829=AXIS2_PLACEMENT_3D('',#10440,#8090,#8091);
#6830=AXIS2_PLACEMENT_3D('',#10441,#8092,#8093);
#6831=AXIS2_PLACEMENT_3D('',#10444,#8094,#8095);
#6832=AXIS2_PLACEMENT_3D('',#10445,#8096,#8097);
#6833=AXIS2_PLACEMENT_3D('',#10446,#8098,#8099);
#6834=AXIS2_PLACEMENT_3D('',#10447,#8100,#8101);
#6835=AXIS2_PLACEMENT_3D('',#10450,#8102,#8103);
#6836=AXIS2_PLACEMENT_3D('',#10453,#8106,#8107);
#6837=AXIS2_PLACEMENT_3D('',#10456,#8108,#8109);
#6838=AXIS2_PLACEMENT_3D('',#10457,#8110,#8111);
#6839=AXIS2_PLACEMENT_3D('',#10458,#8112,#8113);
#6840=AXIS2_PLACEMENT_3D('',#10459,#8114,#8115);
#6841=AXIS2_PLACEMENT_3D('',#10462,#8116,#8117);
#6842=AXIS2_PLACEMENT_3D('',#10465,#8120,#8121);
#6843=AXIS2_PLACEMENT_3D('',#10468,#8122,#8123);
#6844=AXIS2_PLACEMENT_3D('',#10469,#8124,#8125);
#6845=AXIS2_PLACEMENT_3D('',#10470,#8126,#8127);
#6846=AXIS2_PLACEMENT_3D('',#10471,#8128,#8129);
#6847=AXIS2_PLACEMENT_3D('',#10474,#8130,#8131);
#6848=AXIS2_PLACEMENT_3D('',#10477,#8134,#8135);
#6849=AXIS2_PLACEMENT_3D('',#10480,#8136,#8137);
#6850=AXIS2_PLACEMENT_3D('',#10481,#8138,#8139);
#6851=AXIS2_PLACEMENT_3D('',#10482,#8140,#8141);
#6852=AXIS2_PLACEMENT_3D('',#10483,#8142,#8143);
#6853=AXIS2_PLACEMENT_3D('',#10486,#8144,#8145);
#6854=AXIS2_PLACEMENT_3D('',#10489,#8148,#8149);
#6855=AXIS2_PLACEMENT_3D('',#10492,#8150,#8151);
#6856=AXIS2_PLACEMENT_3D('',#10493,#8152,#8153);
#6857=AXIS2_PLACEMENT_3D('',#10494,#8154,#8155);
#6858=AXIS2_PLACEMENT_3D('',#10495,#8156,#8157);
#6859=AXIS2_PLACEMENT_3D('',#10498,#8158,#8159);
#6860=AXIS2_PLACEMENT_3D('',#10501,#8162,#8163);
#6861=AXIS2_PLACEMENT_3D('',#10504,#8164,#8165);
#6862=AXIS2_PLACEMENT_3D('',#10505,#8166,#8167);
#6863=AXIS2_PLACEMENT_3D('',#10506,#8168,#8169);
#6864=AXIS2_PLACEMENT_3D('',#10507,#8170,#8171);
#6865=AXIS2_PLACEMENT_3D('',#10510,#8172,#8173);
#6866=AXIS2_PLACEMENT_3D('',#10513,#8176,#8177);
#6867=AXIS2_PLACEMENT_3D('',#10516,#8178,#8179);
#6868=AXIS2_PLACEMENT_3D('',#10517,#8180,#8181);
#6869=AXIS2_PLACEMENT_3D('',#10518,#8182,#8183);
#6870=AXIS2_PLACEMENT_3D('',#10519,#8184,#8185);
#6871=AXIS2_PLACEMENT_3D('',#10522,#8186,#8187);
#6872=AXIS2_PLACEMENT_3D('',#10525,#8190,#8191);
#6873=AXIS2_PLACEMENT_3D('',#10528,#8192,#8193);
#6874=AXIS2_PLACEMENT_3D('',#10529,#8194,#8195);
#6875=AXIS2_PLACEMENT_3D('',#10530,#8196,#8197);
#6876=AXIS2_PLACEMENT_3D('',#10531,#8198,#8199);
#6877=AXIS2_PLACEMENT_3D('',#10534,#8200,#8201);
#6878=AXIS2_PLACEMENT_3D('',#10537,#8204,#8205);
#6879=AXIS2_PLACEMENT_3D('',#10540,#8206,#8207);
#6880=AXIS2_PLACEMENT_3D('',#10541,#8208,#8209);
#6881=AXIS2_PLACEMENT_3D('',#10542,#8210,#8211);
#6882=AXIS2_PLACEMENT_3D('',#10543,#8212,#8213);
#6883=AXIS2_PLACEMENT_3D('',#10548,#8216,#8217);
#6884=AXIS2_PLACEMENT_3D('',#10549,#8218,#8219);
#6885=AXIS2_PLACEMENT_3D('',#10552,#8222,#8223);
#6886=AXIS2_PLACEMENT_3D('',#10556,#8225,#8226);
#6887=AXIS2_PLACEMENT_3D('',#10558,#8228,#8229);
#6888=AXIS2_PLACEMENT_3D('',#10562,#8232,#8233);
#6889=AXIS2_PLACEMENT_3D('',#10565,#8235,#8236);
#6890=AXIS2_PLACEMENT_3D('',#10566,#8237,#8238);
#6891=AXIS2_PLACEMENT_3D('',#10570,#8241,#8242);
#6892=AXIS2_PLACEMENT_3D('',#10573,#8244,#8245);
#6893=AXIS2_PLACEMENT_3D('',#10574,#8246,#8247);
#6894=AXIS2_PLACEMENT_3D('',#10578,#8250,#8251);
#6895=AXIS2_PLACEMENT_3D('',#10581,#8253,#8254);
#6896=AXIS2_PLACEMENT_3D('',#10582,#8255,#8256);
#6897=AXIS2_PLACEMENT_3D('',#10588,#8259,#8260);
#6898=AXIS2_PLACEMENT_3D('',#10590,#8262,#8263);
#6899=AXIS2_PLACEMENT_3D('',#10593,#8265,#8266);
#6900=AXIS2_PLACEMENT_3D('',#10594,#8267,#8268);
#6901=AXIS2_PLACEMENT_3D('',#10598,#8271,#8272);
#6902=AXIS2_PLACEMENT_3D('',#10601,#8274,#8275);
#6903=AXIS2_PLACEMENT_3D('',#10602,#8276,#8277);
#6904=AXIS2_PLACEMENT_3D('',#10606,#8280,#8281);
#6905=AXIS2_PLACEMENT_3D('',#10609,#8283,#8284);
#6906=AXIS2_PLACEMENT_3D('',#10610,#8285,#8286);
#6907=AXIS2_PLACEMENT_3D('',#10614,#8289,#8290);
#6908=AXIS2_PLACEMENT_3D('',#10617,#8292,#8293);
#6909=AXIS2_PLACEMENT_3D('',#10618,#8294,#8295);
#6910=AXIS2_PLACEMENT_3D('',#10621,#8298,#8299);
#6911=AXIS2_PLACEMENT_3D('',#10623,#8301,#8302);
#6912=AXIS2_PLACEMENT_3D('',#10625,#8304,#8305);
#6913=AXIS2_PLACEMENT_3D('',#10627,#8307,#8308);
#6914=AXIS2_PLACEMENT_3D('',#10629,#8310,#8311);
#6915=AXIS2_PLACEMENT_3D('',#10631,#8313,#8314);
#6916=AXIS2_PLACEMENT_3D('',#10633,#8316,#8317);
#6917=AXIS2_PLACEMENT_3D('',#10635,#8319,#8320);
#6918=AXIS2_PLACEMENT_3D('',#10637,#8322,#8323);
#6919=AXIS2_PLACEMENT_3D('',#10639,#8325,#8326);
#6920=AXIS2_PLACEMENT_3D('',#10641,#8328,#8329);
#6921=AXIS2_PLACEMENT_3D('',#10643,#8331,#8332);
#6922=AXIS2_PLACEMENT_3D('',#10645,#8334,#8335);
#6923=AXIS2_PLACEMENT_3D('',#10647,#8337,#8338);
#6924=AXIS2_PLACEMENT_3D('',#10649,#8340,#8341);
#6925=AXIS2_PLACEMENT_3D('',#10651,#8343,#8344);
#6926=AXIS2_PLACEMENT_3D('',#10653,#8346,#8347);
#6927=AXIS2_PLACEMENT_3D('',#10655,#8349,#8350);
#6928=AXIS2_PLACEMENT_3D('',#10657,#8352,#8353);
#6929=AXIS2_PLACEMENT_3D('',#10659,#8355,#8356);
#6930=AXIS2_PLACEMENT_3D('',#10661,#8358,#8359);
#6931=AXIS2_PLACEMENT_3D('',#10663,#8360,#8361);
#6932=AXIS2_PLACEMENT_3D('',#10665,#8362,#8363);
#6933=AXIS2_PLACEMENT_3D('',#10680,#8364,#8365);
#6934=AXIS2_PLACEMENT_3D('',#10683,#8366,#8367);
#6935=AXIS2_PLACEMENT_3D('',#10686,#8370,#8371);
#6936=AXIS2_PLACEMENT_3D('',#10689,#8372,#8373);
#6937=AXIS2_PLACEMENT_3D('',#10690,#8374,#8375);
#6938=AXIS2_PLACEMENT_3D('',#10691,#8376,#8377);
#6939=AXIS2_PLACEMENT_3D('',#10692,#8378,#8379);
#6940=AXIS2_PLACEMENT_3D('',#10695,#8380,#8381);
#6941=AXIS2_PLACEMENT_3D('',#10698,#8384,#8385);
#6942=AXIS2_PLACEMENT_3D('',#10701,#8386,#8387);
#6943=AXIS2_PLACEMENT_3D('',#10702,#8388,#8389);
#6944=AXIS2_PLACEMENT_3D('',#10703,#8390,#8391);
#6945=AXIS2_PLACEMENT_3D('',#10704,#8392,#8393);
#6946=AXIS2_PLACEMENT_3D('',#10707,#8394,#8395);
#6947=AXIS2_PLACEMENT_3D('',#10710,#8398,#8399);
#6948=AXIS2_PLACEMENT_3D('',#10713,#8400,#8401);
#6949=AXIS2_PLACEMENT_3D('',#10714,#8402,#8403);
#6950=AXIS2_PLACEMENT_3D('',#10715,#8404,#8405);
#6951=AXIS2_PLACEMENT_3D('',#10716,#8406,#8407);
#6952=AXIS2_PLACEMENT_3D('',#10719,#8408,#8409);
#6953=AXIS2_PLACEMENT_3D('',#10722,#8412,#8413);
#6954=AXIS2_PLACEMENT_3D('',#10725,#8414,#8415);
#6955=AXIS2_PLACEMENT_3D('',#10726,#8416,#8417);
#6956=AXIS2_PLACEMENT_3D('',#10727,#8418,#8419);
#6957=AXIS2_PLACEMENT_3D('',#10728,#8420,#8421);
#6958=AXIS2_PLACEMENT_3D('',#10731,#8422,#8423);
#6959=AXIS2_PLACEMENT_3D('',#10734,#8426,#8427);
#6960=AXIS2_PLACEMENT_3D('',#10737,#8428,#8429);
#6961=AXIS2_PLACEMENT_3D('',#10738,#8430,#8431);
#6962=AXIS2_PLACEMENT_3D('',#10739,#8432,#8433);
#6963=AXIS2_PLACEMENT_3D('',#10740,#8434,#8435);
#6964=AXIS2_PLACEMENT_3D('',#10742,#8436,#8437);
#6965=AXIS2_PLACEMENT_3D('',#10745,#8440,#8441);
#6966=AXIS2_PLACEMENT_3D('',#10747,#8442,#8443);
#6967=AXIS2_PLACEMENT_3D('',#10748,#8444,#8445);
#6968=AXIS2_PLACEMENT_3D('',#10749,#8446,#8447);
#6969=AXIS2_PLACEMENT_3D('',#10751,#8448,#8449);
#6970=AXIS2_PLACEMENT_3D('',#10753,#8451,#8452);
#6971=AXIS2_PLACEMENT_3D('',#10755,#8453,#8454);
#6972=AXIS2_PLACEMENT_3D('',#10756,#8455,#8456);
#6973=AXIS2_PLACEMENT_3D('',#10757,#8457,#8458);
#6974=AXIS2_PLACEMENT_3D('',#10759,#8459,#8460);
#6975=AXIS2_PLACEMENT_3D('',#10761,#8462,#8463);
#6976=AXIS2_PLACEMENT_3D('',#10763,#8464,#8465);
#6977=AXIS2_PLACEMENT_3D('',#10764,#8466,#8467);
#6978=AXIS2_PLACEMENT_3D('',#10765,#8468,#8469);
#6979=AXIS2_PLACEMENT_3D('',#10767,#8470,#8471);
#6980=AXIS2_PLACEMENT_3D('',#10769,#8473,#8474);
#6981=AXIS2_PLACEMENT_3D('',#10771,#8475,#8476);
#6982=AXIS2_PLACEMENT_3D('',#10772,#8477,#8478);
#6983=AXIS2_PLACEMENT_3D('',#10773,#8479,#8480);
#6984=AXIS2_PLACEMENT_3D('',#10775,#8481,#8482);
#6985=AXIS2_PLACEMENT_3D('',#10777,#8484,#8485);
#6986=AXIS2_PLACEMENT_3D('',#10779,#8486,#8487);
#6987=AXIS2_PLACEMENT_3D('',#10780,#8488,#8489);
#6988=AXIS2_PLACEMENT_3D('',#10781,#8490,#8491);
#6989=AXIS2_PLACEMENT_3D('',#10783,#8492,#8493);
#6990=AXIS2_PLACEMENT_3D('',#10785,#8495,#8496);
#6991=AXIS2_PLACEMENT_3D('',#10787,#8497,#8498);
#6992=AXIS2_PLACEMENT_3D('',#10788,#8499,#8500);
#6993=AXIS2_PLACEMENT_3D('',#10789,#8501,#8502);
#6994=AXIS2_PLACEMENT_3D('',#10791,#8503,#8504);
#6995=AXIS2_PLACEMENT_3D('',#10793,#8506,#8507);
#6996=AXIS2_PLACEMENT_3D('',#10795,#8508,#8509);
#6997=AXIS2_PLACEMENT_3D('',#10796,#8510,#8511);
#6998=AXIS2_PLACEMENT_3D('',#10797,#8512,#8513);
#6999=AXIS2_PLACEMENT_3D('',#10799,#8514,#8515);
#7000=AXIS2_PLACEMENT_3D('',#10801,#8517,#8518);
#7001=AXIS2_PLACEMENT_3D('',#10803,#8519,#8520);
#7002=AXIS2_PLACEMENT_3D('',#10804,#8521,#8522);
#7003=AXIS2_PLACEMENT_3D('',#10805,#8523,#8524);
#7004=AXIS2_PLACEMENT_3D('',#10807,#8525,#8526);
#7005=AXIS2_PLACEMENT_3D('',#10809,#8528,#8529);
#7006=AXIS2_PLACEMENT_3D('',#10811,#8530,#8531);
#7007=AXIS2_PLACEMENT_3D('',#10812,#8532,#8533);
#7008=AXIS2_PLACEMENT_3D('',#10813,#8534,#8535);
#7009=AXIS2_PLACEMENT_3D('',#10816,#8536,#8537);
#7010=AXIS2_PLACEMENT_3D('',#10819,#8540,#8541);
#7011=AXIS2_PLACEMENT_3D('',#10822,#8542,#8543);
#7012=AXIS2_PLACEMENT_3D('',#10823,#8544,#8545);
#7013=AXIS2_PLACEMENT_3D('',#10824,#8546,#8547);
#7014=AXIS2_PLACEMENT_3D('',#10825,#8548,#8549);
#7015=AXIS2_PLACEMENT_3D('',#10827,#8550,#8551);
#7016=AXIS2_PLACEMENT_3D('',#10828,#8552,#8553);
#7017=AXIS2_PLACEMENT_3D('',#10829,#8554,#8555);
#7018=AXIS2_PLACEMENT_3D('',#10830,#8556,#8557);
#7019=AXIS2_PLACEMENT_3D('',#10832,#8558,#8559);
#7020=AXIS2_PLACEMENT_3D('',#10834,#8561,#8562);
#7021=AXIS2_PLACEMENT_3D('',#10836,#8563,#8564);
#7022=AXIS2_PLACEMENT_3D('',#10837,#8565,#8566);
#7023=AXIS2_PLACEMENT_3D('',#10838,#8567,#8568);
#7024=AXIS2_PLACEMENT_3D('',#10840,#8569,#8570);
#7025=AXIS2_PLACEMENT_3D('',#10842,#8572,#8573);
#7026=AXIS2_PLACEMENT_3D('',#10844,#8574,#8575);
#7027=AXIS2_PLACEMENT_3D('',#10845,#8576,#8577);
#7028=AXIS2_PLACEMENT_3D('',#10846,#8578,#8579);
#7029=AXIS2_PLACEMENT_3D('',#10848,#8580,#8581);
#7030=AXIS2_PLACEMENT_3D('',#10850,#8583,#8584);
#7031=AXIS2_PLACEMENT_3D('',#10852,#8585,#8586);
#7032=AXIS2_PLACEMENT_3D('',#10853,#8587,#8588);
#7033=AXIS2_PLACEMENT_3D('',#10854,#8589,#8590);
#7034=AXIS2_PLACEMENT_3D('',#10856,#8591,#8592);
#7035=AXIS2_PLACEMENT_3D('',#10857,#8593,#8594);
#7036=AXIS2_PLACEMENT_3D('',#10858,#8595,#8596);
#7037=AXIS2_PLACEMENT_3D('',#10860,#8597,#8598);
#7038=AXIS2_PLACEMENT_3D('',#10862,#8600,#8601);
#7039=AXIS2_PLACEMENT_3D('',#10864,#8602,#8603);
#7040=AXIS2_PLACEMENT_3D('',#10865,#8604,#8605);
#7041=AXIS2_PLACEMENT_3D('',#10866,#8606,#8607);
#7042=AXIS2_PLACEMENT_3D('',#10868,#8608,#8609);
#7043=AXIS2_PLACEMENT_3D('',#10870,#8611,#8612);
#7044=AXIS2_PLACEMENT_3D('',#10872,#8613,#8614);
#7045=AXIS2_PLACEMENT_3D('',#10873,#8615,#8616);
#7046=AXIS2_PLACEMENT_3D('',#10874,#8617,#8618);
#7047=AXIS2_PLACEMENT_3D('',#10876,#8619,#8620);
#7048=AXIS2_PLACEMENT_3D('',#10878,#8622,#8623);
#7049=AXIS2_PLACEMENT_3D('',#10880,#8624,#8625);
#7050=AXIS2_PLACEMENT_3D('',#10881,#8626,#8627);
#7051=AXIS2_PLACEMENT_3D('',#10882,#8628,#8629);
#7052=AXIS2_PLACEMENT_3D('',#10884,#8631,#8632);
#7053=AXIS2_PLACEMENT_3D('',#10885,#8633,#8634);
#7054=AXIS2_PLACEMENT_3D('',#10888,#8637,#8638);
#7055=AXIS2_PLACEMENT_3D('',#10890,#8640,#8641);
#7056=AXIS2_PLACEMENT_3D('',#10892,#8643,#8644);
#7057=AXIS2_PLACEMENT_3D('',#10894,#8646,#8647);
#7058=AXIS2_PLACEMENT_3D('',#10896,#8649,#8650);
#7059=AXIS2_PLACEMENT_3D('',#10898,#8652,#8653);
#7060=AXIS2_PLACEMENT_3D('',#10900,#8655,#8656);
#7061=AXIS2_PLACEMENT_3D('',#10902,#8658,#8659);
#7062=AXIS2_PLACEMENT_3D('',#10904,#8661,#8662);
#7063=AXIS2_PLACEMENT_3D('',#10906,#8664,#8665);
#7064=AXIS2_PLACEMENT_3D('',#10908,#8667,#8668);
#7065=AXIS2_PLACEMENT_3D('',#10909,#8669,#8670);
#7066=AXIS2_PLACEMENT_3D('',#10911,#8672,#8673);
#7067=AXIS2_PLACEMENT_3D('',#10913,#8675,#8676);
#7068=AXIS2_PLACEMENT_3D('',#10915,#8678,#8679);
#7069=AXIS2_PLACEMENT_3D('',#10917,#8681,#8682);
#7070=AXIS2_PLACEMENT_3D('',#10919,#8684,#8685);
#7071=AXIS2_PLACEMENT_3D('',#10921,#8687,#8688);
#7072=AXIS2_PLACEMENT_3D('',#10922,#8689,#8690);
#7073=AXIS2_PLACEMENT_3D('',#10923,#8691,#8692);
#7074=AXIS2_PLACEMENT_3D('',#10925,#8693,#8694);
#7075=AXIS2_PLACEMENT_3D('',#10928,#8696,#8697);
#7076=AXIS2_PLACEMENT_3D('',#10929,#8698,#8699);
#7077=AXIS2_PLACEMENT_3D('',#10932,#8700,#8701);
#7078=AXIS2_PLACEMENT_3D('',#10946,#8708,#8709);
#7079=AXIS2_PLACEMENT_3D('',#10950,#8711,#8712);
#7080=AXIS2_PLACEMENT_3D('',#10954,#8714,#8715);
#7081=AXIS2_PLACEMENT_3D('',#10958,#8717,#8718);
#7082=AXIS2_PLACEMENT_3D('',#10962,#8720,#8721);
#7083=AXIS2_PLACEMENT_3D('',#10966,#8723,#8724);
#7084=AXIS2_PLACEMENT_3D('',#10970,#8726,#8727);
#7085=AXIS2_PLACEMENT_3D('',#10974,#8729,#8730);
#7086=AXIS2_PLACEMENT_3D('',#10978,#8732,#8733);
#7087=AXIS2_PLACEMENT_3D('',#10980,#8734,#8735);
#7088=AXIS2_PLACEMENT_3D('',#10983,#8737,#8738);
#7089=AXIS2_PLACEMENT_3D('',#10985,#8739,#8740);
#7090=AXIS2_PLACEMENT_3D('',#10987,#8741,#8742);
#7091=AXIS2_PLACEMENT_3D('',#10989,#8743,#8744);
#7092=AXIS2_PLACEMENT_3D('',#10990,#8745,#8746);
#7093=AXIS2_PLACEMENT_3D('',#10993,#8748,#8749);
#7094=AXIS2_PLACEMENT_3D('',#10994,#8750,#8751);
#7095=AXIS2_PLACEMENT_3D('',#10997,#8753,#8754);
#7096=AXIS2_PLACEMENT_3D('',#10998,#8755,#8756);
#7097=AXIS2_PLACEMENT_3D('',#11001,#8758,#8759);
#7098=AXIS2_PLACEMENT_3D('',#11002,#8760,#8761);
#7099=AXIS2_PLACEMENT_3D('',#11005,#8763,#8764);
#7100=AXIS2_PLACEMENT_3D('',#11006,#8765,#8766);
#7101=AXIS2_PLACEMENT_3D('',#11008,#8767,#8768);
#7102=AXIS2_PLACEMENT_3D('',#11011,#8770,#8771);
#7103=AXIS2_PLACEMENT_3D('',#11012,#8772,#8773);
#7104=AXIS2_PLACEMENT_3D('',#11013,#8774,#8775);
#7105=AXIS2_PLACEMENT_3D('',#11015,#8776,#8777);
#7106=AXIS2_PLACEMENT_3D('',#11018,#8779,#8780);
#7107=AXIS2_PLACEMENT_3D('',#11019,#8781,#8782);
#7108=AXIS2_PLACEMENT_3D('',#11020,#8783,#8784);
#7109=AXIS2_PLACEMENT_3D('',#11022,#8785,#8786);
#7110=AXIS2_PLACEMENT_3D('',#11025,#8788,#8789);
#7111=AXIS2_PLACEMENT_3D('',#11026,#8790,#8791);
#7112=AXIS2_PLACEMENT_3D('',#11027,#8792,#8793);
#7113=AXIS2_PLACEMENT_3D('',#11029,#8794,#8795);
#7114=AXIS2_PLACEMENT_3D('',#11032,#8797,#8798);
#7115=AXIS2_PLACEMENT_3D('',#11033,#8799,#8800);
#7116=AXIS2_PLACEMENT_3D('',#11034,#8801,#8802);
#7117=AXIS2_PLACEMENT_3D('',#11036,#8803,#8804);
#7118=AXIS2_PLACEMENT_3D('',#11039,#8806,#8807);
#7119=AXIS2_PLACEMENT_3D('',#11040,#8808,#8809);
#7120=AXIS2_PLACEMENT_3D('',#11041,#8810,#8811);
#7121=AXIS2_PLACEMENT_3D('',#11042,#8812,#8813);
#7122=AXIS2_PLACEMENT_3D('',#11043,#8814,#8815);
#7123=AXIS2_PLACEMENT_3D('',#11044,#8816,#8817);
#7124=AXIS2_PLACEMENT_3D('',#11045,#8818,#8819);
#7125=AXIS2_PLACEMENT_3D('',#11057,#8820,#8821);
#7126=AXIS2_PLACEMENT_3D('',#11074,#8822,#8823);
#7127=AXIS2_PLACEMENT_3D('',#11075,#8824,#8825);
#7128=AXIS2_PLACEMENT_3D('',#11076,#8826,#8827);
#7129=AXIS2_PLACEMENT_3D('',#11079,#8828,#8829);
#7130=AXIS2_PLACEMENT_3D('',#11082,#8832,#8833);
#7131=AXIS2_PLACEMENT_3D('',#11085,#8834,#8835);
#7132=AXIS2_PLACEMENT_3D('',#11086,#8836,#8837);
#7133=AXIS2_PLACEMENT_3D('',#11087,#8838,#8839);
#7134=AXIS2_PLACEMENT_3D('',#11088,#8840,#8841);
#7135=AXIS2_PLACEMENT_3D('',#11091,#8842,#8843);
#7136=AXIS2_PLACEMENT_3D('',#11105,#8846,#8847);
#7137=AXIS2_PLACEMENT_3D('',#11106,#8848,#8849);
#7138=AXIS2_PLACEMENT_3D('',#11107,#8850,#8851);
#7139=AXIS2_PLACEMENT_3D('',#11108,#8852,#8853);
#7140=AXIS2_PLACEMENT_3D('',#11111,#8854,#8855);
#7141=AXIS2_PLACEMENT_3D('',#11114,#8858,#8859);
#7142=AXIS2_PLACEMENT_3D('',#11117,#8860,#8861);
#7143=AXIS2_PLACEMENT_3D('',#11118,#8862,#8863);
#7144=AXIS2_PLACEMENT_3D('',#11119,#8864,#8865);
#7145=AXIS2_PLACEMENT_3D('',#11120,#8866,#8867);
#7146=AXIS2_PLACEMENT_3D('',#11123,#8868,#8869);
#7147=AXIS2_PLACEMENT_3D('',#11137,#8872,#8873);
#7148=AXIS2_PLACEMENT_3D('',#11138,#8874,#8875);
#7149=AXIS2_PLACEMENT_3D('',#11139,#8876,#8877);
#7150=AXIS2_PLACEMENT_3D('',#11140,#8878,#8879);
#7151=AXIS2_PLACEMENT_3D('',#11143,#8880,#8881);
#7152=AXIS2_PLACEMENT_3D('',#11157,#8884,#8885);
#7153=AXIS2_PLACEMENT_3D('',#11158,#8886,#8887);
#7154=AXIS2_PLACEMENT_3D('',#11159,#8888,#8889);
#7155=AXIS2_PLACEMENT_3D('',#11160,#8890,#8891);
#7156=AXIS2_PLACEMENT_3D('',#11163,#8892,#8893);
#7157=AXIS2_PLACEMENT_3D('',#11177,#8896,#8897);
#7158=AXIS2_PLACEMENT_3D('',#11178,#8898,#8899);
#7159=AXIS2_PLACEMENT_3D('',#11179,#8900,#8901);
#7160=AXIS2_PLACEMENT_3D('',#11180,#8902,#8903);
#7161=AXIS2_PLACEMENT_3D('',#11183,#8904,#8905);
#7162=AXIS2_PLACEMENT_3D('',#11186,#8908,#8909);
#7163=AXIS2_PLACEMENT_3D('',#11189,#8910,#8911);
#7164=AXIS2_PLACEMENT_3D('',#11190,#8912,#8913);
#7165=AXIS2_PLACEMENT_3D('',#11191,#8914,#8915);
#7166=AXIS2_PLACEMENT_3D('',#11203,#8916,#8917);
#7167=AXIS2_PLACEMENT_3D('',#11204,#8918,#8919);
#7168=AXIS2_PLACEMENT_3D('',#11205,#8920,#8921);
#7169=AXIS2_PLACEMENT_3D('',#11206,#8922,#8923);
#7170=AXIS2_PLACEMENT_3D('',#11209,#8924,#8925);
#7171=AXIS2_PLACEMENT_3D('',#11212,#8928,#8929);
#7172=AXIS2_PLACEMENT_3D('',#11215,#8930,#8931);
#7173=AXIS2_PLACEMENT_3D('',#11216,#8932,#8933);
#7174=AXIS2_PLACEMENT_3D('',#11217,#8934,#8935);
#7175=AXIS2_PLACEMENT_3D('',#11218,#8936,#8937);
#7176=AXIS2_PLACEMENT_3D('',#11221,#8938,#8939);
#7177=AXIS2_PLACEMENT_3D('',#11235,#8942,#8943);
#7178=AXIS2_PLACEMENT_3D('',#11236,#8944,#8945);
#7179=AXIS2_PLACEMENT_3D('',#11237,#8946,#8947);
#7180=AXIS2_PLACEMENT_3D('',#11238,#8948,#8949);
#7181=AXIS2_PLACEMENT_3D('',#11241,#8950,#8951);
#7182=AXIS2_PLACEMENT_3D('',#11255,#8954,#8955);
#7183=AXIS2_PLACEMENT_3D('',#11256,#8956,#8957);
#7184=AXIS2_PLACEMENT_3D('',#11257,#8958,#8959);
#7185=AXIS2_PLACEMENT_3D('',#11258,#8960,#8961);
#7186=AXIS2_PLACEMENT_3D('',#11261,#8962,#8963);
#7187=AXIS2_PLACEMENT_3D('',#11262,#8964,#8965);
#7188=AXIS2_PLACEMENT_3D('',#11263,#8966,#8967);
#7189=AXIS2_PLACEMENT_3D('',#11264,#8968,#8969);
#7190=AXIS2_PLACEMENT_3D('',#11267,#8970,#8971);
#7191=AXIS2_PLACEMENT_3D('',#11281,#8974,#8975);
#7192=AXIS2_PLACEMENT_3D('',#11282,#8976,#8977);
#7193=AXIS2_PLACEMENT_3D('',#11283,#8978,#8979);
#7194=AXIS2_PLACEMENT_3D('',#11284,#8980,#8981);
#7195=AXIS2_PLACEMENT_3D('',#11287,#8982,#8983);
#7196=AXIS2_PLACEMENT_3D('',#11290,#8986,#8987);
#7197=AXIS2_PLACEMENT_3D('',#11293,#8988,#8989);
#7198=AXIS2_PLACEMENT_3D('',#11294,#8990,#8991);
#7199=AXIS2_PLACEMENT_3D('',#11295,#8992,#8993);
#7200=AXIS2_PLACEMENT_3D('',#11296,#8994,#8995);
#7201=AXIS2_PLACEMENT_3D('',#11299,#8996,#8997);
#7202=AXIS2_PLACEMENT_3D('',#11313,#9000,#9001);
#7203=AXIS2_PLACEMENT_3D('',#11314,#9002,#9003);
#7204=AXIS2_PLACEMENT_3D('',#11315,#9004,#9005);
#7205=AXIS2_PLACEMENT_3D('',#11316,#9006,#9007);
#7206=AXIS2_PLACEMENT_3D('',#11319,#9010,#9011);
#7207=AXIS2_PLACEMENT_3D('',#11325,#9015,#9016);
#7208=AXIS2_PLACEMENT_3D('',#11327,#9017,#9018);
#7209=AXIS2_PLACEMENT_3D('',#11329,#9020,#9021);
#7210=AXIS2_PLACEMENT_3D('',#11333,#9024,#9025);
#7211=AXIS2_PLACEMENT_3D('',#11335,#9026,#9027);
#7212=AXIS2_PLACEMENT_3D('',#11337,#9029,#9030);
#7213=AXIS2_PLACEMENT_3D('',#11341,#9033,#9034);
#7214=AXIS2_PLACEMENT_3D('',#11343,#9035,#9036);
#7215=AXIS2_PLACEMENT_3D('',#11345,#9038,#9039);
#7216=AXIS2_PLACEMENT_3D('',#11347,#9040,#9041);
#7217=AXIS2_PLACEMENT_3D('',#11349,#9043,#9044);
#7218=AXIS2_PLACEMENT_3D('',#11353,#9047,#9048);
#7219=AXIS2_PLACEMENT_3D('',#11355,#9049,#9050);
#7220=AXIS2_PLACEMENT_3D('',#11357,#9052,#9053);
#7221=AXIS2_PLACEMENT_3D('',#11361,#9056,#9057);
#7222=AXIS2_PLACEMENT_3D('',#11363,#9058,#9059);
#7223=AXIS2_PLACEMENT_3D('',#11365,#9061,#9062);
#7224=AXIS2_PLACEMENT_3D('',#11369,#9065,#9066);
#7225=AXIS2_PLACEMENT_3D('',#11371,#9067,#9068);
#7226=AXIS2_PLACEMENT_3D('',#11373,#9070,#9071);
#7227=AXIS2_PLACEMENT_3D('',#11377,#9074,#9075);
#7228=AXIS2_PLACEMENT_3D('',#11379,#9076,#9077);
#7229=AXIS2_PLACEMENT_3D('',#11381,#9079,#9080);
#7230=AXIS2_PLACEMENT_3D('',#11382,#9081,#9082);
#7231=AXIS2_PLACEMENT_3D('',#11387,#9084,#9085);
#7232=AXIS2_PLACEMENT_3D('',#11390,#9087,#9088);
#7233=AXIS2_PLACEMENT_3D('',#11391,#9089,#9090);
#7234=AXIS2_PLACEMENT_3D('',#11396,#9093,#9094);
#7235=AXIS2_PLACEMENT_3D('',#11397,#9095,#9096);
#7236=AXIS2_PLACEMENT_3D('',#11402,#9099,#9100);
#7237=AXIS2_PLACEMENT_3D('',#11403,#9101,#9102);
#7238=AXIS2_PLACEMENT_3D('',#11408,#9105,#9106);
#7239=AXIS2_PLACEMENT_3D('',#11409,#9107,#9108);
#7240=AXIS2_PLACEMENT_3D('',#11412,#9109,#9110);
#7241=AXIS2_PLACEMENT_3D('',#11413,#9111,#9112);
#7242=AXIS2_PLACEMENT_3D('',#11414,#9113,#9114);
#7243=AXIS2_PLACEMENT_3D('',#11415,#9115,#9116);
#7244=AXIS2_PLACEMENT_3D('',#11418,#9117,#9118);
#7245=AXIS2_PLACEMENT_3D('',#11421,#9121,#9122);
#7246=AXIS2_PLACEMENT_3D('',#11424,#9123,#9124);
#7247=AXIS2_PLACEMENT_3D('',#11425,#9125,#9126);
#7248=AXIS2_PLACEMENT_3D('',#11426,#9127,#9128);
#7249=AXIS2_PLACEMENT_3D('',#11427,#9129,#9130);
#7250=AXIS2_PLACEMENT_3D('',#11430,#9131,#9132);
#7251=AXIS2_PLACEMENT_3D('',#11433,#9135,#9136);
#7252=AXIS2_PLACEMENT_3D('',#11436,#9137,#9138);
#7253=AXIS2_PLACEMENT_3D('',#11437,#9139,#9140);
#7254=AXIS2_PLACEMENT_3D('',#11438,#9141,#9142);
#7255=AXIS2_PLACEMENT_3D('',#11439,#9143,#9144);
#7256=AXIS2_PLACEMENT_3D('',#11442,#9145,#9146);
#7257=AXIS2_PLACEMENT_3D('',#11445,#9149,#9150);
#7258=AXIS2_PLACEMENT_3D('',#11448,#9151,#9152);
#7259=AXIS2_PLACEMENT_3D('',#11449,#9153,#9154);
#7260=AXIS2_PLACEMENT_3D('',#11450,#9155,#9156);
#7261=AXIS2_PLACEMENT_3D('',#11451,#9157,#9158);
#7262=AXIS2_PLACEMENT_3D('',#11454,#9159,#9160);
#7263=AXIS2_PLACEMENT_3D('',#11457,#9163,#9164);
#7264=AXIS2_PLACEMENT_3D('',#11460,#9165,#9166);
#7265=AXIS2_PLACEMENT_3D('',#11461,#9167,#9168);
#7266=AXIS2_PLACEMENT_3D('',#11462,#9169,#9170);
#7267=AXIS2_PLACEMENT_3D('',#11463,#9171,#9172);
#7268=AXIS2_PLACEMENT_3D('',#11466,#9173,#9174);
#7269=AXIS2_PLACEMENT_3D('',#11469,#9177,#9178);
#7270=AXIS2_PLACEMENT_3D('',#11472,#9179,#9180);
#7271=AXIS2_PLACEMENT_3D('',#11473,#9181,#9182);
#7272=AXIS2_PLACEMENT_3D('',#11474,#9183,#9184);
#7273=AXIS2_PLACEMENT_3D('',#11475,#9185,#9186);
#7274=AXIS2_PLACEMENT_3D('',#11478,#9187,#9188);
#7275=AXIS2_PLACEMENT_3D('',#11481,#9191,#9192);
#7276=AXIS2_PLACEMENT_3D('',#11484,#9193,#9194);
#7277=AXIS2_PLACEMENT_3D('',#11485,#9195,#9196);
#7278=AXIS2_PLACEMENT_3D('',#11486,#9197,#9198);
#7279=AXIS2_PLACEMENT_3D('',#11487,#9199,#9200);
#7280=AXIS2_PLACEMENT_3D('',#11490,#9201,#9202);
#7281=AXIS2_PLACEMENT_3D('',#11493,#9205,#9206);
#7282=AXIS2_PLACEMENT_3D('',#11496,#9207,#9208);
#7283=AXIS2_PLACEMENT_3D('',#11497,#9209,#9210);
#7284=AXIS2_PLACEMENT_3D('',#11498,#9211,#9212);
#7285=AXIS2_PLACEMENT_3D('',#11499,#9213,#9214);
#7286=AXIS2_PLACEMENT_3D('',#11502,#9215,#9216);
#7287=AXIS2_PLACEMENT_3D('',#11505,#9219,#9220);
#7288=AXIS2_PLACEMENT_3D('',#11508,#9221,#9222);
#7289=AXIS2_PLACEMENT_3D('',#11509,#9223,#9224);
#7290=AXIS2_PLACEMENT_3D('',#11510,#9225,#9226);
#7291=AXIS2_PLACEMENT_3D('',#11511,#9227,#9228);
#7292=AXIS2_PLACEMENT_3D('',#11514,#9229,#9230);
#7293=AXIS2_PLACEMENT_3D('',#11517,#9233,#9234);
#7294=AXIS2_PLACEMENT_3D('',#11520,#9235,#9236);
#7295=AXIS2_PLACEMENT_3D('',#11521,#9237,#9238);
#7296=AXIS2_PLACEMENT_3D('',#11522,#9239,#9240);
#7297=AXIS2_PLACEMENT_3D('',#11523,#9241,#9242);
#7298=AXIS2_PLACEMENT_3D('',#11526,#9243,#9244);
#7299=AXIS2_PLACEMENT_3D('',#11527,#9245,#9246);
#7300=AXIS2_PLACEMENT_3D('',#11528,#9247,#9248);
#7301=AXIS2_PLACEMENT_3D('',#11529,#9249,#9250);
#7302=AXIS2_PLACEMENT_3D('',#11532,#9251,#9252);
#7303=AXIS2_PLACEMENT_3D('',#11535,#9255,#9256);
#7304=AXIS2_PLACEMENT_3D('',#11538,#9257,#9258);
#7305=AXIS2_PLACEMENT_3D('',#11539,#9259,#9260);
#7306=AXIS2_PLACEMENT_3D('',#11540,#9261,#9262);
#7307=AXIS2_PLACEMENT_3D('',#11541,#9263,#9264);
#7308=AXIS2_PLACEMENT_3D('',#11544,#9265,#9266);
#7309=AXIS2_PLACEMENT_3D('',#11547,#9269,#9270);
#7310=AXIS2_PLACEMENT_3D('',#11550,#9271,#9272);
#7311=AXIS2_PLACEMENT_3D('',#11551,#9273,#9274);
#7312=AXIS2_PLACEMENT_3D('',#11552,#9275,#9276);
#7313=AXIS2_PLACEMENT_3D('',#11553,#9277,#9278);
#7314=AXIS2_PLACEMENT_3D('',#11556,#9279,#9280);
#7315=AXIS2_PLACEMENT_3D('',#11559,#9283,#9284);
#7316=AXIS2_PLACEMENT_3D('',#11562,#9285,#9286);
#7317=AXIS2_PLACEMENT_3D('',#11563,#9287,#9288);
#7318=AXIS2_PLACEMENT_3D('',#11564,#9289,#9290);
#7319=AXIS2_PLACEMENT_3D('',#11565,#9291,#9292);
#7320=AXIS2_PLACEMENT_3D('',#11568,#9293,#9294);
#7321=AXIS2_PLACEMENT_3D('',#11571,#9297,#9298);
#7322=AXIS2_PLACEMENT_3D('',#11574,#9299,#9300);
#7323=AXIS2_PLACEMENT_3D('',#11575,#9301,#9302);
#7324=AXIS2_PLACEMENT_3D('',#11576,#9303,#9304);
#7325=AXIS2_PLACEMENT_3D('',#11577,#9305,#9306);
#7326=AXIS2_PLACEMENT_3D('',#11580,#9307,#9308);
#7327=AXIS2_PLACEMENT_3D('',#11583,#9311,#9312);
#7328=AXIS2_PLACEMENT_3D('',#11586,#9313,#9314);
#7329=AXIS2_PLACEMENT_3D('',#11587,#9315,#9316);
#7330=AXIS2_PLACEMENT_3D('',#11588,#9317,#9318);
#7331=AXIS2_PLACEMENT_3D('',#11589,#9319,#9320);
#7332=AXIS2_PLACEMENT_3D('',#11592,#9321,#9322);
#7333=AXIS2_PLACEMENT_3D('',#11595,#9325,#9326);
#7334=AXIS2_PLACEMENT_3D('',#11598,#9327,#9328);
#7335=AXIS2_PLACEMENT_3D('',#11599,#9329,#9330);
#7336=AXIS2_PLACEMENT_3D('',#11600,#9331,#9332);
#7337=AXIS2_PLACEMENT_3D('',#11601,#9333,#9334);
#7338=AXIS2_PLACEMENT_3D('',#11604,#9335,#9336);
#7339=AXIS2_PLACEMENT_3D('',#11607,#9339,#9340);
#7340=AXIS2_PLACEMENT_3D('',#11610,#9341,#9342);
#7341=AXIS2_PLACEMENT_3D('',#11611,#9343,#9344);
#7342=AXIS2_PLACEMENT_3D('',#11612,#9345,#9346);
#7343=AXIS2_PLACEMENT_3D('',#11613,#9347,#9348);
#7344=AXIS2_PLACEMENT_3D('',#11616,#9349,#9350);
#7345=AXIS2_PLACEMENT_3D('',#11619,#9353,#9354);
#7346=AXIS2_PLACEMENT_3D('',#11622,#9355,#9356);
#7347=AXIS2_PLACEMENT_3D('',#11623,#9357,#9358);
#7348=AXIS2_PLACEMENT_3D('',#11624,#9359,#9360);
#7349=AXIS2_PLACEMENT_3D('',#11625,#9361,#9362);
#7350=AXIS2_PLACEMENT_3D('',#11629,#9364,#9365);
#7351=AXIS2_PLACEMENT_3D('',#11631,#9367,#9368);
#7352=AXIS2_PLACEMENT_3D('',#11634,#9371,#9372);
#7353=AXIS2_PLACEMENT_3D('',#11638,#9374,#9375);
#7354=AXIS2_PLACEMENT_3D('',#11640,#9377,#9378);
#7355=AXIS2_PLACEMENT_3D('',#11644,#9381,#9382);
#7356=AXIS2_PLACEMENT_3D('',#11646,#9383,#9384);
#7357=AXIS2_PLACEMENT_3D('',#11648,#9386,#9387);
#7358=AXIS2_PLACEMENT_3D('',#11652,#9390,#9391);
#7359=AXIS2_PLACEMENT_3D('',#11654,#9392,#9393);
#7360=AXIS2_PLACEMENT_3D('',#11656,#9395,#9396);
#7361=AXIS2_PLACEMENT_3D('',#11660,#9399,#9400);
#7362=AXIS2_PLACEMENT_3D('',#11662,#9401,#9402);
#7363=AXIS2_PLACEMENT_3D('',#11664,#9404,#9405);
#7364=AXIS2_PLACEMENT_3D('',#11668,#9407,#9408);
#7365=AXIS2_PLACEMENT_3D('',#11672,#9411,#9412);
#7366=AXIS2_PLACEMENT_3D('',#11674,#9413,#9414);
#7367=AXIS2_PLACEMENT_3D('',#11676,#9416,#9417);
#7368=AXIS2_PLACEMENT_3D('',#11680,#9420,#9421);
#7369=AXIS2_PLACEMENT_3D('',#11682,#9422,#9423);
#7370=AXIS2_PLACEMENT_3D('',#11684,#9425,#9426);
#7371=AXIS2_PLACEMENT_3D('',#11688,#9429,#9430);
#7372=AXIS2_PLACEMENT_3D('',#11690,#9431,#9432);
#7373=AXIS2_PLACEMENT_3D('',#11692,#9434,#9435);
#7374=AXIS2_PLACEMENT_3D('',#11696,#9438,#9439);
#7375=AXIS2_PLACEMENT_3D('',#11698,#9440,#9441);
#7376=AXIS2_PLACEMENT_3D('',#11700,#9443,#9444);
#7377=AXIS2_PLACEMENT_3D('',#11703,#9447,#9448);
#7378=AXIS2_PLACEMENT_3D('',#11705,#9450,#9451);
#7379=AXIS2_PLACEMENT_3D('',#11707,#9453,#9454);
#7380=AXIS2_PLACEMENT_3D('',#11709,#9456,#9457);
#7381=AXIS2_PLACEMENT_3D('',#11711,#9459,#9460);
#7382=AXIS2_PLACEMENT_3D('',#11713,#9462,#9463);
#7383=AXIS2_PLACEMENT_3D('',#11715,#9465,#9466);
#7384=AXIS2_PLACEMENT_3D('',#11717,#9468,#9469);
#7385=AXIS2_PLACEMENT_3D('',#11719,#9471,#9472);
#7386=AXIS2_PLACEMENT_3D('',#11721,#9474,#9475);
#7387=AXIS2_PLACEMENT_3D('',#11723,#9477,#9478);
#7388=AXIS2_PLACEMENT_3D('',#11725,#9480,#9481);
#7389=AXIS2_PLACEMENT_3D('',#11727,#9483,#9484);
#7390=AXIS2_PLACEMENT_3D('',#11729,#9486,#9487);
#7391=AXIS2_PLACEMENT_3D('',#11731,#9489,#9490);
#7392=AXIS2_PLACEMENT_3D('',#11733,#9492,#9493);
#7393=AXIS2_PLACEMENT_3D('',#11735,#9495,#9496);
#7394=AXIS2_PLACEMENT_3D('',#11737,#9498,#9499);
#7395=AXIS2_PLACEMENT_3D('',#11739,#9501,#9502);
#7396=AXIS2_PLACEMENT_3D('',#11741,#9504,#9505);
#7397=AXIS2_PLACEMENT_3D('',#11743,#9507,#9508);
#7398=AXIS2_PLACEMENT_3D('',#11760,#9509,#9510);
#7399=AXIS2_PLACEMENT_3D('',#11761,#9511,#9512);
#7400=AXIS2_PLACEMENT_3D('',#11762,#9513,#9514);
#7401=AXIS2_PLACEMENT_3D('',#11765,#9515,#9516);
#7402=AXIS2_PLACEMENT_3D('',#11768,#9519,#9520);
#7403=AXIS2_PLACEMENT_3D('',#11771,#9521,#9522);
#7404=AXIS2_PLACEMENT_3D('',#11772,#9523,#9524);
#7405=AXIS2_PLACEMENT_3D('',#11773,#9525,#9526);
#7406=AXIS2_PLACEMENT_3D('',#11774,#9527,#9528);
#7407=AXIS2_PLACEMENT_3D('',#11777,#9529,#9530);
#7408=AXIS2_PLACEMENT_3D('',#11780,#9533,#9534);
#7409=AXIS2_PLACEMENT_3D('',#11783,#9535,#9536);
#7410=AXIS2_PLACEMENT_3D('',#11784,#9537,#9538);
#7411=AXIS2_PLACEMENT_3D('',#11785,#9539,#9540);
#7412=AXIS2_PLACEMENT_3D('',#11786,#9541,#9542);
#7413=AXIS2_PLACEMENT_3D('',#11789,#9543,#9544);
#7414=AXIS2_PLACEMENT_3D('',#11792,#9547,#9548);
#7415=AXIS2_PLACEMENT_3D('',#11795,#9549,#9550);
#7416=AXIS2_PLACEMENT_3D('',#11796,#9551,#9552);
#7417=AXIS2_PLACEMENT_3D('',#11797,#9553,#9554);
#7418=AXIS2_PLACEMENT_3D('',#11798,#9555,#9556);
#7419=AXIS2_PLACEMENT_3D('',#11801,#9557,#9558);
#7420=AXIS2_PLACEMENT_3D('',#11804,#9561,#9562);
#7421=AXIS2_PLACEMENT_3D('',#11807,#9563,#9564);
#7422=AXIS2_PLACEMENT_3D('',#11808,#9565,#9566);
#7423=AXIS2_PLACEMENT_3D('',#11809,#9567,#9568);
#7424=AXIS2_PLACEMENT_3D('',#11810,#9569,#9570);
#7425=AXIS2_PLACEMENT_3D('',#11813,#9571,#9572);
#7426=AXIS2_PLACEMENT_3D('',#11816,#9575,#9576);
#7427=AXIS2_PLACEMENT_3D('',#11819,#9577,#9578);
#7428=AXIS2_PLACEMENT_3D('',#11820,#9579,#9580);
#7429=AXIS2_PLACEMENT_3D('',#11821,#9581,#9582);
#7430=AXIS2_PLACEMENT_3D('',#11822,#9583,#9584);
#7431=AXIS2_PLACEMENT_3D('',#11824,#9585,#9586);
#7432=AXIS2_PLACEMENT_3D('',#11827,#9589,#9590);
#7433=AXIS2_PLACEMENT_3D('',#11829,#9591,#9592);
#7434=AXIS2_PLACEMENT_3D('',#11830,#9593,#9594);
#7435=AXIS2_PLACEMENT_3D('',#11831,#9595,#9596);
#7436=AXIS2_PLACEMENT_3D('',#11833,#9597,#9598);
#7437=AXIS2_PLACEMENT_3D('',#11835,#9600,#9601);
#7438=AXIS2_PLACEMENT_3D('',#11837,#9602,#9603);
#7439=AXIS2_PLACEMENT_3D('',#11838,#9604,#9605);
#7440=AXIS2_PLACEMENT_3D('',#11839,#9606,#9607);
#7441=AXIS2_PLACEMENT_3D('',#11841,#9608,#9609);
#7442=AXIS2_PLACEMENT_3D('',#11843,#9611,#9612);
#7443=AXIS2_PLACEMENT_3D('',#11845,#9613,#9614);
#7444=AXIS2_PLACEMENT_3D('',#11846,#9615,#9616);
#7445=AXIS2_PLACEMENT_3D('',#11847,#9617,#9618);
#7446=AXIS2_PLACEMENT_3D('',#11849,#9619,#9620);
#7447=AXIS2_PLACEMENT_3D('',#11851,#9622,#9623);
#7448=AXIS2_PLACEMENT_3D('',#11853,#9624,#9625);
#7449=AXIS2_PLACEMENT_3D('',#11854,#9626,#9627);
#7450=AXIS2_PLACEMENT_3D('',#11855,#9628,#9629);
#7451=AXIS2_PLACEMENT_3D('',#11857,#9630,#9631);
#7452=AXIS2_PLACEMENT_3D('',#11859,#9633,#9634);
#7453=AXIS2_PLACEMENT_3D('',#11861,#9635,#9636);
#7454=AXIS2_PLACEMENT_3D('',#11862,#9637,#9638);
#7455=AXIS2_PLACEMENT_3D('',#11863,#9639,#9640);
#7456=AXIS2_PLACEMENT_3D('',#11865,#9641,#9642);
#7457=AXIS2_PLACEMENT_3D('',#11867,#9644,#9645);
#7458=AXIS2_PLACEMENT_3D('',#11869,#9646,#9647);
#7459=AXIS2_PLACEMENT_3D('',#11870,#9648,#9649);
#7460=AXIS2_PLACEMENT_3D('',#11871,#9650,#9651);
#7461=AXIS2_PLACEMENT_3D('',#11873,#9652,#9653);
#7462=AXIS2_PLACEMENT_3D('',#11875,#9655,#9656);
#7463=AXIS2_PLACEMENT_3D('',#11877,#9657,#9658);
#7464=AXIS2_PLACEMENT_3D('',#11878,#9659,#9660);
#7465=AXIS2_PLACEMENT_3D('',#11879,#9661,#9662);
#7466=AXIS2_PLACEMENT_3D('',#11881,#9663,#9664);
#7467=AXIS2_PLACEMENT_3D('',#11883,#9666,#9667);
#7468=AXIS2_PLACEMENT_3D('',#11885,#9668,#9669);
#7469=AXIS2_PLACEMENT_3D('',#11886,#9670,#9671);
#7470=AXIS2_PLACEMENT_3D('',#11887,#9672,#9673);
#7471=AXIS2_PLACEMENT_3D('',#11889,#9674,#9675);
#7472=AXIS2_PLACEMENT_3D('',#11891,#9677,#9678);
#7473=AXIS2_PLACEMENT_3D('',#11893,#9679,#9680);
#7474=AXIS2_PLACEMENT_3D('',#11894,#9681,#9682);
#7475=AXIS2_PLACEMENT_3D('',#11895,#9683,#9684);
#7476=AXIS2_PLACEMENT_3D('',#11898,#9685,#9686);
#7477=AXIS2_PLACEMENT_3D('',#11901,#9689,#9690);
#7478=AXIS2_PLACEMENT_3D('',#11904,#9691,#9692);
#7479=AXIS2_PLACEMENT_3D('',#11905,#9693,#9694);
#7480=AXIS2_PLACEMENT_3D('',#11906,#9695,#9696);
#7481=AXIS2_PLACEMENT_3D('',#11907,#9697,#9698);
#7482=AXIS2_PLACEMENT_3D('',#11909,#9699,#9700);
#7483=AXIS2_PLACEMENT_3D('',#11910,#9701,#9702);
#7484=AXIS2_PLACEMENT_3D('',#11911,#9703,#9704);
#7485=AXIS2_PLACEMENT_3D('',#11912,#9705,#9706);
#7486=AXIS2_PLACEMENT_3D('',#11914,#9707,#9708);
#7487=AXIS2_PLACEMENT_3D('',#11916,#9710,#9711);
#7488=AXIS2_PLACEMENT_3D('',#11918,#9712,#9713);
#7489=AXIS2_PLACEMENT_3D('',#11919,#9714,#9715);
#7490=AXIS2_PLACEMENT_3D('',#11920,#9716,#9717);
#7491=AXIS2_PLACEMENT_3D('',#11922,#9718,#9719);
#7492=AXIS2_PLACEMENT_3D('',#11924,#9721,#9722);
#7493=AXIS2_PLACEMENT_3D('',#11926,#9723,#9724);
#7494=AXIS2_PLACEMENT_3D('',#11927,#9725,#9726);
#7495=AXIS2_PLACEMENT_3D('',#11928,#9727,#9728);
#7496=AXIS2_PLACEMENT_3D('',#11930,#9729,#9730);
#7497=AXIS2_PLACEMENT_3D('',#11932,#9732,#9733);
#7498=AXIS2_PLACEMENT_3D('',#11934,#9734,#9735);
#7499=AXIS2_PLACEMENT_3D('',#11935,#9736,#9737);
#7500=AXIS2_PLACEMENT_3D('',#11936,#9738,#9739);
#7501=AXIS2_PLACEMENT_3D('',#11938,#9740,#9741);
#7502=AXIS2_PLACEMENT_3D('',#11939,#9742,#9743);
#7503=AXIS2_PLACEMENT_3D('',#11940,#9744,#9745);
#7504=AXIS2_PLACEMENT_3D('',#11942,#9746,#9747);
#7505=AXIS2_PLACEMENT_3D('',#11944,#9749,#9750);
#7506=AXIS2_PLACEMENT_3D('',#11946,#9751,#9752);
#7507=AXIS2_PLACEMENT_3D('',#11947,#9753,#9754);
#7508=AXIS2_PLACEMENT_3D('',#11948,#9755,#9756);
#7509=AXIS2_PLACEMENT_3D('',#11950,#9757,#9758);
#7510=AXIS2_PLACEMENT_3D('',#11952,#9760,#9761);
#7511=AXIS2_PLACEMENT_3D('',#11954,#9762,#9763);
#7512=AXIS2_PLACEMENT_3D('',#11955,#9764,#9765);
#7513=AXIS2_PLACEMENT_3D('',#11956,#9766,#9767);
#7514=AXIS2_PLACEMENT_3D('',#11958,#9768,#9769);
#7515=AXIS2_PLACEMENT_3D('',#11960,#9771,#9772);
#7516=AXIS2_PLACEMENT_3D('',#11962,#9773,#9774);
#7517=AXIS2_PLACEMENT_3D('',#11963,#9775,#9776);
#7518=AXIS2_PLACEMENT_3D('',#11964,#9777,#9778);
#7519=AXIS2_PLACEMENT_3D('',#11966,#9780,#9781);
#7520=AXIS2_PLACEMENT_3D('',#11967,#9782,#9783);
#7521=AXIS2_PLACEMENT_3D('',#11970,#9786,#9787);
#7522=AXIS2_PLACEMENT_3D('',#11972,#9789,#9790);
#7523=AXIS2_PLACEMENT_3D('',#11974,#9792,#9793);
#7524=AXIS2_PLACEMENT_3D('',#11976,#9795,#9796);
#7525=AXIS2_PLACEMENT_3D('',#11978,#9798,#9799);
#7526=AXIS2_PLACEMENT_3D('',#11980,#9801,#9802);
#7527=AXIS2_PLACEMENT_3D('',#11982,#9804,#9805);
#7528=AXIS2_PLACEMENT_3D('',#11984,#9807,#9808);
#7529=AXIS2_PLACEMENT_3D('',#11986,#9810,#9811);
#7530=AXIS2_PLACEMENT_3D('',#11988,#9813,#9814);
#7531=AXIS2_PLACEMENT_3D('',#11990,#9816,#9817);
#7532=AXIS2_PLACEMENT_3D('',#11991,#9818,#9819);
#7533=AXIS2_PLACEMENT_3D('',#11993,#9821,#9822);
#7534=AXIS2_PLACEMENT_3D('',#11995,#9824,#9825);
#7535=AXIS2_PLACEMENT_3D('',#11997,#9827,#9828);
#7536=AXIS2_PLACEMENT_3D('',#11999,#9830,#9831);
#7537=AXIS2_PLACEMENT_3D('',#12001,#9833,#9834);
#7538=AXIS2_PLACEMENT_3D('',#12003,#9836,#9837);
#7539=AXIS2_PLACEMENT_3D('',#12004,#9838,#9839);
#7540=DIRECTION('axis',(0.,0.,1.));
#7541=DIRECTION('refdir',(1.,0.,0.));
#7542=DIRECTION('center_axis',(0.,0.,-1.));
#7543=DIRECTION('ref_axis',(1.,0.,0.));
#7544=DIRECTION('center_axis',(0.,0.,1.));
#7545=DIRECTION('ref_axis',(1.,0.,0.));
#7546=DIRECTION('',(0.707106781186548,-8.65956056235494E-17,0.707106781186547));
#7547=DIRECTION('center_axis',(0.,0.,1.));
#7548=DIRECTION('ref_axis',(1.,0.,0.));
#7549=DIRECTION('center_axis',(0.,0.,1.));
#7550=DIRECTION('ref_axis',(1.,0.,0.));
#7551=DIRECTION('center_axis',(0.,0.,1.));
#7552=DIRECTION('ref_axis',(0.707106781186548,0.707106781186548,0.));
#7553=DIRECTION('',(-1.,0.,0.));
#7554=DIRECTION('center_axis',(0.,0.,-1.));
#7555=DIRECTION('ref_axis',(-0.707106781186554,-0.707106781186541,0.));
#7556=DIRECTION('center_axis',(0.,0.,1.));
#7557=DIRECTION('ref_axis',(0.70710678118656,0.707106781186535,0.));
#7558=DIRECTION('',(-1.,0.,0.));
#7559=DIRECTION('center_axis',(0.,0.,-1.));
#7560=DIRECTION('ref_axis',(-0.707106781186554,-0.707106781186541,0.));
#7561=DIRECTION('',(0.,1.,0.));
#7562=DIRECTION('center_axis',(0.,0.,1.));
#7563=DIRECTION('ref_axis',(0.707106781186551,0.707106781186544,0.));
#7564=DIRECTION('',(-1.,0.,0.));
#7565=DIRECTION('center_axis',(0.,0.,1.));
#7566=DIRECTION('ref_axis',(-0.707106781186551,0.707106781186544,0.));
#7567=DIRECTION('',(0.,-1.,0.));
#7568=DIRECTION('center_axis',(0.,0.,-1.));
#7569=DIRECTION('ref_axis',(0.707106781186548,-0.707106781186548,0.));
#7570=DIRECTION('',(-1.,0.,0.));
#7571=DIRECTION('center_axis',(0.,0.,1.));
#7572=DIRECTION('ref_axis',(-0.707106781186554,0.707106781186541,0.));
#7573=DIRECTION('',(0.,-1.,0.));
#7574=DIRECTION('center_axis',(0.,0.,-1.));
#7575=DIRECTION('ref_axis',(0.707106746527225,-0.707106815845868,0.));
#7576=DIRECTION('',(-0.999999999999995,9.80313525609456E-8,0.));
#7577=DIRECTION('center_axis',(0.,0.,1.));
#7578=DIRECTION('ref_axis',(-0.707106746527231,0.707106815845862,0.));
#7579=DIRECTION('',(0.,-1.,0.));
#7580=DIRECTION('center_axis',(0.,0.,1.));
#7581=DIRECTION('ref_axis',(-0.707106781186541,-0.707106781186554,0.));
#7582=DIRECTION('',(1.,0.,0.));
#7583=DIRECTION('',(0.586162862098081,-0.810193247995184,0.));
#7584=DIRECTION('',(0.99135978707316,-0.131170776372863,0.));
#7585=DIRECTION('',(0.866295070443831,-0.499532632492332,0.));
#7586=DIRECTION('',(0.500557410563393,0.865703343374664,0.));
#7587=DIRECTION('',(0.,1.,0.));
#7588=DIRECTION('center_axis',(0.,0.,1.));
#7589=DIRECTION('ref_axis',(1.,0.,0.));
#7590=DIRECTION('center_axis',(0.,0.,1.));
#7591=DIRECTION('ref_axis',(1.,0.,0.));
#7592=DIRECTION('center_axis',(0.,0.,1.));
#7593=DIRECTION('ref_axis',(1.,0.,0.));
#7594=DIRECTION('center_axis',(0.,0.,1.));
#7595=DIRECTION('ref_axis',(1.,0.,0.));
#7596=DIRECTION('center_axis',(0.,0.,-1.));
#7597=DIRECTION('ref_axis',(1.,0.,0.));
#7598=DIRECTION('',(0.707106781186548,-8.65956056235494E-17,0.707106781186547));
#7599=DIRECTION('center_axis',(0.,0.,1.));
#7600=DIRECTION('ref_axis',(1.,0.,0.));
#7601=DIRECTION('center_axis',(0.,0.,-1.));
#7602=DIRECTION('ref_axis',(1.,0.,0.));
#7603=DIRECTION('',(0.707106781186548,-8.65956056235494E-17,0.707106781186547));
#7604=DIRECTION('center_axis',(0.,0.,1.));
#7605=DIRECTION('ref_axis',(1.,0.,0.));
#7606=DIRECTION('center_axis',(0.,0.,-1.));
#7607=DIRECTION('ref_axis',(1.,0.,0.));
#7608=DIRECTION('',(0.707106781186548,-8.65956056235494E-17,0.707106781186547));
#7609=DIRECTION('center_axis',(0.,0.,1.));
#7610=DIRECTION('ref_axis',(1.,0.,0.));
#7611=DIRECTION('center_axis',(0.,0.,-1.));
#7612=DIRECTION('ref_axis',(1.,0.,0.));
#7613=DIRECTION('',(0.707106781186548,-8.65956056235494E-17,0.707106781186547));
#7614=DIRECTION('center_axis',(0.,0.,1.));
#7615=DIRECTION('ref_axis',(1.,0.,0.));
#7616=DIRECTION('center_axis',(0.,0.,1.));
#7617=DIRECTION('ref_axis',(1.,0.,0.));
#7618=DIRECTION('center_axis',(0.,0.,-1.));
#7619=DIRECTION('ref_axis',(1.,0.,0.));
#7620=DIRECTION('',(0.,0.,-1.));
#7621=DIRECTION('center_axis',(0.,0.,1.));
#7622=DIRECTION('ref_axis',(1.,0.,0.));
#7623=DIRECTION('center_axis',(0.,0.,1.));
#7624=DIRECTION('ref_axis',(1.,0.,0.));
#7625=DIRECTION('center_axis',(0.,0.,1.));
#7626=DIRECTION('ref_axis',(1.,0.,0.));
#7627=DIRECTION('center_axis',(0.,0.,-1.));
#7628=DIRECTION('ref_axis',(1.,0.,0.));
#7629=DIRECTION('',(0.,0.,-1.));
#7630=DIRECTION('center_axis',(0.,0.,1.));
#7631=DIRECTION('ref_axis',(1.,0.,0.));
#7632=DIRECTION('center_axis',(0.,0.,1.));
#7633=DIRECTION('ref_axis',(1.,0.,0.));
#7634=DIRECTION('center_axis',(0.,0.,1.));
#7635=DIRECTION('ref_axis',(1.,0.,0.));
#7636=DIRECTION('center_axis',(0.,0.,-1.));
#7637=DIRECTION('ref_axis',(1.,0.,0.));
#7638=DIRECTION('',(0.,0.,-1.));
#7639=DIRECTION('center_axis',(0.,0.,1.));
#7640=DIRECTION('ref_axis',(1.,0.,0.));
#7641=DIRECTION('center_axis',(0.,0.,1.));
#7642=DIRECTION('ref_axis',(1.,0.,0.));
#7643=DIRECTION('center_axis',(0.,0.,1.));
#7644=DIRECTION('ref_axis',(1.,0.,0.));
#7645=DIRECTION('center_axis',(0.,0.,-1.));
#7646=DIRECTION('ref_axis',(1.,0.,0.));
#7647=DIRECTION('',(0.,0.,-1.));
#7648=DIRECTION('center_axis',(0.,0.,1.));
#7649=DIRECTION('ref_axis',(1.,0.,0.));
#7650=DIRECTION('center_axis',(0.,0.,1.));
#7651=DIRECTION('ref_axis',(1.,0.,0.));
#7652=DIRECTION('center_axis',(0.,0.,1.));
#7653=DIRECTION('ref_axis',(1.,0.,0.));
#7654=DIRECTION('center_axis',(0.,0.,-1.));
#7655=DIRECTION('ref_axis',(1.,0.,0.));
#7656=DIRECTION('',(0.,0.,-1.));
#7657=DIRECTION('center_axis',(0.,0.,1.));
#7658=DIRECTION('ref_axis',(1.,0.,0.));
#7659=DIRECTION('center_axis',(0.,0.,1.));
#7660=DIRECTION('ref_axis',(1.,0.,0.));
#7661=DIRECTION('center_axis',(0.,0.,1.));
#7662=DIRECTION('ref_axis',(1.,0.,0.));
#7663=DIRECTION('center_axis',(0.,0.,1.));
#7664=DIRECTION('ref_axis',(1.,0.,0.));
#7665=DIRECTION('center_axis',(0.,0.,1.));
#7666=DIRECTION('ref_axis',(1.,0.,0.));
#7667=DIRECTION('center_axis',(0.,0.,1.));
#7668=DIRECTION('ref_axis',(1.,0.,0.));
#7669=DIRECTION('center_axis',(0.,0.,1.));
#7670=DIRECTION('ref_axis',(1.,0.,0.));
#7671=DIRECTION('center_axis',(0.,0.,1.));
#7672=DIRECTION('ref_axis',(-0.500000003725294,-0.866025401633639,0.));
#7673=DIRECTION('center_axis',(-1.,0.,0.));
#7674=DIRECTION('ref_axis',(0.,0.,-1.));
#7675=DIRECTION('center_axis',(0.,0.,-1.));
#7676=DIRECTION('ref_axis',(-0.500000003725294,-0.866025401633639,0.));
#7677=DIRECTION('center_axis',(1.,0.,0.));
#7678=DIRECTION('ref_axis',(0.,-0.707106781186553,-0.707106781186543));
#7679=DIRECTION('center_axis',(-1.,0.,0.));
#7680=DIRECTION('ref_axis',(0.,0.,-1.));
#7681=DIRECTION('',(-1.,0.,0.));
#7682=DIRECTION('',(1.,0.,0.));
#7683=DIRECTION('center_axis',(0.,0.,-1.));
#7684=DIRECTION('ref_axis',(-1.,0.,0.));
#7685=DIRECTION('center_axis',(-0.586162862098087,0.81019324799518,0.));
#7686=DIRECTION('ref_axis',(0.,0.,-1.));
#7687=DIRECTION('center_axis',(0.,0.,1.));
#7688=DIRECTION('ref_axis',(0.454883027767537,0.890551195074735,0.));
#7689=DIRECTION('center_axis',(0.,0.,-1.));
#7690=DIRECTION('ref_axis',(0.454883027767537,0.890551195074735,0.));
#7691=DIRECTION('center_axis',(0.586162862098082,-0.810193247995183,0.));
#7692=DIRECTION('ref_axis',(-0.572893139728943,-0.414479734669279,-0.707106781186546));
#7693=DIRECTION('center_axis',(-0.586162862098081,0.810193247995184,0.));
#7694=DIRECTION('ref_axis',(0.,0.,-1.));
#7695=DIRECTION('',(-0.586162862098082,0.810193247995183,0.));
#7696=DIRECTION('',(0.586162862098082,-0.810193247995183,0.));
#7697=DIRECTION('center_axis',(-0.99135978707316,0.131170776372861,0.));
#7698=DIRECTION('ref_axis',(0.,0.,-1.));
#7699=DIRECTION('center_axis',(0.,0.,-1.));
#7700=DIRECTION('ref_axis',(-0.512433111338363,-0.858727143162533,0.));
#7701=DIRECTION('center_axis',(0.,0.,1.));
#7702=DIRECTION('ref_axis',(-0.512433111338363,-0.858727143162533,0.));
#7703=DIRECTION('center_axis',(0.99135978707316,-0.131170776372863,0.));
#7704=DIRECTION('ref_axis',(-0.092751745466763,-0.700997228035084,-0.707106781186545));
#7705=DIRECTION('center_axis',(-0.99135978707316,0.131170776372863,0.));
#7706=DIRECTION('ref_axis',(0.,0.,-1.));
#7707=DIRECTION('',(-0.99135978707316,0.131170776372863,0.));
#7708=DIRECTION('',(0.99135978707316,-0.131170776372863,0.));
#7709=DIRECTION('center_axis',(0.,0.,-1.));
#7710=DIRECTION('ref_axis',(-1.,0.,0.));
#7711=DIRECTION('center_axis',(-0.86629507044382,0.49953263249235,0.));
#7712=DIRECTION('ref_axis',(0.,0.,-1.));
#7713=DIRECTION('center_axis',(0.,0.,1.));
#7714=DIRECTION('ref_axis',(0.321491824662684,0.946912354273118,0.));
#7715=DIRECTION('center_axis',(0.,0.,-1.));
#7716=DIRECTION('ref_axis',(0.321491824662684,0.946912354273118,0.));
#7717=DIRECTION('center_axis',(0.866295070443823,-0.499532632492344,0.));
#7718=DIRECTION('ref_axis',(-0.353222911859299,-0.61256311881931,-0.707106781186547));
#7719=DIRECTION('center_axis',(-0.866295070443825,0.499532632492341,0.));
#7720=DIRECTION('ref_axis',(0.,0.,-1.));
#7721=DIRECTION('',(-0.866295070443823,0.499532632492344,0.));
#7722=DIRECTION('',(0.866295070443823,-0.499532632492344,0.));
#7723=DIRECTION('center_axis',(-0.499532632492326,-0.866295070443834,0.));
#7724=DIRECTION('ref_axis',(0.,0.,-1.));
#7725=DIRECTION('center_axis',(0.,0.,-1.));
#7726=DIRECTION('ref_axis',(0.259340206960009,-0.965786030678607,0.));
#7727=DIRECTION('center_axis',(0.,0.,1.));
#7728=DIRECTION('ref_axis',(0.259340206960009,-0.965786030678607,0.));
#7729=DIRECTION('center_axis',(0.499532632492333,0.86629507044383,0.));
#7730=DIRECTION('ref_axis',(0.61256311881931,-0.353222911859299,-0.707106781186547));
#7731=DIRECTION('center_axis',(-0.499532632492336,-0.866295070443828,0.));
#7732=DIRECTION('ref_axis',(0.,0.,-1.));
#7733=DIRECTION('',(-0.499532632492333,-0.86629507044383,0.));
#7734=DIRECTION('',(0.499532632492333,0.86629507044383,0.));
#7735=DIRECTION('center_axis',(0.,-1.,0.));
#7736=DIRECTION('ref_axis',(0.,0.,-1.));
#7737=DIRECTION('center_axis',(0.,0.,-1.));
#7738=DIRECTION('ref_axis',(0.965995618634945,-0.258558435905869,0.));
#7739=DIRECTION('center_axis',(0.,0.,1.));
#7740=DIRECTION('ref_axis',(0.965995618634945,-0.258558435905869,0.));
#7741=DIRECTION('center_axis',(0.,1.,0.));
#7742=DIRECTION('ref_axis',(0.707106781186544,0.,-0.707106781186551));
#7743=DIRECTION('center_axis',(0.,-1.,0.));
#7744=DIRECTION('ref_axis',(0.,0.,-1.));
#7745=DIRECTION('',(0.,-1.,0.));
#7746=DIRECTION('',(0.,1.,0.));
#7747=DIRECTION('center_axis',(1.,0.,0.));
#7748=DIRECTION('ref_axis',(0.,0.,-1.));
#7749=DIRECTION('center_axis',(0.,0.,-1.));
#7750=DIRECTION('ref_axis',(0.707106781186545,0.70710678118655,0.));
#7751=DIRECTION('center_axis',(0.,0.,1.));
#7752=DIRECTION('ref_axis',(0.707106781186545,0.70710678118655,0.));
#7753=DIRECTION('center_axis',(-1.,0.,0.));
#7754=DIRECTION('ref_axis',(0.,0.707106781186548,-0.707106781186547));
#7755=DIRECTION('center_axis',(1.,0.,0.));
#7756=DIRECTION('ref_axis',(0.,0.,-1.));
#7757=DIRECTION('',(1.,0.,0.));
#7758=DIRECTION('',(-1.,0.,0.));
#7759=DIRECTION('center_axis',(0.,0.,-1.));
#7760=DIRECTION('ref_axis',(-1.,0.,0.));
#7761=DIRECTION('center_axis',(0.49999960139394,-0.866025633919633,0.));
#7762=DIRECTION('ref_axis',(0.,0.,-1.));
#7763=DIRECTION('center_axis',(0.,0.,1.));
#7764=DIRECTION('ref_axis',(-0.500000199302991,-0.866025288716773,0.));
#7765=DIRECTION('center_axis',(0.,0.,-1.));
#7766=DIRECTION('ref_axis',(-0.500000199302991,-0.866025288716773,0.));
#7767=DIRECTION('center_axis',(1.,0.,0.));
#7768=DIRECTION('ref_axis',(0.,0.,-1.));
#7769=DIRECTION('center_axis',(0.,0.,-1.));
#7770=DIRECTION('ref_axis',(0.500000199302991,0.866025288716773,0.));
#7771=DIRECTION('center_axis',(0.,0.,1.));
#7772=DIRECTION('ref_axis',(0.500000199302991,0.866025288716773,0.));
#7773=DIRECTION('center_axis',(-1.,0.,0.));
#7774=DIRECTION('ref_axis',(0.,0.707106781186548,-0.707106781186547));
#7775=DIRECTION('center_axis',(1.,0.,0.));
#7776=DIRECTION('ref_axis',(0.,0.,-1.));
#7777=DIRECTION('',(1.,0.,0.));
#7778=DIRECTION('',(-1.,0.,0.));
#7779=DIRECTION('center_axis',(0.,0.,-1.));
#7780=DIRECTION('ref_axis',(-1.,0.,0.));
#7781=DIRECTION('center_axis',(2.96059473233374E-15,-1.,0.));
#7782=DIRECTION('ref_axis',(0.,0.,-1.));
#7783=DIRECTION('center_axis',(0.,0.,1.));
#7784=DIRECTION('ref_axis',(-0.707106781186546,-0.707106781186549,0.));
#7785=DIRECTION('center_axis',(0.,0.,-1.));
#7786=DIRECTION('ref_axis',(-0.707106781186546,-0.707106781186549,0.));
#7787=DIRECTION('center_axis',(0.,1.,0.));
#7788=DIRECTION('ref_axis',(0.707106781186544,0.,-0.707106781186551));
#7789=DIRECTION('center_axis',(0.,-1.,0.));
#7790=DIRECTION('ref_axis',(0.,0.,-1.));
#7791=DIRECTION('',(0.,-1.,0.));
#7792=DIRECTION('',(0.,1.,0.));
#7793=DIRECTION('center_axis',(1.,0.,0.));
#7794=DIRECTION('ref_axis',(0.,0.,-1.));
#7795=DIRECTION('center_axis',(0.,0.,-1.));
#7796=DIRECTION('ref_axis',(0.707106781186548,0.707106781186548,0.));
#7797=DIRECTION('center_axis',(0.,0.,1.));
#7798=DIRECTION('ref_axis',(0.707106781186547,0.707106781186547,0.));
#7799=DIRECTION('center_axis',(-1.,0.,0.));
#7800=DIRECTION('ref_axis',(0.,0.707106781186548,-0.707106781186547));
#7801=DIRECTION('center_axis',(1.,0.,0.));
#7802=DIRECTION('ref_axis',(0.,0.,-1.));
#7803=DIRECTION('',(1.,0.,0.));
#7804=DIRECTION('',(-1.,0.,0.));
#7805=DIRECTION('center_axis',(0.249999988824131,0.968245839437451,0.));
#7806=DIRECTION('ref_axis',(0.,0.,-1.));
#7807=DIRECTION('center_axis',(0.,0.,-1.));
#7808=DIRECTION('ref_axis',(-0.612372440258325,0.790569411507974,0.));
#7809=DIRECTION('center_axis',(0.,0.,1.));
#7810=DIRECTION('ref_axis',(-0.612372440258325,0.790569411507974,0.));
#7811=DIRECTION('center_axis',(0.,0.,1.));
#7812=DIRECTION('ref_axis',(1.,0.,0.));
#7813=DIRECTION('center_axis',(1.,0.,0.));
#7814=DIRECTION('ref_axis',(0.,0.,-1.));
#7815=DIRECTION('center_axis',(0.,0.,1.));
#7816=DIRECTION('ref_axis',(0.612372440258325,-0.790569411507974,0.));
#7817=DIRECTION('center_axis',(0.,0.,-1.));
#7818=DIRECTION('ref_axis',(0.612372440258325,-0.790569411507974,0.));
#7819=DIRECTION('center_axis',(-1.,0.,0.));
#7820=DIRECTION('ref_axis',(0.,0.707106781186548,-0.707106781186547));
#7821=DIRECTION('center_axis',(1.,0.,0.));
#7822=DIRECTION('ref_axis',(0.,0.,-1.));
#7823=DIRECTION('',(1.,0.,0.));
#7824=DIRECTION('',(-1.,0.,0.));
#7825=DIRECTION('center_axis',(0.,1.,0.));
#7826=DIRECTION('ref_axis',(0.,0.,-1.));
#7827=DIRECTION('center_axis',(0.,0.,-1.));
#7828=DIRECTION('ref_axis',(-0.707106781186548,0.707106781186548,0.));
#7829=DIRECTION('center_axis',(0.,0.,1.));
#7830=DIRECTION('ref_axis',(-0.707106781186548,0.707106781186548,0.));
#7831=DIRECTION('center_axis',(0.,-1.,0.));
#7832=DIRECTION('ref_axis',(-0.707106781186544,0.,-0.707106781186551));
#7833=DIRECTION('center_axis',(0.,1.,0.));
#7834=DIRECTION('ref_axis',(0.,0.,-1.));
#7835=DIRECTION('',(0.,1.,0.));
#7836=DIRECTION('',(0.,-1.,0.));
#7837=DIRECTION('center_axis',(0.,0.,-1.));
#7838=DIRECTION('ref_axis',(-1.,0.,0.));
#7839=DIRECTION('center_axis',(1.,0.,0.));
#7840=DIRECTION('ref_axis',(0.,0.,-1.));
#7841=DIRECTION('center_axis',(0.,0.,1.));
#7842=DIRECTION('ref_axis',(0.707106781186547,-0.707106781186547,0.));
#7843=DIRECTION('center_axis',(0.,0.,-1.));
#7844=DIRECTION('ref_axis',(0.707106781186548,-0.707106781186548,0.));
#7845=DIRECTION('center_axis',(-1.,0.,0.));
#7846=DIRECTION('ref_axis',(0.,0.707106781186548,-0.707106781186547));
#7847=DIRECTION('center_axis',(1.,0.,0.));
#7848=DIRECTION('ref_axis',(0.,0.,-1.));
#7849=DIRECTION('',(1.,0.,0.));
#7850=DIRECTION('',(-1.,0.,0.));
#7851=DIRECTION('center_axis',(4.15990797364428E-8,0.999999999999999,0.));
#7852=DIRECTION('ref_axis',(0.,0.,-1.));
#7853=DIRECTION('center_axis',(0.,0.,-1.));
#7854=DIRECTION('ref_axis',(-0.707106766479054,0.70710679589404,0.));
#7855=DIRECTION('center_axis',(0.,0.,1.));
#7856=DIRECTION('ref_axis',(-0.707106766479054,0.70710679589404,0.));
#7857=DIRECTION('center_axis',(-4.15990743796168E-8,-0.999999999999999,
0.));
#7858=DIRECTION('ref_axis',(-0.707106781186544,2.94149829989324E-8,-0.707106781186551));
#7859=DIRECTION('',(4.15990743796168E-8,0.999999999999999,0.));
#7860=DIRECTION('',(-4.15990743796168E-8,-0.999999999999999,0.));
#7861=DIRECTION('center_axis',(0.,1.,0.));
#7862=DIRECTION('ref_axis',(-1.,0.,0.));
#7863=DIRECTION('',(0.,0.,-1.));
#7864=DIRECTION('',(-1.,0.,0.));
#7865=DIRECTION('',(0.,0.,1.));
#7866=DIRECTION('center_axis',(0.,0.,1.));
#7867=DIRECTION('ref_axis',(-0.707106781186546,-0.707106781186549,0.));
#7868=DIRECTION('',(0.,0.,1.));
#7869=DIRECTION('center_axis',(0.,0.,-1.));
#7870=DIRECTION('ref_axis',(-0.707106781186546,-0.707106781186549,0.));
#7871=DIRECTION('center_axis',(1.,0.,0.));
#7872=DIRECTION('ref_axis',(0.,1.,0.));
#7873=DIRECTION('',(0.,0.,-1.));
#7874=DIRECTION('',(0.,1.,0.));
#7875=DIRECTION('center_axis',(0.,0.,1.));
#7876=DIRECTION('ref_axis',(0.707106781186546,0.707106781186549,0.));
#7877=DIRECTION('',(0.,0.,1.));
#7878=DIRECTION('center_axis',(0.,0.,1.));
#7879=DIRECTION('ref_axis',(0.707106781186548,0.707106781186548,0.));
#7880=DIRECTION('center_axis',(0.,1.,0.));
#7881=DIRECTION('ref_axis',(-1.,0.,0.));
#7882=DIRECTION('',(0.,0.,-1.));
#7883=DIRECTION('',(-1.,0.,0.));
#7884=DIRECTION('center_axis',(0.,0.,1.));
#7885=DIRECTION('ref_axis',(-0.707106781186546,0.707106781186549,0.));
#7886=DIRECTION('',(0.,0.,-1.));
#7887=DIRECTION('center_axis',(0.,0.,1.));
#7888=DIRECTION('ref_axis',(-0.612372440258325,0.790569411507974,0.));
#7889=DIRECTION('center_axis',(0.,0.,1.));
#7890=DIRECTION('ref_axis',(0.,1.,0.));
#7891=DIRECTION('',(0.,0.,1.));
#7892=DIRECTION('center_axis',(0.,0.,-1.));
#7893=DIRECTION('ref_axis',(0.612372440258325,-0.790569411507974,0.));
#7894=DIRECTION('center_axis',(0.,1.,0.));
#7895=DIRECTION('ref_axis',(-1.,0.,0.));
#7896=DIRECTION('',(0.,0.,-1.));
#7897=DIRECTION('',(-1.,0.,0.));
#7898=DIRECTION('center_axis',(0.,0.,1.));
#7899=DIRECTION('ref_axis',(-0.707106781186548,0.707106781186548,0.));
#7900=DIRECTION('',(0.,0.,1.));
#7901=DIRECTION('center_axis',(0.,0.,1.));
#7902=DIRECTION('ref_axis',(-0.707106781186548,0.707106781186548,0.));
#7903=DIRECTION('center_axis',(-1.,0.,0.));
#7904=DIRECTION('ref_axis',(0.,-1.,0.));
#7905=DIRECTION('',(0.,0.,-1.));
#7906=DIRECTION('',(0.,-1.,0.));
#7907=DIRECTION('center_axis',(0.,0.,1.));
#7908=DIRECTION('ref_axis',(0.707106781186544,-0.707106781186551,0.));
#7909=DIRECTION('',(0.,0.,1.));
#7910=DIRECTION('center_axis',(0.,0.,-1.));
#7911=DIRECTION('ref_axis',(0.707106781186547,-0.707106781186547,0.));
#7912=DIRECTION('center_axis',(0.,1.,0.));
#7913=DIRECTION('ref_axis',(-1.,0.,0.));
#7914=DIRECTION('',(0.,0.,-1.));
#7915=DIRECTION('',(-1.,0.,0.));
#7916=DIRECTION('center_axis',(0.,0.,1.));
#7917=DIRECTION('ref_axis',(-0.707106766479055,0.70710679589404,0.));
#7918=DIRECTION('',(0.,0.,1.));
#7919=DIRECTION('center_axis',(0.,0.,1.));
#7920=DIRECTION('ref_axis',(-0.707106766479054,0.70710679589404,0.));
#7921=DIRECTION('center_axis',(-0.999999999999999,4.15990743796168E-8,0.));
#7922=DIRECTION('ref_axis',(-4.15990743796168E-8,-0.999999999999999,0.));
#7923=DIRECTION('',(0.,0.,1.));
#7924=DIRECTION('',(-4.15990743796168E-8,-0.999999999999999,0.));
#7925=DIRECTION('center_axis',(0.,0.,1.));
#7926=DIRECTION('ref_axis',(-0.866025408086036,-0.499999992549415,0.));
#7927=DIRECTION('',(0.,0.,1.));
#7928=DIRECTION('center_axis',(0.,0.,1.));
#7929=DIRECTION('ref_axis',(-0.500000003725294,-0.866025401633639,0.));
#7930=DIRECTION('center_axis',(0.,0.,1.));
#7931=DIRECTION('ref_axis',(1.,0.,0.));
#7932=DIRECTION('center_axis',(-0.99135978707316,0.131170776372863,0.));
#7933=DIRECTION('ref_axis',(0.092751745466783,0.700997228035059,0.707106781186568));
#7934=DIRECTION('',(0.99135978707316,-0.131170776372863,0.));
#7935=DIRECTION('center_axis',(-0.946912354273105,0.321491824662721,0.));
#7936=DIRECTION('ref_axis',(0.321491824662721,0.946912354273105,0.));
#7937=DIRECTION('',(-0.99135978707316,0.131170776372863,0.));
#7938=DIRECTION('center_axis',(-0.8587271431625,0.512433111338417,0.));
#7939=DIRECTION('ref_axis',(-0.512433111338417,-0.8587271431625,0.));
#7940=DIRECTION('center_axis',(-0.86629507044383,0.499532632492332,0.));
#7941=DIRECTION('ref_axis',(0.353222911859299,0.612563118819349,0.707106781186512));
#7942=DIRECTION('',(0.866295070443831,-0.499532632492332,0.));
#7943=DIRECTION('center_axis',(-0.96593930640557,-0.258768731381377,0.));
#7944=DIRECTION('ref_axis',(0.258768731381377,-0.96593930640557,0.));
#7945=DIRECTION('',(-0.866295070443831,0.499532632492332,0.));
#7946=DIRECTION('center_axis',(-0.500557410563393,-0.865703343374664,0.));
#7947=DIRECTION('ref_axis',(-0.61214470459609,0.353947539382561,0.707106781186545));
#7948=DIRECTION('',(0.500557410563393,0.865703343374664,0.));
#7949=DIRECTION('center_axis',(-0.259129944840101,-0.965842467324339,0.));
#7950=DIRECTION('ref_axis',(0.965842467324339,-0.259129944840101,0.));
#7951=DIRECTION('',(-0.500557410563393,-0.865703343374664,0.));
#7952=DIRECTION('center_axis',(0.,-1.,0.));
#7953=DIRECTION('ref_axis',(-0.707106781186529,0.,0.707106781186566));
#7954=DIRECTION('',(0.,1.,0.));
#7955=DIRECTION('center_axis',(0.,-1.,0.));
#7956=DIRECTION('ref_axis',(0.,0.,1.));
#7957=DIRECTION('',(0.,-1.,0.));
#7958=DIRECTION('center_axis',(1.,0.,0.));
#7959=DIRECTION('ref_axis',(0.,0.,-1.));
#7960=DIRECTION('center_axis',(0.,0.,1.));
#7961=DIRECTION('ref_axis',(0.,1.,0.));
#7962=DIRECTION('center_axis',(1.,0.,0.));
#7963=DIRECTION('ref_axis',(0.,0.707106781186547,0.707106781186548));
#7964=DIRECTION('center_axis',(-1.,0.,0.));
#7965=DIRECTION('ref_axis',(0.,0.707106781186547,0.707106781186548));
#7966=DIRECTION('center_axis',(0.,0.,1.));
#7967=DIRECTION('ref_axis',(-0.707106781186548,0.707106781186548,0.));
#7968=DIRECTION('center_axis',(0.,0.,1.));
#7969=DIRECTION('ref_axis',(0.,1.,0.));
#7970=DIRECTION('',(0.,0.,1.));
#7971=DIRECTION('',(0.,0.,-1.));
#7972=DIRECTION('center_axis',(-1.,0.,0.));
#7973=DIRECTION('ref_axis',(0.,0.,1.));
#7974=DIRECTION('center_axis',(0.,-1.,0.));
#7975=DIRECTION('ref_axis',(0.,0.,1.));
#7976=DIRECTION('center_axis',(-1.,0.,0.));
#7977=DIRECTION('ref_axis',(0.,-0.707106781186547,-0.707106781186548));
#7978=DIRECTION('center_axis',(1.,0.,0.));
#7979=DIRECTION('ref_axis',(0.,-0.707106781186547,-0.707106781186548));
#7980=DIRECTION('center_axis',(0.,-1.,0.));
#7981=DIRECTION('ref_axis',(-0.707106781186529,0.,0.707106781186566));
#7982=DIRECTION('center_axis',(0.,-1.,0.));
#7983=DIRECTION('ref_axis',(0.,0.,1.));
#7984=DIRECTION('',(0.,-1.,0.));
#7985=DIRECTION('',(0.,1.,0.));
#7986=DIRECTION('center_axis',(-1.,0.,0.));
#7987=DIRECTION('ref_axis',(0.,0.,1.));
#7988=DIRECTION('center_axis',(0.,0.,-1.));
#7989=DIRECTION('ref_axis',(0.,-1.,0.));
#7990=DIRECTION('center_axis',(-1.,0.,0.));
#7991=DIRECTION('ref_axis',(0.,0.707106781186547,-0.707106781186548));
#7992=DIRECTION('center_axis',(1.,0.,0.));
#7993=DIRECTION('ref_axis',(0.,0.707106781186547,-0.707106781186548));
#7994=DIRECTION('center_axis',(0.,0.,1.));
#7995=DIRECTION('ref_axis',(-0.707106781186598,-0.707106781186497,0.));
#7996=DIRECTION('center_axis',(0.,0.,-1.));
#7997=DIRECTION('ref_axis',(0.,-1.,0.));
#7998=DIRECTION('',(0.,0.,-1.));
#7999=DIRECTION('',(0.,0.,1.));
#8000=DIRECTION('center_axis',(1.,0.,0.));
#8001=DIRECTION('ref_axis',(0.,0.,-1.));
#8002=DIRECTION('center_axis',(0.,-1.,0.));
#8003=DIRECTION('ref_axis',(0.,0.,1.));
#8004=DIRECTION('center_axis',(1.,0.,0.));
#8005=DIRECTION('ref_axis',(0.,-0.707106781186547,0.707106781186548));
#8006=DIRECTION('center_axis',(-1.,0.,0.));
#8007=DIRECTION('ref_axis',(0.,-0.707106781186547,0.707106781186548));
#8008=DIRECTION('center_axis',(0.,-1.,0.));
#8009=DIRECTION('ref_axis',(-0.707106781186529,0.,0.707106781186566));
#8010=DIRECTION('center_axis',(0.,-1.,0.));
#8011=DIRECTION('ref_axis',(0.,0.,1.));
#8012=DIRECTION('',(0.,-1.,0.));
#8013=DIRECTION('',(0.,1.,0.));
#8014=DIRECTION('center_axis',(0.,0.,1.));
#8015=DIRECTION('ref_axis',(1.,0.,0.));
#8016=DIRECTION('center_axis',(1.,0.,0.));
#8017=DIRECTION('ref_axis',(0.,0.,1.));
#8018=DIRECTION('center_axis',(0.,0.,-1.));
#8019=DIRECTION('ref_axis',(0.707106781186548,0.707106781186548,0.));
#8020=DIRECTION('center_axis',(0.,0.,1.));
#8021=DIRECTION('ref_axis',(0.707106781186547,0.707106781186547,0.));
#8022=DIRECTION('center_axis',(1.,0.,0.));
#8023=DIRECTION('ref_axis',(0.,-0.707106781186554,0.707106781186541));
#8024=DIRECTION('center_axis',(1.,0.,0.));
#8025=DIRECTION('ref_axis',(0.,0.,1.));
#8026=DIRECTION('',(1.,0.,0.));
#8027=DIRECTION('',(-1.,0.,0.));
#8028=DIRECTION('center_axis',(0.,1.,0.));
#8029=DIRECTION('ref_axis',(0.,0.,1.));
#8030=DIRECTION('center_axis',(0.,0.,1.));
#8031=DIRECTION('ref_axis',(-1.,0.,0.));
#8032=DIRECTION('center_axis',(0.,1.,0.));
#8033=DIRECTION('ref_axis',(-0.707106781186547,0.,0.707106781186548));
#8034=DIRECTION('center_axis',(0.,-1.,0.));
#8035=DIRECTION('ref_axis',(-0.707106781186547,0.,0.707106781186548));
#8036=DIRECTION('center_axis',(0.,0.,1.));
#8037=DIRECTION('ref_axis',(-0.707106781186522,-0.707106781186573,0.));
#8038=DIRECTION('center_axis',(0.,0.,1.));
#8039=DIRECTION('ref_axis',(-1.,0.,0.));
#8040=DIRECTION('',(0.,0.,1.));
#8041=DIRECTION('',(0.,0.,-1.));
#8042=DIRECTION('center_axis',(0.,-1.,0.));
#8043=DIRECTION('ref_axis',(0.,0.,-1.));
#8044=DIRECTION('center_axis',(1.,0.,0.));
#8045=DIRECTION('ref_axis',(0.,0.,1.));
#8046=DIRECTION('center_axis',(0.,-1.,0.));
#8047=DIRECTION('ref_axis',(0.707106781186547,0.,-0.707106781186548));
#8048=DIRECTION('center_axis',(0.,1.,0.));
#8049=DIRECTION('ref_axis',(0.707106781186547,0.,-0.707106781186548));
#8050=DIRECTION('center_axis',(1.,0.,0.));
#8051=DIRECTION('ref_axis',(0.,-0.707106781186554,0.707106781186541));
#8052=DIRECTION('center_axis',(1.,0.,0.));
#8053=DIRECTION('ref_axis',(0.,0.,1.));
#8054=DIRECTION('',(1.,0.,0.));
#8055=DIRECTION('',(-1.,0.,0.));
#8056=DIRECTION('center_axis',(0.,-1.,0.));
#8057=DIRECTION('ref_axis',(0.,0.,-1.));
#8058=DIRECTION('center_axis',(0.,0.,-1.));
#8059=DIRECTION('ref_axis',(1.,0.,0.));
#8060=DIRECTION('center_axis',(0.,-1.,0.));
#8061=DIRECTION('ref_axis',(-0.707106781186547,0.,-0.707106781186548));
#8062=DIRECTION('center_axis',(0.,1.,0.));
#8063=DIRECTION('ref_axis',(-0.707106781186547,0.,-0.707106781186548));
#8064=DIRECTION('center_axis',(0.,0.,1.));
#8065=DIRECTION('ref_axis',(0.707106781186497,-0.707106781186598,0.));
#8066=DIRECTION('center_axis',(0.,0.,-1.));
#8067=DIRECTION('ref_axis',(1.,0.,0.));
#8068=DIRECTION('',(0.,0.,-1.));
#8069=DIRECTION('',(0.,0.,1.));
#8070=DIRECTION('center_axis',(0.,1.,0.));
#8071=DIRECTION('ref_axis',(0.,0.,1.));
#8072=DIRECTION('center_axis',(1.,0.,0.));
#8073=DIRECTION('ref_axis',(0.,0.,1.));
#8074=DIRECTION('center_axis',(0.,1.,0.));
#8075=DIRECTION('ref_axis',(0.707106781186547,0.,0.707106781186548));
#8076=DIRECTION('center_axis',(0.,-1.,0.));
#8077=DIRECTION('ref_axis',(0.707106781186547,0.,0.707106781186548));
#8078=DIRECTION('center_axis',(1.,0.,0.));
#8079=DIRECTION('ref_axis',(0.,-0.707106781186554,0.707106781186541));
#8080=DIRECTION('center_axis',(1.,0.,0.));
#8081=DIRECTION('ref_axis',(0.,0.,1.));
#8082=DIRECTION('',(1.,0.,0.));
#8083=DIRECTION('',(-1.,0.,0.));
#8084=DIRECTION('center_axis',(0.,0.,-1.));
#8085=DIRECTION('ref_axis',(-1.,0.,0.));
#8086=DIRECTION('center_axis',(4.47034409489781E-8,-0.999999999999999,0.));
#8087=DIRECTION('ref_axis',(0.,0.,1.));
#8088=DIRECTION('center_axis',(0.,0.,1.));
#8089=DIRECTION('ref_axis',(-0.707106765381483,-0.707106796991611,0.));
#8090=DIRECTION('center_axis',(0.,0.,-1.));
#8091=DIRECTION('ref_axis',(-0.707106765381483,-0.707106796991611,0.));
#8092=DIRECTION('center_axis',(0.,0.,1.));
#8093=DIRECTION('ref_axis',(1.,0.,0.));
#8094=DIRECTION('center_axis',(1.,0.,0.));
#8095=DIRECTION('ref_axis',(0.,0.,1.));
#8096=DIRECTION('center_axis',(0.,0.,-1.));
#8097=DIRECTION('ref_axis',(0.707106781186548,0.707106781186548,0.));
#8098=DIRECTION('center_axis',(0.,0.,1.));
#8099=DIRECTION('ref_axis',(0.707106781186547,0.707106781186547,0.));
#8100=DIRECTION('center_axis',(1.,0.,0.));
#8101=DIRECTION('ref_axis',(0.,-0.707106781186554,0.707106781186541));
#8102=DIRECTION('center_axis',(1.,0.,0.));
#8103=DIRECTION('ref_axis',(0.,0.,1.));
#8104=DIRECTION('',(1.,0.,0.));
#8105=DIRECTION('',(-1.,0.,0.));
#8106=DIRECTION('center_axis',(0.,0.,-1.));
#8107=DIRECTION('ref_axis',(-1.,0.,0.));
#8108=DIRECTION('center_axis',(0.,-1.,0.));
#8109=DIRECTION('ref_axis',(0.,0.,1.));
#8110=DIRECTION('center_axis',(0.,0.,1.));
#8111=DIRECTION('ref_axis',(-0.707106781186548,-0.707106781186548,0.));
#8112=DIRECTION('center_axis',(0.,0.,-1.));
#8113=DIRECTION('ref_axis',(-0.707106781186548,-0.707106781186548,0.));
#8114=DIRECTION('center_axis',(0.,-1.,0.));
#8115=DIRECTION('ref_axis',(-0.707106781186529,0.,0.707106781186566));
#8116=DIRECTION('center_axis',(0.,-1.,0.));
#8117=DIRECTION('ref_axis',(0.,0.,1.));
#8118=DIRECTION('',(0.,-1.,0.));
#8119=DIRECTION('',(0.,1.,0.));
#8120=DIRECTION('center_axis',(0.,0.,1.));
#8121=DIRECTION('ref_axis',(1.,0.,0.));
#8122=DIRECTION('center_axis',(1.,0.,0.));
#8123=DIRECTION('ref_axis',(0.,0.,1.));
#8124=DIRECTION('center_axis',(0.,0.,-1.));
#8125=DIRECTION('ref_axis',(0.707106781186545,0.70710678118655,0.));
#8126=DIRECTION('center_axis',(0.,0.,1.));
#8127=DIRECTION('ref_axis',(0.707106781186545,0.70710678118655,0.));
#8128=DIRECTION('center_axis',(1.,0.,0.));
#8129=DIRECTION('ref_axis',(0.,-0.707106781186541,0.707106781186554));
#8130=DIRECTION('center_axis',(1.,0.,0.));
#8131=DIRECTION('ref_axis',(0.,0.,1.));
#8132=DIRECTION('',(1.,0.,0.));
#8133=DIRECTION('',(-1.,0.,0.));
#8134=DIRECTION('center_axis',(0.,0.,1.));
#8135=DIRECTION('ref_axis',(1.,0.,0.));
#8136=DIRECTION('center_axis',(0.,1.,0.));
#8137=DIRECTION('ref_axis',(0.,0.,1.));
#8138=DIRECTION('center_axis',(0.,0.,-1.));
#8139=DIRECTION('ref_axis',(-0.707106781186545,0.70710678118655,0.));
#8140=DIRECTION('center_axis',(0.,0.,1.));
#8141=DIRECTION('ref_axis',(-0.707106781186545,0.70710678118655,0.));
#8142=DIRECTION('center_axis',(0.,1.,0.));
#8143=DIRECTION('ref_axis',(0.707106781186529,0.,0.707106781186566));
#8144=DIRECTION('center_axis',(0.,1.,0.));
#8145=DIRECTION('ref_axis',(0.,0.,1.));
#8146=DIRECTION('',(0.,1.,0.));
#8147=DIRECTION('',(0.,-1.,0.));
#8148=DIRECTION('center_axis',(0.,0.,-1.));
#8149=DIRECTION('ref_axis',(-1.,0.,0.));
#8150=DIRECTION('center_axis',(1.,0.,0.));
#8151=DIRECTION('ref_axis',(0.,0.,1.));
#8152=DIRECTION('center_axis',(0.,0.,1.));
#8153=DIRECTION('ref_axis',(0.707106781186548,-0.707106781186548,0.));
#8154=DIRECTION('center_axis',(0.,0.,-1.));
#8155=DIRECTION('ref_axis',(0.707106781186548,-0.707106781186548,0.));
#8156=DIRECTION('center_axis',(1.,0.,0.));
#8157=DIRECTION('ref_axis',(0.,-0.707106781186554,0.707106781186541));
#8158=DIRECTION('center_axis',(1.,0.,0.));
#8159=DIRECTION('ref_axis',(0.,0.,1.));
#8160=DIRECTION('',(1.,0.,0.));
#8161=DIRECTION('',(-1.,0.,0.));
#8162=DIRECTION('center_axis',(0.,0.,1.));
#8163=DIRECTION('ref_axis',(1.,0.,0.));
#8164=DIRECTION('center_axis',(0.,1.,0.));
#8165=DIRECTION('ref_axis',(0.,0.,1.));
#8166=DIRECTION('center_axis',(0.,0.,-1.));
#8167=DIRECTION('ref_axis',(-0.707106781186548,0.707106781186548,0.));
#8168=DIRECTION('center_axis',(0.,0.,1.));
#8169=DIRECTION('ref_axis',(-0.707106781186547,0.707106781186547,0.));
#8170=DIRECTION('center_axis',(0.,1.,0.));
#8171=DIRECTION('ref_axis',(0.707106781186529,0.,0.707106781186566));
#8172=DIRECTION('center_axis',(0.,1.,0.));
#8173=DIRECTION('ref_axis',(0.,0.,1.));
#8174=DIRECTION('',(0.,1.,0.));
#8175=DIRECTION('',(0.,-1.,0.));
#8176=DIRECTION('center_axis',(0.,0.,-1.));
#8177=DIRECTION('ref_axis',(-1.,0.,0.));
#8178=DIRECTION('center_axis',(0.999999999999995,-9.80313785703383E-8,0.));
#8179=DIRECTION('ref_axis',(0.,0.,1.));
#8180=DIRECTION('center_axis',(0.,0.,1.));
#8181=DIRECTION('ref_axis',(0.707106746527227,-0.707106815845867,0.));
#8182=DIRECTION('center_axis',(0.,0.,-1.));
#8183=DIRECTION('ref_axis',(0.707106746527227,-0.707106815845866,0.));
#8184=DIRECTION('center_axis',(0.999999999999995,-9.80313525609455E-8,0.));
#8185=DIRECTION('ref_axis',(-6.93187027991137E-8,-0.707106781186527,0.707106781186565));
#8186=DIRECTION('center_axis',(0.999999999999995,-9.80313785703418E-8,0.));
#8187=DIRECTION('ref_axis',(0.,0.,1.));
#8188=DIRECTION('',(0.999999999999995,-9.80313525609456E-8,0.));
#8189=DIRECTION('',(-0.999999999999995,9.80313525609456E-8,0.));
#8190=DIRECTION('center_axis',(0.,0.,1.));
#8191=DIRECTION('ref_axis',(1.,0.,0.));
#8192=DIRECTION('center_axis',(0.,1.,0.));
#8193=DIRECTION('ref_axis',(0.,0.,1.));
#8194=DIRECTION('center_axis',(0.,0.,-1.));
#8195=DIRECTION('ref_axis',(-0.707106746527231,0.707106815845862,0.));
#8196=DIRECTION('center_axis',(0.,0.,1.));
#8197=DIRECTION('ref_axis',(-0.707106746527231,0.707106815845862,0.));
#8198=DIRECTION('center_axis',(0.,1.,0.));
#8199=DIRECTION('ref_axis',(0.707106781186554,0.,0.707106781186541));
#8200=DIRECTION('center_axis',(0.,1.,0.));
#8201=DIRECTION('ref_axis',(0.,0.,1.));
#8202=DIRECTION('',(0.,1.,0.));
#8203=DIRECTION('',(0.,-1.,0.));
#8204=DIRECTION('center_axis',(0.,0.,1.));
#8205=DIRECTION('ref_axis',(1.,0.,0.));
#8206=DIRECTION('center_axis',(-1.,0.,0.));
#8207=DIRECTION('ref_axis',(0.,0.,1.));
#8208=DIRECTION('center_axis',(0.,0.,-1.));
#8209=DIRECTION('ref_axis',(-0.707106781186548,-0.707106781186548,0.));
#8210=DIRECTION('center_axis',(0.,0.,1.));
#8211=DIRECTION('ref_axis',(-0.707106781186547,-0.707106781186547,0.));
#8212=DIRECTION('center_axis',(-1.,0.,0.));
#8213=DIRECTION('ref_axis',(0.,0.707106781186529,0.707106781186566));
#8214=DIRECTION('',(-1.,0.,0.));
#8215=DIRECTION('',(1.,0.,0.));
#8216=DIRECTION('center_axis',(-0.890551195074775,0.454883027767459,0.));
#8217=DIRECTION('ref_axis',(0.454883027767459,0.890551195074775,0.));
#8218=DIRECTION('center_axis',(-0.586162862098081,0.810193247995184,0.));
#8219=DIRECTION('ref_axis',(0.572893139728942,0.414479734669218,0.707106781186583));
#8220=DIRECTION('',(-0.586162862098081,0.810193247995184,0.));
#8221=DIRECTION('',(0.586162862098081,-0.810193247995184,0.));
#8222=DIRECTION('center_axis',(0.,1.,0.));
#8223=DIRECTION('ref_axis',(0.707106781186552,0.,0.707106781186543));
#8224=DIRECTION('',(0.,1.,0.));
#8225=DIRECTION('center_axis',(0.,1.,0.));
#8226=DIRECTION('ref_axis',(0.707106781186547,0.,0.707106781186548));
#8227=DIRECTION('',(0.,-1.,0.));
#8228=DIRECTION('center_axis',(1.,0.,0.));
#8229=DIRECTION('ref_axis',(0.,1.,0.));
#8230=DIRECTION('',(0.,-1.,0.));
#8231=DIRECTION('',(0.,0.,-1.));
#8232=DIRECTION('center_axis',(0.,1.,0.));
#8233=DIRECTION('ref_axis',(-0.707106781186552,0.,-0.707106781186543));
#8234=DIRECTION('',(0.,1.,0.));
#8235=DIRECTION('center_axis',(0.,-1.,0.));
#8236=DIRECTION('ref_axis',(-0.707106781186547,0.,-0.707106781186548));
#8237=DIRECTION('center_axis',(0.,0.,1.));
#8238=DIRECTION('ref_axis',(1.,0.,0.));
#8239=DIRECTION('',(0.,-1.,0.));
#8240=DIRECTION('',(1.,0.,0.));
#8241=DIRECTION('center_axis',(0.,-1.,0.));
#8242=DIRECTION('ref_axis',(0.707106781186552,0.,-0.707106781186543));
#8243=DIRECTION('',(0.,1.,0.));
#8244=DIRECTION('center_axis',(0.,-1.,0.));
#8245=DIRECTION('ref_axis',(0.707106781186547,0.,-0.707106781186548));
#8246=DIRECTION('center_axis',(-1.,0.,0.));
#8247=DIRECTION('ref_axis',(0.,-1.,0.));
#8248=DIRECTION('',(0.,-1.,0.));
#8249=DIRECTION('',(0.,0.,1.));
#8250=DIRECTION('center_axis',(0.,-1.,0.));
#8251=DIRECTION('ref_axis',(-0.707106781186552,0.,0.707106781186543));
#8252=DIRECTION('',(0.,1.,0.));
#8253=DIRECTION('center_axis',(0.,1.,0.));
#8254=DIRECTION('ref_axis',(-0.707106781186547,0.,0.707106781186548));
#8255=DIRECTION('center_axis',(0.,0.,1.));
#8256=DIRECTION('ref_axis',(1.,0.,0.));
#8257=DIRECTION('',(-1.,0.,0.));
#8258=DIRECTION('',(0.,-1.,0.));
#8259=DIRECTION('center_axis',(0.,0.,-1.));
#8260=DIRECTION('ref_axis',(0.707106781186545,0.70710678118655,0.));
#8261=DIRECTION('',(1.,0.,0.));
#8262=DIRECTION('center_axis',(1.,0.,0.));
#8263=DIRECTION('ref_axis',(0.,-0.70710678118654,0.707106781186555));
#8264=DIRECTION('',(1.,0.,0.));
#8265=DIRECTION('center_axis',(1.,0.,0.));
#8266=DIRECTION('ref_axis',(0.,-0.707106781186547,0.707106781186548));
#8267=DIRECTION('center_axis',(0.,-1.,0.));
#8268=DIRECTION('ref_axis',(1.,0.,0.));
#8269=DIRECTION('',(-1.,0.,0.));
#8270=DIRECTION('',(0.,0.,-1.));
#8271=DIRECTION('center_axis',(1.,0.,0.));
#8272=DIRECTION('ref_axis',(0.,0.70710678118654,-0.707106781186555));
#8273=DIRECTION('',(1.,0.,0.));
#8274=DIRECTION('center_axis',(-1.,0.,0.));
#8275=DIRECTION('ref_axis',(0.,0.707106781186547,-0.707106781186548));
#8276=DIRECTION('center_axis',(0.,0.,1.));
#8277=DIRECTION('ref_axis',(1.,0.,0.));
#8278=DIRECTION('',(-1.,0.,0.));
#8279=DIRECTION('',(0.,-1.,0.));
#8280=DIRECTION('center_axis',(-1.,0.,0.));
#8281=DIRECTION('ref_axis',(0.,-0.707106781186552,-0.707106781186543));
#8282=DIRECTION('',(1.,0.,0.));
#8283=DIRECTION('center_axis',(-1.,0.,0.));
#8284=DIRECTION('ref_axis',(0.,-0.707106781186547,-0.707106781186548));
#8285=DIRECTION('center_axis',(0.,1.,0.));
#8286=DIRECTION('ref_axis',(-1.,0.,0.));
#8287=DIRECTION('',(-1.,0.,0.));
#8288=DIRECTION('',(0.,0.,1.));
#8289=DIRECTION('center_axis',(-1.,0.,0.));
#8290=DIRECTION('ref_axis',(0.,0.707106781186552,0.707106781186543));
#8291=DIRECTION('',(1.,0.,0.));
#8292=DIRECTION('center_axis',(1.,0.,0.));
#8293=DIRECTION('ref_axis',(0.,0.707106781186547,0.707106781186548));
#8294=DIRECTION('center_axis',(0.,0.,1.));
#8295=DIRECTION('ref_axis',(-0.707106781186554,-0.707106781186541,0.));
#8296=DIRECTION('',(0.,0.,1.));
#8297=DIRECTION('',(0.,0.,1.));
#8298=DIRECTION('center_axis',(0.,0.,1.));
#8299=DIRECTION('ref_axis',(0.70710678118656,0.707106781186535,0.));
#8300=DIRECTION('',(0.,0.,-1.));
#8301=DIRECTION('center_axis',(0.,-1.,0.));
#8302=DIRECTION('ref_axis',(1.,0.,0.));
#8303=DIRECTION('',(0.,0.,1.));
#8304=DIRECTION('center_axis',(0.,0.,1.));
#8305=DIRECTION('ref_axis',(-0.707106781186554,-0.707106781186541,0.));
#8306=DIRECTION('',(0.,0.,-1.));
#8307=DIRECTION('center_axis',(-1.,0.,0.));
#8308=DIRECTION('ref_axis',(0.,-1.,0.));
#8309=DIRECTION('',(0.,0.,1.));
#8310=DIRECTION('center_axis',(0.,0.,1.));
#8311=DIRECTION('ref_axis',(0.707106781186551,0.707106781186544,0.));
#8312=DIRECTION('',(0.,0.,-1.));
#8313=DIRECTION('center_axis',(0.,-1.,0.));
#8314=DIRECTION('ref_axis',(1.,0.,0.));
#8315=DIRECTION('',(0.,0.,1.));
#8316=DIRECTION('center_axis',(0.,0.,1.));
#8317=DIRECTION('ref_axis',(-0.707106781186551,0.707106781186544,0.));
#8318=DIRECTION('',(0.,0.,-1.));
#8319=DIRECTION('center_axis',(1.,0.,0.));
#8320=DIRECTION('ref_axis',(0.,1.,0.));
#8321=DIRECTION('',(0.,0.,1.));
#8322=DIRECTION('center_axis',(0.,0.,1.));
#8323=DIRECTION('ref_axis',(0.707106781186548,-0.707106781186548,0.));
#8324=DIRECTION('',(0.,0.,-1.));
#8325=DIRECTION('center_axis',(0.,-1.,0.));
#8326=DIRECTION('ref_axis',(1.,0.,0.));
#8327=DIRECTION('',(0.,0.,1.));
#8328=DIRECTION('center_axis',(0.,0.,1.));
#8329=DIRECTION('ref_axis',(-0.707106781186554,0.707106781186541,0.));
#8330=DIRECTION('',(0.,0.,-1.));
#8331=DIRECTION('center_axis',(1.,0.,0.));
#8332=DIRECTION('ref_axis',(0.,1.,0.));
#8333=DIRECTION('',(0.,0.,1.));
#8334=DIRECTION('center_axis',(0.,0.,1.));
#8335=DIRECTION('ref_axis',(0.707106746527225,-0.707106815845868,0.));
#8336=DIRECTION('',(0.,0.,-1.));
#8337=DIRECTION('center_axis',(-9.80313525609455E-8,-0.999999999999995,
0.));
#8338=DIRECTION('ref_axis',(0.999999999999995,-9.80313525609456E-8,0.));
#8339=DIRECTION('',(0.,0.,1.));
#8340=DIRECTION('center_axis',(0.,0.,1.));
#8341=DIRECTION('ref_axis',(-0.707106746527231,0.707106815845862,0.));
#8342=DIRECTION('',(0.,0.,-1.));
#8343=DIRECTION('center_axis',(1.,0.,0.));
#8344=DIRECTION('ref_axis',(0.,1.,0.));
#8345=DIRECTION('',(0.,0.,1.));
#8346=DIRECTION('center_axis',(0.,0.,1.));
#8347=DIRECTION('ref_axis',(-0.707106781186541,-0.707106781186554,0.));
#8348=DIRECTION('',(0.,0.,-1.));
#8349=DIRECTION('center_axis',(0.,1.,0.));
#8350=DIRECTION('ref_axis',(-1.,0.,0.));
#8351=DIRECTION('',(0.,0.,1.));
#8352=DIRECTION('center_axis',(0.810193247995184,0.586162862098081,0.));
#8353=DIRECTION('ref_axis',(-0.586162862098081,0.810193247995184,0.));
#8354=DIRECTION('',(0.,0.,-1.));
#8355=DIRECTION('center_axis',(0.131170776372863,0.99135978707316,0.));
#8356=DIRECTION('ref_axis',(-0.99135978707316,0.131170776372863,0.));
#8357=DIRECTION('',(0.,0.,1.));
#8358=DIRECTION('center_axis',(0.,0.,-1.));
#8359=DIRECTION('ref_axis',(-1.,0.,0.));
#8360=DIRECTION('center_axis',(-1.,0.,0.));
#8361=DIRECTION('ref_axis',(0.,-1.,0.));
#8362=DIRECTION('center_axis',(0.,0.,-1.));
#8363=DIRECTION('ref_axis',(-0.500000003725294,-0.866025401633639,0.));
#8364=DIRECTION('center_axis',(1.,0.,0.));
#8365=DIRECTION('ref_axis',(0.,-0.707106781186579,0.707106781186516));
#8366=DIRECTION('center_axis',(-1.,0.,0.));
#8367=DIRECTION('ref_axis',(0.,-1.,0.));
#8368=DIRECTION('',(-1.,0.,0.));
#8369=DIRECTION('',(1.,0.,0.));
#8370=DIRECTION('center_axis',(0.,0.,1.));
#8371=DIRECTION('ref_axis',(1.,0.,0.));
#8372=DIRECTION('center_axis',(-0.586162862098052,0.810193247995205,0.));
#8373=DIRECTION('ref_axis',(-0.810193247995205,-0.586162862098052,0.));
#8374=DIRECTION('center_axis',(0.,0.,1.));
#8375=DIRECTION('ref_axis',(0.454883027767537,0.890551195074735,0.));
#8376=DIRECTION('center_axis',(0.,0.,-1.));
#8377=DIRECTION('ref_axis',(0.454883027767537,0.890551195074735,0.));
#8378=DIRECTION('center_axis',(0.586162862098082,-0.810193247995183,0.));
#8379=DIRECTION('ref_axis',(-0.572893139728918,-0.414479734669301,0.707106781186553));
#8380=DIRECTION('center_axis',(-0.586162862098099,0.810193247995171,0.));
#8381=DIRECTION('ref_axis',(-0.810193247995171,-0.586162862098099,0.));
#8382=DIRECTION('',(-0.586162862098082,0.810193247995183,0.));
#8383=DIRECTION('',(0.586162862098082,-0.810193247995183,0.));
#8384=DIRECTION('center_axis',(0.,0.,-1.));
#8385=DIRECTION('ref_axis',(-1.,0.,0.));
#8386=DIRECTION('center_axis',(-0.991359787073165,0.131170776372826,0.));
#8387=DIRECTION('ref_axis',(-0.131170776372826,-0.991359787073165,0.));
#8388=DIRECTION('center_axis',(0.,0.,-1.));
#8389=DIRECTION('ref_axis',(-0.512433111338363,-0.858727143162533,0.));
#8390=DIRECTION('center_axis',(0.,0.,1.));
#8391=DIRECTION('ref_axis',(-0.512433111338363,-0.858727143162533,0.));
#8392=DIRECTION('center_axis',(0.99135978707316,-0.131170776372863,0.));
#8393=DIRECTION('ref_axis',(-0.0927517454667765,-0.70099722803511,0.707106781186518));
#8394=DIRECTION('center_axis',(-0.991359787073163,0.131170776372836,0.));
#8395=DIRECTION('ref_axis',(-0.131170776372836,-0.991359787073163,0.));
#8396=DIRECTION('',(-0.99135978707316,0.131170776372863,0.));
#8397=DIRECTION('',(0.99135978707316,-0.131170776372863,0.));
#8398=DIRECTION('center_axis',(0.,0.,1.));
#8399=DIRECTION('ref_axis',(1.,0.,0.));
#8400=DIRECTION('center_axis',(-0.866295070443824,0.499532632492343,0.));
#8401=DIRECTION('ref_axis',(-0.499532632492343,-0.866295070443824,0.));
#8402=DIRECTION('center_axis',(0.,0.,1.));
#8403=DIRECTION('ref_axis',(0.321491824662684,0.946912354273118,0.));
#8404=DIRECTION('center_axis',(0.,0.,-1.));
#8405=DIRECTION('ref_axis',(0.321491824662684,0.946912354273118,0.));
#8406=DIRECTION('center_axis',(0.866295070443823,-0.499532632492344,0.));
#8407=DIRECTION('ref_axis',(-0.353222911859299,-0.612563118819349,0.707106781186512));
#8408=DIRECTION('center_axis',(-0.866295070443824,0.499532632492343,0.));
#8409=DIRECTION('ref_axis',(-0.499532632492343,-0.866295070443824,0.));
#8410=DIRECTION('',(-0.866295070443823,0.499532632492344,0.));
#8411=DIRECTION('',(0.866295070443823,-0.499532632492344,0.));
#8412=DIRECTION('center_axis',(0.,0.,-1.));
#8413=DIRECTION('ref_axis',(-1.,0.,0.));
#8414=DIRECTION('center_axis',(-0.499532632492321,-0.866295070443837,0.));
#8415=DIRECTION('ref_axis',(0.866295070443837,-0.499532632492321,0.));
#8416=DIRECTION('center_axis',(0.,0.,-1.));
#8417=DIRECTION('ref_axis',(0.259340206960009,-0.965786030678607,0.));
#8418=DIRECTION('center_axis',(0.,0.,1.));
#8419=DIRECTION('ref_axis',(0.259340206960009,-0.965786030678607,0.));
#8420=DIRECTION('center_axis',(0.499532632492333,0.86629507044383,0.));
#8421=DIRECTION('ref_axis',(0.612563118819223,-0.353222911859343,0.707106781186599));
#8422=DIRECTION('center_axis',(-0.499532632492321,-0.866295070443837,0.));
#8423=DIRECTION('ref_axis',(0.866295070443837,-0.499532632492321,0.));
#8424=DIRECTION('',(-0.499532632492333,-0.86629507044383,0.));
#8425=DIRECTION('',(0.499532632492333,0.86629507044383,0.));
#8426=DIRECTION('center_axis',(0.,0.,-1.));
#8427=DIRECTION('ref_axis',(-1.,0.,0.));
#8428=DIRECTION('center_axis',(0.,-1.,0.));
#8429=DIRECTION('ref_axis',(1.,0.,0.));
#8430=DIRECTION('center_axis',(0.,0.,-1.));
#8431=DIRECTION('ref_axis',(0.965995618634945,-0.258558435905869,0.));
#8432=DIRECTION('center_axis',(0.,0.,1.));
#8433=DIRECTION('ref_axis',(0.965995618634945,-0.258558435905869,0.));
#8434=DIRECTION('center_axis',(0.,1.,0.));
#8435=DIRECTION('ref_axis',(0.707106781186529,0.,0.707106781186566));
#8436=DIRECTION('center_axis',(0.,-1.,0.));
#8437=DIRECTION('ref_axis',(1.,0.,0.));
#8438=DIRECTION('',(0.,-1.,0.));
#8439=DIRECTION('',(0.,1.,0.));
#8440=DIRECTION('center_axis',(-1.,0.,0.));
#8441=DIRECTION('ref_axis',(0.,0.,1.));
#8442=DIRECTION('center_axis',(0.,0.,1.));
#8443=DIRECTION('ref_axis',(1.,0.,0.));
#8444=DIRECTION('center_axis',(-1.,0.,0.));
#8445=DIRECTION('ref_axis',(0.,0.707106781186547,0.707106781186548));
#8446=DIRECTION('center_axis',(0.,0.,1.));
#8447=DIRECTION('ref_axis',(0.707106781186548,0.707106781186548,0.));
#8448=DIRECTION('center_axis',(0.,0.,1.));
#8449=DIRECTION('ref_axis',(1.,0.,0.));
#8450=DIRECTION('',(0.,0.,-1.));
#8451=DIRECTION('center_axis',(1.,0.,0.));
#8452=DIRECTION('ref_axis',(0.,0.,-1.));
#8453=DIRECTION('center_axis',(0.,-1.,0.));
#8454=DIRECTION('ref_axis',(1.,0.,0.));
#8455=DIRECTION('center_axis',(1.,0.,0.));
#8456=DIRECTION('ref_axis',(0.,-0.707106781186547,-0.707106781186548));
#8457=DIRECTION('center_axis',(0.,1.,0.));
#8458=DIRECTION('ref_axis',(0.707106781186529,0.,0.707106781186566));
#8459=DIRECTION('center_axis',(0.,-1.,0.));
#8460=DIRECTION('ref_axis',(1.,0.,0.));
#8461=DIRECTION('',(0.,1.,0.));
#8462=DIRECTION('center_axis',(1.,0.,0.));
#8463=DIRECTION('ref_axis',(0.,0.,-1.));
#8464=DIRECTION('center_axis',(0.,0.,-1.));
#8465=DIRECTION('ref_axis',(1.,0.,0.));
#8466=DIRECTION('center_axis',(1.,0.,0.));
#8467=DIRECTION('ref_axis',(0.,0.707106781186547,-0.707106781186548));
#8468=DIRECTION('center_axis',(0.,0.,1.));
#8469=DIRECTION('ref_axis',(0.707106781186497,-0.707106781186598,0.));
#8470=DIRECTION('center_axis',(0.,0.,-1.));
#8471=DIRECTION('ref_axis',(1.,0.,0.));
#8472=DIRECTION('',(0.,0.,1.));
#8473=DIRECTION('center_axis',(-1.,0.,0.));
#8474=DIRECTION('ref_axis',(0.,0.,1.));
#8475=DIRECTION('center_axis',(0.,-1.,0.));
#8476=DIRECTION('ref_axis',(1.,0.,0.));
#8477=DIRECTION('center_axis',(-1.,0.,0.));
#8478=DIRECTION('ref_axis',(0.,-0.707106781186547,0.707106781186548));
#8479=DIRECTION('center_axis',(0.,1.,0.));
#8480=DIRECTION('ref_axis',(0.707106781186529,0.,0.707106781186566));
#8481=DIRECTION('center_axis',(0.,-1.,0.));
#8482=DIRECTION('ref_axis',(1.,0.,0.));
#8483=DIRECTION('',(0.,1.,0.));
#8484=DIRECTION('center_axis',(0.,0.,-1.));
#8485=DIRECTION('ref_axis',(-1.,0.,0.));
#8486=DIRECTION('center_axis',(1.,0.,0.));
#8487=DIRECTION('ref_axis',(0.,1.,0.));
#8488=DIRECTION('center_axis',(0.,0.,1.));
#8489=DIRECTION('ref_axis',(0.707106781186545,0.70710678118655,0.));
#8490=DIRECTION('center_axis',(-1.,0.,0.));
#8491=DIRECTION('ref_axis',(0.,0.707106781186554,0.707106781186541));
#8492=DIRECTION('center_axis',(1.,0.,0.));
#8493=DIRECTION('ref_axis',(0.,1.,0.));
#8494=DIRECTION('',(-1.,0.,0.));
#8495=DIRECTION('center_axis',(0.,-1.,0.));
#8496=DIRECTION('ref_axis',(0.,0.,-1.));
#8497=DIRECTION('center_axis',(0.,0.,1.));
#8498=DIRECTION('ref_axis',(0.,1.,0.));
#8499=DIRECTION('center_axis',(0.,-1.,0.));
#8500=DIRECTION('ref_axis',(-0.707106781186547,0.,0.707106781186548));
#8501=DIRECTION('center_axis',(0.,0.,1.));
#8502=DIRECTION('ref_axis',(-0.707106781186522,0.707106781186573,0.));
#8503=DIRECTION('center_axis',(0.,0.,1.));
#8504=DIRECTION('ref_axis',(0.,1.,0.));
#8505=DIRECTION('',(0.,0.,-1.));
#8506=DIRECTION('center_axis',(0.,1.,0.));
#8507=DIRECTION('ref_axis',(0.,0.,1.));
#8508=DIRECTION('center_axis',(1.,0.,0.));
#8509=DIRECTION('ref_axis',(0.,1.,0.));
#8510=DIRECTION('center_axis',(0.,1.,0.));
#8511=DIRECTION('ref_axis',(0.707106781186547,0.,-0.707106781186548));
#8512=DIRECTION('center_axis',(-1.,0.,0.));
#8513=DIRECTION('ref_axis',(0.,0.707106781186554,0.707106781186541));
#8514=DIRECTION('center_axis',(1.,0.,0.));
#8515=DIRECTION('ref_axis',(0.,1.,0.));
#8516=DIRECTION('',(-1.,0.,0.));
#8517=DIRECTION('center_axis',(0.,1.,0.));
#8518=DIRECTION('ref_axis',(0.,0.,1.));
#8519=DIRECTION('center_axis',(0.,0.,-1.));
#8520=DIRECTION('ref_axis',(0.,1.,0.));
#8521=DIRECTION('center_axis',(0.,1.,0.));
#8522=DIRECTION('ref_axis',(-0.707106781186547,0.,-0.707106781186548));
#8523=DIRECTION('center_axis',(0.,0.,1.));
#8524=DIRECTION('ref_axis',(0.707106781186522,0.707106781186573,0.));
#8525=DIRECTION('center_axis',(0.,0.,-1.));
#8526=DIRECTION('ref_axis',(0.,1.,0.));
#8527=DIRECTION('',(0.,0.,1.));
#8528=DIRECTION('center_axis',(0.,-1.,0.));
#8529=DIRECTION('ref_axis',(0.,0.,-1.));
#8530=DIRECTION('center_axis',(1.,0.,0.));
#8531=DIRECTION('ref_axis',(0.,1.,0.));
#8532=DIRECTION('center_axis',(0.,-1.,0.));
#8533=DIRECTION('ref_axis',(0.707106781186547,0.,0.707106781186548));
#8534=DIRECTION('center_axis',(-1.,0.,0.));
#8535=DIRECTION('ref_axis',(0.,0.707106781186554,0.707106781186541));
#8536=DIRECTION('center_axis',(1.,0.,0.));
#8537=DIRECTION('ref_axis',(0.,1.,0.));
#8538=DIRECTION('',(1.,0.,0.));
#8539=DIRECTION('',(-1.,0.,0.));
#8540=DIRECTION('center_axis',(0.,0.,1.));
#8541=DIRECTION('ref_axis',(1.,0.,0.));
#8542=DIRECTION('center_axis',(0.499999601393949,-0.866025633919627,0.));
#8543=DIRECTION('ref_axis',(0.866025633919627,0.499999601393949,0.));
#8544=DIRECTION('center_axis',(0.,0.,1.));
#8545=DIRECTION('ref_axis',(-0.500000199302991,-0.866025288716773,0.));
#8546=DIRECTION('center_axis',(0.,0.,-1.));
#8547=DIRECTION('ref_axis',(-0.500000199302991,-0.866025288716773,0.));
#8548=DIRECTION('center_axis',(0.,0.,-1.));
#8549=DIRECTION('ref_axis',(-1.,0.,0.));
#8550=DIRECTION('center_axis',(1.,0.,0.));
#8551=DIRECTION('ref_axis',(0.,1.,0.));
#8552=DIRECTION('center_axis',(0.,0.,-1.));
#8553=DIRECTION('ref_axis',(0.500000199302991,0.866025288716773,0.));
#8554=DIRECTION('center_axis',(0.,0.,1.));
#8555=DIRECTION('ref_axis',(0.500000199302991,0.866025288716773,0.));
#8556=DIRECTION('center_axis',(-1.,0.,0.));
#8557=DIRECTION('ref_axis',(0.,0.707106781186554,0.707106781186541));
#8558=DIRECTION('center_axis',(1.,0.,0.));
#8559=DIRECTION('ref_axis',(0.,1.,0.));
#8560=DIRECTION('',(1.,0.,0.));
#8561=DIRECTION('center_axis',(0.,0.,1.));
#8562=DIRECTION('ref_axis',(1.,0.,0.));
#8563=DIRECTION('center_axis',(1.77635683940023E-14,-1.,0.));
#8564=DIRECTION('ref_axis',(1.,1.77635683940023E-14,0.));
#8565=DIRECTION('center_axis',(0.,0.,1.));
#8566=DIRECTION('ref_axis',(-0.707106781186546,-0.707106781186549,0.));
#8567=DIRECTION('center_axis',(0.,1.,0.));
#8568=DIRECTION('ref_axis',(0.707106781186579,0.,0.707106781186516));
#8569=DIRECTION('center_axis',(0.,-1.,0.));
#8570=DIRECTION('ref_axis',(1.,0.,0.));
#8571=DIRECTION('',(0.,-1.,0.));
#8572=DIRECTION('center_axis',(0.,0.,-1.));
#8573=DIRECTION('ref_axis',(-1.,0.,0.));
#8574=DIRECTION('center_axis',(1.,0.,0.));
#8575=DIRECTION('ref_axis',(0.,1.,0.));
#8576=DIRECTION('center_axis',(0.,0.,-1.));
#8577=DIRECTION('ref_axis',(0.707106781186548,0.707106781186548,0.));
#8578=DIRECTION('center_axis',(-1.,0.,0.));
#8579=DIRECTION('ref_axis',(0.,0.707106781186541,0.707106781186554));
#8580=DIRECTION('center_axis',(1.,0.,0.));
#8581=DIRECTION('ref_axis',(0.,1.,0.));
#8582=DIRECTION('',(1.,0.,0.));
#8583=DIRECTION('center_axis',(0.,0.,-1.));
#8584=DIRECTION('ref_axis',(-1.,0.,0.));
#8585=DIRECTION('center_axis',(0.249999988824131,0.968245839437451,0.));
#8586=DIRECTION('ref_axis',(-0.968245839437451,0.249999988824131,0.));
#8587=DIRECTION('center_axis',(0.,0.,-1.));
#8588=DIRECTION('ref_axis',(-0.612372440258325,0.790569411507974,0.));
#8589=DIRECTION('center_axis',(0.,0.,1.));
#8590=DIRECTION('ref_axis',(1.,0.,0.));
#8591=DIRECTION('center_axis',(1.,0.,0.));
#8592=DIRECTION('ref_axis',(0.,1.,0.));
#8593=DIRECTION('center_axis',(0.,0.,1.));
#8594=DIRECTION('ref_axis',(0.612372440258325,-0.790569411507974,0.));
#8595=DIRECTION('center_axis',(-1.,0.,0.));
#8596=DIRECTION('ref_axis',(0.,0.707106781186554,0.707106781186541));
#8597=DIRECTION('center_axis',(1.,0.,0.));
#8598=DIRECTION('ref_axis',(0.,1.,0.));
#8599=DIRECTION('',(1.,0.,0.));
#8600=DIRECTION('center_axis',(0.,0.,-1.));
#8601=DIRECTION('ref_axis',(-1.,0.,0.));
#8602=DIRECTION('center_axis',(0.,1.,0.));
#8603=DIRECTION('ref_axis',(-1.,0.,0.));
#8604=DIRECTION('center_axis',(0.,0.,-1.));
#8605=DIRECTION('ref_axis',(-0.707106781186548,0.707106781186548,0.));
#8606=DIRECTION('center_axis',(0.,-1.,0.));
#8607=DIRECTION('ref_axis',(-0.707106781186579,0.,0.707106781186516));
#8608=DIRECTION('center_axis',(0.,1.,0.));
#8609=DIRECTION('ref_axis',(-1.,0.,0.));
#8610=DIRECTION('',(0.,1.,0.));
#8611=DIRECTION('center_axis',(0.,0.,1.));
#8612=DIRECTION('ref_axis',(1.,0.,0.));
#8613=DIRECTION('center_axis',(1.,0.,0.));
#8614=DIRECTION('ref_axis',(0.,1.,0.));
#8615=DIRECTION('center_axis',(0.,0.,1.));
#8616=DIRECTION('ref_axis',(0.707106781186547,-0.707106781186547,0.));
#8617=DIRECTION('center_axis',(-1.,0.,0.));
#8618=DIRECTION('ref_axis',(0.,0.707106781186554,0.707106781186541));
#8619=DIRECTION('center_axis',(1.,0.,0.));
#8620=DIRECTION('ref_axis',(0.,1.,0.));
#8621=DIRECTION('',(1.,0.,0.));
#8622=DIRECTION('center_axis',(0.,0.,-1.));
#8623=DIRECTION('ref_axis',(-1.,0.,0.));
#8624=DIRECTION('center_axis',(4.15990797364423E-8,0.999999999999999,0.));
#8625=DIRECTION('ref_axis',(-0.999999999999999,4.15990797364423E-8,0.));
#8626=DIRECTION('center_axis',(0.,0.,-1.));
#8627=DIRECTION('ref_axis',(-0.707106766479054,0.70710679589404,0.));
#8628=DIRECTION('center_axis',(-4.15990743796168E-8,-0.999999999999999,
0.));
#8629=DIRECTION('ref_axis',(-0.707106781186553,2.94149913727585E-8,0.707106781186541));
#8630=DIRECTION('',(4.15990743796168E-8,0.999999999999999,0.));
#8631=DIRECTION('center_axis',(0.,0.,1.));
#8632=DIRECTION('ref_axis',(1.,0.,0.));
#8633=DIRECTION('center_axis',(0.,0.,1.));
#8634=DIRECTION('ref_axis',(0.707106781186551,0.707106781186544,0.));
#8635=DIRECTION('',(0.,0.,1.));
#8636=DIRECTION('',(0.,0.,-1.));
#8637=DIRECTION('center_axis',(1.,0.,0.));
#8638=DIRECTION('ref_axis',(0.,1.,0.));
#8639=DIRECTION('',(0.,0.,1.));
#8640=DIRECTION('center_axis',(0.,0.,1.));
#8641=DIRECTION('ref_axis',(0.965995618634946,-0.258558435905865,0.));
#8642=DIRECTION('',(0.,0.,-1.));
#8643=DIRECTION('center_axis',(0.86629507044383,-0.499532632492333,0.));
#8644=DIRECTION('ref_axis',(0.499532632492333,0.86629507044383,0.));
#8645=DIRECTION('',(0.,0.,1.));
#8646=DIRECTION('center_axis',(0.,0.,1.));
#8647=DIRECTION('ref_axis',(0.259340206960012,-0.965786030678607,0.));
#8648=DIRECTION('',(0.,0.,-1.));
#8649=DIRECTION('center_axis',(-0.499532632492344,-0.866295070443823,0.));
#8650=DIRECTION('ref_axis',(0.866295070443823,-0.499532632492344,0.));
#8651=DIRECTION('',(0.,0.,1.));
#8652=DIRECTION('center_axis',(0.,0.,1.));
#8653=DIRECTION('ref_axis',(0.321491824662686,0.946912354273117,0.));
#8654=DIRECTION('',(0.,0.,-1.));
#8655=DIRECTION('center_axis',(-0.131170776372863,-0.99135978707316,0.));
#8656=DIRECTION('ref_axis',(0.99135978707316,-0.131170776372863,0.));
#8657=DIRECTION('',(0.,0.,1.));
#8658=DIRECTION('center_axis',(0.,0.,1.));
#8659=DIRECTION('ref_axis',(-0.512433111338365,-0.858727143162531,0.));
#8660=DIRECTION('',(0.,0.,-1.));
#8661=DIRECTION('center_axis',(-0.810193247995183,-0.586162862098082,0.));
#8662=DIRECTION('ref_axis',(0.586162862098082,-0.810193247995183,0.));
#8663=DIRECTION('',(0.,0.,1.));
#8664=DIRECTION('center_axis',(0.,0.,1.));
#8665=DIRECTION('ref_axis',(0.454883027767534,0.890551195074736,0.));
#8666=DIRECTION('',(0.,0.,-1.));
#8667=DIRECTION('center_axis',(0.,-1.,0.));
#8668=DIRECTION('ref_axis',(1.,0.,0.));
#8669=DIRECTION('center_axis',(0.,0.,1.));
#8670=DIRECTION('ref_axis',(0.500000199302991,0.866025288716773,0.));
#8671=DIRECTION('',(0.,0.,-1.));
#8672=DIRECTION('center_axis',(0.,-1.,0.));
#8673=DIRECTION('ref_axis',(1.,0.,0.));
#8674=DIRECTION('',(0.,0.,-1.));
#8675=DIRECTION('center_axis',(0.,0.,1.));
#8676=DIRECTION('ref_axis',(-0.707106781186548,-0.707106781186548,0.));
#8677=DIRECTION('',(0.,0.,-1.));
#8678=DIRECTION('center_axis',(0.,0.,1.));
#8679=DIRECTION('ref_axis',(0.707106781186548,0.707106781186548,0.));
#8680=DIRECTION('',(0.,0.,1.));
#8681=DIRECTION('center_axis',(-1.,0.,0.));
#8682=DIRECTION('ref_axis',(0.,-1.,0.));
#8683=DIRECTION('',(0.,0.,-1.));
#8684=DIRECTION('center_axis',(-0.865703343374664,0.500557410563393,0.));
#8685=DIRECTION('ref_axis',(-0.500557410563393,-0.865703343374664,0.));
#8686=DIRECTION('',(0.,0.,-1.));
#8687=DIRECTION('center_axis',(0.499532632492332,0.86629507044383,0.));
#8688=DIRECTION('ref_axis',(-0.866295070443831,0.499532632492332,0.));
#8689=DIRECTION('center_axis',(0.,1.,0.));
#8690=DIRECTION('ref_axis',(-1.,0.,0.));
#8691=DIRECTION('center_axis',(0.,0.,-1.));
#8692=DIRECTION('ref_axis',(-1.,0.,0.));
#8693=DIRECTION('center_axis',(0.,0.,-1.));
#8694=DIRECTION('ref_axis',(-1.,0.,0.));
#8695=DIRECTION('',(-0.707106781186548,-8.65956056235494E-17,0.707106781186547));
#8696=DIRECTION('center_axis',(0.,0.,-1.));
#8697=DIRECTION('ref_axis',(-1.,0.,0.));
#8698=DIRECTION('center_axis',(0.,0.,-1.));
#8699=DIRECTION('ref_axis',(-1.,0.,0.));
#8700=DIRECTION('center_axis',(0.,0.,-1.));
#8701=DIRECTION('ref_axis',(-0.707106781186548,0.707106781186548,0.));
#8702=DIRECTION('',(0.,1.,0.));
#8703=DIRECTION('',(-0.500557410563393,0.865703343374664,0.));
#8704=DIRECTION('',(-0.866295070443831,-0.499532632492332,0.));
#8705=DIRECTION('',(-0.99135978707316,-0.131170776372863,0.));
#8706=DIRECTION('',(-0.586162862098081,-0.810193247995184,0.));
#8707=DIRECTION('',(-1.,0.,0.));
#8708=DIRECTION('center_axis',(0.,0.,-1.));
#8709=DIRECTION('ref_axis',(0.707106781186541,-0.707106781186554,0.));
#8710=DIRECTION('',(0.,-1.,0.));
#8711=DIRECTION('center_axis',(0.,0.,-1.));
#8712=DIRECTION('ref_axis',(0.707106746527231,0.707106815845862,0.));
#8713=DIRECTION('',(0.999999999999995,9.80313525609456E-8,0.));
#8714=DIRECTION('center_axis',(0.,0.,1.));
#8715=DIRECTION('ref_axis',(-0.707106746527225,-0.707106815845868,0.));
#8716=DIRECTION('',(0.,-1.,0.));
#8717=DIRECTION('center_axis',(0.,0.,-1.));
#8718=DIRECTION('ref_axis',(0.707106781186554,0.707106781186541,0.));
#8719=DIRECTION('',(1.,0.,0.));
#8720=DIRECTION('center_axis',(0.,0.,1.));
#8721=DIRECTION('ref_axis',(-0.707106781186548,-0.707106781186548,0.));
#8722=DIRECTION('',(0.,-1.,0.));
#8723=DIRECTION('center_axis',(0.,0.,-1.));
#8724=DIRECTION('ref_axis',(0.707106781186551,0.707106781186544,0.));
#8725=DIRECTION('',(1.,0.,0.));
#8726=DIRECTION('center_axis',(0.,0.,-1.));
#8727=DIRECTION('ref_axis',(-0.707106781186551,0.707106781186544,0.));
#8728=DIRECTION('',(0.,1.,0.));
#8729=DIRECTION('center_axis',(0.,0.,1.));
#8730=DIRECTION('ref_axis',(0.707106781186554,-0.707106781186541,0.));
#8731=DIRECTION('',(1.,0.,0.));
#8732=DIRECTION('center_axis',(0.,0.,-1.));
#8733=DIRECTION('ref_axis',(-0.70710678118656,0.707106781186535,0.));
#8734=DIRECTION('center_axis',(0.,0.,1.));
#8735=DIRECTION('ref_axis',(0.707106781186554,-0.707106781186541,0.));
#8736=DIRECTION('',(1.,0.,0.));
#8737=DIRECTION('center_axis',(0.,0.,-1.));
#8738=DIRECTION('ref_axis',(-1.,0.,0.));
#8739=DIRECTION('center_axis',(0.,0.,-1.));
#8740=DIRECTION('ref_axis',(-1.,0.,0.));
#8741=DIRECTION('center_axis',(0.,0.,-1.));
#8742=DIRECTION('ref_axis',(-1.,0.,0.));
#8743=DIRECTION('center_axis',(0.,0.,-1.));
#8744=DIRECTION('ref_axis',(-1.,0.,0.));
#8745=DIRECTION('center_axis',(0.,0.,-1.));
#8746=DIRECTION('ref_axis',(-1.,0.,0.));
#8747=DIRECTION('',(-0.707106781186548,-8.65956056235494E-17,0.707106781186547));
#8748=DIRECTION('center_axis',(0.,0.,-1.));
#8749=DIRECTION('ref_axis',(-1.,0.,0.));
#8750=DIRECTION('center_axis',(0.,0.,-1.));
#8751=DIRECTION('ref_axis',(-1.,0.,0.));
#8752=DIRECTION('',(-0.707106781186548,-8.65956056235494E-17,0.707106781186547));
#8753=DIRECTION('center_axis',(0.,0.,-1.));
#8754=DIRECTION('ref_axis',(-1.,0.,0.));
#8755=DIRECTION('center_axis',(0.,0.,-1.));
#8756=DIRECTION('ref_axis',(-1.,0.,0.));
#8757=DIRECTION('',(-0.707106781186548,-8.65956056235494E-17,0.707106781186547));
#8758=DIRECTION('center_axis',(0.,0.,-1.));
#8759=DIRECTION('ref_axis',(-1.,0.,0.));
#8760=DIRECTION('center_axis',(0.,0.,-1.));
#8761=DIRECTION('ref_axis',(-1.,0.,0.));
#8762=DIRECTION('',(-0.707106781186548,-8.65956056235494E-17,0.707106781186547));
#8763=DIRECTION('center_axis',(0.,0.,-1.));
#8764=DIRECTION('ref_axis',(-1.,0.,0.));
#8765=DIRECTION('center_axis',(0.,0.,-1.));
#8766=DIRECTION('ref_axis',(-1.,0.,0.));
#8767=DIRECTION('center_axis',(0.,0.,1.));
#8768=DIRECTION('ref_axis',(-1.,0.,0.));
#8769=DIRECTION('',(0.,0.,-1.));
#8770=DIRECTION('center_axis',(0.,0.,-1.));
#8771=DIRECTION('ref_axis',(-1.,0.,0.));
#8772=DIRECTION('center_axis',(0.,0.,-1.));
#8773=DIRECTION('ref_axis',(-1.,0.,0.));
#8774=DIRECTION('center_axis',(0.,0.,-1.));
#8775=DIRECTION('ref_axis',(-1.,0.,0.));
#8776=DIRECTION('center_axis',(0.,0.,1.));
#8777=DIRECTION('ref_axis',(-1.,0.,0.));
#8778=DIRECTION('',(0.,0.,-1.));
#8779=DIRECTION('center_axis',(0.,0.,-1.));
#8780=DIRECTION('ref_axis',(-1.,0.,0.));
#8781=DIRECTION('center_axis',(0.,0.,-1.));
#8782=DIRECTION('ref_axis',(-1.,0.,0.));
#8783=DIRECTION('center_axis',(0.,0.,-1.));
#8784=DIRECTION('ref_axis',(-1.,0.,0.));
#8785=DIRECTION('center_axis',(0.,0.,1.));
#8786=DIRECTION('ref_axis',(-1.,0.,0.));
#8787=DIRECTION('',(0.,0.,-1.));
#8788=DIRECTION('center_axis',(0.,0.,-1.));
#8789=DIRECTION('ref_axis',(-1.,0.,0.));
#8790=DIRECTION('center_axis',(0.,0.,-1.));
#8791=DIRECTION('ref_axis',(-1.,0.,0.));
#8792=DIRECTION('center_axis',(0.,0.,-1.));
#8793=DIRECTION('ref_axis',(-1.,0.,0.));
#8794=DIRECTION('center_axis',(0.,0.,1.));
#8795=DIRECTION('ref_axis',(-1.,0.,0.));
#8796=DIRECTION('',(0.,0.,-1.));
#8797=DIRECTION('center_axis',(0.,0.,-1.));
#8798=DIRECTION('ref_axis',(-1.,0.,0.));
#8799=DIRECTION('center_axis',(0.,0.,-1.));
#8800=DIRECTION('ref_axis',(-1.,0.,0.));
#8801=DIRECTION('center_axis',(0.,0.,-1.));
#8802=DIRECTION('ref_axis',(-1.,0.,0.));
#8803=DIRECTION('center_axis',(0.,0.,1.));
#8804=DIRECTION('ref_axis',(-1.,0.,0.));
#8805=DIRECTION('',(0.,0.,-1.));
#8806=DIRECTION('center_axis',(0.,0.,-1.));
#8807=DIRECTION('ref_axis',(-1.,0.,0.));
#8808=DIRECTION('center_axis',(0.,0.,-1.));
#8809=DIRECTION('ref_axis',(-1.,0.,0.));
#8810=DIRECTION('center_axis',(0.,0.,-1.));
#8811=DIRECTION('ref_axis',(-1.,0.,0.));
#8812=DIRECTION('center_axis',(0.,0.,-1.));
#8813=DIRECTION('ref_axis',(-1.,0.,0.));
#8814=DIRECTION('center_axis',(0.,0.,-1.));
#8815=DIRECTION('ref_axis',(-1.,0.,0.));
#8816=DIRECTION('center_axis',(0.,0.,-1.));
#8817=DIRECTION('ref_axis',(-1.,0.,0.));
#8818=DIRECTION('center_axis',(0.,0.,-1.));
#8819=DIRECTION('ref_axis',(-1.,0.,0.));
#8820=DIRECTION('center_axis',(0.,0.,-1.));
#8821=DIRECTION('ref_axis',(0.500000003725294,-0.866025401633639,0.));
#8822=DIRECTION('center_axis',(0.,0.,1.));
#8823=DIRECTION('ref_axis',(0.500000003725294,-0.866025401633639,0.));
#8824=DIRECTION('center_axis',(-1.,0.,0.));
#8825=DIRECTION('ref_axis',(0.,0.,-1.));
#8826=DIRECTION('center_axis',(1.,0.,0.));
#8827=DIRECTION('ref_axis',(0.,-0.707106781186553,-0.707106781186543));
#8828=DIRECTION('center_axis',(-1.,0.,0.));
#8829=DIRECTION('ref_axis',(0.,0.,-1.));
#8830=DIRECTION('',(-1.,0.,0.));
#8831=DIRECTION('',(1.,0.,0.));
#8832=DIRECTION('center_axis',(0.,0.,-1.));
#8833=DIRECTION('ref_axis',(1.,0.,0.));
#8834=DIRECTION('center_axis',(-0.586162862098087,-0.81019324799518,0.));
#8835=DIRECTION('ref_axis',(0.,0.,-1.));
#8836=DIRECTION('center_axis',(0.,0.,1.));
#8837=DIRECTION('ref_axis',(-0.454883027767537,0.890551195074735,0.));
#8838=DIRECTION('center_axis',(0.,0.,-1.));
#8839=DIRECTION('ref_axis',(-0.454883027767537,0.890551195074735,0.));
#8840=DIRECTION('center_axis',(0.586162862098082,0.810193247995183,0.));
#8841=DIRECTION('ref_axis',(0.572893139728943,-0.414479734669279,-0.707106781186546));
#8842=DIRECTION('center_axis',(-0.586162862098081,-0.810193247995184,0.));
#8843=DIRECTION('ref_axis',(0.,0.,-1.));
#8844=DIRECTION('',(-0.586162862098082,-0.810193247995183,0.));
#8845=DIRECTION('',(0.586162862098082,0.810193247995183,0.));
#8846=DIRECTION('center_axis',(-0.99135978707316,-0.131170776372861,0.));
#8847=DIRECTION('ref_axis',(0.,0.,-1.));
#8848=DIRECTION('center_axis',(0.,0.,-1.));
#8849=DIRECTION('ref_axis',(0.512433111338363,-0.858727143162533,0.));
#8850=DIRECTION('center_axis',(0.,0.,1.));
#8851=DIRECTION('ref_axis',(0.512433111338363,-0.858727143162533,0.));
#8852=DIRECTION('center_axis',(0.99135978707316,0.131170776372863,0.));
#8853=DIRECTION('ref_axis',(0.092751745466763,-0.700997228035084,-0.707106781186545));
#8854=DIRECTION('center_axis',(-0.99135978707316,-0.131170776372863,0.));
#8855=DIRECTION('ref_axis',(0.,0.,-1.));
#8856=DIRECTION('',(-0.99135978707316,-0.131170776372863,0.));
#8857=DIRECTION('',(0.99135978707316,0.131170776372863,0.));
#8858=DIRECTION('center_axis',(0.,0.,-1.));
#8859=DIRECTION('ref_axis',(1.,0.,0.));
#8860=DIRECTION('center_axis',(-0.86629507044382,-0.49953263249235,0.));
#8861=DIRECTION('ref_axis',(0.,0.,-1.));
#8862=DIRECTION('center_axis',(0.,0.,1.));
#8863=DIRECTION('ref_axis',(-0.321491824662684,0.946912354273118,0.));
#8864=DIRECTION('center_axis',(0.,0.,-1.));
#8865=DIRECTION('ref_axis',(-0.321491824662684,0.946912354273118,0.));
#8866=DIRECTION('center_axis',(0.866295070443823,0.499532632492344,0.));
#8867=DIRECTION('ref_axis',(0.353222911859299,-0.61256311881931,-0.707106781186547));
#8868=DIRECTION('center_axis',(-0.866295070443825,-0.499532632492341,0.));
#8869=DIRECTION('ref_axis',(0.,0.,-1.));
#8870=DIRECTION('',(-0.866295070443823,-0.499532632492344,0.));
#8871=DIRECTION('',(0.866295070443823,0.499532632492344,0.));
#8872=DIRECTION('center_axis',(-0.499532632492326,0.866295070443834,0.));
#8873=DIRECTION('ref_axis',(0.,0.,-1.));
#8874=DIRECTION('center_axis',(0.,0.,-1.));
#8875=DIRECTION('ref_axis',(-0.259340206960009,-0.965786030678607,0.));
#8876=DIRECTION('center_axis',(0.,0.,1.));
#8877=DIRECTION('ref_axis',(-0.259340206960009,-0.965786030678607,0.));
#8878=DIRECTION('center_axis',(0.499532632492333,-0.86629507044383,0.));
#8879=DIRECTION('ref_axis',(-0.61256311881931,-0.353222911859299,-0.707106781186547));
#8880=DIRECTION('center_axis',(-0.499532632492336,0.866295070443828,0.));
#8881=DIRECTION('ref_axis',(0.,0.,-1.));
#8882=DIRECTION('',(-0.499532632492333,0.86629507044383,0.));
#8883=DIRECTION('',(0.499532632492333,-0.86629507044383,0.));
#8884=DIRECTION('center_axis',(0.,1.,0.));
#8885=DIRECTION('ref_axis',(0.,0.,-1.));
#8886=DIRECTION('center_axis',(0.,0.,-1.));
#8887=DIRECTION('ref_axis',(-0.965995618634945,-0.258558435905869,0.));
#8888=DIRECTION('center_axis',(0.,0.,1.));
#8889=DIRECTION('ref_axis',(-0.965995618634945,-0.258558435905869,0.));
#8890=DIRECTION('center_axis',(0.,-1.,0.));
#8891=DIRECTION('ref_axis',(-0.707106781186544,0.,-0.707106781186551));
#8892=DIRECTION('center_axis',(0.,1.,0.));
#8893=DIRECTION('ref_axis',(0.,0.,-1.));
#8894=DIRECTION('',(0.,1.,0.));
#8895=DIRECTION('',(0.,-1.,0.));
#8896=DIRECTION('center_axis',(1.,0.,0.));
#8897=DIRECTION('ref_axis',(0.,0.,-1.));
#8898=DIRECTION('center_axis',(0.,0.,-1.));
#8899=DIRECTION('ref_axis',(-0.707106781186545,0.70710678118655,0.));
#8900=DIRECTION('center_axis',(0.,0.,1.));
#8901=DIRECTION('ref_axis',(-0.707106781186545,0.70710678118655,0.));
#8902=DIRECTION('center_axis',(-1.,0.,0.));
#8903=DIRECTION('ref_axis',(0.,0.707106781186548,-0.707106781186547));
#8904=DIRECTION('center_axis',(1.,0.,0.));
#8905=DIRECTION('ref_axis',(0.,0.,-1.));
#8906=DIRECTION('',(1.,0.,0.));
#8907=DIRECTION('',(-1.,0.,0.));
#8908=DIRECTION('center_axis',(0.,0.,-1.));
#8909=DIRECTION('ref_axis',(1.,0.,0.));
#8910=DIRECTION('center_axis',(0.49999960139394,0.866025633919633,0.));
#8911=DIRECTION('ref_axis',(0.,0.,-1.));
#8912=DIRECTION('center_axis',(0.,0.,1.));
#8913=DIRECTION('ref_axis',(0.500000199302991,-0.866025288716773,0.));
#8914=DIRECTION('center_axis',(0.,0.,-1.));
#8915=DIRECTION('ref_axis',(0.500000199302991,-0.866025288716773,0.));
#8916=DIRECTION('center_axis',(1.,0.,0.));
#8917=DIRECTION('ref_axis',(0.,0.,-1.));
#8918=DIRECTION('center_axis',(0.,0.,-1.));
#8919=DIRECTION('ref_axis',(-0.500000199302991,0.866025288716773,0.));
#8920=DIRECTION('center_axis',(0.,0.,1.));
#8921=DIRECTION('ref_axis',(-0.500000199302991,0.866025288716773,0.));
#8922=DIRECTION('center_axis',(-1.,0.,0.));
#8923=DIRECTION('ref_axis',(0.,0.707106781186548,-0.707106781186547));
#8924=DIRECTION('center_axis',(1.,0.,0.));
#8925=DIRECTION('ref_axis',(0.,0.,-1.));
#8926=DIRECTION('',(1.,0.,0.));
#8927=DIRECTION('',(-1.,0.,0.));
#8928=DIRECTION('center_axis',(0.,0.,-1.));
#8929=DIRECTION('ref_axis',(1.,0.,0.));
#8930=DIRECTION('center_axis',(2.96059473233374E-15,1.,0.));
#8931=DIRECTION('ref_axis',(0.,0.,-1.));
#8932=DIRECTION('center_axis',(0.,0.,1.));
#8933=DIRECTION('ref_axis',(0.707106781186546,-0.707106781186549,0.));
#8934=DIRECTION('center_axis',(0.,0.,-1.));
#8935=DIRECTION('ref_axis',(0.707106781186546,-0.707106781186549,0.));
#8936=DIRECTION('center_axis',(0.,-1.,0.));
#8937=DIRECTION('ref_axis',(-0.707106781186544,0.,-0.707106781186551));
#8938=DIRECTION('center_axis',(0.,1.,0.));
#8939=DIRECTION('ref_axis',(0.,0.,-1.));
#8940=DIRECTION('',(0.,1.,0.));
#8941=DIRECTION('',(0.,-1.,0.));
#8942=DIRECTION('center_axis',(1.,0.,0.));
#8943=DIRECTION('ref_axis',(0.,0.,-1.));
#8944=DIRECTION('center_axis',(0.,0.,-1.));
#8945=DIRECTION('ref_axis',(-0.707106781186547,0.707106781186547,0.));
#8946=DIRECTION('center_axis',(0.,0.,1.));
#8947=DIRECTION('ref_axis',(-0.707106781186548,0.707106781186548,0.));
#8948=DIRECTION('center_axis',(-1.,0.,0.));
#8949=DIRECTION('ref_axis',(0.,0.707106781186548,-0.707106781186547));
#8950=DIRECTION('center_axis',(1.,0.,0.));
#8951=DIRECTION('ref_axis',(0.,0.,-1.));
#8952=DIRECTION('',(1.,0.,0.));
#8953=DIRECTION('',(-1.,0.,0.));
#8954=DIRECTION('center_axis',(0.249999988824131,-0.968245839437451,0.));
#8955=DIRECTION('ref_axis',(0.,0.,-1.));
#8956=DIRECTION('center_axis',(0.,0.,-1.));
#8957=DIRECTION('ref_axis',(0.612372440258325,0.790569411507974,0.));
#8958=DIRECTION('center_axis',(0.,0.,1.));
#8959=DIRECTION('ref_axis',(0.612372440258325,0.790569411507974,0.));
#8960=DIRECTION('center_axis',(0.,0.,1.));
#8961=DIRECTION('ref_axis',(-1.,0.,0.));
#8962=DIRECTION('center_axis',(1.,0.,0.));
#8963=DIRECTION('ref_axis',(0.,0.,-1.));
#8964=DIRECTION('center_axis',(0.,0.,1.));
#8965=DIRECTION('ref_axis',(-0.612372440258325,-0.790569411507974,0.));
#8966=DIRECTION('center_axis',(0.,0.,-1.));
#8967=DIRECTION('ref_axis',(-0.612372440258325,-0.790569411507974,0.));
#8968=DIRECTION('center_axis',(-1.,0.,0.));
#8969=DIRECTION('ref_axis',(0.,0.707106781186548,-0.707106781186547));
#8970=DIRECTION('center_axis',(1.,0.,0.));
#8971=DIRECTION('ref_axis',(0.,0.,-1.));
#8972=DIRECTION('',(1.,0.,0.));
#8973=DIRECTION('',(-1.,0.,0.));
#8974=DIRECTION('center_axis',(0.,-1.,0.));
#8975=DIRECTION('ref_axis',(0.,0.,-1.));
#8976=DIRECTION('center_axis',(0.,0.,-1.));
#8977=DIRECTION('ref_axis',(0.707106781186548,0.707106781186548,0.));
#8978=DIRECTION('center_axis',(0.,0.,1.));
#8979=DIRECTION('ref_axis',(0.707106781186548,0.707106781186548,0.));
#8980=DIRECTION('center_axis',(0.,1.,0.));
#8981=DIRECTION('ref_axis',(0.707106781186544,0.,-0.707106781186551));
#8982=DIRECTION('center_axis',(0.,-1.,0.));
#8983=DIRECTION('ref_axis',(0.,0.,-1.));
#8984=DIRECTION('',(0.,-1.,0.));
#8985=DIRECTION('',(0.,1.,0.));
#8986=DIRECTION('center_axis',(0.,0.,-1.));
#8987=DIRECTION('ref_axis',(1.,0.,0.));
#8988=DIRECTION('center_axis',(1.,0.,0.));
#8989=DIRECTION('ref_axis',(0.,0.,-1.));
#8990=DIRECTION('center_axis',(0.,0.,1.));
#8991=DIRECTION('ref_axis',(-0.707106781186548,-0.707106781186548,0.));
#8992=DIRECTION('center_axis',(0.,0.,-1.));
#8993=DIRECTION('ref_axis',(-0.707106781186547,-0.707106781186547,0.));
#8994=DIRECTION('center_axis',(-1.,0.,0.));
#8995=DIRECTION('ref_axis',(0.,0.707106781186548,-0.707106781186547));
#8996=DIRECTION('center_axis',(1.,0.,0.));
#8997=DIRECTION('ref_axis',(0.,0.,-1.));
#8998=DIRECTION('',(1.,0.,0.));
#8999=DIRECTION('',(-1.,0.,0.));
#9000=DIRECTION('center_axis',(4.15990797364428E-8,-0.999999999999999,0.));
#9001=DIRECTION('ref_axis',(0.,0.,-1.));
#9002=DIRECTION('center_axis',(0.,0.,-1.));
#9003=DIRECTION('ref_axis',(0.707106766479054,0.70710679589404,0.));
#9004=DIRECTION('center_axis',(0.,0.,1.));
#9005=DIRECTION('ref_axis',(0.707106766479054,0.70710679589404,0.));
#9006=DIRECTION('center_axis',(-4.15990743796168E-8,0.999999999999999,0.));
#9007=DIRECTION('ref_axis',(0.707106781186544,2.94149829989324E-8,-0.707106781186551));
#9008=DIRECTION('',(-4.15990743796168E-8,0.999999999999999,0.));
#9009=DIRECTION('',(4.15990743796168E-8,-0.999999999999999,0.));
#9010=DIRECTION('center_axis',(0.,-1.,0.));
#9011=DIRECTION('ref_axis',(1.,0.,0.));
#9012=DIRECTION('',(0.,0.,1.));
#9013=DIRECTION('',(1.,0.,0.));
#9014=DIRECTION('',(0.,0.,-1.));
#9015=DIRECTION('center_axis',(0.,0.,-1.));
#9016=DIRECTION('ref_axis',(0.707106781186546,-0.707106781186549,0.));
#9017=DIRECTION('center_axis',(0.,0.,1.));
#9018=DIRECTION('ref_axis',(0.707106781186546,-0.707106781186549,0.));
#9019=DIRECTION('',(0.,0.,1.));
#9020=DIRECTION('center_axis',(1.,0.,0.));
#9021=DIRECTION('ref_axis',(0.,1.,0.));
#9022=DIRECTION('',(0.,1.,0.));
#9023=DIRECTION('',(0.,0.,-1.));
#9024=DIRECTION('center_axis',(0.,0.,-1.));
#9025=DIRECTION('ref_axis',(-0.707106781186546,0.707106781186549,0.));
#9026=DIRECTION('center_axis',(0.,0.,-1.));
#9027=DIRECTION('ref_axis',(-0.707106781186548,0.707106781186548,0.));
#9028=DIRECTION('',(0.,0.,1.));
#9029=DIRECTION('center_axis',(0.,-1.,0.));
#9030=DIRECTION('ref_axis',(1.,0.,0.));
#9031=DIRECTION('',(1.,0.,0.));
#9032=DIRECTION('',(0.,0.,-1.));
#9033=DIRECTION('center_axis',(0.,0.,-1.));
#9034=DIRECTION('ref_axis',(0.707106781186546,0.707106781186549,0.));
#9035=DIRECTION('center_axis',(0.,0.,-1.));
#9036=DIRECTION('ref_axis',(0.612372440258325,0.790569411507974,0.));
#9037=DIRECTION('',(0.,0.,-1.));
#9038=DIRECTION('center_axis',(0.,0.,-1.));
#9039=DIRECTION('ref_axis',(0.,1.,0.));
#9040=DIRECTION('center_axis',(0.,0.,1.));
#9041=DIRECTION('ref_axis',(-0.612372440258325,-0.790569411507974,0.));
#9042=DIRECTION('',(0.,0.,1.));
#9043=DIRECTION('center_axis',(0.,-1.,0.));
#9044=DIRECTION('ref_axis',(1.,0.,0.));
#9045=DIRECTION('',(1.,0.,0.));
#9046=DIRECTION('',(0.,0.,-1.));
#9047=DIRECTION('center_axis',(0.,0.,-1.));
#9048=DIRECTION('ref_axis',(0.707106781186548,0.707106781186548,0.));
#9049=DIRECTION('center_axis',(0.,0.,-1.));
#9050=DIRECTION('ref_axis',(0.707106781186548,0.707106781186548,0.));
#9051=DIRECTION('',(0.,0.,1.));
#9052=DIRECTION('center_axis',(-1.,0.,0.));
#9053=DIRECTION('ref_axis',(0.,-1.,0.));
#9054=DIRECTION('',(0.,-1.,0.));
#9055=DIRECTION('',(0.,0.,-1.));
#9056=DIRECTION('center_axis',(0.,0.,-1.));
#9057=DIRECTION('ref_axis',(-0.707106781186544,-0.707106781186551,0.));
#9058=DIRECTION('center_axis',(0.,0.,1.));
#9059=DIRECTION('ref_axis',(-0.707106781186547,-0.707106781186547,0.));
#9060=DIRECTION('',(0.,0.,1.));
#9061=DIRECTION('center_axis',(0.,-1.,0.));
#9062=DIRECTION('ref_axis',(1.,0.,0.));
#9063=DIRECTION('',(1.,0.,0.));
#9064=DIRECTION('',(0.,0.,-1.));
#9065=DIRECTION('center_axis',(0.,0.,-1.));
#9066=DIRECTION('ref_axis',(0.707106766479055,0.70710679589404,0.));
#9067=DIRECTION('center_axis',(0.,0.,-1.));
#9068=DIRECTION('ref_axis',(0.707106766479054,0.70710679589404,0.));
#9069=DIRECTION('',(0.,0.,1.));
#9070=DIRECTION('center_axis',(-0.999999999999999,-4.15990743796168E-8,
0.));
#9071=DIRECTION('ref_axis',(4.15990743796168E-8,-0.999999999999999,0.));
#9072=DIRECTION('',(4.15990743796168E-8,-0.999999999999999,0.));
#9073=DIRECTION('',(0.,0.,1.));
#9074=DIRECTION('center_axis',(0.,0.,-1.));
#9075=DIRECTION('ref_axis',(0.866025408086036,-0.499999992549415,0.));
#9076=DIRECTION('center_axis',(0.,0.,-1.));
#9077=DIRECTION('ref_axis',(0.500000003725294,-0.866025401633639,0.));
#9078=DIRECTION('',(0.,0.,1.));
#9079=DIRECTION('center_axis',(0.,0.,-1.));
#9080=DIRECTION('ref_axis',(-1.,0.,0.));
#9081=DIRECTION('center_axis',(-0.99135978707316,-0.131170776372863,0.));
#9082=DIRECTION('ref_axis',(-0.092751745466783,0.700997228035059,0.707106781186568));
#9083=DIRECTION('',(-0.99135978707316,-0.131170776372863,0.));
#9084=DIRECTION('center_axis',(-0.8587271431625,-0.512433111338417,0.));
#9085=DIRECTION('ref_axis',(0.512433111338417,-0.8587271431625,0.));
#9086=DIRECTION('',(0.99135978707316,0.131170776372863,0.));
#9087=DIRECTION('center_axis',(-0.946912354273105,-0.321491824662721,0.));
#9088=DIRECTION('ref_axis',(-0.321491824662721,0.946912354273105,0.));
#9089=DIRECTION('center_axis',(-0.86629507044383,-0.499532632492332,0.));
#9090=DIRECTION('ref_axis',(-0.353222911859299,0.612563118819349,0.707106781186512));
#9091=DIRECTION('',(-0.866295070443831,-0.499532632492332,0.));
#9092=DIRECTION('',(0.866295070443831,0.499532632492332,0.));
#9093=DIRECTION('center_axis',(-0.96593930640557,0.258768731381377,0.));
#9094=DIRECTION('ref_axis',(-0.258768731381377,-0.96593930640557,0.));
#9095=DIRECTION('center_axis',(-0.500557410563393,0.865703343374664,0.));
#9096=DIRECTION('ref_axis',(0.61214470459609,0.353947539382561,0.707106781186545));
#9097=DIRECTION('',(-0.500557410563393,0.865703343374664,0.));
#9098=DIRECTION('',(0.500557410563393,-0.865703343374664,0.));
#9099=DIRECTION('center_axis',(-0.259129944840101,0.965842467324339,0.));
#9100=DIRECTION('ref_axis',(-0.965842467324339,-0.259129944840101,0.));
#9101=DIRECTION('center_axis',(0.,1.,0.));
#9102=DIRECTION('ref_axis',(0.707106781186529,0.,0.707106781186566));
#9103=DIRECTION('',(0.,1.,0.));
#9104=DIRECTION('',(0.,-1.,0.));
#9105=DIRECTION('center_axis',(0.,1.,0.));
#9106=DIRECTION('ref_axis',(0.,0.,1.));
#9107=DIRECTION('center_axis',(-1.,0.,0.));
#9108=DIRECTION('ref_axis',(0.,0.,-1.));
#9109=DIRECTION('center_axis',(0.,0.,-1.));
#9110=DIRECTION('ref_axis',(0.,1.,0.));
#9111=DIRECTION('center_axis',(-1.,0.,0.));
#9112=DIRECTION('ref_axis',(0.,0.707106781186547,0.707106781186548));
#9113=DIRECTION('center_axis',(1.,0.,0.));
#9114=DIRECTION('ref_axis',(0.,0.707106781186547,0.707106781186548));
#9115=DIRECTION('center_axis',(0.,0.,-1.));
#9116=DIRECTION('ref_axis',(0.707106781186548,0.707106781186548,0.));
#9117=DIRECTION('center_axis',(0.,0.,-1.));
#9118=DIRECTION('ref_axis',(0.,1.,0.));
#9119=DIRECTION('',(0.,0.,-1.));
#9120=DIRECTION('',(0.,0.,1.));
#9121=DIRECTION('center_axis',(1.,0.,0.));
#9122=DIRECTION('ref_axis',(0.,0.,1.));
#9123=DIRECTION('center_axis',(0.,1.,0.));
#9124=DIRECTION('ref_axis',(0.,0.,1.));
#9125=DIRECTION('center_axis',(1.,0.,0.));
#9126=DIRECTION('ref_axis',(0.,-0.707106781186547,-0.707106781186548));
#9127=DIRECTION('center_axis',(-1.,0.,0.));
#9128=DIRECTION('ref_axis',(0.,-0.707106781186547,-0.707106781186548));
#9129=DIRECTION('center_axis',(0.,1.,0.));
#9130=DIRECTION('ref_axis',(0.707106781186529,0.,0.707106781186566));
#9131=DIRECTION('center_axis',(0.,1.,0.));
#9132=DIRECTION('ref_axis',(0.,0.,1.));
#9133=DIRECTION('',(0.,1.,0.));
#9134=DIRECTION('',(0.,-1.,0.));
#9135=DIRECTION('center_axis',(1.,0.,0.));
#9136=DIRECTION('ref_axis',(0.,0.,1.));
#9137=DIRECTION('center_axis',(0.,0.,1.));
#9138=DIRECTION('ref_axis',(0.,-1.,0.));
#9139=DIRECTION('center_axis',(1.,0.,0.));
#9140=DIRECTION('ref_axis',(0.,0.707106781186547,-0.707106781186548));
#9141=DIRECTION('center_axis',(-1.,0.,0.));
#9142=DIRECTION('ref_axis',(0.,0.707106781186547,-0.707106781186548));
#9143=DIRECTION('center_axis',(0.,0.,-1.));
#9144=DIRECTION('ref_axis',(0.707106781186598,-0.707106781186497,0.));
#9145=DIRECTION('center_axis',(0.,0.,1.));
#9146=DIRECTION('ref_axis',(0.,-1.,0.));
#9147=DIRECTION('',(0.,0.,1.));
#9148=DIRECTION('',(0.,0.,-1.));
#9149=DIRECTION('center_axis',(-1.,0.,0.));
#9150=DIRECTION('ref_axis',(0.,0.,-1.));
#9151=DIRECTION('center_axis',(0.,1.,0.));
#9152=DIRECTION('ref_axis',(0.,0.,1.));
#9153=DIRECTION('center_axis',(-1.,0.,0.));
#9154=DIRECTION('ref_axis',(0.,-0.707106781186547,0.707106781186548));
#9155=DIRECTION('center_axis',(1.,0.,0.));
#9156=DIRECTION('ref_axis',(0.,-0.707106781186547,0.707106781186548));
#9157=DIRECTION('center_axis',(0.,1.,0.));
#9158=DIRECTION('ref_axis',(0.707106781186529,0.,0.707106781186566));
#9159=DIRECTION('center_axis',(0.,1.,0.));
#9160=DIRECTION('ref_axis',(0.,0.,1.));
#9161=DIRECTION('',(0.,1.,0.));
#9162=DIRECTION('',(0.,-1.,0.));
#9163=DIRECTION('center_axis',(0.,0.,1.));
#9164=DIRECTION('ref_axis',(-1.,0.,0.));
#9165=DIRECTION('center_axis',(1.,0.,0.));
#9166=DIRECTION('ref_axis',(0.,0.,1.));
#9167=DIRECTION('center_axis',(0.,0.,-1.));
#9168=DIRECTION('ref_axis',(-0.707106781186547,0.707106781186547,0.));
#9169=DIRECTION('center_axis',(0.,0.,1.));
#9170=DIRECTION('ref_axis',(-0.707106781186548,0.707106781186548,0.));
#9171=DIRECTION('center_axis',(1.,0.,0.));
#9172=DIRECTION('ref_axis',(0.,-0.707106781186554,0.707106781186541));
#9173=DIRECTION('center_axis',(1.,0.,0.));
#9174=DIRECTION('ref_axis',(0.,0.,1.));
#9175=DIRECTION('',(1.,0.,0.));
#9176=DIRECTION('',(-1.,0.,0.));
#9177=DIRECTION('center_axis',(0.,1.,0.));
#9178=DIRECTION('ref_axis',(0.,0.,1.));
#9179=DIRECTION('center_axis',(0.,0.,-1.));
#9180=DIRECTION('ref_axis',(1.,0.,0.));
#9181=DIRECTION('center_axis',(0.,1.,0.));
#9182=DIRECTION('ref_axis',(0.707106781186547,0.,0.707106781186548));
#9183=DIRECTION('center_axis',(0.,-1.,0.));
#9184=DIRECTION('ref_axis',(0.707106781186547,0.,0.707106781186548));
#9185=DIRECTION('center_axis',(0.,0.,-1.));
#9186=DIRECTION('ref_axis',(0.707106781186522,-0.707106781186573,0.));
#9187=DIRECTION('center_axis',(0.,0.,-1.));
#9188=DIRECTION('ref_axis',(1.,0.,0.));
#9189=DIRECTION('',(0.,0.,-1.));
#9190=DIRECTION('',(0.,0.,1.));
#9191=DIRECTION('center_axis',(0.,-1.,0.));
#9192=DIRECTION('ref_axis',(0.,0.,-1.));
#9193=DIRECTION('center_axis',(1.,0.,0.));
#9194=DIRECTION('ref_axis',(0.,0.,1.));
#9195=DIRECTION('center_axis',(0.,-1.,0.));
#9196=DIRECTION('ref_axis',(-0.707106781186547,0.,-0.707106781186548));
#9197=DIRECTION('center_axis',(0.,1.,0.));
#9198=DIRECTION('ref_axis',(-0.707106781186547,0.,-0.707106781186548));
#9199=DIRECTION('center_axis',(1.,0.,0.));
#9200=DIRECTION('ref_axis',(0.,-0.707106781186554,0.707106781186541));
#9201=DIRECTION('center_axis',(1.,0.,0.));
#9202=DIRECTION('ref_axis',(0.,0.,1.));
#9203=DIRECTION('',(1.,0.,0.));
#9204=DIRECTION('',(-1.,0.,0.));
#9205=DIRECTION('center_axis',(0.,-1.,0.));
#9206=DIRECTION('ref_axis',(0.,0.,-1.));
#9207=DIRECTION('center_axis',(0.,0.,1.));
#9208=DIRECTION('ref_axis',(-1.,0.,0.));
#9209=DIRECTION('center_axis',(0.,-1.,0.));
#9210=DIRECTION('ref_axis',(0.707106781186547,0.,-0.707106781186548));
#9211=DIRECTION('center_axis',(0.,1.,0.));
#9212=DIRECTION('ref_axis',(0.707106781186547,0.,-0.707106781186548));
#9213=DIRECTION('center_axis',(0.,0.,-1.));
#9214=DIRECTION('ref_axis',(-0.707106781186497,-0.707106781186598,0.));
#9215=DIRECTION('center_axis',(0.,0.,1.));
#9216=DIRECTION('ref_axis',(-1.,0.,0.));
#9217=DIRECTION('',(0.,0.,1.));
#9218=DIRECTION('',(0.,0.,-1.));
#9219=DIRECTION('center_axis',(0.,1.,0.));
#9220=DIRECTION('ref_axis',(0.,0.,1.));
#9221=DIRECTION('center_axis',(1.,0.,0.));
#9222=DIRECTION('ref_axis',(0.,0.,1.));
#9223=DIRECTION('center_axis',(0.,1.,0.));
#9224=DIRECTION('ref_axis',(-0.707106781186547,0.,0.707106781186548));
#9225=DIRECTION('center_axis',(0.,-1.,0.));
#9226=DIRECTION('ref_axis',(-0.707106781186547,0.,0.707106781186548));
#9227=DIRECTION('center_axis',(1.,0.,0.));
#9228=DIRECTION('ref_axis',(0.,-0.707106781186554,0.707106781186541));
#9229=DIRECTION('center_axis',(1.,0.,0.));
#9230=DIRECTION('ref_axis',(0.,0.,1.));
#9231=DIRECTION('',(1.,0.,0.));
#9232=DIRECTION('',(-1.,0.,0.));
#9233=DIRECTION('center_axis',(0.,0.,-1.));
#9234=DIRECTION('ref_axis',(1.,0.,0.));
#9235=DIRECTION('center_axis',(4.47034409489781E-8,0.999999999999999,0.));
#9236=DIRECTION('ref_axis',(0.,0.,1.));
#9237=DIRECTION('center_axis',(0.,0.,1.));
#9238=DIRECTION('ref_axis',(0.707106765381483,-0.707106796991611,0.));
#9239=DIRECTION('center_axis',(0.,0.,-1.));
#9240=DIRECTION('ref_axis',(0.707106765381483,-0.707106796991611,0.));
#9241=DIRECTION('center_axis',(0.,0.,1.));
#9242=DIRECTION('ref_axis',(-1.,0.,0.));
#9243=DIRECTION('center_axis',(1.,0.,0.));
#9244=DIRECTION('ref_axis',(0.,0.,1.));
#9245=DIRECTION('center_axis',(0.,0.,-1.));
#9246=DIRECTION('ref_axis',(-0.707106781186547,0.707106781186547,0.));
#9247=DIRECTION('center_axis',(0.,0.,1.));
#9248=DIRECTION('ref_axis',(-0.707106781186548,0.707106781186548,0.));
#9249=DIRECTION('center_axis',(1.,0.,0.));
#9250=DIRECTION('ref_axis',(0.,-0.707106781186554,0.707106781186541));
#9251=DIRECTION('center_axis',(1.,0.,0.));
#9252=DIRECTION('ref_axis',(0.,0.,1.));
#9253=DIRECTION('',(1.,0.,0.));
#9254=DIRECTION('',(-1.,0.,0.));
#9255=DIRECTION('center_axis',(0.,0.,-1.));
#9256=DIRECTION('ref_axis',(1.,0.,0.));
#9257=DIRECTION('center_axis',(0.,1.,0.));
#9258=DIRECTION('ref_axis',(0.,0.,1.));
#9259=DIRECTION('center_axis',(0.,0.,1.));
#9260=DIRECTION('ref_axis',(0.707106781186548,-0.707106781186548,0.));
#9261=DIRECTION('center_axis',(0.,0.,-1.));
#9262=DIRECTION('ref_axis',(0.707106781186548,-0.707106781186548,0.));
#9263=DIRECTION('center_axis',(0.,1.,0.));
#9264=DIRECTION('ref_axis',(0.707106781186529,0.,0.707106781186566));
#9265=DIRECTION('center_axis',(0.,1.,0.));
#9266=DIRECTION('ref_axis',(0.,0.,1.));
#9267=DIRECTION('',(0.,1.,0.));
#9268=DIRECTION('',(0.,-1.,0.));
#9269=DIRECTION('center_axis',(0.,0.,1.));
#9270=DIRECTION('ref_axis',(-1.,0.,0.));
#9271=DIRECTION('center_axis',(1.,0.,0.));
#9272=DIRECTION('ref_axis',(0.,0.,1.));
#9273=DIRECTION('center_axis',(0.,0.,-1.));
#9274=DIRECTION('ref_axis',(-0.707106781186545,0.70710678118655,0.));
#9275=DIRECTION('center_axis',(0.,0.,1.));
#9276=DIRECTION('ref_axis',(-0.707106781186545,0.70710678118655,0.));
#9277=DIRECTION('center_axis',(1.,0.,0.));
#9278=DIRECTION('ref_axis',(0.,-0.707106781186541,0.707106781186554));
#9279=DIRECTION('center_axis',(1.,0.,0.));
#9280=DIRECTION('ref_axis',(0.,0.,1.));
#9281=DIRECTION('',(1.,0.,0.));
#9282=DIRECTION('',(-1.,0.,0.));
#9283=DIRECTION('center_axis',(0.,0.,1.));
#9284=DIRECTION('ref_axis',(-1.,0.,0.));
#9285=DIRECTION('center_axis',(0.,-1.,0.));
#9286=DIRECTION('ref_axis',(0.,0.,1.));
#9287=DIRECTION('center_axis',(0.,0.,-1.));
#9288=DIRECTION('ref_axis',(0.707106781186545,0.70710678118655,0.));
#9289=DIRECTION('center_axis',(0.,0.,1.));
#9290=DIRECTION('ref_axis',(0.707106781186545,0.70710678118655,0.));
#9291=DIRECTION('center_axis',(0.,-1.,0.));
#9292=DIRECTION('ref_axis',(-0.707106781186529,0.,0.707106781186566));
#9293=DIRECTION('center_axis',(0.,-1.,0.));
#9294=DIRECTION('ref_axis',(0.,0.,1.));
#9295=DIRECTION('',(0.,-1.,0.));
#9296=DIRECTION('',(0.,1.,0.));
#9297=DIRECTION('center_axis',(0.,0.,-1.));
#9298=DIRECTION('ref_axis',(1.,0.,0.));
#9299=DIRECTION('center_axis',(1.,0.,0.));
#9300=DIRECTION('ref_axis',(0.,0.,1.));
#9301=DIRECTION('center_axis',(0.,0.,1.));
#9302=DIRECTION('ref_axis',(-0.707106781186548,-0.707106781186548,0.));
#9303=DIRECTION('center_axis',(0.,0.,-1.));
#9304=DIRECTION('ref_axis',(-0.707106781186548,-0.707106781186548,0.));
#9305=DIRECTION('center_axis',(1.,0.,0.));
#9306=DIRECTION('ref_axis',(0.,-0.707106781186554,0.707106781186541));
#9307=DIRECTION('center_axis',(1.,0.,0.));
#9308=DIRECTION('ref_axis',(0.,0.,1.));
#9309=DIRECTION('',(1.,0.,0.));
#9310=DIRECTION('',(-1.,0.,0.));
#9311=DIRECTION('center_axis',(0.,0.,1.));
#9312=DIRECTION('ref_axis',(-1.,0.,0.));
#9313=DIRECTION('center_axis',(0.,-1.,0.));
#9314=DIRECTION('ref_axis',(0.,0.,1.));
#9315=DIRECTION('center_axis',(0.,0.,-1.));
#9316=DIRECTION('ref_axis',(0.707106781186547,0.707106781186547,0.));
#9317=DIRECTION('center_axis',(0.,0.,1.));
#9318=DIRECTION('ref_axis',(0.707106781186548,0.707106781186548,0.));
#9319=DIRECTION('center_axis',(0.,-1.,0.));
#9320=DIRECTION('ref_axis',(-0.707106781186529,0.,0.707106781186566));
#9321=DIRECTION('center_axis',(0.,-1.,0.));
#9322=DIRECTION('ref_axis',(0.,0.,1.));
#9323=DIRECTION('',(0.,-1.,0.));
#9324=DIRECTION('',(0.,1.,0.));
#9325=DIRECTION('center_axis',(0.,0.,-1.));
#9326=DIRECTION('ref_axis',(1.,0.,0.));
#9327=DIRECTION('center_axis',(0.999999999999995,9.80313785703383E-8,0.));
#9328=DIRECTION('ref_axis',(0.,0.,1.));
#9329=DIRECTION('center_axis',(0.,0.,1.));
#9330=DIRECTION('ref_axis',(-0.707106746527227,-0.707106815845866,0.));
#9331=DIRECTION('center_axis',(0.,0.,-1.));
#9332=DIRECTION('ref_axis',(-0.707106746527227,-0.707106815845867,0.));
#9333=DIRECTION('center_axis',(0.999999999999995,9.80313525609455E-8,0.));
#9334=DIRECTION('ref_axis',(6.93187027991137E-8,-0.707106781186527,0.707106781186565));
#9335=DIRECTION('center_axis',(0.999999999999995,9.80313785703418E-8,0.));
#9336=DIRECTION('ref_axis',(0.,0.,1.));
#9337=DIRECTION('',(0.999999999999995,9.80313525609456E-8,0.));
#9338=DIRECTION('',(-0.999999999999995,-9.80313525609456E-8,0.));
#9339=DIRECTION('center_axis',(0.,0.,1.));
#9340=DIRECTION('ref_axis',(-1.,0.,0.));
#9341=DIRECTION('center_axis',(0.,-1.,0.));
#9342=DIRECTION('ref_axis',(0.,0.,1.));
#9343=DIRECTION('center_axis',(0.,0.,-1.));
#9344=DIRECTION('ref_axis',(0.707106746527231,0.707106815845862,0.));
#9345=DIRECTION('center_axis',(0.,0.,1.));
#9346=DIRECTION('ref_axis',(0.707106746527231,0.707106815845862,0.));
#9347=DIRECTION('center_axis',(0.,-1.,0.));
#9348=DIRECTION('ref_axis',(-0.707106781186554,0.,0.707106781186541));
#9349=DIRECTION('center_axis',(0.,-1.,0.));
#9350=DIRECTION('ref_axis',(0.,0.,1.));
#9351=DIRECTION('',(0.,-1.,0.));
#9352=DIRECTION('',(0.,1.,0.));
#9353=DIRECTION('center_axis',(0.,0.,1.));
#9354=DIRECTION('ref_axis',(-1.,0.,0.));
#9355=DIRECTION('center_axis',(-1.,0.,0.));
#9356=DIRECTION('ref_axis',(0.,0.,1.));
#9357=DIRECTION('center_axis',(0.,0.,-1.));
#9358=DIRECTION('ref_axis',(0.707106781186547,-0.707106781186547,0.));
#9359=DIRECTION('center_axis',(0.,0.,1.));
#9360=DIRECTION('ref_axis',(0.707106781186548,-0.707106781186548,0.));
#9361=DIRECTION('center_axis',(-1.,0.,0.));
#9362=DIRECTION('ref_axis',(0.,0.707106781186529,0.707106781186566));
#9363=DIRECTION('',(1.,0.,0.));
#9364=DIRECTION('center_axis',(-0.890551195074775,-0.454883027767459,0.));
#9365=DIRECTION('ref_axis',(-0.454883027767459,0.890551195074775,0.));
#9366=DIRECTION('',(-1.,0.,0.));
#9367=DIRECTION('center_axis',(-0.586162862098081,-0.810193247995184,0.));
#9368=DIRECTION('ref_axis',(-0.572893139728942,0.414479734669218,0.707106781186583));
#9369=DIRECTION('',(0.586162862098081,0.810193247995184,0.));
#9370=DIRECTION('',(-0.586162862098081,-0.810193247995184,0.));
#9371=DIRECTION('center_axis',(0.,-1.,0.));
#9372=DIRECTION('ref_axis',(-0.707106781186552,0.,0.707106781186543));
#9373=DIRECTION('',(0.,-1.,0.));
#9374=DIRECTION('center_axis',(0.,-1.,0.));
#9375=DIRECTION('ref_axis',(-0.707106781186547,0.,0.707106781186548));
#9376=DIRECTION('',(0.,1.,0.));
#9377=DIRECTION('center_axis',(1.,0.,0.));
#9378=DIRECTION('ref_axis',(0.,1.,0.));
#9379=DIRECTION('',(0.,0.,-1.));
#9380=DIRECTION('',(0.,-1.,0.));
#9381=DIRECTION('center_axis',(0.,-1.,0.));
#9382=DIRECTION('ref_axis',(0.707106781186552,0.,-0.707106781186543));
#9383=DIRECTION('center_axis',(0.,1.,0.));
#9384=DIRECTION('ref_axis',(0.707106781186547,0.,-0.707106781186548));
#9385=DIRECTION('',(0.,1.,0.));
#9386=DIRECTION('center_axis',(0.,0.,-1.));
#9387=DIRECTION('ref_axis',(-1.,0.,0.));
#9388=DIRECTION('',(-1.,0.,0.));
#9389=DIRECTION('',(0.,-1.,0.));
#9390=DIRECTION('center_axis',(0.,1.,0.));
#9391=DIRECTION('ref_axis',(-0.707106781186552,0.,-0.707106781186543));
#9392=DIRECTION('center_axis',(0.,1.,0.));
#9393=DIRECTION('ref_axis',(-0.707106781186547,0.,-0.707106781186548));
#9394=DIRECTION('',(0.,1.,0.));
#9395=DIRECTION('center_axis',(-1.,0.,0.));
#9396=DIRECTION('ref_axis',(0.,-1.,0.));
#9397=DIRECTION('',(0.,0.,1.));
#9398=DIRECTION('',(0.,-1.,0.));
#9399=DIRECTION('center_axis',(0.,1.,0.));
#9400=DIRECTION('ref_axis',(0.707106781186552,0.,0.707106781186543));
#9401=DIRECTION('center_axis',(0.,-1.,0.));
#9402=DIRECTION('ref_axis',(0.707106781186547,0.,0.707106781186548));
#9403=DIRECTION('',(0.,1.,0.));
#9404=DIRECTION('center_axis',(0.,0.,-1.));
#9405=DIRECTION('ref_axis',(-1.,0.,0.));
#9406=DIRECTION('',(-1.,0.,0.));
#9407=DIRECTION('center_axis',(0.,0.,1.));
#9408=DIRECTION('ref_axis',(-0.707106781186545,0.70710678118655,0.));
#9409=DIRECTION('',(0.,-1.,0.));
#9410=DIRECTION('',(1.,0.,0.));
#9411=DIRECTION('center_axis',(1.,0.,0.));
#9412=DIRECTION('ref_axis',(0.,-0.70710678118654,0.707106781186555));
#9413=DIRECTION('center_axis',(1.,0.,0.));
#9414=DIRECTION('ref_axis',(0.,-0.707106781186547,0.707106781186548));
#9415=DIRECTION('',(-1.,0.,0.));
#9416=DIRECTION('center_axis',(0.,1.,0.));
#9417=DIRECTION('ref_axis',(-1.,0.,0.));
#9418=DIRECTION('',(0.,0.,-1.));
#9419=DIRECTION('',(1.,0.,0.));
#9420=DIRECTION('center_axis',(1.,0.,0.));
#9421=DIRECTION('ref_axis',(0.,0.70710678118654,-0.707106781186555));
#9422=DIRECTION('center_axis',(-1.,0.,0.));
#9423=DIRECTION('ref_axis',(0.,0.707106781186547,-0.707106781186548));
#9424=DIRECTION('',(-1.,0.,0.));
#9425=DIRECTION('center_axis',(0.,0.,-1.));
#9426=DIRECTION('ref_axis',(-1.,0.,0.));
#9427=DIRECTION('',(0.,-1.,0.));
#9428=DIRECTION('',(1.,0.,0.));
#9429=DIRECTION('center_axis',(-1.,0.,0.));
#9430=DIRECTION('ref_axis',(0.,-0.707106781186552,-0.707106781186543));
#9431=DIRECTION('center_axis',(-1.,0.,0.));
#9432=DIRECTION('ref_axis',(0.,-0.707106781186547,-0.707106781186548));
#9433=DIRECTION('',(-1.,0.,0.));
#9434=DIRECTION('center_axis',(0.,-1.,0.));
#9435=DIRECTION('ref_axis',(1.,0.,0.));
#9436=DIRECTION('',(0.,0.,1.));
#9437=DIRECTION('',(1.,0.,0.));
#9438=DIRECTION('center_axis',(-1.,0.,0.));
#9439=DIRECTION('ref_axis',(0.,0.707106781186552,0.707106781186543));
#9440=DIRECTION('center_axis',(1.,0.,0.));
#9441=DIRECTION('ref_axis',(0.,0.707106781186547,0.707106781186548));
#9442=DIRECTION('',(-1.,0.,0.));
#9443=DIRECTION('center_axis',(0.,0.,-1.));
#9444=DIRECTION('ref_axis',(0.707106781186554,-0.707106781186541,0.));
#9445=DIRECTION('',(0.,0.,1.));
#9446=DIRECTION('',(0.,0.,1.));
#9447=DIRECTION('center_axis',(0.,0.,-1.));
#9448=DIRECTION('ref_axis',(-0.70710678118656,0.707106781186535,0.));
#9449=DIRECTION('',(0.,0.,-1.));
#9450=DIRECTION('center_axis',(0.,1.,0.));
#9451=DIRECTION('ref_axis',(-1.,0.,0.));
#9452=DIRECTION('',(0.,0.,1.));
#9453=DIRECTION('center_axis',(0.,0.,-1.));
#9454=DIRECTION('ref_axis',(0.707106781186554,-0.707106781186541,0.));
#9455=DIRECTION('',(0.,0.,-1.));
#9456=DIRECTION('center_axis',(-1.,0.,0.));
#9457=DIRECTION('ref_axis',(0.,-1.,0.));
#9458=DIRECTION('',(0.,0.,1.));
#9459=DIRECTION('center_axis',(0.,0.,-1.));
#9460=DIRECTION('ref_axis',(-0.707106781186551,0.707106781186544,0.));
#9461=DIRECTION('',(0.,0.,-1.));
#9462=DIRECTION('center_axis',(0.,1.,0.));
#9463=DIRECTION('ref_axis',(-1.,0.,0.));
#9464=DIRECTION('',(0.,0.,1.));
#9465=DIRECTION('center_axis',(0.,0.,-1.));
#9466=DIRECTION('ref_axis',(0.707106781186551,0.707106781186544,0.));
#9467=DIRECTION('',(0.,0.,-1.));
#9468=DIRECTION('center_axis',(1.,0.,0.));
#9469=DIRECTION('ref_axis',(0.,1.,0.));
#9470=DIRECTION('',(0.,0.,1.));
#9471=DIRECTION('center_axis',(0.,0.,-1.));
#9472=DIRECTION('ref_axis',(-0.707106781186548,-0.707106781186548,0.));
#9473=DIRECTION('',(0.,0.,-1.));
#9474=DIRECTION('center_axis',(0.,1.,0.));
#9475=DIRECTION('ref_axis',(-1.,0.,0.));
#9476=DIRECTION('',(0.,0.,1.));
#9477=DIRECTION('center_axis',(0.,0.,-1.));
#9478=DIRECTION('ref_axis',(0.707106781186554,0.707106781186541,0.));
#9479=DIRECTION('',(0.,0.,-1.));
#9480=DIRECTION('center_axis',(1.,0.,0.));
#9481=DIRECTION('ref_axis',(0.,1.,0.));
#9482=DIRECTION('',(0.,0.,1.));
#9483=DIRECTION('center_axis',(0.,0.,-1.));
#9484=DIRECTION('ref_axis',(-0.707106746527225,-0.707106815845868,0.));
#9485=DIRECTION('',(0.,0.,-1.));
#9486=DIRECTION('center_axis',(-9.80313525609455E-8,0.999999999999995,0.));
#9487=DIRECTION('ref_axis',(-0.999999999999995,-9.80313525609456E-8,0.));
#9488=DIRECTION('',(0.,0.,1.));
#9489=DIRECTION('center_axis',(0.,0.,-1.));
#9490=DIRECTION('ref_axis',(0.707106746527231,0.707106815845862,0.));
#9491=DIRECTION('',(0.,0.,-1.));
#9492=DIRECTION('center_axis',(1.,0.,0.));
#9493=DIRECTION('ref_axis',(0.,1.,0.));
#9494=DIRECTION('',(0.,0.,1.));
#9495=DIRECTION('center_axis',(0.,0.,-1.));
#9496=DIRECTION('ref_axis',(0.707106781186541,-0.707106781186554,0.));
#9497=DIRECTION('',(0.,0.,-1.));
#9498=DIRECTION('center_axis',(0.,-1.,0.));
#9499=DIRECTION('ref_axis',(1.,0.,0.));
#9500=DIRECTION('',(0.,0.,1.));
#9501=DIRECTION('center_axis',(0.810193247995184,-0.586162862098081,0.));
#9502=DIRECTION('ref_axis',(0.586162862098081,0.810193247995184,0.));
#9503=DIRECTION('',(0.,0.,-1.));
#9504=DIRECTION('center_axis',(0.131170776372863,-0.99135978707316,0.));
#9505=DIRECTION('ref_axis',(0.99135978707316,0.131170776372863,0.));
#9506=DIRECTION('',(0.,0.,1.));
#9507=DIRECTION('center_axis',(0.,0.,-1.));
#9508=DIRECTION('ref_axis',(1.,0.,0.));
#9509=DIRECTION('center_axis',(0.,0.,1.));
#9510=DIRECTION('ref_axis',(0.500000003725294,-0.866025401633639,0.));
#9511=DIRECTION('center_axis',(-1.,0.,0.));
#9512=DIRECTION('ref_axis',(0.,-1.,0.));
#9513=DIRECTION('center_axis',(1.,0.,0.));
#9514=DIRECTION('ref_axis',(0.,-0.707106781186579,0.707106781186516));
#9515=DIRECTION('center_axis',(-1.,0.,0.));
#9516=DIRECTION('ref_axis',(0.,-1.,0.));
#9517=DIRECTION('',(-1.,0.,0.));
#9518=DIRECTION('',(1.,0.,0.));
#9519=DIRECTION('center_axis',(0.,0.,1.));
#9520=DIRECTION('ref_axis',(-1.,0.,0.));
#9521=DIRECTION('center_axis',(-0.586162862098052,-0.810193247995205,0.));
#9522=DIRECTION('ref_axis',(0.810193247995205,-0.586162862098052,0.));
#9523=DIRECTION('center_axis',(0.,0.,1.));
#9524=DIRECTION('ref_axis',(-0.454883027767537,0.890551195074735,0.));
#9525=DIRECTION('center_axis',(0.,0.,-1.));
#9526=DIRECTION('ref_axis',(-0.454883027767537,0.890551195074735,0.));
#9527=DIRECTION('center_axis',(0.586162862098082,0.810193247995183,0.));
#9528=DIRECTION('ref_axis',(0.572893139728918,-0.414479734669301,0.707106781186553));
#9529=DIRECTION('center_axis',(-0.586162862098099,-0.810193247995171,0.));
#9530=DIRECTION('ref_axis',(0.810193247995171,-0.586162862098099,0.));
#9531=DIRECTION('',(-0.586162862098082,-0.810193247995183,0.));
#9532=DIRECTION('',(0.586162862098082,0.810193247995183,0.));
#9533=DIRECTION('center_axis',(0.,0.,-1.));
#9534=DIRECTION('ref_axis',(1.,0.,0.));
#9535=DIRECTION('center_axis',(-0.991359787073165,-0.131170776372826,0.));
#9536=DIRECTION('ref_axis',(0.131170776372826,-0.991359787073165,0.));
#9537=DIRECTION('center_axis',(0.,0.,-1.));
#9538=DIRECTION('ref_axis',(0.512433111338363,-0.858727143162533,0.));
#9539=DIRECTION('center_axis',(0.,0.,1.));
#9540=DIRECTION('ref_axis',(0.512433111338363,-0.858727143162533,0.));
#9541=DIRECTION('center_axis',(0.99135978707316,0.131170776372863,0.));
#9542=DIRECTION('ref_axis',(0.0927517454667765,-0.70099722803511,0.707106781186518));
#9543=DIRECTION('center_axis',(-0.991359787073163,-0.131170776372836,0.));
#9544=DIRECTION('ref_axis',(0.131170776372836,-0.991359787073163,0.));
#9545=DIRECTION('',(-0.99135978707316,-0.131170776372863,0.));
#9546=DIRECTION('',(0.99135978707316,0.131170776372863,0.));
#9547=DIRECTION('center_axis',(0.,0.,1.));
#9548=DIRECTION('ref_axis',(-1.,0.,0.));
#9549=DIRECTION('center_axis',(-0.866295070443824,-0.499532632492343,0.));
#9550=DIRECTION('ref_axis',(0.499532632492343,-0.866295070443824,0.));
#9551=DIRECTION('center_axis',(0.,0.,1.));
#9552=DIRECTION('ref_axis',(-0.321491824662684,0.946912354273118,0.));
#9553=DIRECTION('center_axis',(0.,0.,-1.));
#9554=DIRECTION('ref_axis',(-0.321491824662684,0.946912354273118,0.));
#9555=DIRECTION('center_axis',(0.866295070443823,0.499532632492344,0.));
#9556=DIRECTION('ref_axis',(0.353222911859299,-0.612563118819349,0.707106781186512));
#9557=DIRECTION('center_axis',(-0.866295070443824,-0.499532632492343,0.));
#9558=DIRECTION('ref_axis',(0.499532632492343,-0.866295070443824,0.));
#9559=DIRECTION('',(-0.866295070443823,-0.499532632492344,0.));
#9560=DIRECTION('',(0.866295070443823,0.499532632492344,0.));
#9561=DIRECTION('center_axis',(0.,0.,-1.));
#9562=DIRECTION('ref_axis',(1.,0.,0.));
#9563=DIRECTION('center_axis',(-0.499532632492321,0.866295070443837,0.));
#9564=DIRECTION('ref_axis',(-0.866295070443837,-0.499532632492321,0.));
#9565=DIRECTION('center_axis',(0.,0.,-1.));
#9566=DIRECTION('ref_axis',(-0.259340206960009,-0.965786030678607,0.));
#9567=DIRECTION('center_axis',(0.,0.,1.));
#9568=DIRECTION('ref_axis',(-0.259340206960009,-0.965786030678607,0.));
#9569=DIRECTION('center_axis',(0.499532632492333,-0.86629507044383,0.));
#9570=DIRECTION('ref_axis',(-0.612563118819223,-0.353222911859343,0.707106781186599));
#9571=DIRECTION('center_axis',(-0.499532632492321,0.866295070443837,0.));
#9572=DIRECTION('ref_axis',(-0.866295070443837,-0.499532632492321,0.));
#9573=DIRECTION('',(-0.499532632492333,0.86629507044383,0.));
#9574=DIRECTION('',(0.499532632492333,-0.86629507044383,0.));
#9575=DIRECTION('center_axis',(0.,0.,-1.));
#9576=DIRECTION('ref_axis',(1.,0.,0.));
#9577=DIRECTION('center_axis',(0.,1.,0.));
#9578=DIRECTION('ref_axis',(-1.,0.,0.));
#9579=DIRECTION('center_axis',(0.,0.,-1.));
#9580=DIRECTION('ref_axis',(-0.965995618634945,-0.258558435905869,0.));
#9581=DIRECTION('center_axis',(0.,0.,1.));
#9582=DIRECTION('ref_axis',(-0.965995618634945,-0.258558435905869,0.));
#9583=DIRECTION('center_axis',(0.,-1.,0.));
#9584=DIRECTION('ref_axis',(-0.707106781186529,0.,0.707106781186566));
#9585=DIRECTION('center_axis',(0.,1.,0.));
#9586=DIRECTION('ref_axis',(-1.,0.,0.));
#9587=DIRECTION('',(0.,1.,0.));
#9588=DIRECTION('',(0.,-1.,0.));
#9589=DIRECTION('center_axis',(1.,0.,0.));
#9590=DIRECTION('ref_axis',(0.,0.,1.));
#9591=DIRECTION('center_axis',(0.,0.,-1.));
#9592=DIRECTION('ref_axis',(-1.,0.,0.));
#9593=DIRECTION('center_axis',(-1.,0.,0.));
#9594=DIRECTION('ref_axis',(0.,0.707106781186547,0.707106781186548));
#9595=DIRECTION('center_axis',(0.,0.,-1.));
#9596=DIRECTION('ref_axis',(-0.707106781186548,0.707106781186548,0.));
#9597=DIRECTION('center_axis',(0.,0.,-1.));
#9598=DIRECTION('ref_axis',(-1.,0.,0.));
#9599=DIRECTION('',(0.,0.,-1.));
#9600=DIRECTION('center_axis',(-1.,0.,0.));
#9601=DIRECTION('ref_axis',(0.,0.,-1.));
#9602=DIRECTION('center_axis',(0.,1.,0.));
#9603=DIRECTION('ref_axis',(-1.,0.,0.));
#9604=DIRECTION('center_axis',(1.,0.,0.));
#9605=DIRECTION('ref_axis',(0.,-0.707106781186547,-0.707106781186548));
#9606=DIRECTION('center_axis',(0.,-1.,0.));
#9607=DIRECTION('ref_axis',(-0.707106781186529,0.,0.707106781186566));
#9608=DIRECTION('center_axis',(0.,1.,0.));
#9609=DIRECTION('ref_axis',(-1.,0.,0.));
#9610=DIRECTION('',(0.,1.,0.));
#9611=DIRECTION('center_axis',(-1.,0.,0.));
#9612=DIRECTION('ref_axis',(0.,0.,-1.));
#9613=DIRECTION('center_axis',(0.,0.,1.));
#9614=DIRECTION('ref_axis',(-1.,0.,0.));
#9615=DIRECTION('center_axis',(1.,0.,0.));
#9616=DIRECTION('ref_axis',(0.,0.707106781186547,-0.707106781186548));
#9617=DIRECTION('center_axis',(0.,0.,-1.));
#9618=DIRECTION('ref_axis',(-0.707106781186497,-0.707106781186598,0.));
#9619=DIRECTION('center_axis',(0.,0.,1.));
#9620=DIRECTION('ref_axis',(-1.,0.,0.));
#9621=DIRECTION('',(0.,0.,1.));
#9622=DIRECTION('center_axis',(1.,0.,0.));
#9623=DIRECTION('ref_axis',(0.,0.,1.));
#9624=DIRECTION('center_axis',(0.,1.,0.));
#9625=DIRECTION('ref_axis',(-1.,0.,0.));
#9626=DIRECTION('center_axis',(-1.,0.,0.));
#9627=DIRECTION('ref_axis',(0.,-0.707106781186547,0.707106781186548));
#9628=DIRECTION('center_axis',(0.,-1.,0.));
#9629=DIRECTION('ref_axis',(-0.707106781186529,0.,0.707106781186566));
#9630=DIRECTION('center_axis',(0.,1.,0.));
#9631=DIRECTION('ref_axis',(-1.,0.,0.));
#9632=DIRECTION('',(0.,1.,0.));
#9633=DIRECTION('center_axis',(0.,0.,-1.));
#9634=DIRECTION('ref_axis',(1.,0.,0.));
#9635=DIRECTION('center_axis',(1.,0.,0.));
#9636=DIRECTION('ref_axis',(0.,1.,0.));
#9637=DIRECTION('center_axis',(0.,0.,-1.));
#9638=DIRECTION('ref_axis',(-0.707106781186545,0.70710678118655,0.));
#9639=DIRECTION('center_axis',(-1.,0.,0.));
#9640=DIRECTION('ref_axis',(0.,0.707106781186554,0.707106781186541));
#9641=DIRECTION('center_axis',(1.,0.,0.));
#9642=DIRECTION('ref_axis',(0.,1.,0.));
#9643=DIRECTION('',(1.,0.,0.));
#9644=DIRECTION('center_axis',(0.,-1.,0.));
#9645=DIRECTION('ref_axis',(0.,0.,-1.));
#9646=DIRECTION('center_axis',(0.,0.,-1.));
#9647=DIRECTION('ref_axis',(0.,1.,0.));
#9648=DIRECTION('center_axis',(0.,1.,0.));
#9649=DIRECTION('ref_axis',(0.707106781186547,0.,0.707106781186548));
#9650=DIRECTION('center_axis',(0.,0.,-1.));
#9651=DIRECTION('ref_axis',(0.707106781186522,0.707106781186573,0.));
#9652=DIRECTION('center_axis',(0.,0.,-1.));
#9653=DIRECTION('ref_axis',(0.,1.,0.));
#9654=DIRECTION('',(0.,0.,-1.));
#9655=DIRECTION('center_axis',(0.,1.,0.));
#9656=DIRECTION('ref_axis',(0.,0.,1.));
#9657=DIRECTION('center_axis',(1.,0.,0.));
#9658=DIRECTION('ref_axis',(0.,1.,0.));
#9659=DIRECTION('center_axis',(0.,-1.,0.));
#9660=DIRECTION('ref_axis',(-0.707106781186547,0.,-0.707106781186548));
#9661=DIRECTION('center_axis',(-1.,0.,0.));
#9662=DIRECTION('ref_axis',(0.,0.707106781186554,0.707106781186541));
#9663=DIRECTION('center_axis',(1.,0.,0.));
#9664=DIRECTION('ref_axis',(0.,1.,0.));
#9665=DIRECTION('',(1.,0.,0.));
#9666=DIRECTION('center_axis',(0.,1.,0.));
#9667=DIRECTION('ref_axis',(0.,0.,1.));
#9668=DIRECTION('center_axis',(0.,0.,1.));
#9669=DIRECTION('ref_axis',(0.,1.,0.));
#9670=DIRECTION('center_axis',(0.,-1.,0.));
#9671=DIRECTION('ref_axis',(0.707106781186547,0.,-0.707106781186548));
#9672=DIRECTION('center_axis',(0.,0.,-1.));
#9673=DIRECTION('ref_axis',(-0.707106781186522,0.707106781186573,0.));
#9674=DIRECTION('center_axis',(0.,0.,1.));
#9675=DIRECTION('ref_axis',(0.,1.,0.));
#9676=DIRECTION('',(0.,0.,1.));
#9677=DIRECTION('center_axis',(0.,-1.,0.));
#9678=DIRECTION('ref_axis',(0.,0.,-1.));
#9679=DIRECTION('center_axis',(1.,0.,0.));
#9680=DIRECTION('ref_axis',(0.,1.,0.));
#9681=DIRECTION('center_axis',(0.,1.,0.));
#9682=DIRECTION('ref_axis',(-0.707106781186547,0.,0.707106781186548));
#9683=DIRECTION('center_axis',(-1.,0.,0.));
#9684=DIRECTION('ref_axis',(0.,0.707106781186554,0.707106781186541));
#9685=DIRECTION('center_axis',(1.,0.,0.));
#9686=DIRECTION('ref_axis',(0.,1.,0.));
#9687=DIRECTION('',(1.,0.,0.));
#9688=DIRECTION('',(-1.,0.,0.));
#9689=DIRECTION('center_axis',(0.,0.,1.));
#9690=DIRECTION('ref_axis',(-1.,0.,0.));
#9691=DIRECTION('center_axis',(0.499999601393949,0.866025633919627,0.));
#9692=DIRECTION('ref_axis',(-0.866025633919627,0.499999601393949,0.));
#9693=DIRECTION('center_axis',(0.,0.,1.));
#9694=DIRECTION('ref_axis',(0.500000199302991,-0.866025288716773,0.));
#9695=DIRECTION('center_axis',(0.,0.,-1.));
#9696=DIRECTION('ref_axis',(0.500000199302991,-0.866025288716773,0.));
#9697=DIRECTION('center_axis',(0.,0.,-1.));
#9698=DIRECTION('ref_axis',(1.,0.,0.));
#9699=DIRECTION('center_axis',(1.,0.,0.));
#9700=DIRECTION('ref_axis',(0.,1.,0.));
#9701=DIRECTION('center_axis',(0.,0.,-1.));
#9702=DIRECTION('ref_axis',(-0.500000199302991,0.866025288716773,0.));
#9703=DIRECTION('center_axis',(0.,0.,1.));
#9704=DIRECTION('ref_axis',(-0.500000199302991,0.866025288716773,0.));
#9705=DIRECTION('center_axis',(-1.,0.,0.));
#9706=DIRECTION('ref_axis',(0.,0.707106781186554,0.707106781186541));
#9707=DIRECTION('center_axis',(1.,0.,0.));
#9708=DIRECTION('ref_axis',(0.,1.,0.));
#9709=DIRECTION('',(-1.,0.,0.));
#9710=DIRECTION('center_axis',(0.,0.,1.));
#9711=DIRECTION('ref_axis',(-1.,0.,0.));
#9712=DIRECTION('center_axis',(1.77635683940023E-14,1.,0.));
#9713=DIRECTION('ref_axis',(-1.,1.77635683940023E-14,0.));
#9714=DIRECTION('center_axis',(0.,0.,-1.));
#9715=DIRECTION('ref_axis',(0.707106781186546,-0.707106781186549,0.));
#9716=DIRECTION('center_axis',(0.,-1.,0.));
#9717=DIRECTION('ref_axis',(-0.707106781186579,0.,0.707106781186516));
#9718=DIRECTION('center_axis',(0.,1.,0.));
#9719=DIRECTION('ref_axis',(-1.,0.,0.));
#9720=DIRECTION('',(0.,-1.,0.));
#9721=DIRECTION('center_axis',(0.,0.,-1.));
#9722=DIRECTION('ref_axis',(1.,0.,0.));
#9723=DIRECTION('center_axis',(1.,0.,0.));
#9724=DIRECTION('ref_axis',(0.,1.,0.));
#9725=DIRECTION('center_axis',(0.,0.,1.));
#9726=DIRECTION('ref_axis',(-0.707106781186548,0.707106781186548,0.));
#9727=DIRECTION('center_axis',(-1.,0.,0.));
#9728=DIRECTION('ref_axis',(0.,0.707106781186541,0.707106781186554));
#9729=DIRECTION('center_axis',(1.,0.,0.));
#9730=DIRECTION('ref_axis',(0.,1.,0.));
#9731=DIRECTION('',(-1.,0.,0.));
#9732=DIRECTION('center_axis',(0.,0.,-1.));
#9733=DIRECTION('ref_axis',(1.,0.,0.));
#9734=DIRECTION('center_axis',(0.249999988824131,-0.968245839437451,0.));
#9735=DIRECTION('ref_axis',(0.968245839437451,0.249999988824131,0.));
#9736=DIRECTION('center_axis',(0.,0.,1.));
#9737=DIRECTION('ref_axis',(0.612372440258325,0.790569411507974,0.));
#9738=DIRECTION('center_axis',(0.,0.,1.));
#9739=DIRECTION('ref_axis',(-1.,0.,0.));
#9740=DIRECTION('center_axis',(1.,0.,0.));
#9741=DIRECTION('ref_axis',(0.,1.,0.));
#9742=DIRECTION('center_axis',(0.,0.,-1.));
#9743=DIRECTION('ref_axis',(-0.612372440258325,-0.790569411507974,0.));
#9744=DIRECTION('center_axis',(-1.,0.,0.));
#9745=DIRECTION('ref_axis',(0.,0.707106781186554,0.707106781186541));
#9746=DIRECTION('center_axis',(1.,0.,0.));
#9747=DIRECTION('ref_axis',(0.,1.,0.));
#9748=DIRECTION('',(-1.,0.,0.));
#9749=DIRECTION('center_axis',(0.,0.,-1.));
#9750=DIRECTION('ref_axis',(1.,0.,0.));
#9751=DIRECTION('center_axis',(0.,-1.,0.));
#9752=DIRECTION('ref_axis',(1.,0.,0.));
#9753=DIRECTION('center_axis',(0.,0.,1.));
#9754=DIRECTION('ref_axis',(0.707106781186548,0.707106781186548,0.));
#9755=DIRECTION('center_axis',(0.,1.,0.));
#9756=DIRECTION('ref_axis',(0.707106781186579,0.,0.707106781186516));
#9757=DIRECTION('center_axis',(0.,-1.,0.));
#9758=DIRECTION('ref_axis',(1.,0.,0.));
#9759=DIRECTION('',(0.,1.,0.));
#9760=DIRECTION('center_axis',(0.,0.,1.));
#9761=DIRECTION('ref_axis',(-1.,0.,0.));
#9762=DIRECTION('center_axis',(1.,0.,0.));
#9763=DIRECTION('ref_axis',(0.,1.,0.));
#9764=DIRECTION('center_axis',(0.,0.,-1.));
#9765=DIRECTION('ref_axis',(-0.707106781186547,-0.707106781186547,0.));
#9766=DIRECTION('center_axis',(-1.,0.,0.));
#9767=DIRECTION('ref_axis',(0.,0.707106781186554,0.707106781186541));
#9768=DIRECTION('center_axis',(1.,0.,0.));
#9769=DIRECTION('ref_axis',(0.,1.,0.));
#9770=DIRECTION('',(-1.,0.,0.));
#9771=DIRECTION('center_axis',(0.,0.,-1.));
#9772=DIRECTION('ref_axis',(1.,0.,0.));
#9773=DIRECTION('center_axis',(4.15990797364423E-8,-0.999999999999999,0.));
#9774=DIRECTION('ref_axis',(0.999999999999999,4.15990797364423E-8,0.));
#9775=DIRECTION('center_axis',(0.,0.,1.));
#9776=DIRECTION('ref_axis',(0.707106766479054,0.70710679589404,0.));
#9777=DIRECTION('center_axis',(-4.15990743796168E-8,0.999999999999999,0.));
#9778=DIRECTION('ref_axis',(0.707106781186553,2.94149913727585E-8,0.707106781186541));
#9779=DIRECTION('',(-4.15990743796168E-8,0.999999999999999,0.));
#9780=DIRECTION('center_axis',(0.,0.,-1.));
#9781=DIRECTION('ref_axis',(-1.,0.,0.));
#9782=DIRECTION('center_axis',(0.,0.,-1.));
#9783=DIRECTION('ref_axis',(-0.707106781186551,0.707106781186544,0.));
#9784=DIRECTION('',(0.,0.,-1.));
#9785=DIRECTION('',(0.,0.,1.));
#9786=DIRECTION('center_axis',(1.,0.,0.));
#9787=DIRECTION('ref_axis',(0.,1.,0.));
#9788=DIRECTION('',(0.,0.,1.));
#9789=DIRECTION('center_axis',(0.,0.,-1.));
#9790=DIRECTION('ref_axis',(-0.965995618634946,-0.258558435905865,0.));
#9791=DIRECTION('',(0.,0.,-1.));
#9792=DIRECTION('center_axis',(0.86629507044383,0.499532632492333,0.));
#9793=DIRECTION('ref_axis',(-0.499532632492333,0.86629507044383,0.));
#9794=DIRECTION('',(0.,0.,1.));
#9795=DIRECTION('center_axis',(0.,0.,-1.));
#9796=DIRECTION('ref_axis',(-0.259340206960012,-0.965786030678607,0.));
#9797=DIRECTION('',(0.,0.,-1.));
#9798=DIRECTION('center_axis',(-0.499532632492344,0.866295070443823,0.));
#9799=DIRECTION('ref_axis',(-0.866295070443823,-0.499532632492344,0.));
#9800=DIRECTION('',(0.,0.,1.));
#9801=DIRECTION('center_axis',(0.,0.,-1.));
#9802=DIRECTION('ref_axis',(-0.321491824662686,0.946912354273117,0.));
#9803=DIRECTION('',(0.,0.,-1.));
#9804=DIRECTION('center_axis',(-0.131170776372863,0.99135978707316,0.));
#9805=DIRECTION('ref_axis',(-0.99135978707316,-0.131170776372863,0.));
#9806=DIRECTION('',(0.,0.,1.));
#9807=DIRECTION('center_axis',(0.,0.,-1.));
#9808=DIRECTION('ref_axis',(0.512433111338365,-0.858727143162531,0.));
#9809=DIRECTION('',(0.,0.,-1.));
#9810=DIRECTION('center_axis',(-0.810193247995183,0.586162862098082,0.));
#9811=DIRECTION('ref_axis',(-0.586162862098082,-0.810193247995183,0.));
#9812=DIRECTION('',(0.,0.,1.));
#9813=DIRECTION('center_axis',(0.,0.,-1.));
#9814=DIRECTION('ref_axis',(-0.454883027767534,0.890551195074736,0.));
#9815=DIRECTION('',(0.,0.,-1.));
#9816=DIRECTION('center_axis',(0.,1.,0.));
#9817=DIRECTION('ref_axis',(-1.,0.,0.));
#9818=DIRECTION('center_axis',(0.,0.,-1.));
#9819=DIRECTION('ref_axis',(-0.500000199302991,0.866025288716773,0.));
#9820=DIRECTION('',(0.,0.,-1.));
#9821=DIRECTION('center_axis',(0.,1.,0.));
#9822=DIRECTION('ref_axis',(-1.,0.,0.));
#9823=DIRECTION('',(0.,0.,-1.));
#9824=DIRECTION('center_axis',(0.,0.,-1.));
#9825=DIRECTION('ref_axis',(0.707106781186548,-0.707106781186548,0.));
#9826=DIRECTION('',(0.,0.,-1.));
#9827=DIRECTION('center_axis',(0.,0.,-1.));
#9828=DIRECTION('ref_axis',(-0.707106781186548,0.707106781186548,0.));
#9829=DIRECTION('',(0.,0.,1.));
#9830=DIRECTION('center_axis',(-1.,0.,0.));
#9831=DIRECTION('ref_axis',(0.,-1.,0.));
#9832=DIRECTION('',(0.,0.,-1.));
#9833=DIRECTION('center_axis',(-0.865703343374664,-0.500557410563393,0.));
#9834=DIRECTION('ref_axis',(0.500557410563393,-0.865703343374664,0.));
#9835=DIRECTION('',(0.,0.,-1.));
#9836=DIRECTION('center_axis',(0.499532632492332,-0.86629507044383,0.));
#9837=DIRECTION('ref_axis',(0.866295070443831,0.499532632492332,0.));
#9838=DIRECTION('center_axis',(0.,-1.,0.));
#9839=DIRECTION('ref_axis',(1.,0.,0.));
#9840=CARTESIAN_POINT('',(0.,0.,0.));
#9841=CARTESIAN_POINT('Origin',(145.791366484375,-65.343484375,3.5));
#9842=CARTESIAN_POINT('',(139.791366484375,-65.343484375,2.));
#9843=CARTESIAN_POINT('Origin',(145.791366484375,-65.343484375,2.));
#9844=CARTESIAN_POINT('',(142.791366484375,-65.343484375,5.));
#9845=CARTESIAN_POINT('',(141.291366484375,-65.343484375,3.5));
#9846=CARTESIAN_POINT('Origin',(145.791366484375,-65.343484375,5.));
#9847=CARTESIAN_POINT('Origin',(126.500000637025,-87.215267469645,2.));
#9848=CARTESIAN_POINT('',(184.048658333333,-46.9499989718199,2.));
#9849=CARTESIAN_POINT('',(183.048658333333,-45.9499989718199,2.));
#9850=CARTESIAN_POINT('Origin',(183.048658333333,-46.9499989718199,2.));
#9851=CARTESIAN_POINT('',(146.050002160668,-45.9499989718199,2.));
#9852=CARTESIAN_POINT('',(135.750001398847,-45.9499989718199,2.));
#9853=CARTESIAN_POINT('',(145.050002160668,-44.9499990165233,2.));
#9854=CARTESIAN_POINT('Origin',(146.050002160668,-44.9499989718199,2.));
#9855=CARTESIAN_POINT('',(144.050002160668,-43.9499990165234,2.));
#9856=CARTESIAN_POINT('Origin',(144.050002160668,-44.9499990165233,2.));
#9857=CARTESIAN_POINT('',(127.050001877546,-43.9499990165234,2.));
#9858=CARTESIAN_POINT('',(126.250001257285,-43.9499990165234,2.));
#9859=CARTESIAN_POINT('',(126.050001877546,-42.9499990165234,2.));
#9860=CARTESIAN_POINT('Origin',(127.050001877546,-42.9499990165234,2.));
#9861=CARTESIAN_POINT('',(126.050001877546,-39.9500005811453,2.));
#9862=CARTESIAN_POINT('',(126.050001877546,-63.1076340253952,2.));
#9863=CARTESIAN_POINT('',(125.050001877546,-38.9500005811453,2.));
#9864=CARTESIAN_POINT('Origin',(125.050001877546,-39.9500005811453,2.));
#9865=CARTESIAN_POINT('',(107.950001594424,-38.9500005811453,2.));
#9866=CARTESIAN_POINT('',(116.750001115724,-38.9500005811453,2.));
#9867=CARTESIAN_POINT('',(106.950001594424,-39.9500005811453,2.));
#9868=CARTESIAN_POINT('Origin',(107.950001594424,-39.9500005811453,2.));
#9869=CARTESIAN_POINT('',(106.950001594424,-40.9500006258488,2.));
#9870=CARTESIAN_POINT('',(106.950001594424,-64.6076340477469,2.));
#9871=CARTESIAN_POINT('',(105.950001594424,-41.9500006258488,2.));
#9872=CARTESIAN_POINT('Origin',(105.950001594424,-40.9500006258488,2.));
#9873=CARTESIAN_POINT('',(88.9500013113022,-41.9500006258488,2.));
#9874=CARTESIAN_POINT('',(107.250000974163,-41.9500006258488,2.));
#9875=CARTESIAN_POINT('',(87.9500013113022,-42.9500006258488,2.));
#9876=CARTESIAN_POINT('Origin',(88.9500013113022,-42.9500006258488,2.));
#9877=CARTESIAN_POINT('',(87.9500013113022,-48.9500006421251,2.));
#9878=CARTESIAN_POINT('',(87.9500013113022,-68.6076341073515,2.));
#9879=CARTESIAN_POINT('',(86.9500012132708,-49.9500006421251,2.));
#9880=CARTESIAN_POINT('Origin',(86.9500013113022,-48.9500006421251,2.));
#9881=CARTESIAN_POINT('',(69.9494969730314,-49.9499989755427,2.));
#9882=CARTESIAN_POINT('',(97.7497505850452,-49.9500017008392,2.));
#9883=CARTESIAN_POINT('',(68.949496875,-50.9499989755427,2.));
#9884=CARTESIAN_POINT('Origin',(69.949496875,-50.9499989755427,2.));
#9885=CARTESIAN_POINT('',(68.949496875,-106.049219791667,2.));
#9886=CARTESIAN_POINT('',(68.949496875,-97.1072436306559,2.));
#9887=CARTESIAN_POINT('',(69.949496875,-107.049219791667,2.));
#9888=CARTESIAN_POINT('Origin',(69.949496875,-106.049219791667,2.));
#9889=CARTESIAN_POINT('',(106.948679038886,-107.049219791667,2.));
#9890=CARTESIAN_POINT('',(116.737109542558,-107.049219791667,2.));
#9891=CARTESIAN_POINT('',(116.496257480643,-120.24586544835,2.));
#9892=CARTESIAN_POINT('',(110.365326139992,-111.771703236268,2.));
#9893=CARTESIAN_POINT('',(154.107488597007,-125.222357787663,2.));
#9894=CARTESIAN_POINT('',(138.074990985487,-123.101033939025,2.));
#9895=CARTESIAN_POINT('',(170.617049040936,-134.742282893114,2.));
#9896=CARTESIAN_POINT('',(143.757736038477,-119.254369145458,2.));
#9897=CARTESIAN_POINT('',(184.048658333333,-111.512601689826,2.));
#9898=CARTESIAN_POINT('',(182.100103882928,-114.8825849662,2.));
#9899=CARTESIAN_POINT('',(184.048658333333,-94.6076345171335,2.));
#9900=CARTESIAN_POINT('',(82.490157109375,-61.322346875,2.));
#9901=CARTESIAN_POINT('Origin',(88.490157109375,-61.322346875,2.));
#9902=CARTESIAN_POINT('',(106.315396796875,-101.131608125,2.));
#9903=CARTESIAN_POINT('Origin',(112.315396796875,-101.131608125,2.));
#9904=CARTESIAN_POINT('',(156.80580453125,-106.50987953125,2.));
#9905=CARTESIAN_POINT('Origin',(162.80580453125,-106.50987953125,2.));
#9906=CARTESIAN_POINT('',(82.490157109375,-80.42275,2.));
#9907=CARTESIAN_POINT('Origin',(88.490157109375,-80.42275,2.));
#9908=CARTESIAN_POINT('Origin',(88.490157109375,-61.322346875,3.5));
#9909=CARTESIAN_POINT('',(85.490157109375,-61.322346875,5.));
#9910=CARTESIAN_POINT('',(83.990157109375,-61.322346875,3.5));
#9911=CARTESIAN_POINT('Origin',(88.490157109375,-61.322346875,5.));
#9912=CARTESIAN_POINT('Origin',(88.490157109375,-80.42275,3.5));
#9913=CARTESIAN_POINT('',(85.490157109375,-80.42275,5.));
#9914=CARTESIAN_POINT('',(83.990157109375,-80.42275,3.5));
#9915=CARTESIAN_POINT('Origin',(88.490157109375,-80.42275,5.));
#9916=CARTESIAN_POINT('Origin',(112.315396796875,-101.131608125,3.5));
#9917=CARTESIAN_POINT('',(109.315396796875,-101.131608125,5.));
#9918=CARTESIAN_POINT('',(107.815396796875,-101.131608125,3.5));
#9919=CARTESIAN_POINT('Origin',(112.315396796875,-101.131608125,5.));
#9920=CARTESIAN_POINT('Origin',(162.80580453125,-106.50987953125,3.5));
#9921=CARTESIAN_POINT('',(159.80580453125,-106.50987953125,5.));
#9922=CARTESIAN_POINT('',(158.30580453125,-106.50987953125,3.5));
#9923=CARTESIAN_POINT('Origin',(162.80580453125,-106.50987953125,5.));
#9924=CARTESIAN_POINT('Origin',(162.80580453125,-106.50987953125,0.));
#9925=CARTESIAN_POINT('',(160.25580453125,-106.50987953125,5.));
#9926=CARTESIAN_POINT('Origin',(162.80580453125,-106.50987953125,5.));
#9927=CARTESIAN_POINT('',(160.25580453125,-106.50987953125,3.4));
#9928=CARTESIAN_POINT('',(160.25580453125,-106.50987953125,0.));
#9929=CARTESIAN_POINT('Origin',(162.80580453125,-106.50987953125,3.4));
#9930=CARTESIAN_POINT('Origin',(162.80580453125,-106.50987953125,5.));
#9931=CARTESIAN_POINT('Origin',(145.791366484375,-65.343484375,0.));
#9932=CARTESIAN_POINT('',(143.241366484375,-65.343484375,5.));
#9933=CARTESIAN_POINT('Origin',(145.791366484375,-65.343484375,5.));
#9934=CARTESIAN_POINT('',(143.241366484375,-65.343484375,3.4));
#9935=CARTESIAN_POINT('',(143.241366484375,-65.343484375,0.));
#9936=CARTESIAN_POINT('Origin',(145.791366484375,-65.343484375,3.4));
#9937=CARTESIAN_POINT('Origin',(145.791366484375,-65.343484375,5.));
#9938=CARTESIAN_POINT('Origin',(112.315396796875,-101.131608125,0.));
#9939=CARTESIAN_POINT('',(109.765396796875,-101.131608125,5.));
#9940=CARTESIAN_POINT('Origin',(112.315396796875,-101.131608125,5.));
#9941=CARTESIAN_POINT('',(109.765396796875,-101.131608125,3.4));
#9942=CARTESIAN_POINT('',(109.765396796875,-101.131608125,0.));
#9943=CARTESIAN_POINT('Origin',(112.315396796875,-101.131608125,3.4));
#9944=CARTESIAN_POINT('Origin',(112.315396796875,-101.131608125,5.));
#9945=CARTESIAN_POINT('Origin',(88.490157109375,-61.322346875,0.));
#9946=CARTESIAN_POINT('',(85.940157109375,-61.322346875,5.));
#9947=CARTESIAN_POINT('Origin',(88.490157109375,-61.322346875,5.));
#9948=CARTESIAN_POINT('',(85.940157109375,-61.322346875,3.4));
#9949=CARTESIAN_POINT('',(85.940157109375,-61.322346875,0.));
#9950=CARTESIAN_POINT('Origin',(88.490157109375,-61.322346875,3.4));
#9951=CARTESIAN_POINT('Origin',(88.490157109375,-61.322346875,5.));
#9952=CARTESIAN_POINT('Origin',(88.490157109375,-80.42275,0.));
#9953=CARTESIAN_POINT('',(85.940157109375,-80.42275,5.));
#9954=CARTESIAN_POINT('Origin',(88.490157109375,-80.42275,5.));
#9955=CARTESIAN_POINT('',(85.940157109375,-80.42275,3.4));
#9956=CARTESIAN_POINT('',(85.940157109375,-80.42275,0.));
#9957=CARTESIAN_POINT('Origin',(88.490157109375,-80.42275,3.4));
#9958=CARTESIAN_POINT('Origin',(88.490157109375,-80.42275,5.));
#9959=CARTESIAN_POINT('Origin',(162.80580453125,-106.50987953125,3.4));
#9960=CARTESIAN_POINT('Origin',(145.791366484375,-65.343484375,3.4));
#9961=CARTESIAN_POINT('Origin',(112.315396796875,-101.131608125,3.4));
#9962=CARTESIAN_POINT('Origin',(88.490157109375,-61.322346875,3.4));
#9963=CARTESIAN_POINT('Origin',(88.490157109375,-80.42275,3.4));
#9964=CARTESIAN_POINT('Ctrl Pts',(68.2990366145624,-107.250001620501,0.));
#9965=CARTESIAN_POINT('Ctrl Pts',(68.4433741811428,-107.500001624227,0.));
#9966=CARTESIAN_POINT('Ctrl Pts',(68.7320493186054,-107.500001624227,0.));
#9967=CARTESIAN_POINT('Ctrl Pts',(66.9999985024333,-108.000001609325,-8.87348170125258E-15));
#9968=CARTESIAN_POINT('Ctrl Pts',(67.5773487687551,-109.000001624227,-8.87624919980797E-15));
#9969=CARTESIAN_POINT('Ctrl Pts',(68.7320493186054,-109.000001624227,-8.88178419700125E-15));
#9970=CARTESIAN_POINT('Ctrl Pts',(66.9999985024333,-108.000001609325,1.5));
#9971=CARTESIAN_POINT('Ctrl Pts',(67.5773487687551,-109.000001624227,1.5));
#9972=CARTESIAN_POINT('Ctrl Pts',(68.7320493186054,-109.000001624227,1.5));
#9973=CARTESIAN_POINT('',(68.4999985256085,-107.44289261473,0.));
#9974=CARTESIAN_POINT('',(68.7320493186054,-107.500001624227,0.));
#9975=CARTESIAN_POINT('Origin',(68.7320493186054,-107.000001624227,0.));
#9976=CARTESIAN_POINT('',(68.7320493186054,-109.000001624227,1.5));
#9977=CARTESIAN_POINT('Origin',(68.7320493186054,-107.500001624227,1.5));
#9978=CARTESIAN_POINT('',(66.9999985024333,-108.000001609325,1.5));
#9979=CARTESIAN_POINT('Origin',(68.7320493186054,-107.000001624227,1.5));
#9980=CARTESIAN_POINT('Ctrl Pts',(68.4999985256085,-107.44289261473,0.));
#9981=CARTESIAN_POINT('Ctrl Pts',(68.497683745523,-107.444293057441,-2.42818268567921E-18));
#9982=CARTESIAN_POINT('Ctrl Pts',(68.4953659979041,-107.445688653331,5.35840137166629E-6));
#9983=CARTESIAN_POINT('Ctrl Pts',(68.4556468357279,-107.469493720217,0.000189474376216206));
#9984=CARTESIAN_POINT('Ctrl Pts',(68.4174604806035,-107.490708733472,0.00177289433170444));
#9985=CARTESIAN_POINT('Ctrl Pts',(68.2182822535639,-107.595164278027,0.0179062376270629));
#9986=CARTESIAN_POINT('Ctrl Pts',(68.0401917097397,-107.668437865142,0.0586717369411349));
#9987=CARTESIAN_POINT('Ctrl Pts',(67.6928970030677,-107.79529003973,0.221943693205222));
#9988=CARTESIAN_POINT('Ctrl Pts',(67.5371542248571,-107.844826156163,0.333816675974675));
#9989=CARTESIAN_POINT('Ctrl Pts',(67.2772954740879,-107.923530355629,0.611090223655501));
#9990=CARTESIAN_POINT('Ctrl Pts',(67.1747451047778,-107.95222304323,0.772008669001955));
#9991=CARTESIAN_POINT('Ctrl Pts',(67.0357441425144,-107.990560444564,1.12406555613924));
#9992=CARTESIAN_POINT('Ctrl Pts',(66.9999985024333,-108.000001609325,1.31100566818367));
#9993=CARTESIAN_POINT('Ctrl Pts',(66.9999985024333,-108.000001609325,1.5));
#9994=CARTESIAN_POINT('Origin',(96.749999569729,-107.500001624227,1.5));
#9995=CARTESIAN_POINT('',(104.889698166668,-107.500001624227,0.));
#9996=CARTESIAN_POINT('',(104.889698166668,-109.000001624227,1.5));
#9997=CARTESIAN_POINT('Origin',(104.889698166668,-107.500001624227,1.5));
#9998=CARTESIAN_POINT('',(96.749999569729,-109.000001624227,1.5));
#9999=CARTESIAN_POINT('',(96.749999569729,-107.500001624227,0.));
#10000=CARTESIAN_POINT('Origin',(104.889698166668,-111.000001624227,1.5));
#10001=CARTESIAN_POINT('',(107.725374534651,-108.948431606883,0.));
#10002=CARTESIAN_POINT('',(106.510084662658,-109.82767590003,1.5));
#10003=CARTESIAN_POINT('Origin',(107.725374534651,-108.948431606883,1.5));
#10004=CARTESIAN_POINT('Origin',(104.889698166668,-111.000001624227,1.5));
#10005=CARTESIAN_POINT('Origin',(104.889698166668,-111.000001624227,0.));
#10006=CARTESIAN_POINT('Origin',(105.490731014199,-105.859711373967,1.5));
#10007=CARTESIAN_POINT('',(116.168610400142,-120.618656951707,0.));
#10008=CARTESIAN_POINT('',(114.953320528149,-121.497901244854,1.5));
#10009=CARTESIAN_POINT('Origin',(116.168610400142,-120.618656951707,1.5));
#10010=CARTESIAN_POINT('',(104.275441142206,-106.738955667114,1.5));
#10011=CARTESIAN_POINT('',(105.490731014199,-105.859711373967,0.));
#10012=CARTESIAN_POINT('Ctrl Pts',(116.168610400142,-120.618656951707,0.));
#10013=CARTESIAN_POINT('Ctrl Pts',(116.294763186476,-120.793025104847,0.));
#10014=CARTESIAN_POINT('Ctrl Pts',(116.508121635953,-120.821255414195,0.));
#10015=CARTESIAN_POINT('Ctrl Pts',(114.953320528149,-121.497901244854,-1.66905528906716E-14));
#10016=CARTESIAN_POINT('Ctrl Pts',(115.457931673484,-122.195373857415,-1.66789659452226E-14));
#10017=CARTESIAN_POINT('Ctrl Pts',(116.311365471394,-122.308295094804,-1.66593692895558E-14));
#10018=CARTESIAN_POINT('Ctrl Pts',(114.953320528149,-121.497901244854,1.5));
#10019=CARTESIAN_POINT('Ctrl Pts',(115.457931673484,-122.195373857415,1.5));
#10020=CARTESIAN_POINT('Ctrl Pts',(116.311365471394,-122.308295094804,1.5));
#10021=CARTESIAN_POINT('',(116.508121635953,-120.821255414195,0.));
#10022=CARTESIAN_POINT('',(116.311365471394,-122.308295094804,1.5));
#10023=CARTESIAN_POINT('Origin',(116.508121635953,-120.821255414195,1.5));
#10024=CARTESIAN_POINT('Origin',(116.573707024139,-120.325575520658,1.5));
#10025=CARTESIAN_POINT('Origin',(116.573707024139,-120.325575520658,0.));
#10026=CARTESIAN_POINT('Origin',(118.806367036912,-121.125345450395,1.5));
#10027=CARTESIAN_POINT('',(153.542633894438,-125.721439775997,0.));
#10028=CARTESIAN_POINT('',(153.345877729879,-127.208479456607,1.5));
#10029=CARTESIAN_POINT('Origin',(153.542633894438,-125.721439775997,1.5));
#10030=CARTESIAN_POINT('',(118.609610872353,-122.612385131005,1.5));
#10031=CARTESIAN_POINT('',(118.806367036912,-121.125345450395,0.));
#10032=CARTESIAN_POINT('Origin',(153.083536177133,-129.191199030753,1.5));
#10033=CARTESIAN_POINT('',(154.831900390856,-126.1591662842,0.));
#10034=CARTESIAN_POINT('',(154.082601442118,-127.458608889865,1.5));
#10035=CARTESIAN_POINT('Origin',(154.831900390856,-126.1591662842,1.5));
#10036=CARTESIAN_POINT('Origin',(153.083536177133,-129.191199030753,1.5));
#10037=CARTESIAN_POINT('Origin',(153.083536177133,-129.191199030753,0.));
#10038=CARTESIAN_POINT('Origin',(135.602696113133,-115.071010110504,1.5));
#10039=CARTESIAN_POINT('',(170.392734823094,-135.132026517297,0.));
#10040=CARTESIAN_POINT('',(169.643435874356,-136.431469122962,1.5));
#10041=CARTESIAN_POINT('Origin',(170.392734823094,-135.132026517297,1.5));
#10042=CARTESIAN_POINT('',(134.853397164395,-116.37045271617,1.5));
#10043=CARTESIAN_POINT('',(135.602696113133,-115.071010110504,0.));
#10044=CARTESIAN_POINT('Ctrl Pts',(170.392734823094,-135.132026517297,0.));
#10045=CARTESIAN_POINT('Ctrl Pts',(170.825882358316,-135.381792833543,0.));
#10046=CARTESIAN_POINT('Ctrl Pts',(171.075648674562,-134.948645298321,0.));
#10047=CARTESIAN_POINT('Ctrl Pts',(169.643435874356,-136.431469122962,-2.19359805845726E-14));
#10048=CARTESIAN_POINT('Ctrl Pts',(171.376026015243,-137.430534387947,-2.19202411472133E-14));
#10049=CARTESIAN_POINT('Ctrl Pts',(172.375091280228,-135.697944247059,-2.19111652989875E-14));
#10050=CARTESIAN_POINT('Ctrl Pts',(169.643435874356,-136.431469122962,1.5));
#10051=CARTESIAN_POINT('Ctrl Pts',(171.376026015243,-137.430534387947,1.5));
#10052=CARTESIAN_POINT('Ctrl Pts',(172.375091280228,-135.697944247059,1.5));
#10053=CARTESIAN_POINT('',(171.075648674562,-134.948645298321,0.));
#10054=CARTESIAN_POINT('',(172.375091280228,-135.697944247059,1.5));
#10055=CARTESIAN_POINT('Origin',(171.075648674562,-134.948645298321,1.5));
#10056=CARTESIAN_POINT('Origin',(170.64250113934,-134.698878982075,1.5));
#10057=CARTESIAN_POINT('Origin',(170.64250113934,-134.698878982075,0.));
#10058=CARTESIAN_POINT('Origin',(175.342706149628,-127.548666567188,1.5));
#10059=CARTESIAN_POINT('',(184.433150306838,-111.783916780483,0.));
#10060=CARTESIAN_POINT('',(185.732592912504,-112.533215729221,1.5));
#10061=CARTESIAN_POINT('Origin',(184.433150306838,-111.783916780483,1.5));
#10062=CARTESIAN_POINT('',(176.642148755294,-128.297965515926,1.5));
#10063=CARTESIAN_POINT('',(175.342706149628,-127.548666567188,0.));
#10064=CARTESIAN_POINT('Ctrl Pts',(184.433150306838,-111.783916780483,0.));
#10065=CARTESIAN_POINT('Ctrl Pts',(184.500002771616,-111.667980489404,0.));
#10066=CARTESIAN_POINT('Ctrl Pts',(184.500002771616,-111.534150464237,0.));
#10067=CARTESIAN_POINT('Ctrl Pts',(185.732592912504,-112.533215729221,-1.4489293437767E-14));
#10068=CARTESIAN_POINT('Ctrl Pts',(186.000002771616,-112.069470564904,-1.44979973676215E-14));
#10069=CARTESIAN_POINT('Ctrl Pts',(186.000002771616,-111.534150464237,-1.44979973676215E-14));
#10070=CARTESIAN_POINT('Ctrl Pts',(185.732592912504,-112.533215729221,1.5));
#10071=CARTESIAN_POINT('Ctrl Pts',(186.000002771616,-112.069470564904,1.5));
#10072=CARTESIAN_POINT('Ctrl Pts',(186.000002771616,-111.534150464237,1.5));
#10073=CARTESIAN_POINT('',(184.500002771616,-111.534150464237,0.));
#10074=CARTESIAN_POINT('',(186.000002771616,-111.534150464237,1.5));
#10075=CARTESIAN_POINT('Origin',(184.500002771616,-111.534150464237,1.5));
#10076=CARTESIAN_POINT('Origin',(184.000002771616,-111.534150464237,1.5));
#10077=CARTESIAN_POINT('Origin',(184.000002771616,-111.534150464237,0.));
#10078=CARTESIAN_POINT('Origin',(184.500002771616,-99.6423690172745,1.5));
#10079=CARTESIAN_POINT('',(184.500002771616,-46.0000006556511,0.));
#10080=CARTESIAN_POINT('',(186.000002771616,-46.0000006556511,1.5));
#10081=CARTESIAN_POINT('Origin',(184.500002771616,-46.0000006556511,1.5));
#10082=CARTESIAN_POINT('',(186.000002771616,-99.6423690172745,1.5));
#10083=CARTESIAN_POINT('',(184.500002771616,-99.6423690172745,0.));
#10084=CARTESIAN_POINT('Ctrl Pts',(184.500002771616,-46.0000006556511,0.));
#10085=CARTESIAN_POINT('Ctrl Pts',(184.500002771616,-45.5000006556511,0.));
#10086=CARTESIAN_POINT('Ctrl Pts',(184.000002771616,-45.5000006556511,0.));
#10087=CARTESIAN_POINT('Ctrl Pts',(186.000002771616,-46.0000006556511,-1.1916728835368E-14));
#10088=CARTESIAN_POINT('Ctrl Pts',(186.000002771616,-44.0000006556511,-1.1916728835368E-14));
#10089=CARTESIAN_POINT('Ctrl Pts',(184.000002771616,-44.0000006556511,-1.19348975147204E-14));
#10090=CARTESIAN_POINT('Ctrl Pts',(186.000002771616,-46.0000006556511,1.5));
#10091=CARTESIAN_POINT('Ctrl Pts',(186.000002771616,-44.0000006556511,1.5));
#10092=CARTESIAN_POINT('Ctrl Pts',(184.000002771616,-44.0000006556511,1.5));
#10093=CARTESIAN_POINT('',(184.000002771616,-45.5000006556511,0.));
#10094=CARTESIAN_POINT('',(184.000002771616,-44.0000006556511,1.5));
#10095=CARTESIAN_POINT('Origin',(184.000002771616,-45.5000006556511,1.5));
#10096=CARTESIAN_POINT('Origin',(184.000002771616,-46.0000006556511,1.5));
#10097=CARTESIAN_POINT('Origin',(184.000002771616,-46.0000006556511,0.));
#10098=CARTESIAN_POINT('Origin',(156.25000170432,-45.5000006556511,1.5));
#10099=CARTESIAN_POINT('',(149.000002190471,-45.5000006556511,0.));
#10100=CARTESIAN_POINT('',(149.000002190471,-44.0000006556511,1.5));
#10101=CARTESIAN_POINT('Origin',(149.000002190471,-45.5000006556511,1.5));
#10102=CARTESIAN_POINT('',(156.25000170432,-44.0000006556511,1.5));
#10103=CARTESIAN_POINT('',(156.25000170432,-45.5000006556511,0.));
#10104=CARTESIAN_POINT('Origin',(149.000002190471,-42.0000006556511,1.5));
#10105=CARTESIAN_POINT('',(145.968912471752,-43.7499992605299,0.));
#10106=CARTESIAN_POINT('',(147.267950922631,-42.999999858439,1.5));
#10107=CARTESIAN_POINT('Origin',(145.968912471752,-43.7499992605299,1.5));
#10108=CARTESIAN_POINT('Origin',(149.000002190471,-42.0000006556511,1.5));
#10109=CARTESIAN_POINT('Origin',(149.000002190471,-42.0000006556511,0.));
#10110=CARTESIAN_POINT('Ctrl Pts',(145.968912471752,-43.7499992605299,0.));
#10111=CARTESIAN_POINT('Ctrl Pts',(145.824574942811,-43.4999990612268,0.));
#10112=CARTESIAN_POINT('Ctrl Pts',(145.535899654792,-43.4999990612268,0.));
#10113=CARTESIAN_POINT('Ctrl Pts',(147.267950922631,-42.999999858439,-5.25782482491586E-15));
#10114=CARTESIAN_POINT('Ctrl Pts',(146.690600806866,-41.9999990612268,-5.26306966947956E-15));
#10115=CARTESIAN_POINT('Ctrl Pts',(145.535899654792,-41.9999990612268,-5.27355936696949E-15));
#10116=CARTESIAN_POINT('Ctrl Pts',(147.267950922631,-42.999999858439,1.5));
#10117=CARTESIAN_POINT('Ctrl Pts',(146.690600806866,-41.9999990612268,1.5));
#10118=CARTESIAN_POINT('Ctrl Pts',(145.535899654792,-41.9999990612268,1.5));
#10119=CARTESIAN_POINT('',(145.535899654792,-43.4999990612268,0.));
#10120=CARTESIAN_POINT('',(145.535899654792,-41.9999990612268,1.5));
#10121=CARTESIAN_POINT('Origin',(145.535899654792,-43.4999990612268,1.5));
#10122=CARTESIAN_POINT('Origin',(145.535899654792,-43.9999990612268,1.5));
#10123=CARTESIAN_POINT('Origin',(145.535899654792,-43.9999990612268,0.));
#10124=CARTESIAN_POINT('Origin',(136.750001413748,-43.4999990612268,1.5));
#10125=CARTESIAN_POINT('',(130.000001907349,-43.4999990612268,0.));
#10126=CARTESIAN_POINT('',(130.000001907349,-41.9999990612268,1.5));
#10127=CARTESIAN_POINT('Origin',(130.000001907349,-43.4999990612268,1.5));
#10128=CARTESIAN_POINT('',(136.750001413748,-41.9999990612268,1.5));
#10129=CARTESIAN_POINT('',(136.750001413748,-43.4999990612268,0.));
#10130=CARTESIAN_POINT('Origin',(130.000001907349,-39.9999990612268,1.5));
#10131=CARTESIAN_POINT('',(126.500001907349,-39.9999990612269,0.));
#10132=CARTESIAN_POINT('',(128.000001907349,-39.9999990612268,1.5));
#10133=CARTESIAN_POINT('Origin',(126.500001907349,-39.9999990612269,1.5));
#10134=CARTESIAN_POINT('Origin',(130.000001907349,-39.9999990612268,1.5));
#10135=CARTESIAN_POINT('Origin',(130.000001907349,-39.9999990612268,0.));
#10136=CARTESIAN_POINT('Origin',(126.500001907349,-64.6076332654359,1.5));
#10137=CARTESIAN_POINT('',(126.500001907349,-39.000000551343,0.));
#10138=CARTESIAN_POINT('',(128.000001907349,-39.000000551343,1.5));
#10139=CARTESIAN_POINT('Origin',(126.500001907349,-39.000000551343,1.5));
#10140=CARTESIAN_POINT('',(128.000001907349,-64.6076332654359,1.5));
#10141=CARTESIAN_POINT('',(126.500001907349,-64.6076332654359,0.));
#10142=CARTESIAN_POINT('Ctrl Pts',(126.500001907349,-39.000000551343,0.));
#10143=CARTESIAN_POINT('Ctrl Pts',(126.500001907349,-38.500000551343,0.));
#10144=CARTESIAN_POINT('Ctrl Pts',(126.000001907349,-38.500000551343,0.));
#10145=CARTESIAN_POINT('Ctrl Pts',(128.000001907349,-39.000000551343,-1.61941028196971E-15));
#10146=CARTESIAN_POINT('Ctrl Pts',(128.000001907349,-37.000000551343,-1.61941028196971E-15));
#10147=CARTESIAN_POINT('Ctrl Pts',(126.000001907349,-37.000000551343,-1.66533453693773E-15));
#10148=CARTESIAN_POINT('Ctrl Pts',(128.000001907349,-39.000000551343,1.5));
#10149=CARTESIAN_POINT('Ctrl Pts',(128.000001907349,-37.000000551343,1.5));
#10150=CARTESIAN_POINT('Ctrl Pts',(126.000001907349,-37.000000551343,1.5));
#10151=CARTESIAN_POINT('',(126.000001907349,-38.500000551343,0.));
#10152=CARTESIAN_POINT('',(126.000001907349,-37.000000551343,1.5));
#10153=CARTESIAN_POINT('Origin',(126.000001907349,-38.500000551343,1.5));
#10154=CARTESIAN_POINT('Origin',(126.000001907349,-39.000000551343,1.5));
#10155=CARTESIAN_POINT('Origin',(126.000001907349,-39.000000551343,0.));
#10156=CARTESIAN_POINT('Origin',(127.250001272187,-38.500000551343,1.5));
#10157=CARTESIAN_POINT('',(107.000001564622,-38.500000551343,0.));
#10158=CARTESIAN_POINT('',(107.000001564622,-37.000000551343,1.5));
#10159=CARTESIAN_POINT('Origin',(107.000001564622,-38.500000551343,1.5));
#10160=CARTESIAN_POINT('',(127.250001272187,-37.000000551343,1.5));
#10161=CARTESIAN_POINT('',(127.250001272187,-38.500000551343,0.));
#10162=CARTESIAN_POINT('Ctrl Pts',(107.000001564622,-38.500000551343,0.));
#10163=CARTESIAN_POINT('Ctrl Pts',(106.612703225384,-38.500000551343,0.));
#10164=CARTESIAN_POINT('Ctrl Pts',(106.515878644903,-38.8750005569309,0.));
#10165=CARTESIAN_POINT('Ctrl Pts',(107.000001564622,-37.000000551343,-1.08246744900953E-14));
#10166=CARTESIAN_POINT('Ctrl Pts',(105.450808207671,-37.000000551343,-1.07957491354118E-14));
#10167=CARTESIAN_POINT('Ctrl Pts',(105.063509885747,-38.5000005736947,-1.07885177970642E-14));
#10168=CARTESIAN_POINT('Ctrl Pts',(107.000001564622,-37.000000551343,1.5));
#10169=CARTESIAN_POINT('Ctrl Pts',(105.450808207671,-37.000000551343,1.5));
#10170=CARTESIAN_POINT('Ctrl Pts',(105.063509885747,-38.5000005736947,1.5));
#10171=CARTESIAN_POINT('',(106.515878644903,-38.8750005569309,0.));
#10172=CARTESIAN_POINT('',(105.063509885747,-38.5000005736947,1.5));
#10173=CARTESIAN_POINT('Origin',(106.515878644903,-38.8750005569309,1.5));
#10174=CARTESIAN_POINT('Origin',(107.000001564622,-39.000000551343,1.5));
#10175=CARTESIAN_POINT('Origin',(107.000001564622,-39.000000551343,0.));
#10176=CARTESIAN_POINT('Origin',(103.127018206872,-38.0000005960464,1.5));
#10177=CARTESIAN_POINT('',(103.127018206872,-41.5000005960464,0.));
#10178=CARTESIAN_POINT('',(103.127018206872,-40.0000005960464,1.5));
#10179=CARTESIAN_POINT('Origin',(103.127018206872,-41.5000005960464,1.5));
#10180=CARTESIAN_POINT('Origin',(103.127018206872,-38.0000005960464,1.5));
#10181=CARTESIAN_POINT('Origin',(103.127018206872,-38.0000005960464,0.));
#10182=CARTESIAN_POINT('Origin',(115.750001100823,-41.5000005960464,1.5));
#10183=CARTESIAN_POINT('',(88.0000012814999,-41.5000005960464,0.));
#10184=CARTESIAN_POINT('',(88.0000012814999,-40.0000005960464,1.5));
#10185=CARTESIAN_POINT('Origin',(88.0000012814999,-41.5000005960464,1.5));
#10186=CARTESIAN_POINT('',(115.750001100823,-40.0000005960464,1.5));
#10187=CARTESIAN_POINT('',(115.750001100823,-41.5000005960464,0.));
#10188=CARTESIAN_POINT('Ctrl Pts',(88.0000012814999,-41.5000005960464,0.));
#10189=CARTESIAN_POINT('Ctrl Pts',(87.5000012814999,-41.5000005960464,0.));
#10190=CARTESIAN_POINT('Ctrl Pts',(87.5000012814999,-42.0000005960464,0.));
#10191=CARTESIAN_POINT('Ctrl Pts',(88.0000012814999,-40.0000005960464,-1.08246744900953E-14));
#10192=CARTESIAN_POINT('Ctrl Pts',(86.0000012814998,-40.0000005960464,-1.07873320182163E-14));
#10193=CARTESIAN_POINT('Ctrl Pts',(86.0000012814998,-42.0000005960464,-1.07873320182163E-14));
#10194=CARTESIAN_POINT('Ctrl Pts',(88.0000012814999,-40.0000005960464,1.5));
#10195=CARTESIAN_POINT('Ctrl Pts',(86.0000012814998,-40.0000005960464,1.5));
#10196=CARTESIAN_POINT('Ctrl Pts',(86.0000012814998,-42.0000005960464,1.5));
#10197=CARTESIAN_POINT('',(87.5000012814998,-42.0000005960464,0.));
#10198=CARTESIAN_POINT('',(86.0000012814999,-42.0000005960464,1.5));
#10199=CARTESIAN_POINT('Origin',(87.5000012814998,-42.0000005960464,1.5));
#10200=CARTESIAN_POINT('Origin',(88.0000012814999,-42.0000005960464,1.5));
#10201=CARTESIAN_POINT('Origin',(88.0000012814999,-42.0000005960464,0.));
#10202=CARTESIAN_POINT('Origin',(87.5000012814998,-63.6076340328457,1.5));
#10203=CARTESIAN_POINT('',(87.5000012814998,-46.0000007152557,0.));
#10204=CARTESIAN_POINT('',(86.0000012814999,-46.0000007152557,1.5));
#10205=CARTESIAN_POINT('Origin',(87.5000012814998,-46.0000007152557,1.5));
#10206=CARTESIAN_POINT('',(86.0000012814999,-63.6076340328457,1.5));
#10207=CARTESIAN_POINT('',(87.5000012814998,-63.6076340328457,0.));
#10208=CARTESIAN_POINT('Origin',(84.0000012814999,-46.0000007152557,1.5));
#10209=CARTESIAN_POINT('',(84.0000012814999,-49.5000007152557,0.));
#10210=CARTESIAN_POINT('',(84.0000012814999,-48.0000007152557,1.5));
#10211=CARTESIAN_POINT('Origin',(84.0000012814999,-49.5000007152557,1.5));
#10212=CARTESIAN_POINT('Origin',(84.0000012814999,-46.0000007152557,1.5));
#10213=CARTESIAN_POINT('Origin',(84.0000012814999,-46.0000007152557,0.));
#10214=CARTESIAN_POINT('Origin',(106.250000959262,-49.5000007152557,1.5));
#10215=CARTESIAN_POINT('',(69.0000009151797,-49.5000007152557,0.));
#10216=CARTESIAN_POINT('',(69.0000009151797,-48.0000007152557,1.5));
#10217=CARTESIAN_POINT('Origin',(69.0000009151797,-49.5000007152557,1.5));
#10218=CARTESIAN_POINT('',(106.250000959262,-48.0000007152557,1.5));
#10219=CARTESIAN_POINT('',(106.250000959262,-49.5000007152557,0.));
#10220=CARTESIAN_POINT('Ctrl Pts',(69.0000009151797,-49.5000007152557,0.));
#10221=CARTESIAN_POINT('Ctrl Pts',(68.5000009359792,-49.5000007152557,0.));
#10222=CARTESIAN_POINT('Ctrl Pts',(68.5000009151797,-50.0000006944562,0.));
#10223=CARTESIAN_POINT('Ctrl Pts',(69.0000009151797,-48.0000007152557,-1.66533453693773E-15));
#10224=CARTESIAN_POINT('Ctrl Pts',(67.0000009983778,-48.0000007152557,-1.71125878999535E-15));
#10225=CARTESIAN_POINT('Ctrl Pts',(67.0000009151797,-50.0000006320576,-1.71125879190576E-15));
#10226=CARTESIAN_POINT('Ctrl Pts',(69.0000009151797,-48.0000007152557,1.5));
#10227=CARTESIAN_POINT('Ctrl Pts',(67.0000009983778,-48.0000007152557,1.5));
#10228=CARTESIAN_POINT('Ctrl Pts',(67.0000009151797,-50.0000006320576,1.5));
#10229=CARTESIAN_POINT('',(68.5000009151797,-50.0000006944562,0.));
#10230=CARTESIAN_POINT('',(67.0000009151797,-50.0000006320576,1.5));
#10231=CARTESIAN_POINT('Origin',(68.5000009151797,-50.0000006944562,1.5));
#10232=CARTESIAN_POINT('Origin',(69.0000009151797,-50.0000007152557,1.5));
#10233=CARTESIAN_POINT('Origin',(69.0000009151797,-50.0000007152557,0.));
#10234=CARTESIAN_POINT('Origin',(68.5000001827184,-67.6076329172765,1.5));
#10235=CARTESIAN_POINT('',(67.0000001827185,-67.6076328548779,1.5));
#10236=CARTESIAN_POINT('',(68.5000001827184,-67.6076329172765,0.));
#10237=CARTESIAN_POINT('Origin',(147.000002190471,-41.9999990612268,0.));
#10238=CARTESIAN_POINT('',(130.000001907349,-41.9999990612268,8.85));
#10239=CARTESIAN_POINT('',(130.000001907349,-41.9999990612268,0.));
#10240=CARTESIAN_POINT('',(145.535899654792,-41.9999990612268,8.85));
#10241=CARTESIAN_POINT('',(136.750001413748,-41.9999990612268,8.85));
#10242=CARTESIAN_POINT('',(145.535899654792,-41.9999990612268,0.));
#10243=CARTESIAN_POINT('Origin',(130.000001907349,-39.9999990612268,0.));
#10244=CARTESIAN_POINT('',(128.000001907349,-39.9999990612268,8.85));
#10245=CARTESIAN_POINT('',(128.000001907349,-39.9999990612268,0.));
#10246=CARTESIAN_POINT('Origin',(130.000001907349,-39.9999990612268,8.85));
#10247=CARTESIAN_POINT('Origin',(128.000001907349,-41.9999990612268,0.));
#10248=CARTESIAN_POINT('',(128.000001907349,-39.000000551343,8.85));
#10249=CARTESIAN_POINT('',(128.000001907349,-39.000000551343,0.));
#10250=CARTESIAN_POINT('',(128.000001907349,-64.6076332654359,8.85));
#10251=CARTESIAN_POINT('Origin',(126.000001907349,-39.000000551343,0.));
#10252=CARTESIAN_POINT('',(126.000001907349,-37.000000551343,8.85));
#10253=CARTESIAN_POINT('',(126.000001907349,-37.000000551343,0.));
#10254=CARTESIAN_POINT('Origin',(126.000001907349,-39.000000551343,8.85));
#10255=CARTESIAN_POINT('Origin',(128.000001907349,-37.000000551343,0.));
#10256=CARTESIAN_POINT('',(107.000001564622,-37.000000551343,8.85));
#10257=CARTESIAN_POINT('',(107.000001564622,-37.000000551343,0.));
#10258=CARTESIAN_POINT('',(127.250001272187,-37.000000551343,8.85));
#10259=CARTESIAN_POINT('Origin',(107.000001564622,-39.000000551343,0.));
#10260=CARTESIAN_POINT('',(105.063509885747,-38.5000005736947,8.85));
#10261=CARTESIAN_POINT('',(105.063509885747,-38.5000005736947,0.));
#10262=CARTESIAN_POINT('Origin',(107.000001564622,-39.000000551343,8.85));
#10263=CARTESIAN_POINT('Origin',(103.127018206872,-38.0000005960464,0.));
#10264=CARTESIAN_POINT('',(103.127018206872,-40.0000005960464,8.85));
#10265=CARTESIAN_POINT('',(103.127018206872,-40.0000005960464,0.));
#10266=CARTESIAN_POINT('Origin',(103.127018206872,-38.0000005960464,8.85));
#10267=CARTESIAN_POINT('Origin',(105.000001564622,-40.0000005960464,0.));
#10268=CARTESIAN_POINT('',(88.0000012814999,-40.0000005960464,8.85));
#10269=CARTESIAN_POINT('',(88.0000012814999,-40.0000005960464,0.));
#10270=CARTESIAN_POINT('',(115.750001100823,-40.0000005960464,8.85));
#10271=CARTESIAN_POINT('Origin',(88.0000012814999,-42.0000005960464,0.));
#10272=CARTESIAN_POINT('',(86.0000012814999,-42.0000005960464,8.85));
#10273=CARTESIAN_POINT('',(86.0000012814999,-42.0000005960464,0.));
#10274=CARTESIAN_POINT('Origin',(88.0000012814999,-42.0000005960464,8.85));
#10275=CARTESIAN_POINT('Origin',(86.0000012814999,-40.0000005960464,0.));
#10276=CARTESIAN_POINT('',(86.0000012814999,-46.0000007152557,8.85));
#10277=CARTESIAN_POINT('',(86.0000012814999,-46.0000007152557,0.));
#10278=CARTESIAN_POINT('',(86.0000012814999,-63.6076340328457,8.85));
#10279=CARTESIAN_POINT('Origin',(84.0000012814999,-46.0000007152557,0.));
#10280=CARTESIAN_POINT('',(84.0000012814999,-48.0000007152557,8.85));
#10281=CARTESIAN_POINT('',(84.0000012814999,-48.0000007152557,0.));
#10282=CARTESIAN_POINT('Origin',(84.0000012814999,-46.0000007152557,8.85));
#10283=CARTESIAN_POINT('Origin',(86.0000012814999,-48.0000007152557,0.));
#10284=CARTESIAN_POINT('',(69.0000009151797,-48.0000007152557,8.85));
#10285=CARTESIAN_POINT('',(69.0000009151797,-48.0000007152557,0.));
#10286=CARTESIAN_POINT('',(106.250000959262,-48.0000007152557,8.85));
#10287=CARTESIAN_POINT('Origin',(69.0000009151797,-50.0000007152557,0.));
#10288=CARTESIAN_POINT('',(67.0000009151797,-50.0000006320576,8.85));
#10289=CARTESIAN_POINT('',(67.0000009151797,-50.0000006320576,0.));
#10290=CARTESIAN_POINT('Origin',(69.0000009151797,-50.0000007152557,8.85));
#10291=CARTESIAN_POINT('Origin',(67.0000009983778,-48.0000007152557,0.));
#10292=CARTESIAN_POINT('',(66.9999985024333,-108.000001609325,8.85));
#10293=CARTESIAN_POINT('',(66.9999985024333,-108.000001609325,0.));
#10294=CARTESIAN_POINT('',(67.0000001827185,-67.6076328548779,8.85));
#10295=CARTESIAN_POINT('Origin',(68.7320493186054,-107.000001624227,0.));
#10296=CARTESIAN_POINT('',(68.7320493186054,-109.000001624227,8.85));
#10297=CARTESIAN_POINT('',(68.7320493186054,-109.000001624227,0.));
#10298=CARTESIAN_POINT('Origin',(68.7320493186054,-107.000001624227,8.85));
#10299=CARTESIAN_POINT('Origin',(126.500000637025,-87.215267469645,0.));
#10300=CARTESIAN_POINT('Origin',(138.042198291394,-123.348873885793,8.85));
#10301=CARTESIAN_POINT('',(116.356785561811,-120.479590240445,9.1));
#10302=CARTESIAN_POINT('',(154.025550722665,-125.463695139176,9.1));
#10303=CARTESIAN_POINT('',(138.042198291394,-123.348873885793,9.1));
#10304=CARTESIAN_POINT('',(154.107488597007,-125.222357787663,8.85));
#10305=CARTESIAN_POINT('Origin',(154.025550722665,-125.463695139176,8.85));
#10306=CARTESIAN_POINT('',(116.496257480643,-120.24586544835,8.85));
#10307=CARTESIAN_POINT('',(138.074990985487,-123.101033939025,8.85));
#10308=CARTESIAN_POINT('Origin',(116.356785561811,-120.479590240445,8.85));
#10309=CARTESIAN_POINT('Origin',(143.632852880354,-119.470942913069,8.85));
#10310=CARTESIAN_POINT('',(170.708483519924,-135.083592126051,9.1));
#10311=CARTESIAN_POINT('',(143.632852880354,-119.470942913069,9.1));
#10312=CARTESIAN_POINT('',(170.617049040936,-134.742282893115,8.85));
#10313=CARTESIAN_POINT('Origin',(170.708483519924,-135.083592126051,8.85));
#10314=CARTESIAN_POINT('',(143.757736038477,-119.254369145458,8.85));
#10315=CARTESIAN_POINT('Origin',(182.316529718772,-115.007724318841,8.85));
#10316=CARTESIAN_POINT('',(184.298658333333,-111.579675243125,9.1));
#10317=CARTESIAN_POINT('',(182.316529718772,-115.007724318841,9.1));
#10318=CARTESIAN_POINT('',(184.048658333333,-111.512601689826,8.85));
#10319=CARTESIAN_POINT('Origin',(184.298658333333,-111.579675243125,8.85));
#10320=CARTESIAN_POINT('',(182.100103882928,-114.8825849662,8.85));
#10321=CARTESIAN_POINT('Origin',(184.298658333333,-94.6076345171335,8.85));
#10322=CARTESIAN_POINT('',(184.298658333333,-103.000001564622,9.1));
#10323=CARTESIAN_POINT('',(184.298658333333,-94.6076345171335,9.1));
#10324=CARTESIAN_POINT('',(184.048658333333,-103.000001564622,8.85));
#10325=CARTESIAN_POINT('Origin',(184.298658333333,-103.000001564622,8.85));
#10326=CARTESIAN_POINT('',(184.048658333333,-94.6076345171335,8.85));
#10327=CARTESIAN_POINT('Origin',(184.298658333333,-103.000001564622,8.1));
#10328=CARTESIAN_POINT('',(184.298658333333,-102.000001564622,8.1));
#10329=CARTESIAN_POINT('',(184.048658333333,-102.250001564622,8.1));
#10330=CARTESIAN_POINT('Origin',(184.298658333333,-102.250001564622,8.1));
#10331=CARTESIAN_POINT('Origin',(184.048658333333,-103.000001564622,8.1));
#10332=CARTESIAN_POINT('Origin',(184.298658333333,-103.000001564622,8.1));
#10333=CARTESIAN_POINT('Origin',(184.298658333333,-102.250001564622,0.));
#10334=CARTESIAN_POINT('',(184.298658333333,-102.000001564622,7.6));
#10335=CARTESIAN_POINT('',(184.048658333333,-102.250001564622,7.6));
#10336=CARTESIAN_POINT('Origin',(184.298658333333,-102.250001564622,7.6));
#10337=CARTESIAN_POINT('',(184.048658333333,-102.250001564622,0.));
#10338=CARTESIAN_POINT('',(184.298658333333,-102.000001564622,0.));
#10339=CARTESIAN_POINT('Origin',(184.298658333333,-101.000001564622,7.6));
#10340=CARTESIAN_POINT('',(184.298658333333,-101.000001564622,6.6));
#10341=CARTESIAN_POINT('',(184.048658333333,-101.000001564622,6.35));
#10342=CARTESIAN_POINT('Origin',(184.298658333333,-101.000001564622,6.35));
#10343=CARTESIAN_POINT('Origin',(184.048658333333,-101.000001564622,7.6));
#10344=CARTESIAN_POINT('Origin',(184.298658333333,-101.000001564622,7.6));
#10345=CARTESIAN_POINT('Origin',(184.298658333333,-97.0000014789402,6.35));
#10346=CARTESIAN_POINT('',(184.298658333333,-83.0000012218952,6.6));
#10347=CARTESIAN_POINT('',(184.048658333333,-83.0000012218952,6.35));
#10348=CARTESIAN_POINT('Origin',(184.298658333333,-83.0000012218952,6.35));
#10349=CARTESIAN_POINT('',(184.048658333333,-97.0000014789402,6.35));
#10350=CARTESIAN_POINT('',(184.298658333333,-97.0000014789402,6.6));
#10351=CARTESIAN_POINT('Origin',(184.298658333333,-83.0000012218952,7.6));
#10352=CARTESIAN_POINT('',(184.298658333333,-82.0000012218952,7.6));
#10353=CARTESIAN_POINT('',(184.048658333333,-81.7500012218952,7.6));
#10354=CARTESIAN_POINT('Origin',(184.298658333333,-81.7500012218952,7.6));
#10355=CARTESIAN_POINT('Origin',(184.048658333333,-83.0000012218952,7.6));
#10356=CARTESIAN_POINT('Origin',(184.298658333333,-83.0000012218952,7.6));
#10357=CARTESIAN_POINT('Origin',(184.298658333333,-81.7500012218952,0.));
#10358=CARTESIAN_POINT('',(184.298658333333,-82.0000012218952,8.1));
#10359=CARTESIAN_POINT('',(184.048658333333,-81.7500012218952,8.1));
#10360=CARTESIAN_POINT('Origin',(184.298658333333,-81.7500012218952,8.1));
#10361=CARTESIAN_POINT('',(184.048658333333,-81.7500012218952,0.));
#10362=CARTESIAN_POINT('',(184.298658333333,-82.0000012218952,0.));
#10363=CARTESIAN_POINT('Origin',(184.298658333333,-81.0000012218952,8.1));
#10364=CARTESIAN_POINT('',(184.298658333333,-81.0000012218952,9.1));
#10365=CARTESIAN_POINT('',(184.048658333333,-81.0000012218952,8.85));
#10366=CARTESIAN_POINT('Origin',(184.298658333333,-81.0000012218952,8.85));
#10367=CARTESIAN_POINT('Origin',(184.048658333333,-81.0000012218952,8.1));
#10368=CARTESIAN_POINT('Origin',(184.298658333333,-81.0000012218952,8.1));
#10369=CARTESIAN_POINT('Origin',(184.298658333333,-94.6076345171335,8.85));
#10370=CARTESIAN_POINT('',(184.298658333333,-46.9499989718199,9.1));
#10371=CARTESIAN_POINT('',(184.048658333333,-46.9499989718199,8.85));
#10372=CARTESIAN_POINT('Origin',(184.298658333333,-46.9499989718199,8.85));
#10373=CARTESIAN_POINT('',(184.048658333333,-94.6076345171335,8.85));
#10374=CARTESIAN_POINT('',(184.298658333333,-94.6076345171335,9.1));
#10375=CARTESIAN_POINT('Origin',(183.048658333333,-46.9499989718199,8.85));
#10376=CARTESIAN_POINT('',(183.048658333333,-45.6999989718199,9.1));
#10377=CARTESIAN_POINT('',(183.048658333333,-45.9499989718199,8.85));
#10378=CARTESIAN_POINT('Origin',(183.048658333333,-45.6999989718199,8.85));
#10379=CARTESIAN_POINT('Origin',(183.048658333333,-46.9499989718199,8.85));
#10380=CARTESIAN_POINT('Origin',(183.048658333333,-46.9499989718199,9.1));
#10381=CARTESIAN_POINT('Origin',(135.750001398847,-45.6999989718199,8.85));
#10382=CARTESIAN_POINT('',(183.000002712011,-45.6999989718199,9.1));
#10383=CARTESIAN_POINT('',(183.000002712011,-45.9499989718199,8.85));
#10384=CARTESIAN_POINT('Origin',(183.000002712011,-45.6999989718199,8.85));
#10385=CARTESIAN_POINT('',(135.750001398847,-45.9499989718199,8.85));
#10386=CARTESIAN_POINT('',(135.750001398847,-45.6999989718199,9.1));
#10387=CARTESIAN_POINT('Origin',(183.000002712011,-45.6999989718199,8.1));
#10388=CARTESIAN_POINT('',(182.000002712011,-45.6999989718199,8.1));
#10389=CARTESIAN_POINT('',(182.250002712011,-45.9499989718199,8.1));
#10390=CARTESIAN_POINT('Origin',(182.250002712011,-45.6999989718199,8.1));
#10391=CARTESIAN_POINT('Origin',(183.000002712011,-45.9499989718199,8.1));
#10392=CARTESIAN_POINT('Origin',(183.000002712011,-45.6999989718199,8.1));
#10393=CARTESIAN_POINT('Origin',(182.250002712011,-45.6999989718199,0.));
#10394=CARTESIAN_POINT('',(182.000002712011,-45.6999989718199,7.6));
#10395=CARTESIAN_POINT('',(182.250002712011,-45.9499989718199,7.6));
#10396=CARTESIAN_POINT('Origin',(182.250002712011,-45.6999989718199,7.6));
#10397=CARTESIAN_POINT('',(182.250002712011,-45.9499989718199,0.));
#10398=CARTESIAN_POINT('',(182.000002712011,-45.6999989718199,0.));
#10399=CARTESIAN_POINT('Origin',(181.000002712011,-45.6999989718199,7.6));
#10400=CARTESIAN_POINT('',(181.000002712011,-45.6999989718199,6.6));
#10401=CARTESIAN_POINT('',(181.000002712011,-45.9499989718199,6.35));
#10402=CARTESIAN_POINT('Origin',(181.000002712011,-45.6999989718199,6.35));
#10403=CARTESIAN_POINT('Origin',(181.000002712011,-45.9499989718199,7.6));
#10404=CARTESIAN_POINT('Origin',(181.000002712011,-45.6999989718199,7.6));
#10405=CARTESIAN_POINT('Origin',(135.750001398847,-45.6999989718199,6.35));
#10406=CARTESIAN_POINT('',(167.000002473593,-45.6999989718199,6.6));
#10407=CARTESIAN_POINT('',(167.000002473593,-45.9499989718199,6.35));
#10408=CARTESIAN_POINT('Origin',(167.000002473593,-45.6999989718199,6.35));
#10409=CARTESIAN_POINT('',(135.750001398847,-45.9499989718199,6.35));
#10410=CARTESIAN_POINT('',(135.750001398847,-45.6999989718199,6.6));
#10411=CARTESIAN_POINT('Origin',(167.000002473593,-45.6999989718199,7.6));
#10412=CARTESIAN_POINT('',(166.000002473593,-45.6999989718199,7.6));
#10413=CARTESIAN_POINT('',(165.750002473593,-45.9499989718199,7.6));
#10414=CARTESIAN_POINT('Origin',(165.750002473593,-45.6999989718199,7.6));
#10415=CARTESIAN_POINT('Origin',(167.000002473593,-45.9499989718199,7.6));
#10416=CARTESIAN_POINT('Origin',(167.000002473593,-45.6999989718199,7.6));
#10417=CARTESIAN_POINT('Origin',(165.750002473593,-45.6999989718199,0.));
#10418=CARTESIAN_POINT('',(166.000002473593,-45.6999989718199,8.1));
#10419=CARTESIAN_POINT('',(165.750002473593,-45.9499989718199,8.1));
#10420=CARTESIAN_POINT('Origin',(165.750002473593,-45.6999989718199,8.1));
#10421=CARTESIAN_POINT('',(165.750002473593,-45.9499989718199,0.));
#10422=CARTESIAN_POINT('',(166.000002473593,-45.6999989718199,0.));
#10423=CARTESIAN_POINT('Origin',(165.000002473593,-45.6999989718199,8.1));
#10424=CARTESIAN_POINT('',(165.000002473593,-45.6999989718199,9.1));
#10425=CARTESIAN_POINT('',(165.000002473593,-45.9499989718199,8.85));
#10426=CARTESIAN_POINT('Origin',(165.000002473593,-45.6999989718199,8.85));
#10427=CARTESIAN_POINT('Origin',(165.000002473593,-45.9499989718199,8.1));
#10428=CARTESIAN_POINT('Origin',(165.000002473593,-45.6999989718199,8.1));
#10429=CARTESIAN_POINT('Origin',(135.750001398847,-45.6999989718199,8.85));
#10430=CARTESIAN_POINT('',(146.050002160668,-45.6999989718199,9.1));
#10431=CARTESIAN_POINT('',(146.050002160668,-45.9499989718199,8.85));
#10432=CARTESIAN_POINT('Origin',(146.050002160668,-45.6999989718199,8.85));
#10433=CARTESIAN_POINT('',(135.750001398847,-45.9499989718199,8.85));
#10434=CARTESIAN_POINT('',(135.750001398847,-45.6999989718199,9.1));
#10435=CARTESIAN_POINT('Origin',(146.050002160668,-44.9499989718199,8.85));
#10436=CARTESIAN_POINT('',(145.300002160668,-44.9499990053475,9.1));
#10437=CARTESIAN_POINT('',(145.050002160668,-44.9499990165233,8.85));
#10438=CARTESIAN_POINT('Origin',(145.300002160668,-44.9499990053475,8.85));
#10439=CARTESIAN_POINT('Origin',(146.050002160668,-44.9499989718199,8.85));
#10440=CARTESIAN_POINT('Origin',(146.050002160668,-44.9499989718199,9.1));
#10441=CARTESIAN_POINT('Origin',(144.050002160668,-44.9499990165233,8.85));
#10442=CARTESIAN_POINT('',(144.050002160668,-43.6999990165233,9.1));
#10443=CARTESIAN_POINT('',(144.050002160668,-43.9499990165234,8.85));
#10444=CARTESIAN_POINT('Origin',(144.050002160668,-43.6999990165233,8.85));
#10445=CARTESIAN_POINT('Origin',(144.050002160668,-44.9499990165233,8.85));
#10446=CARTESIAN_POINT('Origin',(144.050002160668,-44.9499990165233,9.1));
#10447=CARTESIAN_POINT('Origin',(126.250001257285,-43.6999990165234,8.85));
#10448=CARTESIAN_POINT('',(127.050001877546,-43.6999990165234,9.1));
#10449=CARTESIAN_POINT('',(127.050001877546,-43.9499990165234,8.85));
#10450=CARTESIAN_POINT('Origin',(127.050001877546,-43.6999990165234,8.85));
#10451=CARTESIAN_POINT('',(126.250001257285,-43.9499990165234,8.85));
#10452=CARTESIAN_POINT('',(126.250001257285,-43.6999990165234,9.1));
#10453=CARTESIAN_POINT('Origin',(127.050001877546,-42.9499990165234,8.85));
#10454=CARTESIAN_POINT('',(126.300001877546,-42.9499990165234,9.1));
#10455=CARTESIAN_POINT('',(126.050001877546,-42.9499990165234,8.85));
#10456=CARTESIAN_POINT('Origin',(126.300001877546,-42.9499990165234,8.85));
#10457=CARTESIAN_POINT('Origin',(127.050001877546,-42.9499990165234,8.85));
#10458=CARTESIAN_POINT('Origin',(127.050001877546,-42.9499990165234,9.1));
#10459=CARTESIAN_POINT('Origin',(126.300001877546,-63.1076340253952,8.85));
#10460=CARTESIAN_POINT('',(126.300001877546,-39.9500005811453,9.1));
#10461=CARTESIAN_POINT('',(126.050001877546,-39.9500005811453,8.85));
#10462=CARTESIAN_POINT('Origin',(126.300001877546,-39.9500005811453,8.85));
#10463=CARTESIAN_POINT('',(126.050001877546,-63.1076340253952,8.85));
#10464=CARTESIAN_POINT('',(126.300001877546,-63.1076340253952,9.1));
#10465=CARTESIAN_POINT('Origin',(125.050001877546,-39.9500005811453,8.85));
#10466=CARTESIAN_POINT('',(125.050001877546,-38.7000005811453,9.1));
#10467=CARTESIAN_POINT('',(125.050001877546,-38.9500005811453,8.85));
#10468=CARTESIAN_POINT('Origin',(125.050001877546,-38.7000005811453,8.85));
#10469=CARTESIAN_POINT('Origin',(125.050001877546,-39.9500005811453,8.85));
#10470=CARTESIAN_POINT('Origin',(125.050001877546,-39.9500005811453,9.1));
#10471=CARTESIAN_POINT('Origin',(116.750001115724,-38.7000005811453,8.85));
#10472=CARTESIAN_POINT('',(107.950001594424,-38.7000005811453,9.1));
#10473=CARTESIAN_POINT('',(107.950001594424,-38.9500005811453,8.85));
#10474=CARTESIAN_POINT('Origin',(107.950001594424,-38.7000005811453,8.85));
#10475=CARTESIAN_POINT('',(116.750001115724,-38.9500005811453,8.85));
#10476=CARTESIAN_POINT('',(116.750001115724,-38.7000005811453,9.1));
#10477=CARTESIAN_POINT('Origin',(107.950001594424,-39.9500005811453,8.85));
#10478=CARTESIAN_POINT('',(106.700001594424,-39.9500005811453,9.1));
#10479=CARTESIAN_POINT('',(106.950001594424,-39.9500005811453,8.85));
#10480=CARTESIAN_POINT('Origin',(106.700001594424,-39.9500005811453,8.85));
#10481=CARTESIAN_POINT('Origin',(107.950001594424,-39.9500005811453,8.85));
#10482=CARTESIAN_POINT('Origin',(107.950001594424,-39.9500005811453,9.1));
#10483=CARTESIAN_POINT('Origin',(106.700001594424,-64.6076340477469,8.85));
#10484=CARTESIAN_POINT('',(106.700001594424,-40.9500006258488,9.1));
#10485=CARTESIAN_POINT('',(106.950001594424,-40.9500006258488,8.85));
#10486=CARTESIAN_POINT('Origin',(106.700001594424,-40.9500006258488,8.85));
#10487=CARTESIAN_POINT('',(106.950001594424,-64.6076340477469,8.85));
#10488=CARTESIAN_POINT('',(106.700001594424,-64.6076340477469,9.1));
#10489=CARTESIAN_POINT('Origin',(105.950001594424,-40.9500006258488,8.85));
#10490=CARTESIAN_POINT('',(105.950001594424,-41.7000006258488,9.1));
#10491=CARTESIAN_POINT('',(105.950001594424,-41.9500006258488,8.85));
#10492=CARTESIAN_POINT('Origin',(105.950001594424,-41.7000006258488,8.85));
#10493=CARTESIAN_POINT('Origin',(105.950001594424,-40.9500006258488,8.85));
#10494=CARTESIAN_POINT('Origin',(105.950001594424,-40.9500006258488,9.1));
#10495=CARTESIAN_POINT('Origin',(107.250000974163,-41.7000006258488,8.85));
#10496=CARTESIAN_POINT('',(88.9500013113022,-41.7000006258488,9.1));
#10497=CARTESIAN_POINT('',(88.9500013113022,-41.9500006258488,8.85));
#10498=CARTESIAN_POINT('Origin',(88.9500013113022,-41.7000006258488,8.85));
#10499=CARTESIAN_POINT('',(107.250000974163,-41.9500006258488,8.85));
#10500=CARTESIAN_POINT('',(107.250000974163,-41.7000006258488,9.1));
#10501=CARTESIAN_POINT('Origin',(88.9500013113022,-42.9500006258488,8.85));
#10502=CARTESIAN_POINT('',(87.7000013113022,-42.9500006258488,9.1));
#10503=CARTESIAN_POINT('',(87.9500013113022,-42.9500006258488,8.85));
#10504=CARTESIAN_POINT('Origin',(87.7000013113022,-42.9500006258488,8.85));
#10505=CARTESIAN_POINT('Origin',(88.9500013113022,-42.9500006258488,8.85));
#10506=CARTESIAN_POINT('Origin',(88.9500013113022,-42.9500006258488,9.1));
#10507=CARTESIAN_POINT('Origin',(87.7000013113022,-68.6076341073515,8.85));
#10508=CARTESIAN_POINT('',(87.7000013113022,-48.9500006421251,9.1));
#10509=CARTESIAN_POINT('',(87.9500013113022,-48.9500006421251,8.85));
#10510=CARTESIAN_POINT('Origin',(87.7000013113022,-48.9500006421251,8.85));
#10511=CARTESIAN_POINT('',(87.9500013113022,-68.6076341073515,8.85));
#10512=CARTESIAN_POINT('',(87.7000013113022,-68.6076341073515,9.1));
#10513=CARTESIAN_POINT('Origin',(86.9500013113022,-48.9500006421251,8.85));
#10514=CARTESIAN_POINT('',(86.9500012377787,-49.7000006421251,9.1));
#10515=CARTESIAN_POINT('',(86.9500012132708,-49.9500006421251,8.85));
#10516=CARTESIAN_POINT('Origin',(86.9500012377787,-49.7000006421251,8.85));
#10517=CARTESIAN_POINT('Origin',(86.9500013113022,-48.9500006421251,8.85));
#10518=CARTESIAN_POINT('Origin',(86.9500013113022,-48.9500006421251,9.1));
#10519=CARTESIAN_POINT('Origin',(97.749750609553,-49.7000017008392,8.85));
#10520=CARTESIAN_POINT('',(69.9494969975392,-49.6999989755427,9.1));
#10521=CARTESIAN_POINT('',(69.9494969730314,-49.9499989755427,8.85));
#10522=CARTESIAN_POINT('Origin',(69.9494969975392,-49.6999989755427,8.85));
#10523=CARTESIAN_POINT('',(97.7497505850452,-49.9500017008392,8.85));
#10524=CARTESIAN_POINT('',(97.749750609553,-49.7000017008392,9.1));
#10525=CARTESIAN_POINT('Origin',(69.949496875,-50.9499989755427,8.85));
#10526=CARTESIAN_POINT('',(68.699496875,-50.9499989755427,9.1));
#10527=CARTESIAN_POINT('',(68.949496875,-50.9499989755427,8.85));
#10528=CARTESIAN_POINT('Origin',(68.699496875,-50.9499989755427,8.85));
#10529=CARTESIAN_POINT('Origin',(69.949496875,-50.9499989755427,8.85));
#10530=CARTESIAN_POINT('Origin',(69.949496875,-50.9499989755427,9.1));
#10531=CARTESIAN_POINT('Origin',(68.699496875,-97.1072436306559,8.85));
#10532=CARTESIAN_POINT('',(68.699496875,-106.049219791667,9.1));
#10533=CARTESIAN_POINT('',(68.949496875,-106.049219791667,8.85));
#10534=CARTESIAN_POINT('Origin',(68.699496875,-106.049219791667,8.85));
#10535=CARTESIAN_POINT('',(68.949496875,-97.1072436306559,8.85));
#10536=CARTESIAN_POINT('',(68.699496875,-97.1072436306559,9.1));
#10537=CARTESIAN_POINT('Origin',(69.949496875,-106.049219791667,8.85));
#10538=CARTESIAN_POINT('',(69.949496875,-107.299219791667,9.1));
#10539=CARTESIAN_POINT('',(69.949496875,-107.049219791667,8.85));
#10540=CARTESIAN_POINT('Origin',(69.949496875,-107.299219791667,8.85));
#10541=CARTESIAN_POINT('Origin',(69.949496875,-106.049219791667,8.85));
#10542=CARTESIAN_POINT('Origin',(69.949496875,-106.049219791667,9.1));
#10543=CARTESIAN_POINT('Origin',(116.737109542558,-107.299219791667,8.85));
#10544=CARTESIAN_POINT('',(106.948679038886,-107.049219791667,8.85));
#10545=CARTESIAN_POINT('',(116.737109542558,-107.049219791667,8.85));
#10546=CARTESIAN_POINT('',(106.820981992865,-107.299219791667,9.1));
#10547=CARTESIAN_POINT('',(116.737109542558,-107.299219791667,9.1));
#10548=CARTESIAN_POINT('Origin',(106.820981992865,-107.299219791667,8.85));
#10549=CARTESIAN_POINT('Origin',(110.162777827993,-111.918243951792,8.85));
#10550=CARTESIAN_POINT('',(110.365326139992,-111.771703236268,8.85));
#10551=CARTESIAN_POINT('',(110.162777827993,-111.918243951792,9.1));
#10552=CARTESIAN_POINT('Origin',(165.000002473593,-66.6076332207325,8.1));
#10553=CARTESIAN_POINT('',(166.000002473593,-44.2500006556511,8.1));
#10554=CARTESIAN_POINT('',(166.000002473593,-66.6076332207325,8.1));
#10555=CARTESIAN_POINT('',(165.000002473593,-44.2500006556511,9.1));
#10556=CARTESIAN_POINT('Origin',(165.000002473593,-44.2500006556511,8.1));
#10557=CARTESIAN_POINT('',(165.000002473593,-66.6076332207325,9.1));
#10558=CARTESIAN_POINT('Origin',(166.000002473593,-45.9999989718199,0.));
#10559=CARTESIAN_POINT('',(166.000002473593,-44.2500006556511,7.6));
#10560=CARTESIAN_POINT('',(166.000002473593,-66.6076332207325,7.6));
#10561=CARTESIAN_POINT('',(166.000002473593,-44.2500006556511,0.));
#10562=CARTESIAN_POINT('Origin',(167.000002473593,-66.6076332207325,7.6));
#10563=CARTESIAN_POINT('',(167.000002473593,-44.2500006556511,6.6));
#10564=CARTESIAN_POINT('',(167.000002473593,-66.6076332207325,6.6));
#10565=CARTESIAN_POINT('Origin',(167.000002473593,-44.2500006556511,7.6));
#10566=CARTESIAN_POINT('Origin',(126.500000637025,-87.215267469645,6.6));
#10567=CARTESIAN_POINT('',(181.000002712011,-44.2500006556511,6.6));
#10568=CARTESIAN_POINT('',(181.000002712011,-65.6076340626481,6.6));
#10569=CARTESIAN_POINT('',(156.25000170432,-44.2500006556511,6.6));
#10570=CARTESIAN_POINT('Origin',(181.000002712011,-65.6076340626481,7.6));
#10571=CARTESIAN_POINT('',(182.000002712011,-44.2500006556511,7.6));
#10572=CARTESIAN_POINT('',(182.000002712011,-65.6076340626481,7.6));
#10573=CARTESIAN_POINT('Origin',(181.000002712011,-44.2500006556511,7.6));
#10574=CARTESIAN_POINT('Origin',(182.000002712011,-44.0000006556511,0.));
#10575=CARTESIAN_POINT('',(182.000002712011,-44.2500006556511,8.1));
#10576=CARTESIAN_POINT('',(182.000002712011,-65.6076340626481,8.1));
#10577=CARTESIAN_POINT('',(182.000002712011,-44.2500006556511,0.));
#10578=CARTESIAN_POINT('Origin',(183.000002712011,-65.6076340626481,8.1));
#10579=CARTESIAN_POINT('',(183.000002712011,-44.2500006556511,9.1));
#10580=CARTESIAN_POINT('',(183.000002712011,-65.6076340626481,9.1));
#10581=CARTESIAN_POINT('Origin',(183.000002712011,-44.2500006556511,8.1));
#10582=CARTESIAN_POINT('Origin',(126.500000637025,-87.215267469645,9.1));
#10583=CARTESIAN_POINT('',(185.750002771616,-81.0000012218952,9.1));
#10584=CARTESIAN_POINT('',(155.249329485179,-81.0000012218952,9.1));
#10585=CARTESIAN_POINT('',(185.750002771616,-46.0000006556511,9.1));
#10586=CARTESIAN_POINT('',(185.750002771616,-99.6423690172745,9.1));
#10587=CARTESIAN_POINT('',(184.000002771616,-44.2500006556511,9.1));
#10588=CARTESIAN_POINT('Origin',(184.000002771616,-46.0000006556511,9.1));
#10589=CARTESIAN_POINT('',(156.25000170432,-44.2500006556511,9.1));
#10590=CARTESIAN_POINT('Origin',(155.249329485179,-81.0000012218952,8.1));
#10591=CARTESIAN_POINT('',(185.750002771616,-82.0000012218952,8.1));
#10592=CARTESIAN_POINT('',(155.249329485179,-82.0000012218952,8.1));
#10593=CARTESIAN_POINT('Origin',(185.750002771616,-81.0000012218952,8.1));
#10594=CARTESIAN_POINT('Origin',(183.998658333333,-82.0000012218952,0.));
#10595=CARTESIAN_POINT('',(185.750002771616,-82.0000012218952,7.6));
#10596=CARTESIAN_POINT('',(184.498994442904,-82.0000012218952,7.6));
#10597=CARTESIAN_POINT('',(185.750002771616,-82.0000012218952,0.));
#10598=CARTESIAN_POINT('Origin',(184.498994442904,-83.0000012218952,7.6));
#10599=CARTESIAN_POINT('',(185.750002771616,-83.0000012218952,6.6));
#10600=CARTESIAN_POINT('',(184.498994442904,-83.0000012218952,6.6));
#10601=CARTESIAN_POINT('Origin',(185.750002771616,-83.0000012218952,7.6));
#10602=CARTESIAN_POINT('Origin',(184.999330552475,-92.0000013932585,6.6));
#10603=CARTESIAN_POINT('',(185.750002771616,-101.000001564622,6.6));
#10604=CARTESIAN_POINT('',(185.499666662045,-101.000001564622,6.6));
#10605=CARTESIAN_POINT('',(185.750002771616,-102.034735979081,6.6));
#10606=CARTESIAN_POINT('Origin',(185.499666662045,-101.000001564622,7.6));
#10607=CARTESIAN_POINT('',(185.750002771616,-102.000001564622,7.6));
#10608=CARTESIAN_POINT('',(185.499666662045,-102.000001564622,7.6));
#10609=CARTESIAN_POINT('Origin',(185.750002771616,-101.000001564622,7.6));
#10610=CARTESIAN_POINT('Origin',(186.000002771616,-102.000001564622,0.));
#10611=CARTESIAN_POINT('',(185.750002771616,-102.000001564622,8.1));
#10612=CARTESIAN_POINT('',(156.25000170432,-102.000001564622,8.1));
#10613=CARTESIAN_POINT('',(185.750002771616,-102.000001564622,0.));
#10614=CARTESIAN_POINT('Origin',(156.25000170432,-103.000001564622,8.1));
#10615=CARTESIAN_POINT('',(185.750002771616,-103.000001564622,9.1));
#10616=CARTESIAN_POINT('',(156.25000170432,-103.000001564622,9.1));
#10617=CARTESIAN_POINT('Origin',(185.750002771616,-103.000001564622,8.1));
#10618=CARTESIAN_POINT('Origin',(146.050002160668,-44.9499989718199,0.));
#10619=CARTESIAN_POINT('',(145.050002160668,-44.9499990165233,0.));
#10620=CARTESIAN_POINT('',(146.050002160668,-45.9499989718199,0.));
#10621=CARTESIAN_POINT('Origin',(144.050002160668,-44.9499990165233,0.));
#10622=CARTESIAN_POINT('',(144.050002160668,-43.9499990165234,0.));
#10623=CARTESIAN_POINT('Origin',(126.000001877546,-43.9499990165234,0.));
#10624=CARTESIAN_POINT('',(127.050001877546,-43.9499990165234,0.));
#10625=CARTESIAN_POINT('Origin',(127.050001877546,-42.9499990165234,0.));
#10626=CARTESIAN_POINT('',(126.050001877546,-42.9499990165234,0.));
#10627=CARTESIAN_POINT('Origin',(126.050001877546,-39.0000005811453,0.));
#10628=CARTESIAN_POINT('',(126.050001877546,-39.9500005811453,0.));
#10629=CARTESIAN_POINT('Origin',(125.050001877546,-39.9500005811453,0.));
#10630=CARTESIAN_POINT('',(125.050001877546,-38.9500005811453,0.));
#10631=CARTESIAN_POINT('Origin',(107.000001594424,-38.9500005811453,0.));
#10632=CARTESIAN_POINT('',(107.950001594424,-38.9500005811453,0.));
#10633=CARTESIAN_POINT('Origin',(107.950001594424,-39.9500005811453,0.));
#10634=CARTESIAN_POINT('',(106.950001594424,-39.9500005811453,0.));
#10635=CARTESIAN_POINT('Origin',(106.950001594424,-42.0000006258488,0.));
#10636=CARTESIAN_POINT('',(106.950001594424,-40.9500006258488,0.));
#10637=CARTESIAN_POINT('Origin',(105.950001594424,-40.9500006258488,0.));
#10638=CARTESIAN_POINT('',(105.950001594424,-41.9500006258488,0.));
#10639=CARTESIAN_POINT('Origin',(88.0000013113022,-41.9500006258488,0.));
#10640=CARTESIAN_POINT('',(88.9500013113022,-41.9500006258488,0.));
#10641=CARTESIAN_POINT('Origin',(88.9500013113022,-42.9500006258488,0.));
#10642=CARTESIAN_POINT('',(87.9500013113022,-42.9500006258488,0.));
#10643=CARTESIAN_POINT('Origin',(87.9500013113022,-50.0000007450581,0.));
#10644=CARTESIAN_POINT('',(87.9500013113022,-48.9500006421251,0.));
#10645=CARTESIAN_POINT('Origin',(86.9500013113022,-48.9500006421251,0.));
#10646=CARTESIAN_POINT('',(86.9500012132708,-49.9500006421251,0.));
#10647=CARTESIAN_POINT('Origin',(68.9994968799016,-49.9499988824129,0.));
#10648=CARTESIAN_POINT('',(69.9494969730314,-49.9499989755427,0.));
#10649=CARTESIAN_POINT('Origin',(69.949496875,-50.9499989755427,0.));
#10650=CARTESIAN_POINT('',(68.949496875,-50.9499989755427,0.));
#10651=CARTESIAN_POINT('Origin',(68.949496875,-106.999219791667,0.));
#10652=CARTESIAN_POINT('',(68.949496875,-106.049219791667,0.));
#10653=CARTESIAN_POINT('Origin',(69.949496875,-106.049219791667,0.));
#10654=CARTESIAN_POINT('',(69.949496875,-107.049219791667,0.));
#10655=CARTESIAN_POINT('Origin',(106.974218448091,-107.049219791667,0.));
#10656=CARTESIAN_POINT('',(106.948679038886,-107.049219791667,0.));
#10657=CARTESIAN_POINT('Origin',(116.48364220201,-120.228428633036,0.));
#10658=CARTESIAN_POINT('',(116.496257480643,-120.24586544835,0.));
#10659=CARTESIAN_POINT('Origin',(154.117317633056,-125.223658306714,0.));
#10660=CARTESIAN_POINT('',(154.107488597007,-125.222357787663,0.));
#10661=CARTESIAN_POINT('Origin',(68.7320493186054,-107.000001624227,8.85));
#10662=CARTESIAN_POINT('',(68.7320493186054,-108.750001624227,9.1));
#10663=CARTESIAN_POINT('Origin',(68.7320493186054,-108.750001624227,8.85));
#10664=CARTESIAN_POINT('',(67.2499985053201,-107.930606474225,9.1));
#10665=CARTESIAN_POINT('Origin',(68.7320493186054,-107.000001624227,9.1));
#10666=CARTESIAN_POINT('Ctrl Pts',(67.2499985053201,-107.930606474225,9.1));
#10667=CARTESIAN_POINT('Ctrl Pts',(67.2492359789793,-107.930826028525,9.1));
#10668=CARTESIAN_POINT('Ctrl Pts',(67.2484734347814,-107.931045510268,9.09999651132159));
#10669=CARTESIAN_POINT('Ctrl Pts',(67.2303086417534,-107.936272003351,9.09983028861529));
#10670=CARTESIAN_POINT('Ctrl Pts',(67.212945233345,-107.941227137019,9.09785414931392));
#10671=CARTESIAN_POINT('Ctrl Pts',(67.1789343867557,-107.95085999064,9.09031655358159));
#10672=CARTESIAN_POINT('Ctrl Pts',(67.1623551770365,-107.955518771376,9.08478532005779));
#10673=CARTESIAN_POINT('Ctrl Pts',(67.1171118451328,-107.968147362554,9.06419587629248));
#10674=CARTESIAN_POINT('Ctrl Pts',(67.0904331160393,-107.975487965143,9.04520759320236));
#10675=CARTESIAN_POINT('Ctrl Pts',(67.0464121526684,-107.987504436514,8.99848137713932));
#10676=CARTESIAN_POINT('Ctrl Pts',(67.0291963098963,-107.992152252536,8.97150864884354));
#10677=CARTESIAN_POINT('Ctrl Pts',(67.005955312772,-107.998409028777,8.91266264034302));
#10678=CARTESIAN_POINT('Ctrl Pts',(66.9999985024333,-108.000001609325,8.8815104650909));
#10679=CARTESIAN_POINT('Ctrl Pts',(66.9999985024333,-108.000001609325,8.85));
#10680=CARTESIAN_POINT('Origin',(96.749999569729,-108.750001624227,8.85));
#10681=CARTESIAN_POINT('',(104.889698166668,-109.000001624227,8.85));
#10682=CARTESIAN_POINT('',(104.889698166668,-108.750001624227,9.1));
#10683=CARTESIAN_POINT('Origin',(104.889698166668,-108.750001624227,8.85));
#10684=CARTESIAN_POINT('',(96.749999569729,-108.750001624227,9.1));
#10685=CARTESIAN_POINT('',(96.749999569729,-109.000001624227,8.85));
#10686=CARTESIAN_POINT('Origin',(104.889698166668,-111.000001624227,8.85));
#10687=CARTESIAN_POINT('',(106.510084662658,-109.82767590003,8.85));
#10688=CARTESIAN_POINT('',(106.712632974657,-109.681135184506,9.1));
#10689=CARTESIAN_POINT('Origin',(106.712632974657,-109.681135184506,8.85));
#10690=CARTESIAN_POINT('Origin',(104.889698166668,-111.000001624227,9.1));
#10691=CARTESIAN_POINT('Origin',(104.889698166668,-111.000001624227,8.85));
#10692=CARTESIAN_POINT('Origin',(104.477989454205,-106.59241495159,8.85));
#10693=CARTESIAN_POINT('',(114.953320528149,-121.497901244854,8.85));
#10694=CARTESIAN_POINT('',(115.155868840148,-121.35136052933,9.1));
#10695=CARTESIAN_POINT('Origin',(115.155868840148,-121.35136052933,8.85));
#10696=CARTESIAN_POINT('',(104.477989454205,-106.59241495159,9.1));
#10697=CARTESIAN_POINT('',(104.275441142206,-106.738955667114,8.85));
#10698=CARTESIAN_POINT('Origin',(116.573707024139,-120.325575520658,8.85));
#10699=CARTESIAN_POINT('',(116.311365471394,-122.308295094804,8.85));
#10700=CARTESIAN_POINT('',(116.344158165487,-122.060455148036,9.1));
#10701=CARTESIAN_POINT('Origin',(116.344158165487,-122.060455148036,8.85));
#10702=CARTESIAN_POINT('Origin',(116.573707024139,-120.325575520658,9.1));
#10703=CARTESIAN_POINT('Origin',(116.573707024139,-120.325575520658,8.85));
#10704=CARTESIAN_POINT('Origin',(118.642403566446,-122.364545184237,8.85));
#10705=CARTESIAN_POINT('',(153.345877729879,-127.208479456607,8.85));
#10706=CARTESIAN_POINT('',(153.378670423972,-126.960639509839,9.1));
#10707=CARTESIAN_POINT('Origin',(153.378670423972,-126.960639509839,8.85));
#10708=CARTESIAN_POINT('',(118.642403566446,-122.364545184237,9.1));
#10709=CARTESIAN_POINT('',(118.609610872353,-122.612385131005,8.85));
#10710=CARTESIAN_POINT('Origin',(153.083536177133,-129.191199030753,8.85));
#10711=CARTESIAN_POINT('',(154.082601442118,-127.458608889865,8.85));
#10712=CARTESIAN_POINT('',(154.207484600241,-127.242035122255,9.1));
#10713=CARTESIAN_POINT('Origin',(154.207484600241,-127.242035122255,8.85));
#10714=CARTESIAN_POINT('Origin',(153.083536177133,-129.191199030753,9.1));
#10715=CARTESIAN_POINT('Origin',(153.083536177133,-129.191199030753,8.85));
#10716=CARTESIAN_POINT('Origin',(134.978280322518,-116.153878948559,8.85));
#10717=CARTESIAN_POINT('',(169.643435874356,-136.431469122962,8.85));
#10718=CARTESIAN_POINT('',(169.768319032479,-136.214895355351,9.1));
#10719=CARTESIAN_POINT('Origin',(169.768319032479,-136.214895355351,8.85));
#10720=CARTESIAN_POINT('',(134.978280322518,-116.153878948559,9.1));
#10721=CARTESIAN_POINT('',(134.853397164395,-116.37045271617,8.85));
#10722=CARTESIAN_POINT('Origin',(170.64250113934,-134.698878982075,8.85));
#10723=CARTESIAN_POINT('',(172.375091280228,-135.697944247059,8.85));
#10724=CARTESIAN_POINT('',(172.158517512617,-135.573061088936,9.1));
#10725=CARTESIAN_POINT('Origin',(172.158517512617,-135.573061088936,8.85));
#10726=CARTESIAN_POINT('Origin',(170.64250113934,-134.698878982075,9.1));
#10727=CARTESIAN_POINT('Origin',(170.64250113934,-134.698878982075,8.85));
#10728=CARTESIAN_POINT('Origin',(176.425574987683,-128.173082357803,8.85));
#10729=CARTESIAN_POINT('',(185.732592912504,-112.533215729221,8.85));
#10730=CARTESIAN_POINT('',(185.516019144893,-112.408332571098,9.1));
#10731=CARTESIAN_POINT('Origin',(185.516019144893,-112.408332571098,8.85));
#10732=CARTESIAN_POINT('',(176.425574987683,-128.173082357803,9.1));
#10733=CARTESIAN_POINT('',(176.642148755294,-128.297965515926,8.85));
#10734=CARTESIAN_POINT('Origin',(184.000002771616,-111.534150464237,8.85));
#10735=CARTESIAN_POINT('',(186.000002771616,-111.534150464237,8.85));
#10736=CARTESIAN_POINT('',(185.750002771616,-111.534150464237,9.1));
#10737=CARTESIAN_POINT('Origin',(185.750002771616,-111.534150464237,8.85));
#10738=CARTESIAN_POINT('Origin',(184.000002771616,-111.534150464237,9.1));
#10739=CARTESIAN_POINT('Origin',(184.000002771616,-111.534150464237,8.85));
#10740=CARTESIAN_POINT('Origin',(185.750002771616,-99.6423690172745,8.85));
#10741=CARTESIAN_POINT('',(186.000002771616,-103.000001564622,8.85));
#10742=CARTESIAN_POINT('Origin',(185.750002771616,-103.000001564622,8.85));
#10743=CARTESIAN_POINT('',(185.750002771616,-99.6423690172745,9.1));
#10744=CARTESIAN_POINT('',(186.000002771616,-99.6423690172745,8.85));
#10745=CARTESIAN_POINT('Origin',(185.750002771616,-103.000001564622,8.1));
#10746=CARTESIAN_POINT('',(186.000002771616,-102.250001564622,8.1));
#10747=CARTESIAN_POINT('Origin',(185.750002771616,-102.250001564622,8.1));
#10748=CARTESIAN_POINT('Origin',(186.000002771616,-103.000001564622,8.1));
#10749=CARTESIAN_POINT('Origin',(185.750002771616,-102.250001564622,0.));
#10750=CARTESIAN_POINT('',(186.000002771616,-102.250001564622,7.6));
#10751=CARTESIAN_POINT('Origin',(185.750002771616,-102.250001564622,7.6));
#10752=CARTESIAN_POINT('',(186.000002771616,-102.250001564622,0.));
#10753=CARTESIAN_POINT('Origin',(185.750002771616,-101.000001564622,7.6));
#10754=CARTESIAN_POINT('',(186.000002771616,-101.000001564622,6.35));
#10755=CARTESIAN_POINT('Origin',(185.750002771616,-101.000001564622,6.35));
#10756=CARTESIAN_POINT('Origin',(186.000002771616,-101.000001564622,7.6));
#10757=CARTESIAN_POINT('Origin',(185.750002771616,-102.034735979081,6.35));
#10758=CARTESIAN_POINT('',(186.000002771616,-83.0000012218952,6.35));
#10759=CARTESIAN_POINT('Origin',(185.750002771616,-83.0000012218952,6.35));
#10760=CARTESIAN_POINT('',(186.000002771616,-102.034735979081,6.35));
#10761=CARTESIAN_POINT('Origin',(185.750002771616,-83.0000012218952,7.6));
#10762=CARTESIAN_POINT('',(186.000002771616,-81.7500012218952,7.6));
#10763=CARTESIAN_POINT('Origin',(185.750002771616,-81.7500012218952,7.6));
#10764=CARTESIAN_POINT('Origin',(186.000002771616,-83.0000012218952,7.6));
#10765=CARTESIAN_POINT('Origin',(185.750002771616,-81.7500012218952,0.));
#10766=CARTESIAN_POINT('',(186.000002771616,-81.7500012218952,8.1));
#10767=CARTESIAN_POINT('Origin',(185.750002771616,-81.7500012218952,8.1));
#10768=CARTESIAN_POINT('',(186.000002771616,-81.7500012218952,0.));
#10769=CARTESIAN_POINT('Origin',(185.750002771616,-81.0000012218952,8.1));
#10770=CARTESIAN_POINT('',(186.000002771616,-81.0000012218952,8.85));
#10771=CARTESIAN_POINT('Origin',(185.750002771616,-81.0000012218952,8.85));
#10772=CARTESIAN_POINT('Origin',(186.000002771616,-81.0000012218952,8.1));
#10773=CARTESIAN_POINT('Origin',(185.750002771616,-99.6423690172745,8.85));
#10774=CARTESIAN_POINT('',(186.000002771616,-46.0000006556511,8.85));
#10775=CARTESIAN_POINT('Origin',(185.750002771616,-46.0000006556511,8.85));
#10776=CARTESIAN_POINT('',(186.000002771616,-99.6423690172745,8.85));
#10777=CARTESIAN_POINT('Origin',(184.000002771616,-46.0000006556511,8.85));
#10778=CARTESIAN_POINT('',(184.000002771616,-44.0000006556511,8.85));
#10779=CARTESIAN_POINT('Origin',(184.000002771616,-44.2500006556511,8.85));
#10780=CARTESIAN_POINT('Origin',(184.000002771616,-46.0000006556511,8.85));
#10781=CARTESIAN_POINT('Origin',(156.25000170432,-44.2500006556511,8.85));
#10782=CARTESIAN_POINT('',(183.000002712011,-44.0000006556511,8.85));
#10783=CARTESIAN_POINT('Origin',(183.000002712011,-44.2500006556511,8.85));
#10784=CARTESIAN_POINT('',(156.25000170432,-44.0000006556511,8.85));
#10785=CARTESIAN_POINT('Origin',(183.000002712011,-44.2500006556511,8.1));
#10786=CARTESIAN_POINT('',(182.250002712011,-44.0000006556511,8.1));
#10787=CARTESIAN_POINT('Origin',(182.250002712011,-44.2500006556511,8.1));
#10788=CARTESIAN_POINT('Origin',(183.000002712011,-44.0000006556511,8.1));
#10789=CARTESIAN_POINT('Origin',(182.250002712011,-44.2500006556511,0.));
#10790=CARTESIAN_POINT('',(182.250002712011,-44.0000006556511,7.6));
#10791=CARTESIAN_POINT('Origin',(182.250002712011,-44.2500006556511,7.6));
#10792=CARTESIAN_POINT('',(182.250002712011,-44.0000006556511,0.));
#10793=CARTESIAN_POINT('Origin',(181.000002712011,-44.2500006556511,7.6));
#10794=CARTESIAN_POINT('',(181.000002712011,-44.0000006556511,6.35));
#10795=CARTESIAN_POINT('Origin',(181.000002712011,-44.2500006556511,6.35));
#10796=CARTESIAN_POINT('Origin',(181.000002712011,-44.0000006556511,7.6));
#10797=CARTESIAN_POINT('Origin',(156.25000170432,-44.2500006556511,6.35));
#10798=CARTESIAN_POINT('',(167.000002473593,-44.0000006556511,6.35));
#10799=CARTESIAN_POINT('Origin',(167.000002473593,-44.2500006556511,6.35));
#10800=CARTESIAN_POINT('',(156.25000170432,-44.0000006556511,6.35));
#10801=CARTESIAN_POINT('Origin',(167.000002473593,-44.2500006556511,7.6));
#10802=CARTESIAN_POINT('',(165.750002473593,-44.0000006556511,7.6));
#10803=CARTESIAN_POINT('Origin',(165.750002473593,-44.2500006556511,7.6));
#10804=CARTESIAN_POINT('Origin',(167.000002473593,-44.0000006556511,7.6));
#10805=CARTESIAN_POINT('Origin',(165.750002473593,-44.2500006556511,0.));
#10806=CARTESIAN_POINT('',(165.750002473593,-44.0000006556511,8.1));
#10807=CARTESIAN_POINT('Origin',(165.750002473593,-44.2500006556511,8.1));
#10808=CARTESIAN_POINT('',(165.750002473593,-44.0000006556511,0.));
#10809=CARTESIAN_POINT('Origin',(165.000002473593,-44.2500006556511,8.1));
#10810=CARTESIAN_POINT('',(165.000002473593,-44.0000006556511,8.85));
#10811=CARTESIAN_POINT('Origin',(165.000002473593,-44.2500006556511,8.85));
#10812=CARTESIAN_POINT('Origin',(165.000002473593,-44.0000006556511,8.1));
#10813=CARTESIAN_POINT('Origin',(156.25000170432,-44.2500006556511,8.85));
#10814=CARTESIAN_POINT('',(149.000002190471,-44.0000006556511,8.85));
#10815=CARTESIAN_POINT('',(149.000002190471,-44.2500006556511,9.1));
#10816=CARTESIAN_POINT('Origin',(149.000002190471,-44.2500006556511,8.85));
#10817=CARTESIAN_POINT('',(156.25000170432,-44.2500006556511,9.1));
#10818=CARTESIAN_POINT('',(156.25000170432,-44.0000006556511,8.85));
#10819=CARTESIAN_POINT('Origin',(149.000002190471,-42.0000006556511,8.85));
#10820=CARTESIAN_POINT('',(147.267950922631,-42.999999858439,8.85));
#10821=CARTESIAN_POINT('',(147.051444514152,-43.1249997587875,9.1));
#10822=CARTESIAN_POINT('Origin',(147.051444514152,-43.1249997587875,8.85));
#10823=CARTESIAN_POINT('Origin',(149.000002190471,-42.0000006556511,9.1));
#10824=CARTESIAN_POINT('Origin',(149.000002190471,-42.0000006556511,8.85));
#10825=CARTESIAN_POINT('Origin',(145.535899654792,-43.9999990612268,8.85));
#10826=CARTESIAN_POINT('',(145.535899654792,-42.2499990612268,9.1));
#10827=CARTESIAN_POINT('Origin',(145.535899654792,-42.2499990612268,8.85));
#10828=CARTESIAN_POINT('Origin',(145.535899654792,-43.9999990612268,9.1));
#10829=CARTESIAN_POINT('Origin',(145.535899654792,-43.9999990612268,8.85));
#10830=CARTESIAN_POINT('Origin',(136.750001413748,-42.2499990612268,8.85));
#10831=CARTESIAN_POINT('',(130.000001907349,-42.2499990612268,9.1));
#10832=CARTESIAN_POINT('Origin',(130.000001907349,-42.2499990612268,8.85));
#10833=CARTESIAN_POINT('',(136.750001413748,-42.2499990612268,9.1));
#10834=CARTESIAN_POINT('Origin',(130.000001907349,-39.9999990612268,8.85));
#10835=CARTESIAN_POINT('',(127.750001907349,-39.9999990612269,9.1));
#10836=CARTESIAN_POINT('Origin',(127.750001907349,-39.9999990612269,8.85));
#10837=CARTESIAN_POINT('Origin',(130.000001907349,-39.9999990612268,9.1));
#10838=CARTESIAN_POINT('Origin',(127.750001907349,-64.6076332654359,8.85));
#10839=CARTESIAN_POINT('',(127.750001907349,-39.000000551343,9.1));
#10840=CARTESIAN_POINT('Origin',(127.750001907349,-39.000000551343,8.85));
#10841=CARTESIAN_POINT('',(127.750001907349,-64.6076332654359,9.1));
#10842=CARTESIAN_POINT('Origin',(126.000001907349,-39.000000551343,8.85));
#10843=CARTESIAN_POINT('',(126.000001907349,-37.250000551343,9.1));
#10844=CARTESIAN_POINT('Origin',(126.000001907349,-37.250000551343,8.85));
#10845=CARTESIAN_POINT('Origin',(126.000001907349,-39.000000551343,9.1));
#10846=CARTESIAN_POINT('Origin',(127.250001272187,-37.250000551343,8.85));
#10847=CARTESIAN_POINT('',(107.000001564622,-37.250000551343,9.1));
#10848=CARTESIAN_POINT('Origin',(107.000001564622,-37.250000551343,8.85));
#10849=CARTESIAN_POINT('',(127.250001272187,-37.250000551343,9.1));
#10850=CARTESIAN_POINT('Origin',(107.000001564622,-39.000000551343,8.85));
#10851=CARTESIAN_POINT('',(105.305571345606,-38.5625005709007,9.1));
#10852=CARTESIAN_POINT('Origin',(105.305571345606,-38.5625005709007,8.85));
#10853=CARTESIAN_POINT('Origin',(107.000001564622,-39.000000551343,9.1));
#10854=CARTESIAN_POINT('Origin',(103.127018206872,-38.0000005960464,8.85));
#10855=CARTESIAN_POINT('',(103.127018206872,-40.2500005960464,9.1));
#10856=CARTESIAN_POINT('Origin',(103.127018206872,-40.2500005960464,8.85));
#10857=CARTESIAN_POINT('Origin',(103.127018206872,-38.0000005960464,9.1));
#10858=CARTESIAN_POINT('Origin',(115.750001100823,-40.2500005960464,8.85));
#10859=CARTESIAN_POINT('',(88.0000012814999,-40.2500005960464,9.1));
#10860=CARTESIAN_POINT('Origin',(88.0000012814999,-40.2500005960464,8.85));
#10861=CARTESIAN_POINT('',(115.750001100823,-40.2500005960464,9.1));
#10862=CARTESIAN_POINT('Origin',(88.0000012814999,-42.0000005960464,8.85));
#10863=CARTESIAN_POINT('',(86.2500012814998,-42.0000005960464,9.1));
#10864=CARTESIAN_POINT('Origin',(86.2500012814998,-42.0000005960464,8.85));
#10865=CARTESIAN_POINT('Origin',(88.0000012814999,-42.0000005960464,9.1));
#10866=CARTESIAN_POINT('Origin',(86.2500012814999,-63.6076340328457,8.85));
#10867=CARTESIAN_POINT('',(86.2500012814999,-46.0000007152557,9.1));
#10868=CARTESIAN_POINT('Origin',(86.2500012814999,-46.0000007152557,8.85));
#10869=CARTESIAN_POINT('',(86.2500012814999,-63.6076340328457,9.1));
#10870=CARTESIAN_POINT('Origin',(84.0000012814999,-46.0000007152557,8.85));
#10871=CARTESIAN_POINT('',(84.0000012814999,-48.2500007152557,9.1));
#10872=CARTESIAN_POINT('Origin',(84.0000012814999,-48.2500007152557,8.85));
#10873=CARTESIAN_POINT('Origin',(84.0000012814999,-46.0000007152557,9.1));
#10874=CARTESIAN_POINT('Origin',(106.250000959262,-48.2500007152557,8.85));
#10875=CARTESIAN_POINT('',(69.0000009151797,-48.2500007152557,9.1));
#10876=CARTESIAN_POINT('Origin',(69.0000009151797,-48.2500007152557,8.85));
#10877=CARTESIAN_POINT('',(106.250000959262,-48.2500007152557,9.1));
#10878=CARTESIAN_POINT('Origin',(69.0000009151797,-50.0000007152557,8.85));
#10879=CARTESIAN_POINT('',(67.2500009151797,-50.0000006424574,9.1));
#10880=CARTESIAN_POINT('Origin',(67.2500009151797,-50.0000006424574,8.85));
#10881=CARTESIAN_POINT('Origin',(69.0000009151797,-50.0000007152557,9.1));
#10882=CARTESIAN_POINT('Origin',(67.2500001827185,-67.6076328652777,8.85));
#10883=CARTESIAN_POINT('',(67.2500001827185,-67.6076328652777,9.1));
#10884=CARTESIAN_POINT('Origin',(126.500000637025,-87.215267469645,9.1));
#10885=CARTESIAN_POINT('Origin',(184.000002771616,-46.0000006556511,0.));
#10886=CARTESIAN_POINT('',(184.000002771616,-44.0000006556511,0.));
#10887=CARTESIAN_POINT('',(186.000002771616,-46.0000006556511,0.));
#10888=CARTESIAN_POINT('Origin',(186.000002771616,-112.069470564904,0.));
#10889=CARTESIAN_POINT('',(186.000002771616,-111.534150464237,0.));
#10890=CARTESIAN_POINT('Origin',(184.000002771616,-111.534150464237,0.));
#10891=CARTESIAN_POINT('',(185.732592912504,-112.533215729221,0.));
#10892=CARTESIAN_POINT('Origin',(171.376026015243,-137.430534387947,0.));
#10893=CARTESIAN_POINT('',(172.375091280228,-135.697944247059,0.));
#10894=CARTESIAN_POINT('Origin',(170.64250113934,-134.698878982075,0.));
#10895=CARTESIAN_POINT('',(169.643435874356,-136.431469122962,0.));
#10896=CARTESIAN_POINT('Origin',(153.739039171867,-127.260500218653,0.));
#10897=CARTESIAN_POINT('',(154.082601442118,-127.458608889865,0.));
#10898=CARTESIAN_POINT('Origin',(153.083536177133,-129.191199030753,0.));
#10899=CARTESIAN_POINT('',(153.345877729879,-127.208479456607,0.));
#10900=CARTESIAN_POINT('Origin',(115.457931673484,-122.195373857415,0.));
#10901=CARTESIAN_POINT('',(116.311365471394,-122.308295094804,0.));
#10902=CARTESIAN_POINT('Origin',(116.573707024139,-120.325575520658,0.));
#10903=CARTESIAN_POINT('',(114.953320528149,-121.497901244854,0.));
#10904=CARTESIAN_POINT('Origin',(105.911274534839,-109.000001624227,0.));
#10905=CARTESIAN_POINT('',(106.510084662658,-109.82767590003,0.));
#10906=CARTESIAN_POINT('Origin',(104.889698166668,-111.000001624227,0.));
#10907=CARTESIAN_POINT('',(104.889698166668,-109.000001624227,0.));
#10908=CARTESIAN_POINT('Origin',(66.9999985024333,-109.000001624227,0.));
#10909=CARTESIAN_POINT('Origin',(145.535899654792,-43.9999990612268,0.));
#10910=CARTESIAN_POINT('',(147.267950922631,-42.999999858439,0.));
#10911=CARTESIAN_POINT('Origin',(145.000002160668,-45.9499989718199,0.));
#10912=CARTESIAN_POINT('',(183.048658333333,-45.9499989718199,0.));
#10913=CARTESIAN_POINT('Origin',(149.000002190471,-42.0000006556511,0.));
#10914=CARTESIAN_POINT('',(149.000002190471,-44.0000006556511,0.));
#10915=CARTESIAN_POINT('Origin',(183.048658333333,-46.9499989718199,0.));
#10916=CARTESIAN_POINT('',(184.048658333333,-46.9499989718199,0.));
#10917=CARTESIAN_POINT('Origin',(184.048658333333,-102.000001564622,0.));
#10918=CARTESIAN_POINT('',(184.048658333333,-111.512601689826,0.));
#10919=CARTESIAN_POINT('Origin',(184.041943500502,-111.524214849695,0.));
#10920=CARTESIAN_POINT('',(170.617049040936,-134.742282893115,0.));
#10921=CARTESIAN_POINT('Origin',(170.573785513513,-134.717335800049,0.));
#10922=CARTESIAN_POINT('Origin',(186.000002771616,-44.0000006556511,0.));
#10923=CARTESIAN_POINT('Origin',(234.208633515625,-65.343484375,3.5));
#10924=CARTESIAN_POINT('',(240.208633515625,-65.343484375,2.));
#10925=CARTESIAN_POINT('Origin',(234.208633515625,-65.343484375,2.));
#10926=CARTESIAN_POINT('',(237.208633515625,-65.343484375,5.));
#10927=CARTESIAN_POINT('',(238.708633515625,-65.343484375,3.5));
#10928=CARTESIAN_POINT('Origin',(234.208633515625,-65.343484375,5.));
#10929=CARTESIAN_POINT('Origin',(253.499999362975,-87.215267469645,2.));
#10930=CARTESIAN_POINT('',(195.951341666667,-46.9499989718199,2.));
#10931=CARTESIAN_POINT('',(196.951341666667,-45.9499989718199,2.));
#10932=CARTESIAN_POINT('Origin',(196.951341666667,-46.9499989718199,2.));
#10933=CARTESIAN_POINT('',(195.951341666667,-111.512601689826,2.));
#10934=CARTESIAN_POINT('',(195.951341666667,-94.6076345171335,2.));
#10935=CARTESIAN_POINT('',(209.382950959064,-134.742282893114,2.));
#10936=CARTESIAN_POINT('',(197.899896117072,-114.8825849662,2.));
#10937=CARTESIAN_POINT('',(225.892511402993,-125.222357787663,2.));
#10938=CARTESIAN_POINT('',(236.242263961523,-119.254369145458,2.));
#10939=CARTESIAN_POINT('',(263.503742519357,-120.24586544835,2.));
#10940=CARTESIAN_POINT('',(241.925009014513,-123.101033939025,2.));
#10941=CARTESIAN_POINT('',(273.051320961114,-107.049219791667,2.));
#10942=CARTESIAN_POINT('',(269.634673860008,-111.771703236268,2.));
#10943=CARTESIAN_POINT('',(310.050503125,-107.049219791667,2.));
#10944=CARTESIAN_POINT('',(263.262890457442,-107.049219791667,2.));
#10945=CARTESIAN_POINT('',(311.050503125,-106.049219791667,2.));
#10946=CARTESIAN_POINT('Origin',(310.050503125,-106.049219791667,2.));
#10947=CARTESIAN_POINT('',(311.050503125,-50.9499989755427,2.));
#10948=CARTESIAN_POINT('',(311.050503125,-97.1072436306559,2.));
#10949=CARTESIAN_POINT('',(310.050503026969,-49.9499989755427,2.));
#10950=CARTESIAN_POINT('Origin',(310.050503125,-50.9499989755427,2.));
#10951=CARTESIAN_POINT('',(293.049998786729,-49.9500006421251,2.));
#10952=CARTESIAN_POINT('',(282.250249414955,-49.9500017008392,2.));
#10953=CARTESIAN_POINT('',(292.049998688698,-48.9500006421251,2.));
#10954=CARTESIAN_POINT('Origin',(293.049998688698,-48.9500006421251,2.));
#10955=CARTESIAN_POINT('',(292.049998688698,-42.9500006258488,2.));
#10956=CARTESIAN_POINT('',(292.049998688698,-68.6076341073515,2.));
#10957=CARTESIAN_POINT('',(291.049998688698,-41.9500006258488,2.));
#10958=CARTESIAN_POINT('Origin',(291.049998688698,-42.9500006258488,2.));
#10959=CARTESIAN_POINT('',(274.049998405576,-41.9500006258488,2.));
#10960=CARTESIAN_POINT('',(272.749999025837,-41.9500006258488,2.));
#10961=CARTESIAN_POINT('',(273.049998405576,-40.9500006258488,2.));
#10962=CARTESIAN_POINT('Origin',(274.049998405576,-40.9500006258488,2.));
#10963=CARTESIAN_POINT('',(273.049998405576,-39.9500005811453,2.));
#10964=CARTESIAN_POINT('',(273.049998405576,-64.6076340477469,2.));
#10965=CARTESIAN_POINT('',(272.049998405576,-38.9500005811453,2.));
#10966=CARTESIAN_POINT('Origin',(272.049998405576,-39.9500005811453,2.));
#10967=CARTESIAN_POINT('',(254.949998122454,-38.9500005811453,2.));
#10968=CARTESIAN_POINT('',(263.249998884276,-38.9500005811453,2.));
#10969=CARTESIAN_POINT('',(253.949998122454,-39.9500005811453,2.));
#10970=CARTESIAN_POINT('Origin',(254.949998122454,-39.9500005811453,2.));
#10971=CARTESIAN_POINT('',(253.949998122454,-42.9499990165234,2.));
#10972=CARTESIAN_POINT('',(253.949998122454,-63.1076340253952,2.));
#10973=CARTESIAN_POINT('',(252.949998122454,-43.9499990165234,2.));
#10974=CARTESIAN_POINT('Origin',(252.949998122454,-42.9499990165234,2.));
#10975=CARTESIAN_POINT('',(235.949997839332,-43.9499990165234,2.));
#10976=CARTESIAN_POINT('',(253.749998742715,-43.9499990165234,2.));
#10977=CARTESIAN_POINT('',(234.949997839332,-44.9499990165233,2.));
#10978=CARTESIAN_POINT('Origin',(235.949997839332,-44.9499990165233,2.));
#10979=CARTESIAN_POINT('',(233.949997839332,-45.9499989718199,2.));
#10980=CARTESIAN_POINT('Origin',(233.949997839332,-44.9499989718199,2.));
#10981=CARTESIAN_POINT('',(244.249998601153,-45.9499989718199,2.));
#10982=CARTESIAN_POINT('',(297.509842890625,-61.322346875,2.));
#10983=CARTESIAN_POINT('Origin',(291.509842890625,-61.322346875,2.));
#10984=CARTESIAN_POINT('',(273.684603203125,-101.131608125,2.));
#10985=CARTESIAN_POINT('Origin',(267.684603203125,-101.131608125,2.));
#10986=CARTESIAN_POINT('',(223.19419546875,-106.50987953125,2.));
#10987=CARTESIAN_POINT('Origin',(217.19419546875,-106.50987953125,2.));
#10988=CARTESIAN_POINT('',(297.509842890625,-80.42275,2.));
#10989=CARTESIAN_POINT('Origin',(291.509842890625,-80.42275,2.));
#10990=CARTESIAN_POINT('Origin',(291.509842890625,-61.322346875,3.5));
#10991=CARTESIAN_POINT('',(294.509842890625,-61.322346875,5.));
#10992=CARTESIAN_POINT('',(296.009842890625,-61.322346875,3.5));
#10993=CARTESIAN_POINT('Origin',(291.509842890625,-61.322346875,5.));
#10994=CARTESIAN_POINT('Origin',(291.509842890625,-80.42275,3.5));
#10995=CARTESIAN_POINT('',(294.509842890625,-80.42275,5.));
#10996=CARTESIAN_POINT('',(296.009842890625,-80.42275,3.5));
#10997=CARTESIAN_POINT('Origin',(291.509842890625,-80.42275,5.));
#10998=CARTESIAN_POINT('Origin',(267.684603203125,-101.131608125,3.5));
#10999=CARTESIAN_POINT('',(270.684603203125,-101.131608125,5.));
#11000=CARTESIAN_POINT('',(272.184603203125,-101.131608125,3.5));
#11001=CARTESIAN_POINT('Origin',(267.684603203125,-101.131608125,5.));
#11002=CARTESIAN_POINT('Origin',(217.19419546875,-106.50987953125,3.5));
#11003=CARTESIAN_POINT('',(220.19419546875,-106.50987953125,5.));
#11004=CARTESIAN_POINT('',(221.69419546875,-106.50987953125,3.5));
#11005=CARTESIAN_POINT('Origin',(217.19419546875,-106.50987953125,5.));
#11006=CARTESIAN_POINT('Origin',(217.19419546875,-106.50987953125,0.));
#11007=CARTESIAN_POINT('',(219.74419546875,-106.50987953125,5.));
#11008=CARTESIAN_POINT('Origin',(217.19419546875,-106.50987953125,5.));
#11009=CARTESIAN_POINT('',(219.74419546875,-106.50987953125,3.4));
#11010=CARTESIAN_POINT('',(219.74419546875,-106.50987953125,0.));
#11011=CARTESIAN_POINT('Origin',(217.19419546875,-106.50987953125,3.4));
#11012=CARTESIAN_POINT('Origin',(217.19419546875,-106.50987953125,5.));
#11013=CARTESIAN_POINT('Origin',(234.208633515625,-65.343484375,0.));
#11014=CARTESIAN_POINT('',(236.758633515625,-65.343484375,5.));
#11015=CARTESIAN_POINT('Origin',(234.208633515625,-65.343484375,5.));
#11016=CARTESIAN_POINT('',(236.758633515625,-65.343484375,3.4));
#11017=CARTESIAN_POINT('',(236.758633515625,-65.343484375,0.));
#11018=CARTESIAN_POINT('Origin',(234.208633515625,-65.343484375,3.4));
#11019=CARTESIAN_POINT('Origin',(234.208633515625,-65.343484375,5.));
#11020=CARTESIAN_POINT('Origin',(267.684603203125,-101.131608125,0.));
#11021=CARTESIAN_POINT('',(270.234603203125,-101.131608125,5.));
#11022=CARTESIAN_POINT('Origin',(267.684603203125,-101.131608125,5.));
#11023=CARTESIAN_POINT('',(270.234603203125,-101.131608125,3.4));
#11024=CARTESIAN_POINT('',(270.234603203125,-101.131608125,0.));
#11025=CARTESIAN_POINT('Origin',(267.684603203125,-101.131608125,3.4));
#11026=CARTESIAN_POINT('Origin',(267.684603203125,-101.131608125,5.));
#11027=CARTESIAN_POINT('Origin',(291.509842890625,-61.322346875,0.));
#11028=CARTESIAN_POINT('',(294.059842890625,-61.322346875,5.));
#11029=CARTESIAN_POINT('Origin',(291.509842890625,-61.322346875,5.));
#11030=CARTESIAN_POINT('',(294.059842890625,-61.322346875,3.4));
#11031=CARTESIAN_POINT('',(294.059842890625,-61.322346875,0.));
#11032=CARTESIAN_POINT('Origin',(291.509842890625,-61.322346875,3.4));
#11033=CARTESIAN_POINT('Origin',(291.509842890625,-61.322346875,5.));
#11034=CARTESIAN_POINT('Origin',(291.509842890625,-80.42275,0.));
#11035=CARTESIAN_POINT('',(294.059842890625,-80.42275,5.));
#11036=CARTESIAN_POINT('Origin',(291.509842890625,-80.42275,5.));
#11037=CARTESIAN_POINT('',(294.059842890625,-80.42275,3.4));
#11038=CARTESIAN_POINT('',(294.059842890625,-80.42275,0.));
#11039=CARTESIAN_POINT('Origin',(291.509842890625,-80.42275,3.4));
#11040=CARTESIAN_POINT('Origin',(291.509842890625,-80.42275,5.));
#11041=CARTESIAN_POINT('Origin',(217.19419546875,-106.50987953125,3.4));
#11042=CARTESIAN_POINT('Origin',(234.208633515625,-65.343484375,3.4));
#11043=CARTESIAN_POINT('Origin',(267.684603203125,-101.131608125,3.4));
#11044=CARTESIAN_POINT('Origin',(291.509842890625,-61.322346875,3.4));
#11045=CARTESIAN_POINT('Origin',(291.509842890625,-80.42275,3.4));
#11046=CARTESIAN_POINT('Ctrl Pts',(311.700963385438,-107.250001620501,0.));
#11047=CARTESIAN_POINT('Ctrl Pts',(311.556625818857,-107.500001624227,0.));
#11048=CARTESIAN_POINT('Ctrl Pts',(311.267950681395,-107.500001624227,0.));
#11049=CARTESIAN_POINT('Ctrl Pts',(313.000001497567,-108.000001609325,-7.461665886772E-15));
#11050=CARTESIAN_POINT('Ctrl Pts',(312.422651231245,-109.000001624227,-7.47244572981418E-15));
#11051=CARTESIAN_POINT('Ctrl Pts',(311.267950681395,-109.000001624227,-7.49400541621981E-15));
#11052=CARTESIAN_POINT('Ctrl Pts',(313.000001497567,-108.000001609325,1.5));
#11053=CARTESIAN_POINT('Ctrl Pts',(312.422651231245,-109.000001624227,1.5));
#11054=CARTESIAN_POINT('Ctrl Pts',(311.267950681395,-109.000001624227,1.5));
#11055=CARTESIAN_POINT('',(311.500001474392,-107.44289261473,0.));
#11056=CARTESIAN_POINT('',(311.267950681395,-107.500001624227,0.));
#11057=CARTESIAN_POINT('Origin',(311.267950681395,-107.000001624227,0.));
#11058=CARTESIAN_POINT('',(313.000001497567,-108.000001609325,1.5));
#11059=CARTESIAN_POINT('Ctrl Pts',(311.500001474392,-107.44289261473,0.));
#11060=CARTESIAN_POINT('Ctrl Pts',(311.502316254477,-107.444293057441,-2.42818268567921E-18));
#11061=CARTESIAN_POINT('Ctrl Pts',(311.504634002096,-107.445688653331,5.35840137166629E-6));
#11062=CARTESIAN_POINT('Ctrl Pts',(311.544353164272,-107.469493720217,0.000189474376216206));
#11063=CARTESIAN_POINT('Ctrl Pts',(311.582539519397,-107.490708733472,0.00177289433170444));
#11064=CARTESIAN_POINT('Ctrl Pts',(311.781717746436,-107.595164278027,0.0179062376270629));
#11065=CARTESIAN_POINT('Ctrl Pts',(311.95980829026,-107.668437865142,0.0586717369411349));
#11066=CARTESIAN_POINT('Ctrl Pts',(312.307102996932,-107.79529003973,0.221943693205222));
#11067=CARTESIAN_POINT('Ctrl Pts',(312.462845775143,-107.844826156163,0.333816675974675));
#11068=CARTESIAN_POINT('Ctrl Pts',(312.722704525912,-107.923530355629,0.611090223655501));
#11069=CARTESIAN_POINT('Ctrl Pts',(312.825254895222,-107.95222304323,0.772008669001955));
#11070=CARTESIAN_POINT('Ctrl Pts',(312.964255857486,-107.990560444564,1.12406555613924));
#11071=CARTESIAN_POINT('Ctrl Pts',(313.000001497567,-108.000001609325,1.31100566818368));
#11072=CARTESIAN_POINT('Ctrl Pts',(313.000001497567,-108.000001609325,1.5));
#11073=CARTESIAN_POINT('',(311.267950681395,-109.000001624227,1.5));
#11074=CARTESIAN_POINT('Origin',(311.267950681395,-107.000001624227,1.5));
#11075=CARTESIAN_POINT('Origin',(311.267950681395,-107.500001624227,1.5));
#11076=CARTESIAN_POINT('Origin',(283.250000430271,-107.500001624227,1.5));
#11077=CARTESIAN_POINT('',(275.110301833332,-107.500001624227,0.));
#11078=CARTESIAN_POINT('',(275.110301833332,-109.000001624227,1.5));
#11079=CARTESIAN_POINT('Origin',(275.110301833332,-107.500001624227,1.5));
#11080=CARTESIAN_POINT('',(283.250000430271,-107.500001624227,0.));
#11081=CARTESIAN_POINT('',(283.250000430271,-109.000001624227,1.5));
#11082=CARTESIAN_POINT('Origin',(275.110301833332,-111.000001624227,1.5));
#11083=CARTESIAN_POINT('',(272.274625465349,-108.948431606883,0.));
#11084=CARTESIAN_POINT('',(273.489915337342,-109.82767590003,1.5));
#11085=CARTESIAN_POINT('Origin',(272.274625465349,-108.948431606883,1.5));
#11086=CARTESIAN_POINT('Origin',(275.110301833332,-111.000001624227,0.));
#11087=CARTESIAN_POINT('Origin',(275.110301833332,-111.000001624227,1.5));
#11088=CARTESIAN_POINT('Origin',(274.509268985801,-105.859711373967,1.5));
#11089=CARTESIAN_POINT('',(263.831389599858,-120.618656951707,0.));
#11090=CARTESIAN_POINT('',(265.046679471851,-121.497901244854,1.5));
#11091=CARTESIAN_POINT('Origin',(263.831389599858,-120.618656951707,1.5));
#11092=CARTESIAN_POINT('',(274.509268985801,-105.859711373967,0.));
#11093=CARTESIAN_POINT('',(275.724558857794,-106.738955667114,1.5));
#11094=CARTESIAN_POINT('Ctrl Pts',(263.831389599858,-120.618656951707,0.));
#11095=CARTESIAN_POINT('Ctrl Pts',(263.705236813524,-120.793025104847,0.));
#11096=CARTESIAN_POINT('Ctrl Pts',(263.491878364047,-120.821255414195,0.));
#11097=CARTESIAN_POINT('Ctrl Pts',(265.046679471851,-121.497901244854,-1.24597544084534E-14));
#11098=CARTESIAN_POINT('Ctrl Pts',(264.542068326516,-122.195373857415,-1.24691761222056E-14));
#11099=CARTESIAN_POINT('Ctrl Pts',(263.688634528606,-122.308295094804,-1.2485110786005E-14));
#11100=CARTESIAN_POINT('Ctrl Pts',(265.046679471851,-121.497901244854,1.5));
#11101=CARTESIAN_POINT('Ctrl Pts',(264.542068326516,-122.195373857415,1.5));
#11102=CARTESIAN_POINT('Ctrl Pts',(263.688634528606,-122.308295094804,1.5));
#11103=CARTESIAN_POINT('',(263.491878364047,-120.821255414195,0.));
#11104=CARTESIAN_POINT('',(263.688634528606,-122.308295094804,1.5));
#11105=CARTESIAN_POINT('Origin',(263.491878364047,-120.821255414195,1.5));
#11106=CARTESIAN_POINT('Origin',(263.426292975861,-120.325575520658,0.));
#11107=CARTESIAN_POINT('Origin',(263.426292975861,-120.325575520658,1.5));
#11108=CARTESIAN_POINT('Origin',(261.193632963088,-121.125345450395,1.5));
#11109=CARTESIAN_POINT('',(226.457366105562,-125.721439775997,0.));
#11110=CARTESIAN_POINT('',(226.654122270121,-127.208479456607,1.5));
#11111=CARTESIAN_POINT('Origin',(226.457366105562,-125.721439775997,1.5));
#11112=CARTESIAN_POINT('',(261.193632963088,-121.125345450395,0.));
#11113=CARTESIAN_POINT('',(261.390389127647,-122.612385131005,1.5));
#11114=CARTESIAN_POINT('Origin',(226.916463822867,-129.191199030753,1.5));
#11115=CARTESIAN_POINT('',(225.168099609144,-126.1591662842,0.));
#11116=CARTESIAN_POINT('',(225.917398557882,-127.458608889865,1.5));
#11117=CARTESIAN_POINT('Origin',(225.168099609144,-126.1591662842,1.5));
#11118=CARTESIAN_POINT('Origin',(226.916463822867,-129.191199030753,0.));
#11119=CARTESIAN_POINT('Origin',(226.916463822867,-129.191199030753,1.5));
#11120=CARTESIAN_POINT('Origin',(244.397303886867,-115.071010110504,1.5));
#11121=CARTESIAN_POINT('',(209.607265176906,-135.132026517297,0.));
#11122=CARTESIAN_POINT('',(210.356564125644,-136.431469122962,1.5));
#11123=CARTESIAN_POINT('Origin',(209.607265176906,-135.132026517297,1.5));
#11124=CARTESIAN_POINT('',(244.397303886867,-115.071010110504,0.));
#11125=CARTESIAN_POINT('',(245.146602835605,-116.37045271617,1.5));
#11126=CARTESIAN_POINT('Ctrl Pts',(209.607265176906,-135.132026517297,0.));
#11127=CARTESIAN_POINT('Ctrl Pts',(209.174117641684,-135.381792833543,0.));
#11128=CARTESIAN_POINT('Ctrl Pts',(208.924351325438,-134.948645298321,0.));
#11129=CARTESIAN_POINT('Ctrl Pts',(210.356564125644,-136.431469122962,-2.19359805845726E-14));
#11130=CARTESIAN_POINT('Ctrl Pts',(208.623973984757,-137.430534387947,-2.19202411472133E-14));
#11131=CARTESIAN_POINT('Ctrl Pts',(207.624908719772,-135.697944247059,-2.19111652989875E-14));
#11132=CARTESIAN_POINT('Ctrl Pts',(210.356564125644,-136.431469122962,1.5));
#11133=CARTESIAN_POINT('Ctrl Pts',(208.623973984757,-137.430534387947,1.5));
#11134=CARTESIAN_POINT('Ctrl Pts',(207.624908719772,-135.697944247059,1.5));
#11135=CARTESIAN_POINT('',(208.924351325438,-134.948645298321,0.));
#11136=CARTESIAN_POINT('',(207.624908719772,-135.697944247059,1.5));
#11137=CARTESIAN_POINT('Origin',(208.924351325438,-134.948645298321,1.5));
#11138=CARTESIAN_POINT('Origin',(209.35749886066,-134.698878982075,0.));
#11139=CARTESIAN_POINT('Origin',(209.35749886066,-134.698878982075,1.5));
#11140=CARTESIAN_POINT('Origin',(204.657293850372,-127.548666567188,1.5));
#11141=CARTESIAN_POINT('',(195.566849693162,-111.783916780483,0.));
#11142=CARTESIAN_POINT('',(194.267407087496,-112.533215729221,1.5));
#11143=CARTESIAN_POINT('Origin',(195.566849693162,-111.783916780483,1.5));
#11144=CARTESIAN_POINT('',(204.657293850372,-127.548666567188,0.));
#11145=CARTESIAN_POINT('',(203.357851244706,-128.297965515926,1.5));
#11146=CARTESIAN_POINT('Ctrl Pts',(195.566849693162,-111.783916780483,0.));
#11147=CARTESIAN_POINT('Ctrl Pts',(195.499997228384,-111.667980489404,0.));
#11148=CARTESIAN_POINT('Ctrl Pts',(195.499997228384,-111.534150464237,0.));
#11149=CARTESIAN_POINT('Ctrl Pts',(194.267407087496,-112.533215729221,-1.4489293437767E-14));
#11150=CARTESIAN_POINT('Ctrl Pts',(193.999997228384,-112.069470564904,-1.44979973676215E-14));
#11151=CARTESIAN_POINT('Ctrl Pts',(193.999997228384,-111.534150464237,-1.44979973676215E-14));
#11152=CARTESIAN_POINT('Ctrl Pts',(194.267407087496,-112.533215729221,1.5));
#11153=CARTESIAN_POINT('Ctrl Pts',(193.999997228384,-112.069470564904,1.5));
#11154=CARTESIAN_POINT('Ctrl Pts',(193.999997228384,-111.534150464237,1.5));
#11155=CARTESIAN_POINT('',(195.499997228384,-111.534150464237,0.));
#11156=CARTESIAN_POINT('',(193.999997228384,-111.534150464237,1.5));
#11157=CARTESIAN_POINT('Origin',(195.499997228384,-111.534150464237,1.5));
#11158=CARTESIAN_POINT('Origin',(195.999997228384,-111.534150464237,0.));
#11159=CARTESIAN_POINT('Origin',(195.999997228384,-111.534150464237,1.5));
#11160=CARTESIAN_POINT('Origin',(195.499997228384,-99.6423690172745,1.5));
#11161=CARTESIAN_POINT('',(195.499997228384,-46.0000006556511,0.));
#11162=CARTESIAN_POINT('',(193.999997228384,-46.0000006556511,1.5));
#11163=CARTESIAN_POINT('Origin',(195.499997228384,-46.0000006556511,1.5));
#11164=CARTESIAN_POINT('',(195.499997228384,-99.6423690172745,0.));
#11165=CARTESIAN_POINT('',(193.999997228384,-99.6423690172745,1.5));
#11166=CARTESIAN_POINT('Ctrl Pts',(195.499997228384,-46.0000006556511,0.));
#11167=CARTESIAN_POINT('Ctrl Pts',(195.499997228384,-45.5000006556511,0.));
#11168=CARTESIAN_POINT('Ctrl Pts',(195.999997228384,-45.5000006556511,0.));
#11169=CARTESIAN_POINT('Ctrl Pts',(193.999997228384,-46.0000006556511,-1.1916728835368E-14));
#11170=CARTESIAN_POINT('Ctrl Pts',(193.999997228384,-44.0000006556511,-1.1916728835368E-14));
#11171=CARTESIAN_POINT('Ctrl Pts',(195.999997228384,-44.0000006556511,-1.19348975147204E-14));
#11172=CARTESIAN_POINT('Ctrl Pts',(193.999997228384,-46.0000006556511,1.5));
#11173=CARTESIAN_POINT('Ctrl Pts',(193.999997228384,-44.0000006556511,1.5));
#11174=CARTESIAN_POINT('Ctrl Pts',(195.999997228384,-44.0000006556511,1.5));
#11175=CARTESIAN_POINT('',(195.999997228384,-45.5000006556511,0.));
#11176=CARTESIAN_POINT('',(195.999997228384,-44.0000006556511,1.5));
#11177=CARTESIAN_POINT('Origin',(195.999997228384,-45.5000006556511,1.5));
#11178=CARTESIAN_POINT('Origin',(195.999997228384,-46.0000006556511,0.));
#11179=CARTESIAN_POINT('Origin',(195.999997228384,-46.0000006556511,1.5));
#11180=CARTESIAN_POINT('Origin',(223.74999829568,-45.5000006556511,1.5));
#11181=CARTESIAN_POINT('',(230.999997809529,-45.5000006556511,0.));
#11182=CARTESIAN_POINT('',(230.999997809529,-44.0000006556511,1.5));
#11183=CARTESIAN_POINT('Origin',(230.999997809529,-45.5000006556511,1.5));
#11184=CARTESIAN_POINT('',(223.74999829568,-45.5000006556511,0.));
#11185=CARTESIAN_POINT('',(223.74999829568,-44.0000006556511,1.5));
#11186=CARTESIAN_POINT('Origin',(230.999997809529,-42.0000006556511,1.5));
#11187=CARTESIAN_POINT('',(234.031087528248,-43.7499992605299,0.));
#11188=CARTESIAN_POINT('',(232.732049077369,-42.999999858439,1.5));
#11189=CARTESIAN_POINT('Origin',(234.031087528248,-43.7499992605299,1.5));
#11190=CARTESIAN_POINT('Origin',(230.999997809529,-42.0000006556511,0.));
#11191=CARTESIAN_POINT('Origin',(230.999997809529,-42.0000006556511,1.5));
#11192=CARTESIAN_POINT('Ctrl Pts',(234.031087528248,-43.7499992605299,0.));
#11193=CARTESIAN_POINT('Ctrl Pts',(234.175425057189,-43.4999990612268,0.));
#11194=CARTESIAN_POINT('Ctrl Pts',(234.464100345208,-43.4999990612268,0.));
#11195=CARTESIAN_POINT('Ctrl Pts',(232.732049077369,-42.999999858439,-1.05554212318526E-14));
#11196=CARTESIAN_POINT('Ctrl Pts',(233.309399193134,-41.9999990612269,-1.05526537340189E-14));
#11197=CARTESIAN_POINT('Ctrl Pts',(234.464100345208,-41.9999990612269,-1.0547118733939E-14));
#11198=CARTESIAN_POINT('Ctrl Pts',(232.732049077369,-42.999999858439,1.5));
#11199=CARTESIAN_POINT('Ctrl Pts',(233.309399193134,-41.9999990612269,1.5));
#11200=CARTESIAN_POINT('Ctrl Pts',(234.464100345208,-41.9999990612269,1.5));
#11201=CARTESIAN_POINT('',(234.464100345208,-43.4999990612268,0.));
#11202=CARTESIAN_POINT('',(234.464100345208,-41.9999990612268,1.5));
#11203=CARTESIAN_POINT('Origin',(234.464100345208,-43.4999990612268,1.5));
#11204=CARTESIAN_POINT('Origin',(234.464100345208,-43.9999990612268,0.));
#11205=CARTESIAN_POINT('Origin',(234.464100345208,-43.9999990612268,1.5));
#11206=CARTESIAN_POINT('Origin',(243.249998586252,-43.4999990612268,1.5));
#11207=CARTESIAN_POINT('',(249.999998092651,-43.4999990612268,0.));
#11208=CARTESIAN_POINT('',(249.999998092651,-41.9999990612268,1.5));
#11209=CARTESIAN_POINT('Origin',(249.999998092651,-43.4999990612268,1.5));
#11210=CARTESIAN_POINT('',(243.249998586252,-43.4999990612268,0.));
#11211=CARTESIAN_POINT('',(243.249998586252,-41.9999990612268,1.5));
#11212=CARTESIAN_POINT('Origin',(249.999998092651,-39.9999990612268,1.5));
#11213=CARTESIAN_POINT('',(253.499998092651,-39.9999990612269,0.));
#11214=CARTESIAN_POINT('',(251.999998092651,-39.9999990612268,1.5));
#11215=CARTESIAN_POINT('Origin',(253.499998092651,-39.9999990612269,1.5));
#11216=CARTESIAN_POINT('Origin',(249.999998092651,-39.9999990612268,0.));
#11217=CARTESIAN_POINT('Origin',(249.999998092651,-39.9999990612268,1.5));
#11218=CARTESIAN_POINT('Origin',(253.499998092651,-64.6076332654359,1.5));
#11219=CARTESIAN_POINT('',(253.499998092651,-39.000000551343,0.));
#11220=CARTESIAN_POINT('',(251.999998092651,-39.000000551343,1.5));
#11221=CARTESIAN_POINT('Origin',(253.499998092651,-39.000000551343,1.5));
#11222=CARTESIAN_POINT('',(253.499998092651,-64.6076332654359,0.));
#11223=CARTESIAN_POINT('',(251.999998092651,-64.6076332654359,1.5));
#11224=CARTESIAN_POINT('Ctrl Pts',(253.499998092651,-39.000000551343,0.));
#11225=CARTESIAN_POINT('Ctrl Pts',(253.499998092651,-38.500000551343,0.));
#11226=CARTESIAN_POINT('Ctrl Pts',(253.999998092651,-38.500000551343,0.));
#11227=CARTESIAN_POINT('Ctrl Pts',(251.999998092651,-39.000000551343,-1.05567056302022E-14));
#11228=CARTESIAN_POINT('Ctrl Pts',(251.999998092651,-37.000000551343,-1.05567056302022E-14));
#11229=CARTESIAN_POINT('Ctrl Pts',(253.999998092651,-37.000000551343,-1.0547118733939E-14));
#11230=CARTESIAN_POINT('Ctrl Pts',(251.999998092651,-39.000000551343,1.5));
#11231=CARTESIAN_POINT('Ctrl Pts',(251.999998092651,-37.000000551343,1.5));
#11232=CARTESIAN_POINT('Ctrl Pts',(253.999998092651,-37.000000551343,1.5));
#11233=CARTESIAN_POINT('',(253.999998092651,-38.500000551343,0.));
#11234=CARTESIAN_POINT('',(253.999998092651,-37.000000551343,1.5));
#11235=CARTESIAN_POINT('Origin',(253.999998092651,-38.500000551343,1.5));
#11236=CARTESIAN_POINT('Origin',(253.999998092651,-39.000000551343,0.));
#11237=CARTESIAN_POINT('Origin',(253.999998092651,-39.000000551343,1.5));
#11238=CARTESIAN_POINT('Origin',(252.749998727813,-38.500000551343,1.5));
#11239=CARTESIAN_POINT('',(272.999998435378,-38.500000551343,0.));
#11240=CARTESIAN_POINT('',(272.999998435378,-37.000000551343,1.5));
#11241=CARTESIAN_POINT('Origin',(272.999998435378,-38.500000551343,1.5));
#11242=CARTESIAN_POINT('',(252.749998727813,-38.500000551343,0.));
#11243=CARTESIAN_POINT('',(252.749998727813,-37.000000551343,1.5));
#11244=CARTESIAN_POINT('Ctrl Pts',(272.999998435378,-38.500000551343,0.));
#11245=CARTESIAN_POINT('Ctrl Pts',(273.387296774616,-38.500000551343,0.));
#11246=CARTESIAN_POINT('Ctrl Pts',(273.484121355097,-38.8750005569309,0.));
#11247=CARTESIAN_POINT('Ctrl Pts',(272.999998435378,-37.000000551343,-1.08246744900953E-14));
#11248=CARTESIAN_POINT('Ctrl Pts',(274.549191792329,-37.000000551343,-1.07957491354119E-14));
#11249=CARTESIAN_POINT('Ctrl Pts',(274.936490114253,-38.5000005736947,-1.07885177970643E-14));
#11250=CARTESIAN_POINT('Ctrl Pts',(272.999998435378,-37.000000551343,1.5));
#11251=CARTESIAN_POINT('Ctrl Pts',(274.549191792329,-37.000000551343,1.5));
#11252=CARTESIAN_POINT('Ctrl Pts',(274.936490114253,-38.5000005736947,1.5));
#11253=CARTESIAN_POINT('',(273.484121355097,-38.8750005569309,0.));
#11254=CARTESIAN_POINT('',(274.936490114253,-38.5000005736947,1.5));
#11255=CARTESIAN_POINT('Origin',(273.484121355097,-38.8750005569309,1.5));
#11256=CARTESIAN_POINT('Origin',(272.999998435378,-39.000000551343,0.));
#11257=CARTESIAN_POINT('Origin',(272.999998435378,-39.000000551343,1.5));
#11258=CARTESIAN_POINT('Origin',(276.872981793128,-38.0000005960464,1.5));
#11259=CARTESIAN_POINT('',(276.872981793128,-41.5000005960464,0.));
#11260=CARTESIAN_POINT('',(276.872981793128,-40.0000005960464,1.5));
#11261=CARTESIAN_POINT('Origin',(276.872981793128,-41.5000005960464,1.5));
#11262=CARTESIAN_POINT('Origin',(276.872981793128,-38.0000005960464,0.));
#11263=CARTESIAN_POINT('Origin',(276.872981793128,-38.0000005960464,1.5));
#11264=CARTESIAN_POINT('Origin',(264.249998899177,-41.5000005960464,1.5));
#11265=CARTESIAN_POINT('',(291.9999987185,-41.5000005960464,0.));
#11266=CARTESIAN_POINT('',(291.9999987185,-40.0000005960464,1.5));
#11267=CARTESIAN_POINT('Origin',(291.9999987185,-41.5000005960464,1.5));
#11268=CARTESIAN_POINT('',(264.249998899177,-41.5000005960464,0.));
#11269=CARTESIAN_POINT('',(264.249998899177,-40.0000005960464,1.5));
#11270=CARTESIAN_POINT('Ctrl Pts',(291.9999987185,-41.5000005960464,0.));
#11271=CARTESIAN_POINT('Ctrl Pts',(292.4999987185,-41.5000005960464,0.));
#11272=CARTESIAN_POINT('Ctrl Pts',(292.4999987185,-42.0000005960464,0.));
#11273=CARTESIAN_POINT('Ctrl Pts',(291.9999987185,-40.0000005960464,-1.08246744900953E-14));
#11274=CARTESIAN_POINT('Ctrl Pts',(293.9999987185,-40.0000005960464,-1.07873320182165E-14));
#11275=CARTESIAN_POINT('Ctrl Pts',(293.9999987185,-42.0000005960464,-1.07873320182165E-14));
#11276=CARTESIAN_POINT('Ctrl Pts',(291.9999987185,-40.0000005960464,1.5));
#11277=CARTESIAN_POINT('Ctrl Pts',(293.9999987185,-40.0000005960464,1.5));
#11278=CARTESIAN_POINT('Ctrl Pts',(293.9999987185,-42.0000005960464,1.5));
#11279=CARTESIAN_POINT('',(292.4999987185,-42.0000005960464,0.));
#11280=CARTESIAN_POINT('',(293.9999987185,-42.0000005960464,1.5));
#11281=CARTESIAN_POINT('Origin',(292.4999987185,-42.0000005960464,1.5));
#11282=CARTESIAN_POINT('Origin',(291.9999987185,-42.0000005960464,0.));
#11283=CARTESIAN_POINT('Origin',(291.9999987185,-42.0000005960464,1.5));
#11284=CARTESIAN_POINT('Origin',(292.4999987185,-63.6076340328457,1.5));
#11285=CARTESIAN_POINT('',(292.4999987185,-46.0000007152557,0.));
#11286=CARTESIAN_POINT('',(293.9999987185,-46.0000007152557,1.5));
#11287=CARTESIAN_POINT('Origin',(292.4999987185,-46.0000007152557,1.5));
#11288=CARTESIAN_POINT('',(292.4999987185,-63.6076340328457,0.));
#11289=CARTESIAN_POINT('',(293.9999987185,-63.6076340328457,1.5));
#11290=CARTESIAN_POINT('Origin',(295.9999987185,-46.0000007152557,1.5));
#11291=CARTESIAN_POINT('',(295.9999987185,-49.5000007152557,0.));
#11292=CARTESIAN_POINT('',(295.9999987185,-48.0000007152557,1.5));
#11293=CARTESIAN_POINT('Origin',(295.9999987185,-49.5000007152557,1.5));
#11294=CARTESIAN_POINT('Origin',(295.9999987185,-46.0000007152557,0.));
#11295=CARTESIAN_POINT('Origin',(295.9999987185,-46.0000007152557,1.5));
#11296=CARTESIAN_POINT('Origin',(273.749999040738,-49.5000007152557,1.5));
#11297=CARTESIAN_POINT('',(310.99999908482,-49.5000007152557,0.));
#11298=CARTESIAN_POINT('',(310.99999908482,-48.0000007152557,1.5));
#11299=CARTESIAN_POINT('Origin',(310.99999908482,-49.5000007152557,1.5));
#11300=CARTESIAN_POINT('',(273.749999040738,-49.5000007152557,0.));
#11301=CARTESIAN_POINT('',(273.749999040738,-48.0000007152557,1.5));
#11302=CARTESIAN_POINT('Ctrl Pts',(310.99999908482,-49.5000007152557,0.));
#11303=CARTESIAN_POINT('Ctrl Pts',(311.499999064021,-49.5000007152557,0.));
#11304=CARTESIAN_POINT('Ctrl Pts',(311.49999908482,-50.0000006944562,0.));
#11305=CARTESIAN_POINT('Ctrl Pts',(310.99999908482,-48.0000007152557,-1.58206781009085E-14));
#11306=CARTESIAN_POINT('Ctrl Pts',(312.999999001622,-48.0000007152557,-1.57833356305831E-14));
#11307=CARTESIAN_POINT('Ctrl Pts',(312.99999908482,-50.0000006320576,-1.57833356290297E-14));
#11308=CARTESIAN_POINT('Ctrl Pts',(310.99999908482,-48.0000007152557,1.5));
#11309=CARTESIAN_POINT('Ctrl Pts',(312.999999001622,-48.0000007152557,1.5));
#11310=CARTESIAN_POINT('Ctrl Pts',(312.99999908482,-50.0000006320576,1.5));
#11311=CARTESIAN_POINT('',(311.49999908482,-50.0000006944562,0.));
#11312=CARTESIAN_POINT('',(312.99999908482,-50.0000006320576,1.5));
#11313=CARTESIAN_POINT('Origin',(311.49999908482,-50.0000006944562,1.5));
#11314=CARTESIAN_POINT('Origin',(310.99999908482,-50.0000007152557,0.));
#11315=CARTESIAN_POINT('Origin',(310.99999908482,-50.0000007152557,1.5));
#11316=CARTESIAN_POINT('Origin',(311.499999817282,-67.6076329172765,1.5));
#11317=CARTESIAN_POINT('',(312.999999817282,-67.6076328548779,1.5));
#11318=CARTESIAN_POINT('',(311.499999817282,-67.6076329172765,0.));
#11319=CARTESIAN_POINT('Origin',(232.999997809529,-41.9999990612268,0.));
#11320=CARTESIAN_POINT('',(234.464100345208,-41.9999990612268,8.85));
#11321=CARTESIAN_POINT('',(234.464100345208,-41.9999990612268,0.));
#11322=CARTESIAN_POINT('',(249.999998092651,-41.9999990612268,8.85));
#11323=CARTESIAN_POINT('',(243.249998586252,-41.9999990612268,8.85));
#11324=CARTESIAN_POINT('',(249.999998092651,-41.9999990612268,0.));
#11325=CARTESIAN_POINT('Origin',(249.999998092651,-39.9999990612268,0.));
#11326=CARTESIAN_POINT('',(251.999998092651,-39.9999990612268,8.85));
#11327=CARTESIAN_POINT('Origin',(249.999998092651,-39.9999990612268,8.85));
#11328=CARTESIAN_POINT('',(251.999998092651,-39.9999990612268,0.));
#11329=CARTESIAN_POINT('Origin',(251.999998092651,-41.9999990612268,0.));
#11330=CARTESIAN_POINT('',(251.999998092651,-39.000000551343,8.85));
#11331=CARTESIAN_POINT('',(251.999998092651,-64.6076332654359,8.85));
#11332=CARTESIAN_POINT('',(251.999998092651,-39.000000551343,0.));
#11333=CARTESIAN_POINT('Origin',(253.999998092651,-39.000000551343,0.));
#11334=CARTESIAN_POINT('',(253.999998092651,-37.000000551343,8.85));
#11335=CARTESIAN_POINT('Origin',(253.999998092651,-39.000000551343,8.85));
#11336=CARTESIAN_POINT('',(253.999998092651,-37.000000551343,0.));
#11337=CARTESIAN_POINT('Origin',(251.999998092651,-37.000000551343,0.));
#11338=CARTESIAN_POINT('',(272.999998435378,-37.000000551343,8.85));
#11339=CARTESIAN_POINT('',(252.749998727813,-37.000000551343,8.85));
#11340=CARTESIAN_POINT('',(272.999998435378,-37.000000551343,0.));
#11341=CARTESIAN_POINT('Origin',(272.999998435378,-39.000000551343,0.));
#11342=CARTESIAN_POINT('',(274.936490114253,-38.5000005736947,8.85));
#11343=CARTESIAN_POINT('Origin',(272.999998435378,-39.000000551343,8.85));
#11344=CARTESIAN_POINT('',(274.936490114253,-38.5000005736947,0.));
#11345=CARTESIAN_POINT('Origin',(276.872981793128,-38.0000005960464,0.));
#11346=CARTESIAN_POINT('',(276.872981793128,-40.0000005960464,8.85));
#11347=CARTESIAN_POINT('Origin',(276.872981793128,-38.0000005960464,8.85));
#11348=CARTESIAN_POINT('',(276.872981793128,-40.0000005960464,0.));
#11349=CARTESIAN_POINT('Origin',(274.999998435378,-40.0000005960464,0.));
#11350=CARTESIAN_POINT('',(291.9999987185,-40.0000005960464,8.85));
#11351=CARTESIAN_POINT('',(264.249998899177,-40.0000005960464,8.85));
#11352=CARTESIAN_POINT('',(291.9999987185,-40.0000005960464,0.));
#11353=CARTESIAN_POINT('Origin',(291.9999987185,-42.0000005960464,0.));
#11354=CARTESIAN_POINT('',(293.9999987185,-42.0000005960464,8.85));
#11355=CARTESIAN_POINT('Origin',(291.9999987185,-42.0000005960464,8.85));
#11356=CARTESIAN_POINT('',(293.9999987185,-42.0000005960464,0.));
#11357=CARTESIAN_POINT('Origin',(293.9999987185,-40.0000005960464,0.));
#11358=CARTESIAN_POINT('',(293.9999987185,-46.0000007152557,8.85));
#11359=CARTESIAN_POINT('',(293.9999987185,-63.6076340328457,8.85));
#11360=CARTESIAN_POINT('',(293.9999987185,-46.0000007152557,0.));
#11361=CARTESIAN_POINT('Origin',(295.9999987185,-46.0000007152557,0.));
#11362=CARTESIAN_POINT('',(295.9999987185,-48.0000007152557,8.85));
#11363=CARTESIAN_POINT('Origin',(295.9999987185,-46.0000007152557,8.85));
#11364=CARTESIAN_POINT('',(295.9999987185,-48.0000007152557,0.));
#11365=CARTESIAN_POINT('Origin',(293.9999987185,-48.0000007152557,0.));
#11366=CARTESIAN_POINT('',(310.99999908482,-48.0000007152557,8.85));
#11367=CARTESIAN_POINT('',(273.749999040738,-48.0000007152557,8.85));
#11368=CARTESIAN_POINT('',(310.99999908482,-48.0000007152557,0.));
#11369=CARTESIAN_POINT('Origin',(310.99999908482,-50.0000007152557,0.));
#11370=CARTESIAN_POINT('',(312.99999908482,-50.0000006320576,8.85));
#11371=CARTESIAN_POINT('Origin',(310.99999908482,-50.0000007152557,8.85));
#11372=CARTESIAN_POINT('',(312.99999908482,-50.0000006320576,0.));
#11373=CARTESIAN_POINT('Origin',(312.999999001622,-48.0000007152557,0.));
#11374=CARTESIAN_POINT('',(313.000001497567,-108.000001609325,8.85));
#11375=CARTESIAN_POINT('',(312.999999817282,-67.6076328548779,8.85));
#11376=CARTESIAN_POINT('',(313.000001497567,-108.000001609325,0.));
#11377=CARTESIAN_POINT('Origin',(311.267950681395,-107.000001624227,0.));
#11378=CARTESIAN_POINT('',(311.267950681395,-109.000001624227,8.85));
#11379=CARTESIAN_POINT('Origin',(311.267950681395,-107.000001624227,8.85));
#11380=CARTESIAN_POINT('',(311.267950681395,-109.000001624227,0.));
#11381=CARTESIAN_POINT('Origin',(253.499999362975,-87.215267469645,0.));
#11382=CARTESIAN_POINT('Origin',(241.957801708606,-123.348873885793,8.85));
#11383=CARTESIAN_POINT('',(263.643214438189,-120.479590240445,9.1));
#11384=CARTESIAN_POINT('',(225.974449277335,-125.463695139176,9.1));
#11385=CARTESIAN_POINT('',(241.957801708606,-123.348873885793,9.1));
#11386=CARTESIAN_POINT('',(263.503742519357,-120.24586544835,8.85));
#11387=CARTESIAN_POINT('Origin',(263.643214438189,-120.479590240445,8.85));
#11388=CARTESIAN_POINT('',(225.892511402993,-125.222357787663,8.85));
#11389=CARTESIAN_POINT('',(241.925009014513,-123.101033939025,8.85));
#11390=CARTESIAN_POINT('Origin',(225.974449277335,-125.463695139176,8.85));
#11391=CARTESIAN_POINT('Origin',(236.367147119646,-119.470942913069,8.85));
#11392=CARTESIAN_POINT('',(209.291516480076,-135.083592126051,9.1));
#11393=CARTESIAN_POINT('',(236.367147119646,-119.470942913069,9.1));
#11394=CARTESIAN_POINT('',(209.382950959064,-134.742282893115,8.85));
#11395=CARTESIAN_POINT('',(236.242263961523,-119.254369145458,8.85));
#11396=CARTESIAN_POINT('Origin',(209.291516480076,-135.083592126051,8.85));
#11397=CARTESIAN_POINT('Origin',(197.683470281228,-115.007724318841,8.85));
#11398=CARTESIAN_POINT('',(195.701341666667,-111.579675243125,9.1));
#11399=CARTESIAN_POINT('',(197.683470281228,-115.007724318841,9.1));
#11400=CARTESIAN_POINT('',(195.951341666667,-111.512601689826,8.85));
#11401=CARTESIAN_POINT('',(197.899896117072,-114.8825849662,8.85));
#11402=CARTESIAN_POINT('Origin',(195.701341666667,-111.579675243125,8.85));
#11403=CARTESIAN_POINT('Origin',(195.701341666667,-94.6076345171335,8.85));
#11404=CARTESIAN_POINT('',(195.701341666667,-103.000001564622,9.1));
#11405=CARTESIAN_POINT('',(195.701341666667,-94.6076345171335,9.1));
#11406=CARTESIAN_POINT('',(195.951341666667,-103.000001564622,8.85));
#11407=CARTESIAN_POINT('',(195.951341666667,-94.6076345171335,8.85));
#11408=CARTESIAN_POINT('Origin',(195.701341666667,-103.000001564622,8.85));
#11409=CARTESIAN_POINT('Origin',(195.701341666667,-103.000001564622,8.1));
#11410=CARTESIAN_POINT('',(195.701341666667,-102.000001564622,8.1));
#11411=CARTESIAN_POINT('',(195.951341666667,-102.250001564622,8.1));
#11412=CARTESIAN_POINT('Origin',(195.701341666667,-102.250001564622,8.1));
#11413=CARTESIAN_POINT('Origin',(195.701341666667,-103.000001564622,8.1));
#11414=CARTESIAN_POINT('Origin',(195.951341666667,-103.000001564622,8.1));
#11415=CARTESIAN_POINT('Origin',(195.701341666667,-102.250001564622,0.));
#11416=CARTESIAN_POINT('',(195.701341666667,-102.000001564622,7.6));
#11417=CARTESIAN_POINT('',(195.951341666667,-102.250001564622,7.6));
#11418=CARTESIAN_POINT('Origin',(195.701341666667,-102.250001564622,7.6));
#11419=CARTESIAN_POINT('',(195.701341666667,-102.000001564622,0.));
#11420=CARTESIAN_POINT('',(195.951341666667,-102.250001564622,0.));
#11421=CARTESIAN_POINT('Origin',(195.701341666667,-101.000001564622,7.6));
#11422=CARTESIAN_POINT('',(195.701341666667,-101.000001564622,6.6));
#11423=CARTESIAN_POINT('',(195.951341666667,-101.000001564622,6.35));
#11424=CARTESIAN_POINT('Origin',(195.701341666667,-101.000001564622,6.35));
#11425=CARTESIAN_POINT('Origin',(195.701341666667,-101.000001564622,7.6));
#11426=CARTESIAN_POINT('Origin',(195.951341666667,-101.000001564622,7.6));
#11427=CARTESIAN_POINT('Origin',(195.701341666667,-97.0000014789402,6.35));
#11428=CARTESIAN_POINT('',(195.701341666667,-83.0000012218952,6.6));
#11429=CARTESIAN_POINT('',(195.951341666667,-83.0000012218952,6.35));
#11430=CARTESIAN_POINT('Origin',(195.701341666667,-83.0000012218952,6.35));
#11431=CARTESIAN_POINT('',(195.701341666667,-97.0000014789402,6.6));
#11432=CARTESIAN_POINT('',(195.951341666667,-97.0000014789402,6.35));
#11433=CARTESIAN_POINT('Origin',(195.701341666667,-83.0000012218952,7.6));
#11434=CARTESIAN_POINT('',(195.701341666667,-82.0000012218952,7.6));
#11435=CARTESIAN_POINT('',(195.951341666667,-81.7500012218952,7.6));
#11436=CARTESIAN_POINT('Origin',(195.701341666667,-81.7500012218952,7.6));
#11437=CARTESIAN_POINT('Origin',(195.701341666667,-83.0000012218952,7.6));
#11438=CARTESIAN_POINT('Origin',(195.951341666667,-83.0000012218952,7.6));
#11439=CARTESIAN_POINT('Origin',(195.701341666667,-81.7500012218952,0.));
#11440=CARTESIAN_POINT('',(195.701341666667,-82.0000012218952,8.1));
#11441=CARTESIAN_POINT('',(195.951341666667,-81.7500012218952,8.1));
#11442=CARTESIAN_POINT('Origin',(195.701341666667,-81.7500012218952,8.1));
#11443=CARTESIAN_POINT('',(195.701341666667,-82.0000012218952,0.));
#11444=CARTESIAN_POINT('',(195.951341666667,-81.7500012218952,0.));
#11445=CARTESIAN_POINT('Origin',(195.701341666667,-81.0000012218952,8.1));
#11446=CARTESIAN_POINT('',(195.701341666667,-81.0000012218952,9.1));
#11447=CARTESIAN_POINT('',(195.951341666667,-81.0000012218952,8.85));
#11448=CARTESIAN_POINT('Origin',(195.701341666667,-81.0000012218952,8.85));
#11449=CARTESIAN_POINT('Origin',(195.701341666667,-81.0000012218952,8.1));
#11450=CARTESIAN_POINT('Origin',(195.951341666667,-81.0000012218952,8.1));
#11451=CARTESIAN_POINT('Origin',(195.701341666667,-94.6076345171335,8.85));
#11452=CARTESIAN_POINT('',(195.701341666667,-46.9499989718199,9.1));
#11453=CARTESIAN_POINT('',(195.951341666667,-46.9499989718199,8.85));
#11454=CARTESIAN_POINT('Origin',(195.701341666667,-46.9499989718199,8.85));
#11455=CARTESIAN_POINT('',(195.701341666667,-94.6076345171335,9.1));
#11456=CARTESIAN_POINT('',(195.951341666667,-94.6076345171335,8.85));
#11457=CARTESIAN_POINT('Origin',(196.951341666667,-46.9499989718199,8.85));
#11458=CARTESIAN_POINT('',(196.951341666667,-45.6999989718199,9.1));
#11459=CARTESIAN_POINT('',(196.951341666667,-45.9499989718199,8.85));
#11460=CARTESIAN_POINT('Origin',(196.951341666667,-45.6999989718199,8.85));
#11461=CARTESIAN_POINT('Origin',(196.951341666667,-46.9499989718199,9.1));
#11462=CARTESIAN_POINT('Origin',(196.951341666667,-46.9499989718199,8.85));
#11463=CARTESIAN_POINT('Origin',(244.249998601153,-45.6999989718199,8.85));
#11464=CARTESIAN_POINT('',(196.999997287989,-45.6999989718199,9.1));
#11465=CARTESIAN_POINT('',(196.999997287989,-45.9499989718199,8.85));
#11466=CARTESIAN_POINT('Origin',(196.999997287989,-45.6999989718199,8.85));
#11467=CARTESIAN_POINT('',(244.249998601153,-45.6999989718199,9.1));
#11468=CARTESIAN_POINT('',(244.249998601153,-45.9499989718199,8.85));
#11469=CARTESIAN_POINT('Origin',(196.999997287989,-45.6999989718199,8.1));
#11470=CARTESIAN_POINT('',(197.999997287989,-45.6999989718199,8.1));
#11471=CARTESIAN_POINT('',(197.749997287989,-45.9499989718199,8.1));
#11472=CARTESIAN_POINT('Origin',(197.749997287989,-45.6999989718199,8.1));
#11473=CARTESIAN_POINT('Origin',(196.999997287989,-45.6999989718199,8.1));
#11474=CARTESIAN_POINT('Origin',(196.999997287989,-45.9499989718199,8.1));
#11475=CARTESIAN_POINT('Origin',(197.749997287989,-45.6999989718199,0.));
#11476=CARTESIAN_POINT('',(197.999997287989,-45.6999989718199,7.6));
#11477=CARTESIAN_POINT('',(197.749997287989,-45.9499989718199,7.6));
#11478=CARTESIAN_POINT('Origin',(197.749997287989,-45.6999989718199,7.6));
#11479=CARTESIAN_POINT('',(197.999997287989,-45.6999989718199,0.));
#11480=CARTESIAN_POINT('',(197.749997287989,-45.9499989718199,0.));
#11481=CARTESIAN_POINT('Origin',(198.999997287989,-45.6999989718199,7.6));
#11482=CARTESIAN_POINT('',(198.999997287989,-45.6999989718199,6.6));
#11483=CARTESIAN_POINT('',(198.999997287989,-45.9499989718199,6.35));
#11484=CARTESIAN_POINT('Origin',(198.999997287989,-45.6999989718199,6.35));
#11485=CARTESIAN_POINT('Origin',(198.999997287989,-45.6999989718199,7.6));
#11486=CARTESIAN_POINT('Origin',(198.999997287989,-45.9499989718199,7.6));
#11487=CARTESIAN_POINT('Origin',(244.249998601153,-45.6999989718199,6.35));
#11488=CARTESIAN_POINT('',(212.999997526407,-45.6999989718199,6.6));
#11489=CARTESIAN_POINT('',(212.999997526407,-45.9499989718199,6.35));
#11490=CARTESIAN_POINT('Origin',(212.999997526407,-45.6999989718199,6.35));
#11491=CARTESIAN_POINT('',(244.249998601153,-45.6999989718199,6.6));
#11492=CARTESIAN_POINT('',(244.249998601153,-45.9499989718199,6.35));
#11493=CARTESIAN_POINT('Origin',(212.999997526407,-45.6999989718199,7.6));
#11494=CARTESIAN_POINT('',(213.999997526407,-45.6999989718199,7.6));
#11495=CARTESIAN_POINT('',(214.249997526407,-45.9499989718199,7.6));
#11496=CARTESIAN_POINT('Origin',(214.249997526407,-45.6999989718199,7.6));
#11497=CARTESIAN_POINT('Origin',(212.999997526407,-45.6999989718199,7.6));
#11498=CARTESIAN_POINT('Origin',(212.999997526407,-45.9499989718199,7.6));
#11499=CARTESIAN_POINT('Origin',(214.249997526407,-45.6999989718199,0.));
#11500=CARTESIAN_POINT('',(213.999997526407,-45.6999989718199,8.1));
#11501=CARTESIAN_POINT('',(214.249997526407,-45.9499989718199,8.1));
#11502=CARTESIAN_POINT('Origin',(214.249997526407,-45.6999989718199,8.1));
#11503=CARTESIAN_POINT('',(213.999997526407,-45.6999989718199,0.));
#11504=CARTESIAN_POINT('',(214.249997526407,-45.9499989718199,0.));
#11505=CARTESIAN_POINT('Origin',(214.999997526407,-45.6999989718199,8.1));
#11506=CARTESIAN_POINT('',(214.999997526407,-45.6999989718199,9.1));
#11507=CARTESIAN_POINT('',(214.999997526407,-45.9499989718199,8.85));
#11508=CARTESIAN_POINT('Origin',(214.999997526407,-45.6999989718199,8.85));
#11509=CARTESIAN_POINT('Origin',(214.999997526407,-45.6999989718199,8.1));
#11510=CARTESIAN_POINT('Origin',(214.999997526407,-45.9499989718199,8.1));
#11511=CARTESIAN_POINT('Origin',(244.249998601153,-45.6999989718199,8.85));
#11512=CARTESIAN_POINT('',(233.949997839332,-45.6999989718199,9.1));
#11513=CARTESIAN_POINT('',(233.949997839332,-45.9499989718199,8.85));
#11514=CARTESIAN_POINT('Origin',(233.949997839332,-45.6999989718199,8.85));
#11515=CARTESIAN_POINT('',(244.249998601153,-45.6999989718199,9.1));
#11516=CARTESIAN_POINT('',(244.249998601153,-45.9499989718199,8.85));
#11517=CARTESIAN_POINT('Origin',(233.949997839332,-44.9499989718199,8.85));
#11518=CARTESIAN_POINT('',(234.699997839332,-44.9499990053475,9.1));
#11519=CARTESIAN_POINT('',(234.949997839332,-44.9499990165233,8.85));
#11520=CARTESIAN_POINT('Origin',(234.699997839332,-44.9499990053475,8.85));
#11521=CARTESIAN_POINT('Origin',(233.949997839332,-44.9499989718199,9.1));
#11522=CARTESIAN_POINT('Origin',(233.949997839332,-44.9499989718199,8.85));
#11523=CARTESIAN_POINT('Origin',(235.949997839332,-44.9499990165233,8.85));
#11524=CARTESIAN_POINT('',(235.949997839332,-43.6999990165233,9.1));
#11525=CARTESIAN_POINT('',(235.949997839332,-43.9499990165234,8.85));
#11526=CARTESIAN_POINT('Origin',(235.949997839332,-43.6999990165233,8.85));
#11527=CARTESIAN_POINT('Origin',(235.949997839332,-44.9499990165233,9.1));
#11528=CARTESIAN_POINT('Origin',(235.949997839332,-44.9499990165233,8.85));
#11529=CARTESIAN_POINT('Origin',(253.749998742715,-43.6999990165234,8.85));
#11530=CARTESIAN_POINT('',(252.949998122454,-43.6999990165234,9.1));
#11531=CARTESIAN_POINT('',(252.949998122454,-43.9499990165234,8.85));
#11532=CARTESIAN_POINT('Origin',(252.949998122454,-43.6999990165234,8.85));
#11533=CARTESIAN_POINT('',(253.749998742715,-43.6999990165234,9.1));
#11534=CARTESIAN_POINT('',(253.749998742715,-43.9499990165234,8.85));
#11535=CARTESIAN_POINT('Origin',(252.949998122454,-42.9499990165234,8.85));
#11536=CARTESIAN_POINT('',(253.699998122454,-42.9499990165234,9.1));
#11537=CARTESIAN_POINT('',(253.949998122454,-42.9499990165234,8.85));
#11538=CARTESIAN_POINT('Origin',(253.699998122454,-42.9499990165234,8.85));
#11539=CARTESIAN_POINT('Origin',(252.949998122454,-42.9499990165234,9.1));
#11540=CARTESIAN_POINT('Origin',(252.949998122454,-42.9499990165234,8.85));
#11541=CARTESIAN_POINT('Origin',(253.699998122454,-63.1076340253952,8.85));
#11542=CARTESIAN_POINT('',(253.699998122454,-39.9500005811453,9.1));
#11543=CARTESIAN_POINT('',(253.949998122454,-39.9500005811453,8.85));
#11544=CARTESIAN_POINT('Origin',(253.699998122454,-39.9500005811453,8.85));
#11545=CARTESIAN_POINT('',(253.699998122454,-63.1076340253952,9.1));
#11546=CARTESIAN_POINT('',(253.949998122454,-63.1076340253952,8.85));
#11547=CARTESIAN_POINT('Origin',(254.949998122454,-39.9500005811453,8.85));
#11548=CARTESIAN_POINT('',(254.949998122454,-38.7000005811453,9.1));
#11549=CARTESIAN_POINT('',(254.949998122454,-38.9500005811453,8.85));
#11550=CARTESIAN_POINT('Origin',(254.949998122454,-38.7000005811453,8.85));
#11551=CARTESIAN_POINT('Origin',(254.949998122454,-39.9500005811453,9.1));
#11552=CARTESIAN_POINT('Origin',(254.949998122454,-39.9500005811453,8.85));
#11553=CARTESIAN_POINT('Origin',(263.249998884276,-38.7000005811453,8.85));
#11554=CARTESIAN_POINT('',(272.049998405576,-38.7000005811453,9.1));
#11555=CARTESIAN_POINT('',(272.049998405576,-38.9500005811453,8.85));
#11556=CARTESIAN_POINT('Origin',(272.049998405576,-38.7000005811453,8.85));
#11557=CARTESIAN_POINT('',(263.249998884276,-38.7000005811453,9.1));
#11558=CARTESIAN_POINT('',(263.249998884276,-38.9500005811453,8.85));
#11559=CARTESIAN_POINT('Origin',(272.049998405576,-39.9500005811453,8.85));
#11560=CARTESIAN_POINT('',(273.299998405576,-39.9500005811453,9.1));
#11561=CARTESIAN_POINT('',(273.049998405576,-39.9500005811453,8.85));
#11562=CARTESIAN_POINT('Origin',(273.299998405576,-39.9500005811453,8.85));
#11563=CARTESIAN_POINT('Origin',(272.049998405576,-39.9500005811453,9.1));
#11564=CARTESIAN_POINT('Origin',(272.049998405576,-39.9500005811453,8.85));
#11565=CARTESIAN_POINT('Origin',(273.299998405576,-64.6076340477469,8.85));
#11566=CARTESIAN_POINT('',(273.299998405576,-40.9500006258488,9.1));
#11567=CARTESIAN_POINT('',(273.049998405576,-40.9500006258488,8.85));
#11568=CARTESIAN_POINT('Origin',(273.299998405576,-40.9500006258488,8.85));
#11569=CARTESIAN_POINT('',(273.299998405576,-64.6076340477469,9.1));
#11570=CARTESIAN_POINT('',(273.049998405576,-64.6076340477469,8.85));
#11571=CARTESIAN_POINT('Origin',(274.049998405576,-40.9500006258488,8.85));
#11572=CARTESIAN_POINT('',(274.049998405576,-41.7000006258488,9.1));
#11573=CARTESIAN_POINT('',(274.049998405576,-41.9500006258488,8.85));
#11574=CARTESIAN_POINT('Origin',(274.049998405576,-41.7000006258488,8.85));
#11575=CARTESIAN_POINT('Origin',(274.049998405576,-40.9500006258488,9.1));
#11576=CARTESIAN_POINT('Origin',(274.049998405576,-40.9500006258488,8.85));
#11577=CARTESIAN_POINT('Origin',(272.749999025837,-41.7000006258488,8.85));
#11578=CARTESIAN_POINT('',(291.049998688698,-41.7000006258488,9.1));
#11579=CARTESIAN_POINT('',(291.049998688698,-41.9500006258488,8.85));
#11580=CARTESIAN_POINT('Origin',(291.049998688698,-41.7000006258488,8.85));
#11581=CARTESIAN_POINT('',(272.749999025837,-41.7000006258488,9.1));
#11582=CARTESIAN_POINT('',(272.749999025837,-41.9500006258488,8.85));
#11583=CARTESIAN_POINT('Origin',(291.049998688698,-42.9500006258488,8.85));
#11584=CARTESIAN_POINT('',(292.299998688698,-42.9500006258488,9.1));
#11585=CARTESIAN_POINT('',(292.049998688698,-42.9500006258488,8.85));
#11586=CARTESIAN_POINT('Origin',(292.299998688698,-42.9500006258488,8.85));
#11587=CARTESIAN_POINT('Origin',(291.049998688698,-42.9500006258488,9.1));
#11588=CARTESIAN_POINT('Origin',(291.049998688698,-42.9500006258488,8.85));
#11589=CARTESIAN_POINT('Origin',(292.299998688698,-68.6076341073515,8.85));
#11590=CARTESIAN_POINT('',(292.299998688698,-48.9500006421251,9.1));
#11591=CARTESIAN_POINT('',(292.049998688698,-48.9500006421251,8.85));
#11592=CARTESIAN_POINT('Origin',(292.299998688698,-48.9500006421251,8.85));
#11593=CARTESIAN_POINT('',(292.299998688698,-68.6076341073515,9.1));
#11594=CARTESIAN_POINT('',(292.049998688698,-68.6076341073515,8.85));
#11595=CARTESIAN_POINT('Origin',(293.049998688698,-48.9500006421251,8.85));
#11596=CARTESIAN_POINT('',(293.049998762221,-49.7000006421251,9.1));
#11597=CARTESIAN_POINT('',(293.049998786729,-49.9500006421251,8.85));
#11598=CARTESIAN_POINT('Origin',(293.049998762221,-49.7000006421251,8.85));
#11599=CARTESIAN_POINT('Origin',(293.049998688698,-48.9500006421251,9.1));
#11600=CARTESIAN_POINT('Origin',(293.049998688698,-48.9500006421251,8.85));
#11601=CARTESIAN_POINT('Origin',(282.250249390447,-49.7000017008392,8.85));
#11602=CARTESIAN_POINT('',(310.050503002461,-49.6999989755427,9.1));
#11603=CARTESIAN_POINT('',(310.050503026969,-49.9499989755427,8.85));
#11604=CARTESIAN_POINT('Origin',(310.050503002461,-49.6999989755427,8.85));
#11605=CARTESIAN_POINT('',(282.250249390447,-49.7000017008392,9.1));
#11606=CARTESIAN_POINT('',(282.250249414955,-49.9500017008392,8.85));
#11607=CARTESIAN_POINT('Origin',(310.050503125,-50.9499989755427,8.85));
#11608=CARTESIAN_POINT('',(311.300503125,-50.9499989755427,9.1));
#11609=CARTESIAN_POINT('',(311.050503125,-50.9499989755427,8.85));
#11610=CARTESIAN_POINT('Origin',(311.300503125,-50.9499989755427,8.85));
#11611=CARTESIAN_POINT('Origin',(310.050503125,-50.9499989755427,9.1));
#11612=CARTESIAN_POINT('Origin',(310.050503125,-50.9499989755427,8.85));
#11613=CARTESIAN_POINT('Origin',(311.300503125,-97.1072436306559,8.85));
#11614=CARTESIAN_POINT('',(311.300503125,-106.049219791667,9.1));
#11615=CARTESIAN_POINT('',(311.050503125,-106.049219791667,8.85));
#11616=CARTESIAN_POINT('Origin',(311.300503125,-106.049219791667,8.85));
#11617=CARTESIAN_POINT('',(311.300503125,-97.1072436306559,9.1));
#11618=CARTESIAN_POINT('',(311.050503125,-97.1072436306559,8.85));
#11619=CARTESIAN_POINT('Origin',(310.050503125,-106.049219791667,8.85));
#11620=CARTESIAN_POINT('',(310.050503125,-107.299219791667,9.1));
#11621=CARTESIAN_POINT('',(310.050503125,-107.049219791667,8.85));
#11622=CARTESIAN_POINT('Origin',(310.050503125,-107.299219791667,8.85));
#11623=CARTESIAN_POINT('Origin',(310.050503125,-106.049219791667,9.1));
#11624=CARTESIAN_POINT('Origin',(310.050503125,-106.049219791667,8.85));
#11625=CARTESIAN_POINT('Origin',(263.262890457442,-107.299219791667,8.85));
#11626=CARTESIAN_POINT('',(273.051320961114,-107.049219791667,8.85));
#11627=CARTESIAN_POINT('',(263.262890457442,-107.049219791667,8.85));
#11628=CARTESIAN_POINT('',(273.179018007135,-107.299219791667,9.1));
#11629=CARTESIAN_POINT('Origin',(273.179018007135,-107.299219791667,8.85));
#11630=CARTESIAN_POINT('',(263.262890457442,-107.299219791667,9.1));
#11631=CARTESIAN_POINT('Origin',(269.837222172007,-111.918243951792,8.85));
#11632=CARTESIAN_POINT('',(269.634673860008,-111.771703236268,8.85));
#11633=CARTESIAN_POINT('',(269.837222172007,-111.918243951792,9.1));
#11634=CARTESIAN_POINT('Origin',(214.999997526407,-66.6076332207325,8.1));
#11635=CARTESIAN_POINT('',(214.999997526407,-44.2500006556511,9.1));
#11636=CARTESIAN_POINT('',(214.999997526407,-66.6076332207325,9.1));
#11637=CARTESIAN_POINT('',(213.999997526407,-44.2500006556511,8.1));
#11638=CARTESIAN_POINT('Origin',(214.999997526407,-44.2500006556511,8.1));
#11639=CARTESIAN_POINT('',(213.999997526407,-66.6076332207325,8.1));
#11640=CARTESIAN_POINT('Origin',(213.999997526407,-45.9999989718199,0.));
#11641=CARTESIAN_POINT('',(213.999997526407,-44.2500006556511,7.6));
#11642=CARTESIAN_POINT('',(213.999997526407,-44.2500006556511,0.));
#11643=CARTESIAN_POINT('',(213.999997526407,-66.6076332207325,7.6));
#11644=CARTESIAN_POINT('Origin',(212.999997526407,-66.6076332207325,7.6));
#11645=CARTESIAN_POINT('',(212.999997526407,-44.2500006556511,6.6));
#11646=CARTESIAN_POINT('Origin',(212.999997526407,-44.2500006556511,7.6));
#11647=CARTESIAN_POINT('',(212.999997526407,-66.6076332207325,6.6));
#11648=CARTESIAN_POINT('Origin',(253.499999362975,-87.215267469645,6.6));
#11649=CARTESIAN_POINT('',(198.999997287989,-44.2500006556511,6.6));
#11650=CARTESIAN_POINT('',(223.74999829568,-44.2500006556511,6.6));
#11651=CARTESIAN_POINT('',(198.999997287989,-65.6076340626481,6.6));
#11652=CARTESIAN_POINT('Origin',(198.999997287989,-65.6076340626481,7.6));
#11653=CARTESIAN_POINT('',(197.999997287989,-44.2500006556511,7.6));
#11654=CARTESIAN_POINT('Origin',(198.999997287989,-44.2500006556511,7.6));
#11655=CARTESIAN_POINT('',(197.999997287989,-65.6076340626481,7.6));
#11656=CARTESIAN_POINT('Origin',(197.999997287989,-44.0000006556511,0.));
#11657=CARTESIAN_POINT('',(197.999997287989,-44.2500006556511,8.1));
#11658=CARTESIAN_POINT('',(197.999997287989,-44.2500006556511,0.));
#11659=CARTESIAN_POINT('',(197.999997287989,-65.6076340626481,8.1));
#11660=CARTESIAN_POINT('Origin',(196.999997287989,-65.6076340626481,8.1));
#11661=CARTESIAN_POINT('',(196.999997287989,-44.2500006556511,9.1));
#11662=CARTESIAN_POINT('Origin',(196.999997287989,-44.2500006556511,8.1));
#11663=CARTESIAN_POINT('',(196.999997287989,-65.6076340626481,9.1));
#11664=CARTESIAN_POINT('Origin',(253.499999362975,-87.215267469645,9.1));
#11665=CARTESIAN_POINT('',(195.999997228384,-44.2500006556511,9.1));
#11666=CARTESIAN_POINT('',(223.74999829568,-44.2500006556511,9.1));
#11667=CARTESIAN_POINT('',(194.249997228384,-46.0000006556511,9.1));
#11668=CARTESIAN_POINT('Origin',(195.999997228384,-46.0000006556511,9.1));
#11669=CARTESIAN_POINT('',(194.249997228384,-81.0000012218952,9.1));
#11670=CARTESIAN_POINT('',(194.249997228384,-99.6423690172745,9.1));
#11671=CARTESIAN_POINT('',(224.750670514821,-81.0000012218952,9.1));
#11672=CARTESIAN_POINT('Origin',(224.750670514821,-81.0000012218952,8.1));
#11673=CARTESIAN_POINT('',(194.249997228384,-82.0000012218952,8.1));
#11674=CARTESIAN_POINT('Origin',(194.249997228384,-81.0000012218952,8.1));
#11675=CARTESIAN_POINT('',(224.750670514821,-82.0000012218952,8.1));
#11676=CARTESIAN_POINT('Origin',(196.001341666667,-82.0000012218952,0.));
#11677=CARTESIAN_POINT('',(194.249997228384,-82.0000012218952,7.6));
#11678=CARTESIAN_POINT('',(194.249997228384,-82.0000012218952,0.));
#11679=CARTESIAN_POINT('',(195.501005557096,-82.0000012218952,7.6));
#11680=CARTESIAN_POINT('Origin',(195.501005557096,-83.0000012218952,7.6));
#11681=CARTESIAN_POINT('',(194.249997228384,-83.0000012218952,6.6));
#11682=CARTESIAN_POINT('Origin',(194.249997228384,-83.0000012218952,7.6));
#11683=CARTESIAN_POINT('',(195.501005557096,-83.0000012218952,6.6));
#11684=CARTESIAN_POINT('Origin',(195.000669447525,-92.0000013932585,6.6));
#11685=CARTESIAN_POINT('',(194.249997228384,-101.000001564622,6.6));
#11686=CARTESIAN_POINT('',(194.249997228384,-102.034735979081,6.6));
#11687=CARTESIAN_POINT('',(194.500333337955,-101.000001564622,6.6));
#11688=CARTESIAN_POINT('Origin',(194.500333337955,-101.000001564622,7.6));
#11689=CARTESIAN_POINT('',(194.249997228384,-102.000001564622,7.6));
#11690=CARTESIAN_POINT('Origin',(194.249997228384,-101.000001564622,7.6));
#11691=CARTESIAN_POINT('',(194.500333337955,-102.000001564622,7.6));
#11692=CARTESIAN_POINT('Origin',(193.999997228384,-102.000001564622,0.));
#11693=CARTESIAN_POINT('',(194.249997228384,-102.000001564622,8.1));
#11694=CARTESIAN_POINT('',(194.249997228384,-102.000001564622,0.));
#11695=CARTESIAN_POINT('',(223.74999829568,-102.000001564622,8.1));
#11696=CARTESIAN_POINT('Origin',(223.74999829568,-103.000001564622,8.1));
#11697=CARTESIAN_POINT('',(194.249997228384,-103.000001564622,9.1));
#11698=CARTESIAN_POINT('Origin',(194.249997228384,-103.000001564622,8.1));
#11699=CARTESIAN_POINT('',(223.74999829568,-103.000001564622,9.1));
#11700=CARTESIAN_POINT('Origin',(233.949997839332,-44.9499989718199,0.));
#11701=CARTESIAN_POINT('',(233.949997839332,-45.9499989718199,0.));
#11702=CARTESIAN_POINT('',(234.949997839332,-44.9499990165233,0.));
#11703=CARTESIAN_POINT('Origin',(235.949997839332,-44.9499990165233,0.));
#11704=CARTESIAN_POINT('',(235.949997839332,-43.9499990165234,0.));
#11705=CARTESIAN_POINT('Origin',(253.999998122454,-43.9499990165234,0.));
#11706=CARTESIAN_POINT('',(252.949998122454,-43.9499990165234,0.));
#11707=CARTESIAN_POINT('Origin',(252.949998122454,-42.9499990165234,0.));
#11708=CARTESIAN_POINT('',(253.949998122454,-42.9499990165234,0.));
#11709=CARTESIAN_POINT('Origin',(253.949998122454,-39.0000005811453,0.));
#11710=CARTESIAN_POINT('',(253.949998122454,-39.9500005811453,0.));
#11711=CARTESIAN_POINT('Origin',(254.949998122454,-39.9500005811453,0.));
#11712=CARTESIAN_POINT('',(254.949998122454,-38.9500005811453,0.));
#11713=CARTESIAN_POINT('Origin',(272.999998405576,-38.9500005811453,0.));
#11714=CARTESIAN_POINT('',(272.049998405576,-38.9500005811453,0.));
#11715=CARTESIAN_POINT('Origin',(272.049998405576,-39.9500005811453,0.));
#11716=CARTESIAN_POINT('',(273.049998405576,-39.9500005811453,0.));
#11717=CARTESIAN_POINT('Origin',(273.049998405576,-42.0000006258488,0.));
#11718=CARTESIAN_POINT('',(273.049998405576,-40.9500006258488,0.));
#11719=CARTESIAN_POINT('Origin',(274.049998405576,-40.9500006258488,0.));
#11720=CARTESIAN_POINT('',(274.049998405576,-41.9500006258488,0.));
#11721=CARTESIAN_POINT('Origin',(291.999998688698,-41.9500006258488,0.));
#11722=CARTESIAN_POINT('',(291.049998688698,-41.9500006258488,0.));
#11723=CARTESIAN_POINT('Origin',(291.049998688698,-42.9500006258488,0.));
#11724=CARTESIAN_POINT('',(292.049998688698,-42.9500006258488,0.));
#11725=CARTESIAN_POINT('Origin',(292.049998688698,-50.0000007450581,0.));
#11726=CARTESIAN_POINT('',(292.049998688698,-48.9500006421251,0.));
#11727=CARTESIAN_POINT('Origin',(293.049998688698,-48.9500006421251,0.));
#11728=CARTESIAN_POINT('',(293.049998786729,-49.9500006421251,0.));
#11729=CARTESIAN_POINT('Origin',(311.000503120098,-49.9499988824129,0.));
#11730=CARTESIAN_POINT('',(310.050503026969,-49.9499989755427,0.));
#11731=CARTESIAN_POINT('Origin',(310.050503125,-50.9499989755427,0.));
#11732=CARTESIAN_POINT('',(311.050503125,-50.9499989755427,0.));
#11733=CARTESIAN_POINT('Origin',(311.050503125,-106.999219791667,0.));
#11734=CARTESIAN_POINT('',(311.050503125,-106.049219791667,0.));
#11735=CARTESIAN_POINT('Origin',(310.050503125,-106.049219791667,0.));
#11736=CARTESIAN_POINT('',(310.050503125,-107.049219791667,0.));
#11737=CARTESIAN_POINT('Origin',(273.025781551909,-107.049219791667,0.));
#11738=CARTESIAN_POINT('',(273.051320961114,-107.049219791667,0.));
#11739=CARTESIAN_POINT('Origin',(263.51635779799,-120.228428633036,0.));
#11740=CARTESIAN_POINT('',(263.503742519357,-120.24586544835,0.));
#11741=CARTESIAN_POINT('Origin',(225.882682366944,-125.223658306714,0.));
#11742=CARTESIAN_POINT('',(225.892511402993,-125.222357787663,0.));
#11743=CARTESIAN_POINT('Origin',(311.267950681395,-107.000001624227,8.85));
#11744=CARTESIAN_POINT('',(312.75000149468,-107.930606474225,9.1));
#11745=CARTESIAN_POINT('Ctrl Pts',(312.75000149468,-107.930606474225,9.1));
#11746=CARTESIAN_POINT('Ctrl Pts',(312.750764021021,-107.930826028525,9.1));
#11747=CARTESIAN_POINT('Ctrl Pts',(312.751526565219,-107.931045510268,9.09999651132159));
#11748=CARTESIAN_POINT('Ctrl Pts',(312.769691358247,-107.936272003351,9.09983028861529));
#11749=CARTESIAN_POINT('Ctrl Pts',(312.787054766655,-107.941227137019,9.09785414931392));
#11750=CARTESIAN_POINT('Ctrl Pts',(312.821065613244,-107.95085999064,9.09031655358159));
#11751=CARTESIAN_POINT('Ctrl Pts',(312.837644822963,-107.955518771376,9.08478532005779));
#11752=CARTESIAN_POINT('Ctrl Pts',(312.882888154867,-107.968147362554,9.06419587629248));
#11753=CARTESIAN_POINT('Ctrl Pts',(312.909566883961,-107.975487965143,9.04520759320236));
#11754=CARTESIAN_POINT('Ctrl Pts',(312.953587847332,-107.987504436514,8.99848137713932));
#11755=CARTESIAN_POINT('Ctrl Pts',(312.970803690104,-107.992152252536,8.97150864884354));
#11756=CARTESIAN_POINT('Ctrl Pts',(312.994044687228,-107.998409028777,8.91266264034302));
#11757=CARTESIAN_POINT('Ctrl Pts',(313.000001497567,-108.000001609325,8.8815104650909));
#11758=CARTESIAN_POINT('Ctrl Pts',(313.000001497567,-108.000001609325,8.85));
#11759=CARTESIAN_POINT('',(311.267950681395,-108.750001624227,9.1));
#11760=CARTESIAN_POINT('Origin',(311.267950681395,-107.000001624227,9.1));
#11761=CARTESIAN_POINT('Origin',(311.267950681395,-108.750001624227,8.85));
#11762=CARTESIAN_POINT('Origin',(283.250000430271,-108.750001624227,8.85));
#11763=CARTESIAN_POINT('',(275.110301833332,-109.000001624227,8.85));
#11764=CARTESIAN_POINT('',(275.110301833332,-108.750001624227,9.1));
#11765=CARTESIAN_POINT('Origin',(275.110301833332,-108.750001624227,8.85));
#11766=CARTESIAN_POINT('',(283.250000430271,-109.000001624227,8.85));
#11767=CARTESIAN_POINT('',(283.250000430271,-108.750001624227,9.1));
#11768=CARTESIAN_POINT('Origin',(275.110301833332,-111.000001624227,8.85));
#11769=CARTESIAN_POINT('',(273.489915337342,-109.82767590003,8.85));
#11770=CARTESIAN_POINT('',(273.287367025343,-109.681135184506,9.1));
#11771=CARTESIAN_POINT('Origin',(273.287367025343,-109.681135184506,8.85));
#11772=CARTESIAN_POINT('Origin',(275.110301833332,-111.000001624227,8.85));
#11773=CARTESIAN_POINT('Origin',(275.110301833332,-111.000001624227,9.1));
#11774=CARTESIAN_POINT('Origin',(275.522010545795,-106.59241495159,8.85));
#11775=CARTESIAN_POINT('',(265.046679471851,-121.497901244854,8.85));
#11776=CARTESIAN_POINT('',(264.844131159852,-121.35136052933,9.1));
#11777=CARTESIAN_POINT('Origin',(264.844131159852,-121.35136052933,8.85));
#11778=CARTESIAN_POINT('',(275.724558857794,-106.738955667114,8.85));
#11779=CARTESIAN_POINT('',(275.522010545795,-106.59241495159,9.1));
#11780=CARTESIAN_POINT('Origin',(263.426292975861,-120.325575520658,8.85));
#11781=CARTESIAN_POINT('',(263.688634528606,-122.308295094804,8.85));
#11782=CARTESIAN_POINT('',(263.655841834513,-122.060455148036,9.1));
#11783=CARTESIAN_POINT('Origin',(263.655841834513,-122.060455148036,8.85));
#11784=CARTESIAN_POINT('Origin',(263.426292975861,-120.325575520658,8.85));
#11785=CARTESIAN_POINT('Origin',(263.426292975861,-120.325575520658,9.1));
#11786=CARTESIAN_POINT('Origin',(261.357596433554,-122.364545184237,8.85));
#11787=CARTESIAN_POINT('',(226.654122270121,-127.208479456607,8.85));
#11788=CARTESIAN_POINT('',(226.621329576028,-126.960639509839,9.1));
#11789=CARTESIAN_POINT('Origin',(226.621329576028,-126.960639509839,8.85));
#11790=CARTESIAN_POINT('',(261.390389127647,-122.612385131005,8.85));
#11791=CARTESIAN_POINT('',(261.357596433554,-122.364545184237,9.1));
#11792=CARTESIAN_POINT('Origin',(226.916463822867,-129.191199030753,8.85));
#11793=CARTESIAN_POINT('',(225.917398557882,-127.458608889865,8.85));
#11794=CARTESIAN_POINT('',(225.792515399759,-127.242035122255,9.1));
#11795=CARTESIAN_POINT('Origin',(225.792515399759,-127.242035122255,8.85));
#11796=CARTESIAN_POINT('Origin',(226.916463822867,-129.191199030753,8.85));
#11797=CARTESIAN_POINT('Origin',(226.916463822867,-129.191199030753,9.1));
#11798=CARTESIAN_POINT('Origin',(245.021719677482,-116.153878948559,8.85));
#11799=CARTESIAN_POINT('',(210.356564125644,-136.431469122962,8.85));
#11800=CARTESIAN_POINT('',(210.231680967521,-136.214895355351,9.1));
#11801=CARTESIAN_POINT('Origin',(210.231680967521,-136.214895355351,8.85));
#11802=CARTESIAN_POINT('',(245.146602835605,-116.37045271617,8.85));
#11803=CARTESIAN_POINT('',(245.021719677482,-116.153878948559,9.1));
#11804=CARTESIAN_POINT('Origin',(209.35749886066,-134.698878982075,8.85));
#11805=CARTESIAN_POINT('',(207.624908719772,-135.697944247059,8.85));
#11806=CARTESIAN_POINT('',(207.841482487383,-135.573061088936,9.1));
#11807=CARTESIAN_POINT('Origin',(207.841482487383,-135.573061088936,8.85));
#11808=CARTESIAN_POINT('Origin',(209.35749886066,-134.698878982075,8.85));
#11809=CARTESIAN_POINT('Origin',(209.35749886066,-134.698878982075,9.1));
#11810=CARTESIAN_POINT('Origin',(203.574425012317,-128.173082357803,8.85));
#11811=CARTESIAN_POINT('',(194.267407087496,-112.533215729221,8.85));
#11812=CARTESIAN_POINT('',(194.483980855107,-112.408332571098,9.1));
#11813=CARTESIAN_POINT('Origin',(194.483980855107,-112.408332571098,8.85));
#11814=CARTESIAN_POINT('',(203.357851244706,-128.297965515926,8.85));
#11815=CARTESIAN_POINT('',(203.574425012317,-128.173082357803,9.1));
#11816=CARTESIAN_POINT('Origin',(195.999997228384,-111.534150464237,8.85));
#11817=CARTESIAN_POINT('',(193.999997228384,-111.534150464237,8.85));
#11818=CARTESIAN_POINT('',(194.249997228384,-111.534150464237,9.1));
#11819=CARTESIAN_POINT('Origin',(194.249997228384,-111.534150464237,8.85));
#11820=CARTESIAN_POINT('Origin',(195.999997228384,-111.534150464237,8.85));
#11821=CARTESIAN_POINT('Origin',(195.999997228384,-111.534150464237,9.1));
#11822=CARTESIAN_POINT('Origin',(194.249997228384,-99.6423690172745,8.85));
#11823=CARTESIAN_POINT('',(193.999997228384,-103.000001564622,8.85));
#11824=CARTESIAN_POINT('Origin',(194.249997228384,-103.000001564622,8.85));
#11825=CARTESIAN_POINT('',(193.999997228384,-99.6423690172745,8.85));
#11826=CARTESIAN_POINT('',(194.249997228384,-99.6423690172745,9.1));
#11827=CARTESIAN_POINT('Origin',(194.249997228384,-103.000001564622,8.1));
#11828=CARTESIAN_POINT('',(193.999997228384,-102.250001564622,8.1));
#11829=CARTESIAN_POINT('Origin',(194.249997228384,-102.250001564622,8.1));
#11830=CARTESIAN_POINT('Origin',(193.999997228384,-103.000001564622,8.1));
#11831=CARTESIAN_POINT('Origin',(194.249997228384,-102.250001564622,0.));
#11832=CARTESIAN_POINT('',(193.999997228384,-102.250001564622,7.6));
#11833=CARTESIAN_POINT('Origin',(194.249997228384,-102.250001564622,7.6));
#11834=CARTESIAN_POINT('',(193.999997228384,-102.250001564622,0.));
#11835=CARTESIAN_POINT('Origin',(194.249997228384,-101.000001564622,7.6));
#11836=CARTESIAN_POINT('',(193.999997228384,-101.000001564622,6.35));
#11837=CARTESIAN_POINT('Origin',(194.249997228384,-101.000001564622,6.35));
#11838=CARTESIAN_POINT('Origin',(193.999997228384,-101.000001564622,7.6));
#11839=CARTESIAN_POINT('Origin',(194.249997228384,-102.034735979081,6.35));
#11840=CARTESIAN_POINT('',(193.999997228384,-83.0000012218952,6.35));
#11841=CARTESIAN_POINT('Origin',(194.249997228384,-83.0000012218952,6.35));
#11842=CARTESIAN_POINT('',(193.999997228384,-102.034735979081,6.35));
#11843=CARTESIAN_POINT('Origin',(194.249997228384,-83.0000012218952,7.6));
#11844=CARTESIAN_POINT('',(193.999997228384,-81.7500012218952,7.6));
#11845=CARTESIAN_POINT('Origin',(194.249997228384,-81.7500012218952,7.6));
#11846=CARTESIAN_POINT('Origin',(193.999997228384,-83.0000012218952,7.6));
#11847=CARTESIAN_POINT('Origin',(194.249997228384,-81.7500012218952,0.));
#11848=CARTESIAN_POINT('',(193.999997228384,-81.7500012218952,8.1));
#11849=CARTESIAN_POINT('Origin',(194.249997228384,-81.7500012218952,8.1));
#11850=CARTESIAN_POINT('',(193.999997228384,-81.7500012218952,0.));
#11851=CARTESIAN_POINT('Origin',(194.249997228384,-81.0000012218952,8.1));
#11852=CARTESIAN_POINT('',(193.999997228384,-81.0000012218952,8.85));
#11853=CARTESIAN_POINT('Origin',(194.249997228384,-81.0000012218952,8.85));
#11854=CARTESIAN_POINT('Origin',(193.999997228384,-81.0000012218952,8.1));
#11855=CARTESIAN_POINT('Origin',(194.249997228384,-99.6423690172745,8.85));
#11856=CARTESIAN_POINT('',(193.999997228384,-46.0000006556511,8.85));
#11857=CARTESIAN_POINT('Origin',(194.249997228384,-46.0000006556511,8.85));
#11858=CARTESIAN_POINT('',(193.999997228384,-99.6423690172745,8.85));
#11859=CARTESIAN_POINT('Origin',(195.999997228384,-46.0000006556511,8.85));
#11860=CARTESIAN_POINT('',(195.999997228384,-44.0000006556511,8.85));
#11861=CARTESIAN_POINT('Origin',(195.999997228384,-44.2500006556511,8.85));
#11862=CARTESIAN_POINT('Origin',(195.999997228384,-46.0000006556511,8.85));
#11863=CARTESIAN_POINT('Origin',(223.74999829568,-44.2500006556511,8.85));
#11864=CARTESIAN_POINT('',(196.999997287989,-44.0000006556511,8.85));
#11865=CARTESIAN_POINT('Origin',(196.999997287989,-44.2500006556511,8.85));
#11866=CARTESIAN_POINT('',(223.74999829568,-44.0000006556511,8.85));
#11867=CARTESIAN_POINT('Origin',(196.999997287989,-44.2500006556511,8.1));
#11868=CARTESIAN_POINT('',(197.749997287989,-44.0000006556511,8.1));
#11869=CARTESIAN_POINT('Origin',(197.749997287989,-44.2500006556511,8.1));
#11870=CARTESIAN_POINT('Origin',(196.999997287989,-44.0000006556511,8.1));
#11871=CARTESIAN_POINT('Origin',(197.749997287989,-44.2500006556511,0.));
#11872=CARTESIAN_POINT('',(197.749997287989,-44.0000006556511,7.6));
#11873=CARTESIAN_POINT('Origin',(197.749997287989,-44.2500006556511,7.6));
#11874=CARTESIAN_POINT('',(197.749997287989,-44.0000006556511,0.));
#11875=CARTESIAN_POINT('Origin',(198.999997287989,-44.2500006556511,7.6));
#11876=CARTESIAN_POINT('',(198.999997287989,-44.0000006556511,6.35));
#11877=CARTESIAN_POINT('Origin',(198.999997287989,-44.2500006556511,6.35));
#11878=CARTESIAN_POINT('Origin',(198.999997287989,-44.0000006556511,7.6));
#11879=CARTESIAN_POINT('Origin',(223.74999829568,-44.2500006556511,6.35));
#11880=CARTESIAN_POINT('',(212.999997526407,-44.0000006556511,6.35));
#11881=CARTESIAN_POINT('Origin',(212.999997526407,-44.2500006556511,6.35));
#11882=CARTESIAN_POINT('',(223.74999829568,-44.0000006556511,6.35));
#11883=CARTESIAN_POINT('Origin',(212.999997526407,-44.2500006556511,7.6));
#11884=CARTESIAN_POINT('',(214.249997526407,-44.0000006556511,7.6));
#11885=CARTESIAN_POINT('Origin',(214.249997526407,-44.2500006556511,7.6));
#11886=CARTESIAN_POINT('Origin',(212.999997526407,-44.0000006556511,7.6));
#11887=CARTESIAN_POINT('Origin',(214.249997526407,-44.2500006556511,0.));
#11888=CARTESIAN_POINT('',(214.249997526407,-44.0000006556511,8.1));
#11889=CARTESIAN_POINT('Origin',(214.249997526407,-44.2500006556511,8.1));
#11890=CARTESIAN_POINT('',(214.249997526407,-44.0000006556511,0.));
#11891=CARTESIAN_POINT('Origin',(214.999997526407,-44.2500006556511,8.1));
#11892=CARTESIAN_POINT('',(214.999997526407,-44.0000006556511,8.85));
#11893=CARTESIAN_POINT('Origin',(214.999997526407,-44.2500006556511,8.85));
#11894=CARTESIAN_POINT('Origin',(214.999997526407,-44.0000006556511,8.1));
#11895=CARTESIAN_POINT('Origin',(223.74999829568,-44.2500006556511,8.85));
#11896=CARTESIAN_POINT('',(230.999997809529,-44.0000006556511,8.85));
#11897=CARTESIAN_POINT('',(230.999997809529,-44.2500006556511,9.1));
#11898=CARTESIAN_POINT('Origin',(230.999997809529,-44.2500006556511,8.85));
#11899=CARTESIAN_POINT('',(223.74999829568,-44.0000006556511,8.85));
#11900=CARTESIAN_POINT('',(223.74999829568,-44.2500006556511,9.1));
#11901=CARTESIAN_POINT('Origin',(230.999997809529,-42.0000006556511,8.85));
#11902=CARTESIAN_POINT('',(232.732049077369,-42.999999858439,8.85));
#11903=CARTESIAN_POINT('',(232.948555485848,-43.1249997587875,9.1));
#11904=CARTESIAN_POINT('Origin',(232.948555485848,-43.1249997587875,8.85));
#11905=CARTESIAN_POINT('Origin',(230.999997809529,-42.0000006556511,8.85));
#11906=CARTESIAN_POINT('Origin',(230.999997809529,-42.0000006556511,9.1));
#11907=CARTESIAN_POINT('Origin',(234.464100345208,-43.9999990612268,8.85));
#11908=CARTESIAN_POINT('',(234.464100345208,-42.2499990612268,9.1));
#11909=CARTESIAN_POINT('Origin',(234.464100345208,-42.2499990612268,8.85));
#11910=CARTESIAN_POINT('Origin',(234.464100345208,-43.9999990612268,8.85));
#11911=CARTESIAN_POINT('Origin',(234.464100345208,-43.9999990612268,9.1));
#11912=CARTESIAN_POINT('Origin',(243.249998586252,-42.2499990612268,8.85));
#11913=CARTESIAN_POINT('',(249.999998092651,-42.2499990612268,9.1));
#11914=CARTESIAN_POINT('Origin',(249.999998092651,-42.2499990612268,8.85));
#11915=CARTESIAN_POINT('',(243.249998586252,-42.2499990612268,9.1));
#11916=CARTESIAN_POINT('Origin',(249.999998092651,-39.9999990612268,8.85));
#11917=CARTESIAN_POINT('',(252.249998092651,-39.9999990612269,9.1));
#11918=CARTESIAN_POINT('Origin',(252.249998092651,-39.9999990612269,8.85));
#11919=CARTESIAN_POINT('Origin',(249.999998092651,-39.9999990612268,9.1));
#11920=CARTESIAN_POINT('Origin',(252.249998092651,-64.6076332654359,8.85));
#11921=CARTESIAN_POINT('',(252.249998092651,-39.000000551343,9.1));
#11922=CARTESIAN_POINT('Origin',(252.249998092651,-39.000000551343,8.85));
#11923=CARTESIAN_POINT('',(252.249998092651,-64.6076332654359,9.1));
#11924=CARTESIAN_POINT('Origin',(253.999998092651,-39.000000551343,8.85));
#11925=CARTESIAN_POINT('',(253.999998092651,-37.250000551343,9.1));
#11926=CARTESIAN_POINT('Origin',(253.999998092651,-37.250000551343,8.85));
#11927=CARTESIAN_POINT('Origin',(253.999998092651,-39.000000551343,9.1));
#11928=CARTESIAN_POINT('Origin',(252.749998727813,-37.250000551343,8.85));
#11929=CARTESIAN_POINT('',(272.999998435378,-37.250000551343,9.1));
#11930=CARTESIAN_POINT('Origin',(272.999998435378,-37.250000551343,8.85));
#11931=CARTESIAN_POINT('',(252.749998727813,-37.250000551343,9.1));
#11932=CARTESIAN_POINT('Origin',(272.999998435378,-39.000000551343,8.85));
#11933=CARTESIAN_POINT('',(274.694428654394,-38.5625005709007,9.1));
#11934=CARTESIAN_POINT('Origin',(274.694428654394,-38.5625005709007,8.85));
#11935=CARTESIAN_POINT('Origin',(272.999998435378,-39.000000551343,9.1));
#11936=CARTESIAN_POINT('Origin',(276.872981793128,-38.0000005960464,8.85));
#11937=CARTESIAN_POINT('',(276.872981793128,-40.2500005960464,9.1));
#11938=CARTESIAN_POINT('Origin',(276.872981793128,-40.2500005960464,8.85));
#11939=CARTESIAN_POINT('Origin',(276.872981793128,-38.0000005960464,9.1));
#11940=CARTESIAN_POINT('Origin',(264.249998899177,-40.2500005960464,8.85));
#11941=CARTESIAN_POINT('',(291.9999987185,-40.2500005960464,9.1));
#11942=CARTESIAN_POINT('Origin',(291.9999987185,-40.2500005960464,8.85));
#11943=CARTESIAN_POINT('',(264.249998899177,-40.2500005960464,9.1));
#11944=CARTESIAN_POINT('Origin',(291.9999987185,-42.0000005960464,8.85));
#11945=CARTESIAN_POINT('',(293.7499987185,-42.0000005960464,9.1));
#11946=CARTESIAN_POINT('Origin',(293.7499987185,-42.0000005960464,8.85));
#11947=CARTESIAN_POINT('Origin',(291.9999987185,-42.0000005960464,9.1));
#11948=CARTESIAN_POINT('Origin',(293.7499987185,-63.6076340328457,8.85));
#11949=CARTESIAN_POINT('',(293.7499987185,-46.0000007152557,9.1));
#11950=CARTESIAN_POINT('Origin',(293.7499987185,-46.0000007152557,8.85));
#11951=CARTESIAN_POINT('',(293.7499987185,-63.6076340328457,9.1));
#11952=CARTESIAN_POINT('Origin',(295.9999987185,-46.0000007152557,8.85));
#11953=CARTESIAN_POINT('',(295.9999987185,-48.2500007152557,9.1));
#11954=CARTESIAN_POINT('Origin',(295.9999987185,-48.2500007152557,8.85));
#11955=CARTESIAN_POINT('Origin',(295.9999987185,-46.0000007152557,9.1));
#11956=CARTESIAN_POINT('Origin',(273.749999040738,-48.2500007152557,8.85));
#11957=CARTESIAN_POINT('',(310.99999908482,-48.2500007152557,9.1));
#11958=CARTESIAN_POINT('Origin',(310.99999908482,-48.2500007152557,8.85));
#11959=CARTESIAN_POINT('',(273.749999040738,-48.2500007152557,9.1));
#11960=CARTESIAN_POINT('Origin',(310.99999908482,-50.0000007152557,8.85));
#11961=CARTESIAN_POINT('',(312.74999908482,-50.0000006424574,9.1));
#11962=CARTESIAN_POINT('Origin',(312.74999908482,-50.0000006424574,8.85));
#11963=CARTESIAN_POINT('Origin',(310.99999908482,-50.0000007152557,9.1));
#11964=CARTESIAN_POINT('Origin',(312.749999817282,-67.6076328652777,8.85));
#11965=CARTESIAN_POINT('',(312.749999817282,-67.6076328652777,9.1));
#11966=CARTESIAN_POINT('Origin',(253.499999362975,-87.215267469645,9.1));
#11967=CARTESIAN_POINT('Origin',(195.999997228384,-46.0000006556511,0.));
#11968=CARTESIAN_POINT('',(193.999997228384,-46.0000006556511,0.));
#11969=CARTESIAN_POINT('',(195.999997228384,-44.0000006556511,0.));
#11970=CARTESIAN_POINT('Origin',(193.999997228384,-112.069470564904,0.));
#11971=CARTESIAN_POINT('',(193.999997228384,-111.534150464237,0.));
#11972=CARTESIAN_POINT('Origin',(195.999997228384,-111.534150464237,0.));
#11973=CARTESIAN_POINT('',(194.267407087496,-112.533215729221,0.));
#11974=CARTESIAN_POINT('Origin',(208.623973984757,-137.430534387947,0.));
#11975=CARTESIAN_POINT('',(207.624908719772,-135.697944247059,0.));
#11976=CARTESIAN_POINT('Origin',(209.35749886066,-134.698878982075,0.));
#11977=CARTESIAN_POINT('',(210.356564125644,-136.431469122962,0.));
#11978=CARTESIAN_POINT('Origin',(226.260960828133,-127.260500218653,0.));
#11979=CARTESIAN_POINT('',(225.917398557882,-127.458608889865,0.));
#11980=CARTESIAN_POINT('Origin',(226.916463822867,-129.191199030753,0.));
#11981=CARTESIAN_POINT('',(226.654122270121,-127.208479456607,0.));
#11982=CARTESIAN_POINT('Origin',(264.542068326516,-122.195373857415,0.));
#11983=CARTESIAN_POINT('',(263.688634528606,-122.308295094804,0.));
#11984=CARTESIAN_POINT('Origin',(263.426292975861,-120.325575520658,0.));
#11985=CARTESIAN_POINT('',(265.046679471851,-121.497901244854,0.));
#11986=CARTESIAN_POINT('Origin',(274.088725465161,-109.000001624227,0.));
#11987=CARTESIAN_POINT('',(273.489915337342,-109.82767590003,0.));
#11988=CARTESIAN_POINT('Origin',(275.110301833332,-111.000001624227,0.));
#11989=CARTESIAN_POINT('',(275.110301833332,-109.000001624227,0.));
#11990=CARTESIAN_POINT('Origin',(313.000001497567,-109.000001624227,0.));
#11991=CARTESIAN_POINT('Origin',(234.464100345208,-43.9999990612268,0.));
#11992=CARTESIAN_POINT('',(232.732049077369,-42.999999858439,0.));
#11993=CARTESIAN_POINT('Origin',(234.999997839332,-45.9499989718199,0.));
#11994=CARTESIAN_POINT('',(196.951341666667,-45.9499989718199,0.));
#11995=CARTESIAN_POINT('Origin',(230.999997809529,-42.0000006556511,0.));
#11996=CARTESIAN_POINT('',(230.999997809529,-44.0000006556511,0.));
#11997=CARTESIAN_POINT('Origin',(196.951341666667,-46.9499989718199,0.));
#11998=CARTESIAN_POINT('',(195.951341666667,-46.9499989718199,0.));
#11999=CARTESIAN_POINT('Origin',(195.951341666667,-102.000001564622,0.));
#12000=CARTESIAN_POINT('',(195.951341666667,-111.512601689826,0.));
#12001=CARTESIAN_POINT('Origin',(195.958056499498,-111.524214849695,0.));
#12002=CARTESIAN_POINT('',(209.382950959064,-134.742282893115,0.));
#12003=CARTESIAN_POINT('Origin',(209.426214486487,-134.717335800049,0.));
#12004=CARTESIAN_POINT('Origin',(193.999997228384,-44.0000006556511,0.));
#12005=UNCERTAINTY_MEASURE_WITH_UNIT(LENGTH_MEASURE(0.01),#12009,
'DISTANCE_ACCURACY_VALUE',
'Maximum model space distance between geometric entities at asserted c
onnectivities');
#12006=UNCERTAINTY_MEASURE_WITH_UNIT(LENGTH_MEASURE(0.01),#12009,
'DISTANCE_ACCURACY_VALUE',
'Maximum model space distance between geometric entities at asserted c
onnectivities');
#12007=(
GEOMETRIC_REPRESENTATION_CONTEXT(3)
GLOBAL_UNCERTAINTY_ASSIGNED_CONTEXT((#12005))
GLOBAL_UNIT_ASSIGNED_CONTEXT((#12009,#12010,#12011))
REPRESENTATION_CONTEXT('','3D')
);
#12008=(
GEOMETRIC_REPRESENTATION_CONTEXT(3)
GLOBAL_UNCERTAINTY_ASSIGNED_CONTEXT((#12006))
GLOBAL_UNIT_ASSIGNED_CONTEXT((#12009,#12010,#12011))
REPRESENTATION_CONTEXT('','3D')
);
#12009=(
LENGTH_UNIT()
NAMED_UNIT(*)
SI_UNIT(.MILLI.,.METRE.)
);
#12010=(
NAMED_UNIT(*)
PLANE_ANGLE_UNIT()
SI_UNIT($,.RADIAN.)
);
#12011=(
NAMED_UNIT(*)
SI_UNIT($,.STERADIAN.)
SOLID_ANGLE_UNIT()
);
#12012=SHAPE_DEFINITION_REPRESENTATION(#12013,#12014);
#12013=PRODUCT_DEFINITION_SHAPE('',$,#12016);
#12014=SHAPE_REPRESENTATION('',(#6605),#12007);
#12015=PRODUCT_DEFINITION_CONTEXT('part definition',#12020,'design');
#12016=PRODUCT_DEFINITION('case-5','case-5 v8',#12017,#12015);
#12017=PRODUCT_DEFINITION_FORMATION('',$,#12022);
#12018=PRODUCT_RELATED_PRODUCT_CATEGORY('case-5 v8','case-5 v8',(#12022));
#12019=APPLICATION_PROTOCOL_DEFINITION('international standard',
'ap242_managed_model_based_3d_engineering',2011,#12020);
#12020=APPLICATION_CONTEXT('Managed model based 3d engineering');
#12021=PRODUCT_CONTEXT('part definition',#12020,'mechanical');
#12022=PRODUCT('case-5','case-5 v8',$,(#12021));
#12023=PRESENTATION_STYLE_ASSIGNMENT((#12024));
#12024=SURFACE_STYLE_USAGE(.BOTH.,#12025);
#12025=SURFACE_SIDE_STYLE('',(#12026));
#12026=SURFACE_STYLE_FILL_AREA(#12027);
#12027=FILL_AREA_STYLE('Steel - Satin',(#12028));
#12028=FILL_AREA_STYLE_COLOUR('Steel - Satin',#12029);
#12029=COLOUR_RGB('Steel - Satin',0.627450980392157,0.627450980392157,0.627450980392157);
ENDSEC;
END-ISO-10303-21;
