ISO-10303-21;
HEADER;
/* Generated by software containing ST-Developer
 * from STEP Tools, Inc. (www.steptools.com) 
 */

FILE_DESCRIPTION(
/* description */ ('',
'CAx-IF Rec.Pracs.---Representation and Presentation of Product Manufa
cturing Information (PMI)---4.0---2014-10-13'),
/* implementation_level */ '2;1');

FILE_NAME(
/* name */ 'case-5-l.step',
/* time_stamp */ '2025-01-05T17:21:34-05:00',
/* author */ (''),
/* organization */ (''),
/* preprocessor_version */ 'ST-DEVELOPER v20',
/* originating_system */ 'Autodesk Translation Framework v13.20.0.188',

/* authorisation */ '');

FILE_SCHEMA (('AP242_MANAGED_MODEL_BASED_3D_ENGINEERING_MIM_LF { 1 0 10303 442 1 1 4 }'));
ENDSEC;

DATA;
#10=MECHANICAL_DESIGN_GEOMETRIC_PRESENTATION_REPRESENTATION('',(#13),#6014);
#11=SHAPE_REPRESENTATION_RELATIONSHIP('SRR','None',#6020,#12);
#12=ADVANCED_BREP_SHAPE_REPRESENTATION('',(#14),#6013);
#13=STYLED_ITEM('',(#6029),#14);
#14=MANIFOLD_SOLID_BREP('left',#3308);
#15=ELLIPSE('',#3468,0.254867676425858,0.25);
#16=ELLIPSE('',#3469,0.272175852313007,0.25);
#17=ELLIPSE('',#3471,0.353344387864661,0.25);
#18=ELLIPSE('',#3473,0.258841382997506,0.25);
#19=ELLIPSE('',#3587,0.280725017699863,0.25);
#20=TOROIDAL_SURFACE('',#3367,3.5,1.5);
#21=TOROIDAL_SURFACE('',#3378,3.5,1.5);
#22=TOROIDAL_SURFACE('',#3399,3.5,1.5);
#23=TOROIDAL_SURFACE('',#3408,3.5,1.5);
#24=TOROIDAL_SURFACE('',#3422,3.5,1.5);
#25=TOROIDAL_SURFACE('',#3433,3.5,1.5);
#26=TOROIDAL_SURFACE('',#3476,0.75,0.25);
#27=TOROIDAL_SURFACE('',#3482,1.25,0.25);
#28=TOROIDAL_SURFACE('',#3488,1.25,0.25);
#29=TOROIDAL_SURFACE('',#3494,0.75,0.25);
#30=TOROIDAL_SURFACE('',#3500,1.25,0.25);
#31=TOROIDAL_SURFACE('',#3506,0.75,0.25);
#32=TOROIDAL_SURFACE('',#3512,1.25,0.25);
#33=TOROIDAL_SURFACE('',#3518,1.25,0.25);
#34=TOROIDAL_SURFACE('',#3524,0.75,0.25);
#35=TOROIDAL_SURFACE('',#3530,0.75,0.25);
#36=TOROIDAL_SURFACE('',#3534,1.25,0.25);
#37=TOROIDAL_SURFACE('',#3540,0.75,0.25);
#38=TOROIDAL_SURFACE('',#3546,1.25,0.25);
#39=TOROIDAL_SURFACE('',#3552,1.25,0.25);
#40=TOROIDAL_SURFACE('',#3558,0.75,0.25);
#41=TOROIDAL_SURFACE('',#3564,1.25,0.25);
#42=TOROIDAL_SURFACE('',#3570,0.75,0.25);
#43=TOROIDAL_SURFACE('',#3576,1.25,0.25);
#44=TOROIDAL_SURFACE('',#3582,1.25,0.25);
#45=TOROIDAL_SURFACE('',#3634,1.75,0.25);
#46=TOROIDAL_SURFACE('',#3639,2.25,0.25);
#47=TOROIDAL_SURFACE('',#3645,1.75,0.25);
#48=TOROIDAL_SURFACE('',#3651,2.25,0.25);
#49=TOROIDAL_SURFACE('',#3657,1.75,0.25);
#50=TOROIDAL_SURFACE('',#3663,1.75,0.25);
#51=TOROIDAL_SURFACE('',#3669,0.75,0.25);
#52=TOROIDAL_SURFACE('',#3674,1.25,0.25);
#53=TOROIDAL_SURFACE('',#3679,1.25,0.25);
#54=TOROIDAL_SURFACE('',#3684,0.75,0.25);
#55=TOROIDAL_SURFACE('',#3689,1.75,0.25);
#56=TOROIDAL_SURFACE('',#3694,0.75,0.25);
#57=TOROIDAL_SURFACE('',#3699,1.25,0.25);
#58=TOROIDAL_SURFACE('',#3704,1.25,0.25);
#59=TOROIDAL_SURFACE('',#3709,0.75,0.25);
#60=TOROIDAL_SURFACE('',#3714,2.25,0.25);
#61=TOROIDAL_SURFACE('',#3718,1.75,0.25);
#62=TOROIDAL_SURFACE('',#3724,2.25,0.25);
#63=TOROIDAL_SURFACE('',#3729,1.75,0.25);
#64=TOROIDAL_SURFACE('',#3734,1.75,0.25);
#65=TOROIDAL_SURFACE('',#3737,2.25,0.25);
#66=TOROIDAL_SURFACE('',#3742,1.75,0.25);
#67=TOROIDAL_SURFACE('',#3747,2.25,0.25);
#68=TOROIDAL_SURFACE('',#3752,1.75,0.25);
#69=B_SPLINE_CURVE_WITH_KNOTS('',3,(#5068,#5069,#5070,#5071,#5072,#5073,
#5074,#5075,#5076,#5077,#5078,#5079,#5080,#5081),.UNSPECIFIED.,.F.,.F.,
(4,2,2,2,2,2,4),(-0.251158401994906,-0.250231170801412,-0.23528776305558,
-0.173051615609884,-0.114113797113914,-0.0566982995448975,0.),
 .UNSPECIFIED.);
#70=B_SPLINE_CURVE_WITH_KNOTS('',3,(#5754,#5755,#5756,#5757,#5758,#5759,
#5760,#5761,#5762,#5763,#5764,#5765,#5766,#5767),.UNSPECIFIED.,.F.,.F.,
(4,2,2,2,2,2,4),(-0.000238051561679357,0.,0.00543269097451351,0.0108433164241216,
0.0208202076214985,0.0304498212404187,0.0399159300679624),.UNSPECIFIED.);
#71=(
BOUNDED_SURFACE()
B_SPLINE_SURFACE(2,2,((#5052,#5053,#5054),(#5055,#5056,#5057),(#5058,#5059,
#5060)),.UNSPECIFIED.,.F.,.F.,.F.)
B_SPLINE_SURFACE_WITH_KNOTS((3,3),(3,3),(-1.5707963267949,0.),(-2.61799388659472,
-1.5707963267949),.UNSPECIFIED.)
GEOMETRIC_REPRESENTATION_ITEM()
RATIONAL_B_SPLINE_SURFACE(((1.,0.866025401633632,1.),(0.707106781186543,
0.612372434174941,0.707106781186543),(1.,0.866025401633632,1.)))
REPRESENTATION_ITEM('')
SURFACE()
);
#72=(
BOUNDED_SURFACE()
B_SPLINE_SURFACE(2,2,((#5100,#5101,#5102),(#5103,#5104,#5105),(#5106,#5107,
#5108)),.UNSPECIFIED.,.F.,.F.,.F.)
B_SPLINE_SURFACE_WITH_KNOTS((3,3),(3,3),(-1.57079632679491,0.),(-2.51527804998275,
-1.70234619481082),.UNSPECIFIED.)
GEOMETRIC_REPRESENTATION_ITEM()
RATIONAL_B_SPLINE_SURFACE(((1.,0.918523806852962,1.),(0.707106781186547,
0.649494412507011,0.707106781186547),(1.,0.918523806852962,1.)))
REPRESENTATION_ITEM('')
SURFACE()
);
#73=(
BOUNDED_SURFACE()
B_SPLINE_SURFACE(2,2,((#5132,#5133,#5134),(#5135,#5136,#5137),(#5138,#5139,
#5140)),.UNSPECIFIED.,.F.,.F.,.F.)
B_SPLINE_SURFACE_WITH_KNOTS((3,3),(3,3),(-1.57079632679491,0.),(-2.0938555169028,
-0.523059190107861),.UNSPECIFIED.)
GEOMETRIC_REPRESENTATION_ITEM()
RATIONAL_B_SPLINE_SURFACE(((1.,0.707106781186532,1.),(0.707106781186546,
0.499999999999988,0.707106781186546),(1.,0.707106781186532,1.)))
REPRESENTATION_ITEM('')
SURFACE()
);
#74=(
BOUNDED_SURFACE()
B_SPLINE_SURFACE(2,2,((#5152,#5153,#5154),(#5155,#5156,#5157),(#5158,#5159,
#5160)),.UNSPECIFIED.,.F.,.F.,.F.)
B_SPLINE_SURFACE_WITH_KNOTS((3,3),(3,3),(-1.57079632679491,0.),(-0.523059190107889,
0.),.UNSPECIFIED.)
GEOMETRIC_REPRESENTATION_ITEM()
RATIONAL_B_SPLINE_SURFACE(((1.,0.965995618634946,1.),(0.707106781186527,
0.683062052533244,0.707106781186527),(1.,0.965995618634946,1.)))
REPRESENTATION_ITEM('')
SURFACE()
);
#75=(
BOUNDED_SURFACE()
B_SPLINE_SURFACE(2,2,((#5172,#5173,#5174),(#5175,#5176,#5177),(#5178,#5179,
#5180)),.UNSPECIFIED.,.F.,.F.,.F.)
B_SPLINE_SURFACE_WITH_KNOTS((3,3),(3,3),(-1.5707963267949,0.),(0.,1.5707963267949),
 .UNSPECIFIED.)
GEOMETRIC_REPRESENTATION_ITEM()
RATIONAL_B_SPLINE_SURFACE(((1.,0.707106781186548,1.),(0.707106781186527,
0.499999999999986,0.707106781186527),(1.,0.707106781186548,1.)))
REPRESENTATION_ITEM('')
SURFACE()
);
#76=(
BOUNDED_SURFACE()
B_SPLINE_SURFACE(2,2,((#5198,#5199,#5200),(#5201,#5202,#5203),(#5204,#5205,
#5206)),.UNSPECIFIED.,.F.,.F.,.F.)
B_SPLINE_SURFACE_WITH_KNOTS((3,3),(3,3),(-1.5707963267949,0.),(0.523598315327707,
1.5707963267949),.UNSPECIFIED.)
GEOMETRIC_REPRESENTATION_ITEM()
RATIONAL_B_SPLINE_SURFACE(((1.,0.866025288716768,1.),(0.707106781186538,
0.612372354330656,0.707106781186538),(1.,0.866025288716768,1.)))
REPRESENTATION_ITEM('')
SURFACE()
);
#77=(
BOUNDED_SURFACE()
B_SPLINE_SURFACE(2,2,((#5230,#5231,#5232),(#5233,#5234,#5235),(#5236,#5237,
#5238)),.UNSPECIFIED.,.F.,.F.,.F.)
B_SPLINE_SURFACE_WITH_KNOTS((3,3),(3,3),(-1.5707963267949,0.),(0.,1.5707963267949),
 .UNSPECIFIED.)
GEOMETRIC_REPRESENTATION_ITEM()
RATIONAL_B_SPLINE_SURFACE(((1.,0.707106781186548,1.),(0.707106781186538,
0.499999999999993,0.707106781186538),(1.,0.707106781186548,1.)))
REPRESENTATION_ITEM('')
SURFACE()
);
#78=(
BOUNDED_SURFACE()
B_SPLINE_SURFACE(2,2,((#5250,#5251,#5252),(#5253,#5254,#5255),(#5256,#5257,
#5258)),.UNSPECIFIED.,.F.,.F.,.F.)
B_SPLINE_SURFACE_WITH_KNOTS((3,3),(3,3),(-1.5707963267949,0.),(1.5707963267949,
2.88891240999011),.UNSPECIFIED.)
GEOMETRIC_REPRESENTATION_ITEM()
RATIONAL_B_SPLINE_SURFACE(((1.,0.790569411507974,1.),(0.707106781186547,
0.559016991875946,0.707106781186547),(1.,0.790569411507974,1.)))
REPRESENTATION_ITEM('')
SURFACE()
);
#79=(
BOUNDED_SURFACE()
B_SPLINE_SURFACE(2,2,((#5276,#5277,#5278),(#5279,#5280,#5281),(#5282,#5283,
#5284)),.UNSPECIFIED.,.F.,.F.,.F.)
B_SPLINE_SURFACE_WITH_KNOTS((3,3),(3,3),(-1.5707963267949,0.),(1.5707963267949,
3.14159265358979),.UNSPECIFIED.)
GEOMETRIC_REPRESENTATION_ITEM()
RATIONAL_B_SPLINE_SURFACE(((1.,0.707106781186548,1.),(0.707106781186547,
0.5,0.707106781186547),(1.,0.707106781186548,1.)))
REPRESENTATION_ITEM('')
SURFACE()
);
#80=(
BOUNDED_SURFACE()
B_SPLINE_SURFACE(2,2,((#5308,#5309,#5310),(#5311,#5312,#5313),(#5314,#5315,
#5316)),.UNSPECIFIED.,.F.,.F.,.F.)
B_SPLINE_SURFACE_WITH_KNOTS((3,3),(3,3),(-1.5707963267949,0.),(1.5707963267949,
3.14159261199073),.UNSPECIFIED.)
GEOMETRIC_REPRESENTATION_ITEM()
RATIONAL_B_SPLINE_SURFACE(((1.,0.707106795894037,1.),(0.707106781186538,
0.500000010399759,0.707106781186538),(1.,0.707106795894037,1.)))
REPRESENTATION_ITEM('')
SURFACE()
);
#81=CYLINDRICAL_SURFACE('',#3337,2.54999999999999);
#82=CYLINDRICAL_SURFACE('',#3341,2.55000000000001);
#83=CYLINDRICAL_SURFACE('',#3345,2.55000000000001);
#84=CYLINDRICAL_SURFACE('',#3349,2.55000000000001);
#85=CYLINDRICAL_SURFACE('',#3353,2.55000000000001);
#86=CYLINDRICAL_SURFACE('',#3365,1.5);
#87=CYLINDRICAL_SURFACE('',#3371,1.5);
#88=CYLINDRICAL_SURFACE('',#3376,1.5);
#89=CYLINDRICAL_SURFACE('',#3382,1.5);
#90=CYLINDRICAL_SURFACE('',#3387,1.5);
#91=CYLINDRICAL_SURFACE('',#3392,1.5);
#92=CYLINDRICAL_SURFACE('',#3397,1.5);
#93=CYLINDRICAL_SURFACE('',#3406,1.5);
#94=CYLINDRICAL_SURFACE('',#3412,1.5);
#95=CYLINDRICAL_SURFACE('',#3417,1.5);
#96=CYLINDRICAL_SURFACE('',#3426,1.5);
#97=CYLINDRICAL_SURFACE('',#3431,1.5);
#98=CYLINDRICAL_SURFACE('',#3437,1.5);
#99=CYLINDRICAL_SURFACE('',#3442,1.5);
#100=CYLINDRICAL_SURFACE('',#3444,2.);
#101=CYLINDRICAL_SURFACE('',#3447,2.);
#102=CYLINDRICAL_SURFACE('',#3450,2.);
#103=CYLINDRICAL_SURFACE('',#3452,2.);
#104=CYLINDRICAL_SURFACE('',#3455,2.);
#105=CYLINDRICAL_SURFACE('',#3458,2.);
#106=CYLINDRICAL_SURFACE('',#3461,2.);
#107=CYLINDRICAL_SURFACE('',#3464,2.);
#108=CYLINDRICAL_SURFACE('',#3467,0.25);
#109=CYLINDRICAL_SURFACE('',#3470,0.25);
#110=CYLINDRICAL_SURFACE('',#3472,0.25);
#111=CYLINDRICAL_SURFACE('',#3474,0.25);
#112=CYLINDRICAL_SURFACE('',#3480,0.25);
#113=CYLINDRICAL_SURFACE('',#3486,0.25);
#114=CYLINDRICAL_SURFACE('',#3492,0.25);
#115=CYLINDRICAL_SURFACE('',#3498,0.25);
#116=CYLINDRICAL_SURFACE('',#3504,0.25);
#117=CYLINDRICAL_SURFACE('',#3510,0.25);
#118=CYLINDRICAL_SURFACE('',#3516,0.25);
#119=CYLINDRICAL_SURFACE('',#3522,0.25);
#120=CYLINDRICAL_SURFACE('',#3528,0.25);
#121=CYLINDRICAL_SURFACE('',#3538,0.25);
#122=CYLINDRICAL_SURFACE('',#3544,0.25);
#123=CYLINDRICAL_SURFACE('',#3550,0.25);
#124=CYLINDRICAL_SURFACE('',#3556,0.25);
#125=CYLINDRICAL_SURFACE('',#3562,0.25);
#126=CYLINDRICAL_SURFACE('',#3568,0.25);
#127=CYLINDRICAL_SURFACE('',#3574,0.25);
#128=CYLINDRICAL_SURFACE('',#3580,0.25);
#129=CYLINDRICAL_SURFACE('',#3586,0.25);
#130=CYLINDRICAL_SURFACE('',#3588,0.25);
#131=CYLINDRICAL_SURFACE('',#3589,1.);
#132=CYLINDRICAL_SURFACE('',#3592,1.);
#133=CYLINDRICAL_SURFACE('',#3595,1.);
#134=CYLINDRICAL_SURFACE('',#3598,1.);
#135=CYLINDRICAL_SURFACE('',#3602,1.);
#136=CYLINDRICAL_SURFACE('',#3605,1.);
#137=CYLINDRICAL_SURFACE('',#3608,1.);
#138=CYLINDRICAL_SURFACE('',#3611,1.);
#139=CYLINDRICAL_SURFACE('',#3613,1.);
#140=CYLINDRICAL_SURFACE('',#3614,1.);
#141=CYLINDRICAL_SURFACE('',#3616,1.);
#142=CYLINDRICAL_SURFACE('',#3618,1.);
#143=CYLINDRICAL_SURFACE('',#3620,1.);
#144=CYLINDRICAL_SURFACE('',#3622,1.);
#145=CYLINDRICAL_SURFACE('',#3624,1.);
#146=CYLINDRICAL_SURFACE('',#3626,1.);
#147=CYLINDRICAL_SURFACE('',#3628,1.);
#148=CYLINDRICAL_SURFACE('',#3630,1.);
#149=CYLINDRICAL_SURFACE('',#3637,0.25);
#150=CYLINDRICAL_SURFACE('',#3643,0.25);
#151=CYLINDRICAL_SURFACE('',#3649,0.25);
#152=CYLINDRICAL_SURFACE('',#3655,0.25);
#153=CYLINDRICAL_SURFACE('',#3661,0.25);
#154=CYLINDRICAL_SURFACE('',#3667,0.25);
#155=CYLINDRICAL_SURFACE('',#3672,0.25);
#156=CYLINDRICAL_SURFACE('',#3677,0.25);
#157=CYLINDRICAL_SURFACE('',#3682,0.25);
#158=CYLINDRICAL_SURFACE('',#3687,0.25);
#159=CYLINDRICAL_SURFACE('',#3692,0.25);
#160=CYLINDRICAL_SURFACE('',#3697,0.25);
#161=CYLINDRICAL_SURFACE('',#3702,0.25);
#162=CYLINDRICAL_SURFACE('',#3707,0.25);
#163=CYLINDRICAL_SURFACE('',#3712,0.25);
#164=CYLINDRICAL_SURFACE('',#3722,0.25);
#165=CYLINDRICAL_SURFACE('',#3727,0.25);
#166=CYLINDRICAL_SURFACE('',#3732,0.25);
#167=CYLINDRICAL_SURFACE('',#3740,0.25);
#168=CYLINDRICAL_SURFACE('',#3745,0.25);
#169=CYLINDRICAL_SURFACE('',#3750,0.25);
#170=CYLINDRICAL_SURFACE('',#3755,0.25);
#171=CYLINDRICAL_SURFACE('',#3757,2.);
#172=CYLINDRICAL_SURFACE('',#3759,2.);
#173=CYLINDRICAL_SURFACE('',#3761,2.);
#174=CYLINDRICAL_SURFACE('',#3763,2.);
#175=CYLINDRICAL_SURFACE('',#3765,2.);
#176=CYLINDRICAL_SURFACE('',#3767,2.);
#177=CYLINDRICAL_SURFACE('',#3769,2.);
#178=CYLINDRICAL_SURFACE('',#3771,2.);
#179=CYLINDRICAL_SURFACE('',#3772,1.);
#180=FACE_BOUND('',#453,.T.);
#181=FACE_BOUND('',#454,.T.);
#182=FACE_BOUND('',#455,.T.);
#183=FACE_BOUND('',#456,.T.);
#184=FACE_BOUND('',#457,.T.);
#185=FACE_BOUND('',#464,.T.);
#186=FACE_BOUND('',#467,.T.);
#187=FACE_BOUND('',#470,.T.);
#188=FACE_BOUND('',#473,.T.);
#189=FACE_BOUND('',#476,.T.);
#190=PLANE('',#3313);
#191=PLANE('',#3340);
#192=PLANE('',#3344);
#193=PLANE('',#3348);
#194=PLANE('',#3352);
#195=PLANE('',#3356);
#196=PLANE('',#3357);
#197=PLANE('',#3358);
#198=PLANE('',#3359);
#199=PLANE('',#3360);
#200=PLANE('',#3361);
#201=PLANE('',#3443);
#202=PLANE('',#3446);
#203=PLANE('',#3449);
#204=PLANE('',#3454);
#205=PLANE('',#3457);
#206=PLANE('',#3460);
#207=PLANE('',#3463);
#208=PLANE('',#3466);
#209=PLANE('',#3591);
#210=PLANE('',#3594);
#211=PLANE('',#3597);
#212=PLANE('',#3600);
#213=PLANE('',#3604);
#214=PLANE('',#3607);
#215=PLANE('',#3610);
#216=PLANE('',#3615);
#217=PLANE('',#3617);
#218=PLANE('',#3619);
#219=PLANE('',#3621);
#220=PLANE('',#3623);
#221=PLANE('',#3625);
#222=PLANE('',#3627);
#223=PLANE('',#3629);
#224=PLANE('',#3631);
#225=PLANE('',#3632);
#226=PLANE('',#3633);
#227=PLANE('',#3756);
#228=PLANE('',#3758);
#229=PLANE('',#3760);
#230=PLANE('',#3762);
#231=PLANE('',#3764);
#232=PLANE('',#3766);
#233=PLANE('',#3768);
#234=PLANE('',#3770);
#235=PLANE('',#3773);
#236=PLANE('',#3774);
#237=PLANE('',#3775);
#238=PLANE('',#3776);
#239=FACE_OUTER_BOUND('',#451,.T.);
#240=FACE_OUTER_BOUND('',#452,.T.);
#241=FACE_OUTER_BOUND('',#458,.T.);
#242=FACE_OUTER_BOUND('',#459,.T.);
#243=FACE_OUTER_BOUND('',#460,.T.);
#244=FACE_OUTER_BOUND('',#461,.T.);
#245=FACE_OUTER_BOUND('',#462,.T.);
#246=FACE_OUTER_BOUND('',#463,.T.);
#247=FACE_OUTER_BOUND('',#465,.T.);
#248=FACE_OUTER_BOUND('',#466,.T.);
#249=FACE_OUTER_BOUND('',#468,.T.);
#250=FACE_OUTER_BOUND('',#469,.T.);
#251=FACE_OUTER_BOUND('',#471,.T.);
#252=FACE_OUTER_BOUND('',#472,.T.);
#253=FACE_OUTER_BOUND('',#474,.T.);
#254=FACE_OUTER_BOUND('',#475,.T.);
#255=FACE_OUTER_BOUND('',#477,.T.);
#256=FACE_OUTER_BOUND('',#478,.T.);
#257=FACE_OUTER_BOUND('',#479,.T.);
#258=FACE_OUTER_BOUND('',#480,.T.);
#259=FACE_OUTER_BOUND('',#481,.T.);
#260=FACE_OUTER_BOUND('',#482,.T.);
#261=FACE_OUTER_BOUND('',#483,.T.);
#262=FACE_OUTER_BOUND('',#484,.T.);
#263=FACE_OUTER_BOUND('',#485,.T.);
#264=FACE_OUTER_BOUND('',#486,.T.);
#265=FACE_OUTER_BOUND('',#487,.T.);
#266=FACE_OUTER_BOUND('',#488,.T.);
#267=FACE_OUTER_BOUND('',#489,.T.);
#268=FACE_OUTER_BOUND('',#490,.T.);
#269=FACE_OUTER_BOUND('',#491,.T.);
#270=FACE_OUTER_BOUND('',#492,.T.);
#271=FACE_OUTER_BOUND('',#493,.T.);
#272=FACE_OUTER_BOUND('',#494,.T.);
#273=FACE_OUTER_BOUND('',#495,.T.);
#274=FACE_OUTER_BOUND('',#496,.T.);
#275=FACE_OUTER_BOUND('',#497,.T.);
#276=FACE_OUTER_BOUND('',#498,.T.);
#277=FACE_OUTER_BOUND('',#499,.T.);
#278=FACE_OUTER_BOUND('',#500,.T.);
#279=FACE_OUTER_BOUND('',#501,.T.);
#280=FACE_OUTER_BOUND('',#502,.T.);
#281=FACE_OUTER_BOUND('',#503,.T.);
#282=FACE_OUTER_BOUND('',#504,.T.);
#283=FACE_OUTER_BOUND('',#505,.T.);
#284=FACE_OUTER_BOUND('',#506,.T.);
#285=FACE_OUTER_BOUND('',#507,.T.);
#286=FACE_OUTER_BOUND('',#508,.T.);
#287=FACE_OUTER_BOUND('',#509,.T.);
#288=FACE_OUTER_BOUND('',#510,.T.);
#289=FACE_OUTER_BOUND('',#511,.T.);
#290=FACE_OUTER_BOUND('',#512,.T.);
#291=FACE_OUTER_BOUND('',#513,.T.);
#292=FACE_OUTER_BOUND('',#514,.T.);
#293=FACE_OUTER_BOUND('',#515,.T.);
#294=FACE_OUTER_BOUND('',#516,.T.);
#295=FACE_OUTER_BOUND('',#517,.T.);
#296=FACE_OUTER_BOUND('',#518,.T.);
#297=FACE_OUTER_BOUND('',#519,.T.);
#298=FACE_OUTER_BOUND('',#520,.T.);
#299=FACE_OUTER_BOUND('',#521,.T.);
#300=FACE_OUTER_BOUND('',#522,.T.);
#301=FACE_OUTER_BOUND('',#523,.T.);
#302=FACE_OUTER_BOUND('',#524,.T.);
#303=FACE_OUTER_BOUND('',#525,.T.);
#304=FACE_OUTER_BOUND('',#526,.T.);
#305=FACE_OUTER_BOUND('',#527,.T.);
#306=FACE_OUTER_BOUND('',#528,.T.);
#307=FACE_OUTER_BOUND('',#529,.T.);
#308=FACE_OUTER_BOUND('',#530,.T.);
#309=FACE_OUTER_BOUND('',#531,.T.);
#310=FACE_OUTER_BOUND('',#532,.T.);
#311=FACE_OUTER_BOUND('',#533,.T.);
#312=FACE_OUTER_BOUND('',#534,.T.);
#313=FACE_OUTER_BOUND('',#535,.T.);
#314=FACE_OUTER_BOUND('',#536,.T.);
#315=FACE_OUTER_BOUND('',#537,.T.);
#316=FACE_OUTER_BOUND('',#538,.T.);
#317=FACE_OUTER_BOUND('',#539,.T.);
#318=FACE_OUTER_BOUND('',#540,.T.);
#319=FACE_OUTER_BOUND('',#541,.T.);
#320=FACE_OUTER_BOUND('',#542,.T.);
#321=FACE_OUTER_BOUND('',#543,.T.);
#322=FACE_OUTER_BOUND('',#544,.T.);
#323=FACE_OUTER_BOUND('',#545,.T.);
#324=FACE_OUTER_BOUND('',#546,.T.);
#325=FACE_OUTER_BOUND('',#547,.T.);
#326=FACE_OUTER_BOUND('',#548,.T.);
#327=FACE_OUTER_BOUND('',#549,.T.);
#328=FACE_OUTER_BOUND('',#550,.T.);
#329=FACE_OUTER_BOUND('',#551,.T.);
#330=FACE_OUTER_BOUND('',#552,.T.);
#331=FACE_OUTER_BOUND('',#553,.T.);
#332=FACE_OUTER_BOUND('',#554,.T.);
#333=FACE_OUTER_BOUND('',#555,.T.);
#334=FACE_OUTER_BOUND('',#556,.T.);
#335=FACE_OUTER_BOUND('',#557,.T.);
#336=FACE_OUTER_BOUND('',#558,.T.);
#337=FACE_OUTER_BOUND('',#559,.T.);
#338=FACE_OUTER_BOUND('',#560,.T.);
#339=FACE_OUTER_BOUND('',#561,.T.);
#340=FACE_OUTER_BOUND('',#562,.T.);
#341=FACE_OUTER_BOUND('',#563,.T.);
#342=FACE_OUTER_BOUND('',#564,.T.);
#343=FACE_OUTER_BOUND('',#565,.T.);
#344=FACE_OUTER_BOUND('',#566,.T.);
#345=FACE_OUTER_BOUND('',#567,.T.);
#346=FACE_OUTER_BOUND('',#568,.T.);
#347=FACE_OUTER_BOUND('',#569,.T.);
#348=FACE_OUTER_BOUND('',#570,.T.);
#349=FACE_OUTER_BOUND('',#571,.T.);
#350=FACE_OUTER_BOUND('',#572,.T.);
#351=FACE_OUTER_BOUND('',#573,.T.);
#352=FACE_OUTER_BOUND('',#574,.T.);
#353=FACE_OUTER_BOUND('',#575,.T.);
#354=FACE_OUTER_BOUND('',#576,.T.);
#355=FACE_OUTER_BOUND('',#577,.T.);
#356=FACE_OUTER_BOUND('',#578,.T.);
#357=FACE_OUTER_BOUND('',#579,.T.);
#358=FACE_OUTER_BOUND('',#580,.T.);
#359=FACE_OUTER_BOUND('',#581,.T.);
#360=FACE_OUTER_BOUND('',#582,.T.);
#361=FACE_OUTER_BOUND('',#583,.T.);
#362=FACE_OUTER_BOUND('',#584,.T.);
#363=FACE_OUTER_BOUND('',#585,.T.);
#364=FACE_OUTER_BOUND('',#586,.T.);
#365=FACE_OUTER_BOUND('',#587,.T.);
#366=FACE_OUTER_BOUND('',#588,.T.);
#367=FACE_OUTER_BOUND('',#589,.T.);
#368=FACE_OUTER_BOUND('',#590,.T.);
#369=FACE_OUTER_BOUND('',#591,.T.);
#370=FACE_OUTER_BOUND('',#592,.T.);
#371=FACE_OUTER_BOUND('',#593,.T.);
#372=FACE_OUTER_BOUND('',#594,.T.);
#373=FACE_OUTER_BOUND('',#595,.T.);
#374=FACE_OUTER_BOUND('',#596,.T.);
#375=FACE_OUTER_BOUND('',#597,.T.);
#376=FACE_OUTER_BOUND('',#598,.T.);
#377=FACE_OUTER_BOUND('',#599,.T.);
#378=FACE_OUTER_BOUND('',#600,.T.);
#379=FACE_OUTER_BOUND('',#601,.T.);
#380=FACE_OUTER_BOUND('',#602,.T.);
#381=FACE_OUTER_BOUND('',#603,.T.);
#382=FACE_OUTER_BOUND('',#604,.T.);
#383=FACE_OUTER_BOUND('',#605,.T.);
#384=FACE_OUTER_BOUND('',#606,.T.);
#385=FACE_OUTER_BOUND('',#607,.T.);
#386=FACE_OUTER_BOUND('',#608,.T.);
#387=FACE_OUTER_BOUND('',#609,.T.);
#388=FACE_OUTER_BOUND('',#610,.T.);
#389=FACE_OUTER_BOUND('',#611,.T.);
#390=FACE_OUTER_BOUND('',#612,.T.);
#391=FACE_OUTER_BOUND('',#613,.T.);
#392=FACE_OUTER_BOUND('',#614,.T.);
#393=FACE_OUTER_BOUND('',#615,.T.);
#394=FACE_OUTER_BOUND('',#616,.T.);
#395=FACE_OUTER_BOUND('',#617,.T.);
#396=FACE_OUTER_BOUND('',#618,.T.);
#397=FACE_OUTER_BOUND('',#619,.T.);
#398=FACE_OUTER_BOUND('',#620,.T.);
#399=FACE_OUTER_BOUND('',#621,.T.);
#400=FACE_OUTER_BOUND('',#622,.T.);
#401=FACE_OUTER_BOUND('',#623,.T.);
#402=FACE_OUTER_BOUND('',#624,.T.);
#403=FACE_OUTER_BOUND('',#625,.T.);
#404=FACE_OUTER_BOUND('',#626,.T.);
#405=FACE_OUTER_BOUND('',#627,.T.);
#406=FACE_OUTER_BOUND('',#628,.T.);
#407=FACE_OUTER_BOUND('',#629,.T.);
#408=FACE_OUTER_BOUND('',#630,.T.);
#409=FACE_OUTER_BOUND('',#631,.T.);
#410=FACE_OUTER_BOUND('',#632,.T.);
#411=FACE_OUTER_BOUND('',#633,.T.);
#412=FACE_OUTER_BOUND('',#634,.T.);
#413=FACE_OUTER_BOUND('',#635,.T.);
#414=FACE_OUTER_BOUND('',#636,.T.);
#415=FACE_OUTER_BOUND('',#637,.T.);
#416=FACE_OUTER_BOUND('',#638,.T.);
#417=FACE_OUTER_BOUND('',#639,.T.);
#418=FACE_OUTER_BOUND('',#640,.T.);
#419=FACE_OUTER_BOUND('',#641,.T.);
#420=FACE_OUTER_BOUND('',#642,.T.);
#421=FACE_OUTER_BOUND('',#643,.T.);
#422=FACE_OUTER_BOUND('',#644,.T.);
#423=FACE_OUTER_BOUND('',#645,.T.);
#424=FACE_OUTER_BOUND('',#646,.T.);
#425=FACE_OUTER_BOUND('',#647,.T.);
#426=FACE_OUTER_BOUND('',#648,.T.);
#427=FACE_OUTER_BOUND('',#649,.T.);
#428=FACE_OUTER_BOUND('',#650,.T.);
#429=FACE_OUTER_BOUND('',#651,.T.);
#430=FACE_OUTER_BOUND('',#652,.T.);
#431=FACE_OUTER_BOUND('',#653,.T.);
#432=FACE_OUTER_BOUND('',#654,.T.);
#433=FACE_OUTER_BOUND('',#655,.T.);
#434=FACE_OUTER_BOUND('',#656,.T.);
#435=FACE_OUTER_BOUND('',#657,.T.);
#436=FACE_OUTER_BOUND('',#658,.T.);
#437=FACE_OUTER_BOUND('',#659,.T.);
#438=FACE_OUTER_BOUND('',#660,.T.);
#439=FACE_OUTER_BOUND('',#661,.T.);
#440=FACE_OUTER_BOUND('',#662,.T.);
#441=FACE_OUTER_BOUND('',#663,.T.);
#442=FACE_OUTER_BOUND('',#664,.T.);
#443=FACE_OUTER_BOUND('',#665,.T.);
#444=FACE_OUTER_BOUND('',#666,.T.);
#445=FACE_OUTER_BOUND('',#667,.T.);
#446=FACE_OUTER_BOUND('',#668,.T.);
#447=FACE_OUTER_BOUND('',#669,.T.);
#448=FACE_OUTER_BOUND('',#670,.T.);
#449=FACE_OUTER_BOUND('',#671,.T.);
#450=FACE_OUTER_BOUND('',#672,.T.);
#451=EDGE_LOOP('',(#2127,#2128,#2129,#2130));
#452=EDGE_LOOP('',(#2131,#2132,#2133,#2134,#2135,#2136,#2137,#2138,#2139,
#2140,#2141,#2142,#2143,#2144,#2145,#2146,#2147,#2148,#2149,#2150,#2151,
#2152,#2153,#2154,#2155,#2156));
#453=EDGE_LOOP('',(#2157));
#454=EDGE_LOOP('',(#2158));
#455=EDGE_LOOP('',(#2159));
#456=EDGE_LOOP('',(#2160));
#457=EDGE_LOOP('',(#2161));
#458=EDGE_LOOP('',(#2162,#2163,#2164,#2165));
#459=EDGE_LOOP('',(#2166,#2167,#2168,#2169));
#460=EDGE_LOOP('',(#2170,#2171,#2172,#2173));
#461=EDGE_LOOP('',(#2174,#2175,#2176,#2177));
#462=EDGE_LOOP('',(#2178,#2179,#2180,#2181));
#463=EDGE_LOOP('',(#2182));
#464=EDGE_LOOP('',(#2183));
#465=EDGE_LOOP('',(#2184,#2185,#2186,#2187));
#466=EDGE_LOOP('',(#2188));
#467=EDGE_LOOP('',(#2189));
#468=EDGE_LOOP('',(#2190,#2191,#2192,#2193));
#469=EDGE_LOOP('',(#2194));
#470=EDGE_LOOP('',(#2195));
#471=EDGE_LOOP('',(#2196,#2197,#2198,#2199));
#472=EDGE_LOOP('',(#2200));
#473=EDGE_LOOP('',(#2201));
#474=EDGE_LOOP('',(#2202,#2203,#2204,#2205));
#475=EDGE_LOOP('',(#2206));
#476=EDGE_LOOP('',(#2207));
#477=EDGE_LOOP('',(#2208));
#478=EDGE_LOOP('',(#2209));
#479=EDGE_LOOP('',(#2210));
#480=EDGE_LOOP('',(#2211));
#481=EDGE_LOOP('',(#2212));
#482=EDGE_LOOP('',(#2213,#2214,#2215,#2216));
#483=EDGE_LOOP('',(#2217,#2218,#2219,#2220));
#484=EDGE_LOOP('',(#2221,#2222,#2223,#2224));
#485=EDGE_LOOP('',(#2225,#2226,#2227,#2228));
#486=EDGE_LOOP('',(#2229,#2230,#2231,#2232));
#487=EDGE_LOOP('',(#2233,#2234,#2235,#2236));
#488=EDGE_LOOP('',(#2237,#2238,#2239,#2240));
#489=EDGE_LOOP('',(#2241,#2242,#2243,#2244));
#490=EDGE_LOOP('',(#2245,#2246,#2247,#2248));
#491=EDGE_LOOP('',(#2249,#2250,#2251,#2252));
#492=EDGE_LOOP('',(#2253,#2254,#2255,#2256));
#493=EDGE_LOOP('',(#2257,#2258,#2259,#2260));
#494=EDGE_LOOP('',(#2261,#2262,#2263,#2264));
#495=EDGE_LOOP('',(#2265,#2266,#2267,#2268));
#496=EDGE_LOOP('',(#2269,#2270,#2271,#2272));
#497=EDGE_LOOP('',(#2273,#2274,#2275,#2276));
#498=EDGE_LOOP('',(#2277,#2278,#2279,#2280));
#499=EDGE_LOOP('',(#2281,#2282,#2283,#2284));
#500=EDGE_LOOP('',(#2285,#2286,#2287,#2288));
#501=EDGE_LOOP('',(#2289,#2290,#2291,#2292));
#502=EDGE_LOOP('',(#2293,#2294,#2295,#2296));
#503=EDGE_LOOP('',(#2297,#2298,#2299,#2300));
#504=EDGE_LOOP('',(#2301,#2302,#2303,#2304));
#505=EDGE_LOOP('',(#2305,#2306,#2307,#2308));
#506=EDGE_LOOP('',(#2309,#2310,#2311,#2312));
#507=EDGE_LOOP('',(#2313,#2314,#2315,#2316));
#508=EDGE_LOOP('',(#2317,#2318,#2319,#2320));
#509=EDGE_LOOP('',(#2321,#2322,#2323,#2324));
#510=EDGE_LOOP('',(#2325,#2326,#2327,#2328));
#511=EDGE_LOOP('',(#2329,#2330,#2331,#2332));
#512=EDGE_LOOP('',(#2333,#2334,#2335,#2336));
#513=EDGE_LOOP('',(#2337,#2338,#2339,#2340));
#514=EDGE_LOOP('',(#2341,#2342,#2343,#2344));
#515=EDGE_LOOP('',(#2345,#2346,#2347,#2348));
#516=EDGE_LOOP('',(#2349,#2350,#2351,#2352));
#517=EDGE_LOOP('',(#2353,#2354,#2355,#2356));
#518=EDGE_LOOP('',(#2357,#2358,#2359,#2360));
#519=EDGE_LOOP('',(#2361,#2362,#2363,#2364));
#520=EDGE_LOOP('',(#2365,#2366,#2367,#2368));
#521=EDGE_LOOP('',(#2369,#2370,#2371,#2372));
#522=EDGE_LOOP('',(#2373,#2374,#2375,#2376));
#523=EDGE_LOOP('',(#2377,#2378,#2379,#2380));
#524=EDGE_LOOP('',(#2381,#2382,#2383,#2384));
#525=EDGE_LOOP('',(#2385,#2386,#2387,#2388));
#526=EDGE_LOOP('',(#2389,#2390,#2391,#2392));
#527=EDGE_LOOP('',(#2393,#2394,#2395,#2396,#2397,#2398,#2399,#2400,#2401,
#2402,#2403,#2404,#2405,#2406,#2407,#2408,#2409,#2410,#2411,#2412,#2413,
#2414,#2415,#2416,#2417,#2418,#2419,#2420,#2421,#2422));
#528=EDGE_LOOP('',(#2423,#2424,#2425,#2426));
#529=EDGE_LOOP('',(#2427,#2428,#2429,#2430));
#530=EDGE_LOOP('',(#2431,#2432,#2433,#2434));
#531=EDGE_LOOP('',(#2435,#2436,#2437,#2438));
#532=EDGE_LOOP('',(#2439,#2440,#2441,#2442));
#533=EDGE_LOOP('',(#2443,#2444,#2445,#2446));
#534=EDGE_LOOP('',(#2447,#2448,#2449,#2450));
#535=EDGE_LOOP('',(#2451,#2452,#2453,#2454));
#536=EDGE_LOOP('',(#2455,#2456,#2457,#2458));
#537=EDGE_LOOP('',(#2459,#2460,#2461,#2462));
#538=EDGE_LOOP('',(#2463,#2464,#2465,#2466));
#539=EDGE_LOOP('',(#2467,#2468,#2469,#2470));
#540=EDGE_LOOP('',(#2471,#2472,#2473,#2474));
#541=EDGE_LOOP('',(#2475,#2476,#2477,#2478));
#542=EDGE_LOOP('',(#2479,#2480,#2481,#2482));
#543=EDGE_LOOP('',(#2483,#2484,#2485,#2486));
#544=EDGE_LOOP('',(#2487,#2488,#2489,#2490));
#545=EDGE_LOOP('',(#2491,#2492,#2493,#2494));
#546=EDGE_LOOP('',(#2495,#2496,#2497,#2498));
#547=EDGE_LOOP('',(#2499,#2500,#2501,#2502));
#548=EDGE_LOOP('',(#2503,#2504,#2505,#2506));
#549=EDGE_LOOP('',(#2507,#2508,#2509,#2510));
#550=EDGE_LOOP('',(#2511,#2512,#2513,#2514));
#551=EDGE_LOOP('',(#2515,#2516,#2517,#2518));
#552=EDGE_LOOP('',(#2519,#2520,#2521,#2522));
#553=EDGE_LOOP('',(#2523,#2524,#2525,#2526));
#554=EDGE_LOOP('',(#2527,#2528,#2529,#2530));
#555=EDGE_LOOP('',(#2531,#2532,#2533,#2534));
#556=EDGE_LOOP('',(#2535,#2536,#2537,#2538));
#557=EDGE_LOOP('',(#2539,#2540,#2541,#2542));
#558=EDGE_LOOP('',(#2543,#2544,#2545,#2546));
#559=EDGE_LOOP('',(#2547,#2548,#2549,#2550));
#560=EDGE_LOOP('',(#2551,#2552,#2553,#2554));
#561=EDGE_LOOP('',(#2555,#2556,#2557,#2558));
#562=EDGE_LOOP('',(#2559,#2560,#2561,#2562));
#563=EDGE_LOOP('',(#2563,#2564,#2565,#2566));
#564=EDGE_LOOP('',(#2567,#2568,#2569,#2570));
#565=EDGE_LOOP('',(#2571,#2572,#2573,#2574));
#566=EDGE_LOOP('',(#2575,#2576,#2577,#2578));
#567=EDGE_LOOP('',(#2579,#2580,#2581,#2582));
#568=EDGE_LOOP('',(#2583,#2584,#2585,#2586));
#569=EDGE_LOOP('',(#2587,#2588,#2589,#2590));
#570=EDGE_LOOP('',(#2591,#2592,#2593,#2594));
#571=EDGE_LOOP('',(#2595,#2596,#2597,#2598));
#572=EDGE_LOOP('',(#2599,#2600,#2601,#2602));
#573=EDGE_LOOP('',(#2603,#2604,#2605,#2606));
#574=EDGE_LOOP('',(#2607,#2608,#2609,#2610));
#575=EDGE_LOOP('',(#2611,#2612,#2613,#2614));
#576=EDGE_LOOP('',(#2615,#2616,#2617,#2618));
#577=EDGE_LOOP('',(#2619,#2620,#2621,#2622,#2623,#2624,#2625,#2626));
#578=EDGE_LOOP('',(#2627,#2628,#2629,#2630));
#579=EDGE_LOOP('',(#2631,#2632,#2633,#2634));
#580=EDGE_LOOP('',(#2635,#2636,#2637,#2638));
#581=EDGE_LOOP('',(#2639,#2640,#2641,#2642));
#582=EDGE_LOOP('',(#2643,#2644,#2645,#2646));
#583=EDGE_LOOP('',(#2647,#2648,#2649,#2650));
#584=EDGE_LOOP('',(#2651,#2652,#2653,#2654));
#585=EDGE_LOOP('',(#2655,#2656,#2657,#2658));
#586=EDGE_LOOP('',(#2659,#2660,#2661,#2662));
#587=EDGE_LOOP('',(#2663,#2664,#2665,#2666));
#588=EDGE_LOOP('',(#2667,#2668,#2669,#2670));
#589=EDGE_LOOP('',(#2671,#2672,#2673,#2674));
#590=EDGE_LOOP('',(#2675,#2676,#2677,#2678));
#591=EDGE_LOOP('',(#2679,#2680,#2681,#2682));
#592=EDGE_LOOP('',(#2683,#2684,#2685,#2686));
#593=EDGE_LOOP('',(#2687,#2688,#2689,#2690));
#594=EDGE_LOOP('',(#2691,#2692,#2693,#2694));
#595=EDGE_LOOP('',(#2695,#2696,#2697,#2698));
#596=EDGE_LOOP('',(#2699,#2700,#2701,#2702));
#597=EDGE_LOOP('',(#2703,#2704,#2705,#2706));
#598=EDGE_LOOP('',(#2707,#2708,#2709,#2710));
#599=EDGE_LOOP('',(#2711,#2712,#2713,#2714));
#600=EDGE_LOOP('',(#2715,#2716,#2717,#2718));
#601=EDGE_LOOP('',(#2719,#2720,#2721,#2722));
#602=EDGE_LOOP('',(#2723,#2724,#2725,#2726));
#603=EDGE_LOOP('',(#2727,#2728,#2729,#2730));
#604=EDGE_LOOP('',(#2731,#2732,#2733,#2734));
#605=EDGE_LOOP('',(#2735,#2736,#2737,#2738));
#606=EDGE_LOOP('',(#2739,#2740,#2741,#2742));
#607=EDGE_LOOP('',(#2743,#2744,#2745,#2746));
#608=EDGE_LOOP('',(#2747,#2748,#2749,#2750));
#609=EDGE_LOOP('',(#2751,#2752,#2753,#2754));
#610=EDGE_LOOP('',(#2755,#2756,#2757,#2758));
#611=EDGE_LOOP('',(#2759,#2760,#2761,#2762));
#612=EDGE_LOOP('',(#2763,#2764,#2765,#2766));
#613=EDGE_LOOP('',(#2767,#2768,#2769,#2770));
#614=EDGE_LOOP('',(#2771,#2772,#2773,#2774));
#615=EDGE_LOOP('',(#2775,#2776,#2777,#2778));
#616=EDGE_LOOP('',(#2779,#2780,#2781,#2782));
#617=EDGE_LOOP('',(#2783,#2784,#2785,#2786));
#618=EDGE_LOOP('',(#2787,#2788,#2789,#2790));
#619=EDGE_LOOP('',(#2791,#2792,#2793,#2794));
#620=EDGE_LOOP('',(#2795,#2796,#2797,#2798));
#621=EDGE_LOOP('',(#2799,#2800,#2801,#2802));
#622=EDGE_LOOP('',(#2803,#2804,#2805,#2806));
#623=EDGE_LOOP('',(#2807,#2808,#2809,#2810));
#624=EDGE_LOOP('',(#2811,#2812,#2813,#2814));
#625=EDGE_LOOP('',(#2815,#2816,#2817,#2818));
#626=EDGE_LOOP('',(#2819,#2820,#2821,#2822));
#627=EDGE_LOOP('',(#2823,#2824,#2825,#2826));
#628=EDGE_LOOP('',(#2827,#2828,#2829,#2830));
#629=EDGE_LOOP('',(#2831,#2832,#2833,#2834));
#630=EDGE_LOOP('',(#2835,#2836,#2837,#2838));
#631=EDGE_LOOP('',(#2839,#2840,#2841,#2842));
#632=EDGE_LOOP('',(#2843,#2844,#2845,#2846));
#633=EDGE_LOOP('',(#2847,#2848,#2849,#2850));
#634=EDGE_LOOP('',(#2851,#2852,#2853,#2854));
#635=EDGE_LOOP('',(#2855,#2856,#2857,#2858));
#636=EDGE_LOOP('',(#2859,#2860,#2861,#2862));
#637=EDGE_LOOP('',(#2863,#2864,#2865,#2866));
#638=EDGE_LOOP('',(#2867,#2868,#2869,#2870));
#639=EDGE_LOOP('',(#2871,#2872,#2873,#2874));
#640=EDGE_LOOP('',(#2875,#2876,#2877,#2878));
#641=EDGE_LOOP('',(#2879,#2880,#2881,#2882));
#642=EDGE_LOOP('',(#2883,#2884,#2885,#2886));
#643=EDGE_LOOP('',(#2887,#2888,#2889,#2890));
#644=EDGE_LOOP('',(#2891,#2892,#2893,#2894));
#645=EDGE_LOOP('',(#2895,#2896,#2897,#2898));
#646=EDGE_LOOP('',(#2899,#2900,#2901,#2902));
#647=EDGE_LOOP('',(#2903,#2904,#2905,#2906));
#648=EDGE_LOOP('',(#2907,#2908,#2909,#2910));
#649=EDGE_LOOP('',(#2911,#2912,#2913,#2914));
#650=EDGE_LOOP('',(#2915,#2916,#2917,#2918));
#651=EDGE_LOOP('',(#2919,#2920,#2921,#2922));
#652=EDGE_LOOP('',(#2923,#2924,#2925,#2926,#2927,#2928,#2929,#2930,#2931,
#2932,#2933,#2934,#2935,#2936,#2937,#2938,#2939,#2940,#2941,#2942,#2943,
#2944,#2945,#2946,#2947,#2948,#2949,#2950,#2951,#2952,#2953,#2954,#2955,
#2956,#2957,#2958,#2959,#2960,#2961,#2962,#2963,#2964,#2965,#2966,#2967,
#2968,#2969,#2970,#2971,#2972,#2973,#2974,#2975,#2976,#2977,#2978));
#653=EDGE_LOOP('',(#2979,#2980,#2981,#2982));
#654=EDGE_LOOP('',(#2983,#2984,#2985,#2986,#2987,#2988,#2989,#2990,#2991,
#2992,#2993,#2994));
#655=EDGE_LOOP('',(#2995,#2996,#2997,#2998));
#656=EDGE_LOOP('',(#2999,#3000,#3001,#3002));
#657=EDGE_LOOP('',(#3003,#3004,#3005,#3006));
#658=EDGE_LOOP('',(#3007,#3008,#3009,#3010));
#659=EDGE_LOOP('',(#3011,#3012,#3013,#3014));
#660=EDGE_LOOP('',(#3015,#3016,#3017,#3018));
#661=EDGE_LOOP('',(#3019,#3020,#3021,#3022));
#662=EDGE_LOOP('',(#3023,#3024,#3025,#3026));
#663=EDGE_LOOP('',(#3027,#3028,#3029,#3030));
#664=EDGE_LOOP('',(#3031,#3032,#3033,#3034));
#665=EDGE_LOOP('',(#3035,#3036,#3037,#3038));
#666=EDGE_LOOP('',(#3039,#3040,#3041,#3042,#3043,#3044,#3045,#3046,#3047,
#3048,#3049,#3050));
#667=EDGE_LOOP('',(#3051,#3052,#3053,#3054));
#668=EDGE_LOOP('',(#3055,#3056,#3057,#3058));
#669=EDGE_LOOP('',(#3059,#3060,#3061,#3062,#3063,#3064,#3065,#3066,#3067,
#3068,#3069,#3070));
#670=EDGE_LOOP('',(#3071,#3072,#3073,#3074));
#671=EDGE_LOOP('',(#3075,#3076,#3077,#3078));
#672=EDGE_LOOP('',(#3079,#3080,#3081,#3082,#3083,#3084,#3085,#3086,#3087,
#3088,#3089,#3090));
#673=LINE('',#4933,#888);
#674=LINE('',#4940,#889);
#675=LINE('',#4946,#890);
#676=LINE('',#4950,#891);
#677=LINE('',#4954,#892);
#678=LINE('',#4958,#893);
#679=LINE('',#4962,#894);
#680=LINE('',#4966,#895);
#681=LINE('',#4970,#896);
#682=LINE('',#4974,#897);
#683=LINE('',#4978,#898);
#684=LINE('',#4980,#899);
#685=LINE('',#4982,#900);
#686=LINE('',#4984,#901);
#687=LINE('',#4986,#902);
#688=LINE('',#4987,#903);
#689=LINE('',#4998,#904);
#690=LINE('',#5002,#905);
#691=LINE('',#5006,#906);
#692=LINE('',#5010,#907);
#693=LINE('',#5016,#908);
#694=LINE('',#5023,#909);
#695=LINE('',#5030,#910);
#696=LINE('',#5037,#911);
#697=LINE('',#5044,#912);
#698=LINE('',#5086,#913);
#699=LINE('',#5087,#914);
#700=LINE('',#5098,#915);
#701=LINE('',#5099,#916);
#702=LINE('',#5118,#917);
#703=LINE('',#5119,#918);
#704=LINE('',#5130,#919);
#705=LINE('',#5131,#920);
#706=LINE('',#5150,#921);
#707=LINE('',#5151,#922);
#708=LINE('',#5170,#923);
#709=LINE('',#5171,#924);
#710=LINE('',#5190,#925);
#711=LINE('',#5191,#926);
#712=LINE('',#5216,#927);
#713=LINE('',#5217,#928);
#714=LINE('',#5228,#929);
#715=LINE('',#5229,#930);
#716=LINE('',#5248,#931);
#717=LINE('',#5249,#932);
#718=LINE('',#5274,#933);
#719=LINE('',#5275,#934);
#720=LINE('',#5294,#935);
#721=LINE('',#5295,#936);
#722=LINE('',#5306,#937);
#723=LINE('',#5307,#938);
#724=LINE('',#5323,#939);
#725=LINE('',#5324,#940);
#726=LINE('',#5327,#941);
#727=LINE('',#5329,#942);
#728=LINE('',#5330,#943);
#729=LINE('',#5333,#944);
#730=LINE('',#5337,#945);
#731=LINE('',#5338,#946);
#732=LINE('',#5341,#947);
#733=LINE('',#5345,#948);
#734=LINE('',#5346,#949);
#735=LINE('',#5349,#950);
#736=LINE('',#5353,#951);
#737=LINE('',#5357,#952);
#738=LINE('',#5358,#953);
#739=LINE('',#5361,#954);
#740=LINE('',#5365,#955);
#741=LINE('',#5366,#956);
#742=LINE('',#5369,#957);
#743=LINE('',#5373,#958);
#744=LINE('',#5374,#959);
#745=LINE('',#5377,#960);
#746=LINE('',#5381,#961);
#747=LINE('',#5382,#962);
#748=LINE('',#5385,#963);
#749=LINE('',#5391,#964);
#750=LINE('',#5395,#965);
#751=LINE('',#5399,#966);
#752=LINE('',#5402,#967);
#753=LINE('',#5405,#968);
#754=LINE('',#5408,#969);
#755=LINE('',#5411,#970);
#756=LINE('',#5414,#971);
#757=LINE('',#5425,#972);
#758=LINE('',#5426,#973);
#759=LINE('',#5437,#974);
#760=LINE('',#5438,#975);
#761=LINE('',#5449,#976);
#762=LINE('',#5450,#977);
#763=LINE('',#5461,#978);
#764=LINE('',#5462,#979);
#765=LINE('',#5473,#980);
#766=LINE('',#5474,#981);
#767=LINE('',#5485,#982);
#768=LINE('',#5486,#983);
#769=LINE('',#5497,#984);
#770=LINE('',#5498,#985);
#771=LINE('',#5509,#986);
#772=LINE('',#5510,#987);
#773=LINE('',#5521,#988);
#774=LINE('',#5522,#989);
#775=LINE('',#5539,#990);
#776=LINE('',#5540,#991);
#777=LINE('',#5551,#992);
#778=LINE('',#5552,#993);
#779=LINE('',#5563,#994);
#780=LINE('',#5564,#995);
#781=LINE('',#5575,#996);
#782=LINE('',#5576,#997);
#783=LINE('',#5587,#998);
#784=LINE('',#5588,#999);
#785=LINE('',#5599,#1000);
#786=LINE('',#5600,#1001);
#787=LINE('',#5611,#1002);
#788=LINE('',#5612,#1003);
#789=LINE('',#5623,#1004);
#790=LINE('',#5624,#1005);
#791=LINE('',#5633,#1006);
#792=LINE('',#5635,#1007);
#793=LINE('',#5638,#1008);
#794=LINE('',#5639,#1009);
#795=LINE('',#5642,#1010);
#796=LINE('',#5645,#1011);
#797=LINE('',#5648,#1012);
#798=LINE('',#5649,#1013);
#799=LINE('',#5652,#1014);
#800=LINE('',#5656,#1015);
#801=LINE('',#5657,#1016);
#802=LINE('',#5660,#1017);
#803=LINE('',#5664,#1018);
#804=LINE('',#5665,#1019);
#805=LINE('',#5668,#1020);
#806=LINE('',#5672,#1021);
#807=LINE('',#5674,#1022);
#808=LINE('',#5677,#1023);
#809=LINE('',#5680,#1024);
#810=LINE('',#5684,#1025);
#811=LINE('',#5685,#1026);
#812=LINE('',#5688,#1027);
#813=LINE('',#5692,#1028);
#814=LINE('',#5693,#1029);
#815=LINE('',#5696,#1030);
#816=LINE('',#5700,#1031);
#817=LINE('',#5701,#1032);
#818=LINE('',#5704,#1033);
#819=LINE('',#5707,#1034);
#820=LINE('',#5708,#1035);
#821=LINE('',#5710,#1036);
#822=LINE('',#5712,#1037);
#823=LINE('',#5714,#1038);
#824=LINE('',#5716,#1039);
#825=LINE('',#5718,#1040);
#826=LINE('',#5720,#1041);
#827=LINE('',#5722,#1042);
#828=LINE('',#5724,#1043);
#829=LINE('',#5726,#1044);
#830=LINE('',#5728,#1045);
#831=LINE('',#5730,#1046);
#832=LINE('',#5732,#1047);
#833=LINE('',#5734,#1048);
#834=LINE('',#5736,#1049);
#835=LINE('',#5738,#1050);
#836=LINE('',#5740,#1051);
#837=LINE('',#5742,#1052);
#838=LINE('',#5744,#1053);
#839=LINE('',#5746,#1054);
#840=LINE('',#5748,#1055);
#841=LINE('',#5772,#1056);
#842=LINE('',#5773,#1057);
#843=LINE('',#5784,#1058);
#844=LINE('',#5785,#1059);
#845=LINE('',#5796,#1060);
#846=LINE('',#5797,#1061);
#847=LINE('',#5808,#1062);
#848=LINE('',#5809,#1063);
#849=LINE('',#5820,#1064);
#850=LINE('',#5821,#1065);
#851=LINE('',#5831,#1066);
#852=LINE('',#5832,#1067);
#853=LINE('',#5840,#1068);
#854=LINE('',#5848,#1069);
#855=LINE('',#5856,#1070);
#856=LINE('',#5864,#1071);
#857=LINE('',#5872,#1072);
#858=LINE('',#5880,#1073);
#859=LINE('',#5888,#1074);
#860=LINE('',#5896,#1075);
#861=LINE('',#5905,#1076);
#862=LINE('',#5906,#1077);
#863=LINE('',#5921,#1078);
#864=LINE('',#5929,#1079);
#865=LINE('',#5937,#1080);
#866=LINE('',#5949,#1081);
#867=LINE('',#5957,#1082);
#868=LINE('',#5965,#1083);
#869=LINE('',#5971,#1084);
#870=LINE('',#5974,#1085);
#871=LINE('',#5975,#1086);
#872=LINE('',#5977,#1087);
#873=LINE('',#5979,#1088);
#874=LINE('',#5981,#1089);
#875=LINE('',#5983,#1090);
#876=LINE('',#5985,#1091);
#877=LINE('',#5987,#1092);
#878=LINE('',#5989,#1093);
#879=LINE('',#5991,#1094);
#880=LINE('',#5993,#1095);
#881=LINE('',#5995,#1096);
#882=LINE('',#5998,#1097);
#883=LINE('',#6000,#1098);
#884=LINE('',#6002,#1099);
#885=LINE('',#6004,#1100);
#886=LINE('',#6006,#1101);
#887=LINE('',#6008,#1102);
#888=VECTOR('',#3783,4.50000000000001);
#889=VECTOR('',#3790,10.);
#890=VECTOR('',#3795,10.);
#891=VECTOR('',#3798,10.);
#892=VECTOR('',#3801,10.);
#893=VECTOR('',#3804,10.);
#894=VECTOR('',#3807,10.);
#895=VECTOR('',#3810,10.);
#896=VECTOR('',#3813,10.);
#897=VECTOR('',#3816,10.);
#898=VECTOR('',#3819,10.);
#899=VECTOR('',#3820,10.);
#900=VECTOR('',#3821,10.);
#901=VECTOR('',#3822,10.);
#902=VECTOR('',#3823,10.);
#903=VECTOR('',#3824,10.);
#904=VECTOR('',#3835,4.50000000000001);
#905=VECTOR('',#3840,4.50000000000001);
#906=VECTOR('',#3845,4.50000000000001);
#907=VECTOR('',#3850,4.50000000000001);
#908=VECTOR('',#3857,2.54999999999999);
#909=VECTOR('',#3866,2.55000000000001);
#910=VECTOR('',#3875,2.55000000000001);
#911=VECTOR('',#3884,2.55000000000001);
#912=VECTOR('',#3893,2.55000000000001);
#913=VECTOR('',#3918,10.);
#914=VECTOR('',#3919,10.);
#915=VECTOR('',#3932,10.);
#916=VECTOR('',#3933,10.);
#917=VECTOR('',#3944,10.);
#918=VECTOR('',#3945,10.);
#919=VECTOR('',#3958,10.);
#920=VECTOR('',#3959,10.);
#921=VECTOR('',#3970,10.);
#922=VECTOR('',#3971,10.);
#923=VECTOR('',#3982,10.);
#924=VECTOR('',#3983,10.);
#925=VECTOR('',#3994,10.);
#926=VECTOR('',#3995,10.);
#927=VECTOR('',#4014,10.);
#928=VECTOR('',#4015,10.);
#929=VECTOR('',#4028,10.);
#930=VECTOR('',#4029,10.);
#931=VECTOR('',#4040,10.);
#932=VECTOR('',#4041,10.);
#933=VECTOR('',#4060,10.);
#934=VECTOR('',#4061,10.);
#935=VECTOR('',#4072,10.);
#936=VECTOR('',#4073,10.);
#937=VECTOR('',#4086,10.);
#938=VECTOR('',#4087,10.);
#939=VECTOR('',#4096,10.);
#940=VECTOR('',#4097,10.);
#941=VECTOR('',#4100,10.);
#942=VECTOR('',#4101,10.);
#943=VECTOR('',#4102,10.);
#944=VECTOR('',#4105,10.);
#945=VECTOR('',#4110,10.);
#946=VECTOR('',#4111,10.);
#947=VECTOR('',#4114,10.);
#948=VECTOR('',#4119,10.);
#949=VECTOR('',#4120,10.);
#950=VECTOR('',#4123,2.);
#951=VECTOR('',#4128,2.);
#952=VECTOR('',#4133,10.);
#953=VECTOR('',#4134,10.);
#954=VECTOR('',#4137,10.);
#955=VECTOR('',#4142,10.);
#956=VECTOR('',#4143,10.);
#957=VECTOR('',#4146,10.);
#958=VECTOR('',#4151,10.);
#959=VECTOR('',#4152,10.);
#960=VECTOR('',#4155,10.);
#961=VECTOR('',#4160,10.);
#962=VECTOR('',#4161,10.);
#963=VECTOR('',#4164,2.);
#964=VECTOR('',#4171,10.);
#965=VECTOR('',#4174,10.);
#966=VECTOR('',#4179,10.);
#967=VECTOR('',#4182,10.);
#968=VECTOR('',#4185,10.);
#969=VECTOR('',#4188,10.);
#970=VECTOR('',#4191,10.);
#971=VECTOR('',#4194,10.);
#972=VECTOR('',#4207,10.);
#973=VECTOR('',#4208,10.);
#974=VECTOR('',#4221,10.);
#975=VECTOR('',#4222,10.);
#976=VECTOR('',#4235,10.);
#977=VECTOR('',#4236,10.);
#978=VECTOR('',#4249,10.);
#979=VECTOR('',#4250,10.);
#980=VECTOR('',#4263,10.);
#981=VECTOR('',#4264,10.);
#982=VECTOR('',#4277,10.);
#983=VECTOR('',#4278,10.);
#984=VECTOR('',#4291,10.);
#985=VECTOR('',#4292,10.);
#986=VECTOR('',#4305,10.);
#987=VECTOR('',#4306,10.);
#988=VECTOR('',#4319,10.);
#989=VECTOR('',#4320,10.);
#990=VECTOR('',#4341,10.);
#991=VECTOR('',#4342,10.);
#992=VECTOR('',#4355,10.);
#993=VECTOR('',#4356,10.);
#994=VECTOR('',#4369,10.);
#995=VECTOR('',#4370,10.);
#996=VECTOR('',#4383,10.);
#997=VECTOR('',#4384,10.);
#998=VECTOR('',#4397,10.);
#999=VECTOR('',#4398,10.);
#1000=VECTOR('',#4411,10.);
#1001=VECTOR('',#4412,10.);
#1002=VECTOR('',#4425,10.);
#1003=VECTOR('',#4426,10.);
#1004=VECTOR('',#4439,10.);
#1005=VECTOR('',#4440,10.);
#1006=VECTOR('',#4451,10.);
#1007=VECTOR('',#4452,10.);
#1008=VECTOR('',#4457,10.);
#1009=VECTOR('',#4458,10.);
#1010=VECTOR('',#4461,10.);
#1011=VECTOR('',#4464,10.);
#1012=VECTOR('',#4467,10.);
#1013=VECTOR('',#4468,10.);
#1014=VECTOR('',#4471,10.);
#1015=VECTOR('',#4476,10.);
#1016=VECTOR('',#4477,10.);
#1017=VECTOR('',#4480,10.);
#1018=VECTOR('',#4485,10.);
#1019=VECTOR('',#4486,10.);
#1020=VECTOR('',#4489,10.);
#1021=VECTOR('',#4494,10.);
#1022=VECTOR('',#4495,10.);
#1023=VECTOR('',#4498,10.);
#1024=VECTOR('',#4501,10.);
#1025=VECTOR('',#4506,10.);
#1026=VECTOR('',#4507,10.);
#1027=VECTOR('',#4510,10.);
#1028=VECTOR('',#4515,10.);
#1029=VECTOR('',#4516,10.);
#1030=VECTOR('',#4519,10.);
#1031=VECTOR('',#4524,10.);
#1032=VECTOR('',#4525,10.);
#1033=VECTOR('',#4528,10.);
#1034=VECTOR('',#4533,10.);
#1035=VECTOR('',#4534,10.);
#1036=VECTOR('',#4537,10.);
#1037=VECTOR('',#4540,10.);
#1038=VECTOR('',#4543,10.);
#1039=VECTOR('',#4546,10.);
#1040=VECTOR('',#4549,10.);
#1041=VECTOR('',#4552,10.);
#1042=VECTOR('',#4555,10.);
#1043=VECTOR('',#4558,10.);
#1044=VECTOR('',#4561,10.);
#1045=VECTOR('',#4564,10.);
#1046=VECTOR('',#4567,10.);
#1047=VECTOR('',#4570,10.);
#1048=VECTOR('',#4573,10.);
#1049=VECTOR('',#4576,10.);
#1050=VECTOR('',#4579,10.);
#1051=VECTOR('',#4582,10.);
#1052=VECTOR('',#4585,10.);
#1053=VECTOR('',#4588,10.);
#1054=VECTOR('',#4591,10.);
#1055=VECTOR('',#4594,10.);
#1056=VECTOR('',#4605,10.);
#1057=VECTOR('',#4606,10.);
#1058=VECTOR('',#4619,10.);
#1059=VECTOR('',#4620,10.);
#1060=VECTOR('',#4633,10.);
#1061=VECTOR('',#4634,10.);
#1062=VECTOR('',#4647,10.);
#1063=VECTOR('',#4648,10.);
#1064=VECTOR('',#4661,10.);
#1065=VECTOR('',#4662,10.);
#1066=VECTOR('',#4675,10.);
#1067=VECTOR('',#4676,10.);
#1068=VECTOR('',#4687,10.);
#1069=VECTOR('',#4698,10.);
#1070=VECTOR('',#4709,10.);
#1071=VECTOR('',#4720,10.);
#1072=VECTOR('',#4731,10.);
#1073=VECTOR('',#4742,10.);
#1074=VECTOR('',#4753,10.);
#1075=VECTOR('',#4764,10.);
#1076=VECTOR('',#4775,10.);
#1077=VECTOR('',#4776,10.);
#1078=VECTOR('',#4797,10.);
#1079=VECTOR('',#4808,10.);
#1080=VECTOR('',#4819,10.);
#1081=VECTOR('',#4836,10.);
#1082=VECTOR('',#4847,10.);
#1083=VECTOR('',#4858,10.);
#1084=VECTOR('',#4867,10.);
#1085=VECTOR('',#4872,10.);
#1086=VECTOR('',#4873,10.);
#1087=VECTOR('',#4876,10.);
#1088=VECTOR('',#4879,10.);
#1089=VECTOR('',#4882,10.);
#1090=VECTOR('',#4885,10.);
#1091=VECTOR('',#4888,10.);
#1092=VECTOR('',#4891,10.);
#1093=VECTOR('',#4894,10.);
#1094=VECTOR('',#4897,10.);
#1095=VECTOR('',#4900,10.);
#1096=VECTOR('',#4903,10.);
#1097=VECTOR('',#4908,10.);
#1098=VECTOR('',#4911,10.);
#1099=VECTOR('',#4914,10.);
#1100=VECTOR('',#4917,10.);
#1101=VECTOR('',#4920,10.);
#1102=VECTOR('',#4923,10.);
#1103=CIRCLE('',#3311,6.00000000000001);
#1104=CIRCLE('',#3312,3.00000000000001);
#1105=CIRCLE('',#3314,1.);
#1106=CIRCLE('',#3315,1.);
#1107=CIRCLE('',#3316,1.);
#1108=CIRCLE('',#3317,1.);
#1109=CIRCLE('',#3318,1.);
#1110=CIRCLE('',#3319,1.);
#1111=CIRCLE('',#3320,1.);
#1112=CIRCLE('',#3321,1.);
#1113=CIRCLE('',#3322,1.);
#1114=CIRCLE('',#3323,1.);
#1115=CIRCLE('',#3324,1.);
#1116=CIRCLE('',#3325,6.00000000000001);
#1117=CIRCLE('',#3326,6.00000000000001);
#1118=CIRCLE('',#3327,6.00000000000001);
#1119=CIRCLE('',#3328,6.00000000000001);
#1120=CIRCLE('',#3330,3.00000000000001);
#1121=CIRCLE('',#3332,3.00000000000001);
#1122=CIRCLE('',#3334,3.00000000000001);
#1123=CIRCLE('',#3336,3.00000000000001);
#1124=CIRCLE('',#3338,2.54999999999999);
#1125=CIRCLE('',#3339,2.54999999999999);
#1126=CIRCLE('',#3342,2.55000000000001);
#1127=CIRCLE('',#3343,2.55000000000001);
#1128=CIRCLE('',#3346,2.55000000000001);
#1129=CIRCLE('',#3347,2.55000000000001);
#1130=CIRCLE('',#3350,2.55000000000001);
#1131=CIRCLE('',#3351,2.55000000000001);
#1132=CIRCLE('',#3354,2.55000000000001);
#1133=CIRCLE('',#3355,2.55000000000001);
#1134=CIRCLE('',#3362,0.500000000000004);
#1135=CIRCLE('',#3363,1.5);
#1136=CIRCLE('',#3364,2.);
#1137=CIRCLE('',#3366,1.5);
#1138=CIRCLE('',#3368,1.5);
#1139=CIRCLE('',#3369,2.);
#1140=CIRCLE('',#3370,3.5);
#1141=CIRCLE('',#3372,1.5);
#1142=CIRCLE('',#3373,1.5);
#1143=CIRCLE('',#3374,2.);
#1144=CIRCLE('',#3375,0.5);
#1145=CIRCLE('',#3377,1.5);
#1146=CIRCLE('',#3379,1.5);
#1147=CIRCLE('',#3380,2.);
#1148=CIRCLE('',#3381,3.5);
#1149=CIRCLE('',#3383,1.5);
#1150=CIRCLE('',#3384,1.5);
#1151=CIRCLE('',#3385,2.);
#1152=CIRCLE('',#3386,0.5);
#1153=CIRCLE('',#3388,1.5);
#1154=CIRCLE('',#3389,1.5);
#1155=CIRCLE('',#3390,2.);
#1156=CIRCLE('',#3391,0.5);
#1157=CIRCLE('',#3393,1.5);
#1158=CIRCLE('',#3394,1.5);
#1159=CIRCLE('',#3395,2.);
#1160=CIRCLE('',#3396,0.5);
#1161=CIRCLE('',#3398,1.5);
#1162=CIRCLE('',#3400,1.5);
#1163=CIRCLE('',#3401,2.);
#1164=CIRCLE('',#3402,3.5);
#1165=CIRCLE('',#3403,1.5);
#1166=CIRCLE('',#3404,2.);
#1167=CIRCLE('',#3405,0.5);
#1168=CIRCLE('',#3407,1.5);
#1169=CIRCLE('',#3409,1.5);
#1170=CIRCLE('',#3410,2.);
#1171=CIRCLE('',#3411,3.5);
#1172=CIRCLE('',#3413,1.5);
#1173=CIRCLE('',#3414,1.5);
#1174=CIRCLE('',#3415,2.);
#1175=CIRCLE('',#3416,0.5);
#1176=CIRCLE('',#3418,1.5);
#1177=CIRCLE('',#3419,1.5);
#1178=CIRCLE('',#3420,2.);
#1179=CIRCLE('',#3421,0.5);
#1180=CIRCLE('',#3423,1.5);
#1181=CIRCLE('',#3424,2.);
#1182=CIRCLE('',#3425,3.5);
#1183=CIRCLE('',#3427,1.5);
#1184=CIRCLE('',#3428,1.5);
#1185=CIRCLE('',#3429,2.);
#1186=CIRCLE('',#3430,0.5);
#1187=CIRCLE('',#3432,1.5);
#1188=CIRCLE('',#3434,1.5);
#1189=CIRCLE('',#3435,2.);
#1190=CIRCLE('',#3436,3.5);
#1191=CIRCLE('',#3438,1.5);
#1192=CIRCLE('',#3439,1.5);
#1193=CIRCLE('',#3440,2.);
#1194=CIRCLE('',#3441,0.5);
#1195=CIRCLE('',#3445,2.);
#1196=CIRCLE('',#3448,2.);
#1197=CIRCLE('',#3451,2.);
#1198=CIRCLE('',#3453,2.);
#1199=CIRCLE('',#3456,2.);
#1200=CIRCLE('',#3459,2.);
#1201=CIRCLE('',#3462,2.);
#1202=CIRCLE('',#3465,2.);
#1203=CIRCLE('',#3475,0.25);
#1204=CIRCLE('',#3477,0.250000000000004);
#1205=CIRCLE('',#3478,0.75);
#1206=CIRCLE('',#3479,1.);
#1207=CIRCLE('',#3481,0.250000000000004);
#1208=CIRCLE('',#3483,0.25);
#1209=CIRCLE('',#3484,1.25);
#1210=CIRCLE('',#3485,1.);
#1211=CIRCLE('',#3487,0.25);
#1212=CIRCLE('',#3489,0.250000000000021);
#1213=CIRCLE('',#3490,1.25);
#1214=CIRCLE('',#3491,1.);
#1215=CIRCLE('',#3493,0.250000000000004);
#1216=CIRCLE('',#3495,0.249999999999999);
#1217=CIRCLE('',#3496,0.75);
#1218=CIRCLE('',#3497,1.);
#1219=CIRCLE('',#3499,0.25);
#1220=CIRCLE('',#3501,0.25);
#1221=CIRCLE('',#3502,1.);
#1222=CIRCLE('',#3503,1.25);
#1223=CIRCLE('',#3505,0.25);
#1224=CIRCLE('',#3507,0.249999999999986);
#1225=CIRCLE('',#3508,0.75);
#1226=CIRCLE('',#3509,1.);
#1227=CIRCLE('',#3511,0.249999999999986);
#1228=CIRCLE('',#3513,0.25);
#1229=CIRCLE('',#3514,1.25);
#1230=CIRCLE('',#3515,1.);
#1231=CIRCLE('',#3517,0.25);
#1232=CIRCLE('',#3519,0.249999999999986);
#1233=CIRCLE('',#3520,1.25);
#1234=CIRCLE('',#3521,1.);
#1235=CIRCLE('',#3523,0.249999999999986);
#1236=CIRCLE('',#3525,0.249999999999999);
#1237=CIRCLE('',#3526,0.75);
#1238=CIRCLE('',#3527,1.);
#1239=CIRCLE('',#3529,0.25);
#1240=CIRCLE('',#3531,0.25);
#1241=CIRCLE('',#3532,1.);
#1242=CIRCLE('',#3533,0.75);
#1243=CIRCLE('',#3535,0.25);
#1244=CIRCLE('',#3536,1.);
#1245=CIRCLE('',#3537,1.25);
#1246=CIRCLE('',#3539,0.25);
#1247=CIRCLE('',#3541,0.25);
#1248=CIRCLE('',#3542,1.);
#1249=CIRCLE('',#3543,0.75);
#1250=CIRCLE('',#3545,0.25);
#1251=CIRCLE('',#3547,0.25);
#1252=CIRCLE('',#3548,1.);
#1253=CIRCLE('',#3549,1.25);
#1254=CIRCLE('',#3551,0.25);
#1255=CIRCLE('',#3553,0.25);
#1256=CIRCLE('',#3554,1.);
#1257=CIRCLE('',#3555,1.25);
#1258=CIRCLE('',#3557,0.25);
#1259=CIRCLE('',#3559,0.25);
#1260=CIRCLE('',#3560,1.);
#1261=CIRCLE('',#3561,0.75);
#1262=CIRCLE('',#3563,0.25);
#1263=CIRCLE('',#3565,0.25);
#1264=CIRCLE('',#3566,1.);
#1265=CIRCLE('',#3567,1.25);
#1266=CIRCLE('',#3569,0.25);
#1267=CIRCLE('',#3571,0.25);
#1268=CIRCLE('',#3572,1.);
#1269=CIRCLE('',#3573,0.75);
#1270=CIRCLE('',#3575,0.25);
#1271=CIRCLE('',#3577,0.25);
#1272=CIRCLE('',#3578,1.);
#1273=CIRCLE('',#3579,1.25);
#1274=CIRCLE('',#3581,0.25);
#1275=CIRCLE('',#3583,0.25);
#1276=CIRCLE('',#3584,1.);
#1277=CIRCLE('',#3585,1.25);
#1278=CIRCLE('',#3590,1.);
#1279=CIRCLE('',#3593,1.);
#1280=CIRCLE('',#3596,1.);
#1281=CIRCLE('',#3599,1.);
#1282=CIRCLE('',#3601,1.75);
#1283=CIRCLE('',#3603,1.);
#1284=CIRCLE('',#3606,1.);
#1285=CIRCLE('',#3609,1.);
#1286=CIRCLE('',#3612,1.);
#1287=CIRCLE('',#3635,0.250000000000004);
#1288=CIRCLE('',#3636,1.75);
#1289=CIRCLE('',#3638,0.250000000000004);
#1290=CIRCLE('',#3640,0.249999999999999);
#1291=CIRCLE('',#3641,2.25);
#1292=CIRCLE('',#3642,2.);
#1293=CIRCLE('',#3644,0.250000000000009);
#1294=CIRCLE('',#3646,0.25);
#1295=CIRCLE('',#3647,1.75);
#1296=CIRCLE('',#3648,2.);
#1297=CIRCLE('',#3650,0.249999999999983);
#1298=CIRCLE('',#3652,0.250000000000009);
#1299=CIRCLE('',#3653,2.25);
#1300=CIRCLE('',#3654,2.);
#1301=CIRCLE('',#3656,0.250000000000009);
#1302=CIRCLE('',#3658,0.249999999999985);
#1303=CIRCLE('',#3659,1.75);
#1304=CIRCLE('',#3660,2.);
#1305=CIRCLE('',#3662,0.249999999999985);
#1306=CIRCLE('',#3664,0.249999999999986);
#1307=CIRCLE('',#3665,1.75);
#1308=CIRCLE('',#3666,2.);
#1309=CIRCLE('',#3668,0.249999999999986);
#1310=CIRCLE('',#3670,0.249999999999986);
#1311=CIRCLE('',#3671,0.75);
#1312=CIRCLE('',#3673,0.249999999999986);
#1313=CIRCLE('',#3675,0.249999999999986);
#1314=CIRCLE('',#3676,1.25);
#1315=CIRCLE('',#3678,0.249999999999986);
#1316=CIRCLE('',#3680,0.249999999999986);
#1317=CIRCLE('',#3681,1.25);
#1318=CIRCLE('',#3683,0.249999999999986);
#1319=CIRCLE('',#3685,0.249999999999986);
#1320=CIRCLE('',#3686,0.75);
#1321=CIRCLE('',#3688,0.249999999999986);
#1322=CIRCLE('',#3690,0.250000000000004);
#1323=CIRCLE('',#3691,2.);
#1324=CIRCLE('',#3693,0.250000000000004);
#1325=CIRCLE('',#3695,0.250000000000004);
#1326=CIRCLE('',#3696,0.75);
#1327=CIRCLE('',#3698,0.250000000000004);
#1328=CIRCLE('',#3700,0.250000000000004);
#1329=CIRCLE('',#3701,1.25);
#1330=CIRCLE('',#3703,0.250000000000004);
#1331=CIRCLE('',#3705,0.250000000000004);
#1332=CIRCLE('',#3706,1.25);
#1333=CIRCLE('',#3708,0.250000000000004);
#1334=CIRCLE('',#3710,0.250000000000004);
#1335=CIRCLE('',#3711,0.75);
#1336=CIRCLE('',#3713,0.250000000000004);
#1337=CIRCLE('',#3715,0.250000000000002);
#1338=CIRCLE('',#3716,2.25);
#1339=CIRCLE('',#3717,2.);
#1340=CIRCLE('',#3719,0.250000000000004);
#1341=CIRCLE('',#3720,1.75);
#1342=CIRCLE('',#3721,2.);
#1343=CIRCLE('',#3723,0.250000000000004);
#1344=CIRCLE('',#3725,0.250000000000004);
#1345=CIRCLE('',#3726,2.25);
#1346=CIRCLE('',#3728,0.250000000000004);
#1347=CIRCLE('',#3730,0.250000000000004);
#1348=CIRCLE('',#3731,1.75);
#1349=CIRCLE('',#3733,0.249999999999999);
#1350=CIRCLE('',#3735,0.249999999999994);
#1351=CIRCLE('',#3736,1.75);
#1352=CIRCLE('',#3738,0.250000000000004);
#1353=CIRCLE('',#3739,2.25);
#1354=CIRCLE('',#3741,0.250000000000004);
#1355=CIRCLE('',#3743,0.249999999999986);
#1356=CIRCLE('',#3744,1.75);
#1357=CIRCLE('',#3746,0.250000000000004);
#1358=CIRCLE('',#3748,0.249999999999995);
#1359=CIRCLE('',#3749,2.25);
#1360=CIRCLE('',#3751,0.250000000000004);
#1361=CIRCLE('',#3753,0.250000000000004);
#1362=CIRCLE('',#3754,1.75);
#1363=VERTEX_POINT('',#4930);
#1364=VERTEX_POINT('',#4932);
#1365=VERTEX_POINT('',#4936);
#1366=VERTEX_POINT('',#4937);
#1367=VERTEX_POINT('',#4939);
#1368=VERTEX_POINT('',#4941);
#1369=VERTEX_POINT('',#4943);
#1370=VERTEX_POINT('',#4945);
#1371=VERTEX_POINT('',#4947);
#1372=VERTEX_POINT('',#4949);
#1373=VERTEX_POINT('',#4951);
#1374=VERTEX_POINT('',#4953);
#1375=VERTEX_POINT('',#4955);
#1376=VERTEX_POINT('',#4957);
#1377=VERTEX_POINT('',#4959);
#1378=VERTEX_POINT('',#4961);
#1379=VERTEX_POINT('',#4963);
#1380=VERTEX_POINT('',#4965);
#1381=VERTEX_POINT('',#4967);
#1382=VERTEX_POINT('',#4969);
#1383=VERTEX_POINT('',#4971);
#1384=VERTEX_POINT('',#4973);
#1385=VERTEX_POINT('',#4975);
#1386=VERTEX_POINT('',#4977);
#1387=VERTEX_POINT('',#4979);
#1388=VERTEX_POINT('',#4981);
#1389=VERTEX_POINT('',#4983);
#1390=VERTEX_POINT('',#4985);
#1391=VERTEX_POINT('',#4988);
#1392=VERTEX_POINT('',#4990);
#1393=VERTEX_POINT('',#4992);
#1394=VERTEX_POINT('',#4994);
#1395=VERTEX_POINT('',#4997);
#1396=VERTEX_POINT('',#5001);
#1397=VERTEX_POINT('',#5005);
#1398=VERTEX_POINT('',#5009);
#1399=VERTEX_POINT('',#5013);
#1400=VERTEX_POINT('',#5015);
#1401=VERTEX_POINT('',#5020);
#1402=VERTEX_POINT('',#5022);
#1403=VERTEX_POINT('',#5027);
#1404=VERTEX_POINT('',#5029);
#1405=VERTEX_POINT('',#5034);
#1406=VERTEX_POINT('',#5036);
#1407=VERTEX_POINT('',#5041);
#1408=VERTEX_POINT('',#5043);
#1409=VERTEX_POINT('',#5061);
#1410=VERTEX_POINT('',#5062);
#1411=VERTEX_POINT('',#5064);
#1412=VERTEX_POINT('',#5066);
#1413=VERTEX_POINT('',#5083);
#1414=VERTEX_POINT('',#5084);
#1415=VERTEX_POINT('',#5089);
#1416=VERTEX_POINT('',#5090);
#1417=VERTEX_POINT('',#5095);
#1418=VERTEX_POINT('',#5096);
#1419=VERTEX_POINT('',#5109);
#1420=VERTEX_POINT('',#5110);
#1421=VERTEX_POINT('',#5115);
#1422=VERTEX_POINT('',#5116);
#1423=VERTEX_POINT('',#5121);
#1424=VERTEX_POINT('',#5122);
#1425=VERTEX_POINT('',#5127);
#1426=VERTEX_POINT('',#5128);
#1427=VERTEX_POINT('',#5141);
#1428=VERTEX_POINT('',#5142);
#1429=VERTEX_POINT('',#5147);
#1430=VERTEX_POINT('',#5148);
#1431=VERTEX_POINT('',#5161);
#1432=VERTEX_POINT('',#5162);
#1433=VERTEX_POINT('',#5167);
#1434=VERTEX_POINT('',#5168);
#1435=VERTEX_POINT('',#5181);
#1436=VERTEX_POINT('',#5182);
#1437=VERTEX_POINT('',#5187);
#1438=VERTEX_POINT('',#5188);
#1439=VERTEX_POINT('',#5193);
#1440=VERTEX_POINT('',#5194);
#1441=VERTEX_POINT('',#5207);
#1442=VERTEX_POINT('',#5208);
#1443=VERTEX_POINT('',#5213);
#1444=VERTEX_POINT('',#5214);
#1445=VERTEX_POINT('',#5219);
#1446=VERTEX_POINT('',#5220);
#1447=VERTEX_POINT('',#5225);
#1448=VERTEX_POINT('',#5226);
#1449=VERTEX_POINT('',#5239);
#1450=VERTEX_POINT('',#5240);
#1451=VERTEX_POINT('',#5245);
#1452=VERTEX_POINT('',#5246);
#1453=VERTEX_POINT('',#5259);
#1454=VERTEX_POINT('',#5260);
#1455=VERTEX_POINT('',#5265);
#1456=VERTEX_POINT('',#5266);
#1457=VERTEX_POINT('',#5271);
#1458=VERTEX_POINT('',#5272);
#1459=VERTEX_POINT('',#5285);
#1460=VERTEX_POINT('',#5286);
#1461=VERTEX_POINT('',#5291);
#1462=VERTEX_POINT('',#5292);
#1463=VERTEX_POINT('',#5297);
#1464=VERTEX_POINT('',#5298);
#1465=VERTEX_POINT('',#5303);
#1466=VERTEX_POINT('',#5304);
#1467=VERTEX_POINT('',#5317);
#1468=VERTEX_POINT('',#5318);
#1469=VERTEX_POINT('',#5326);
#1470=VERTEX_POINT('',#5328);
#1471=VERTEX_POINT('',#5332);
#1472=VERTEX_POINT('',#5336);
#1473=VERTEX_POINT('',#5340);
#1474=VERTEX_POINT('',#5344);
#1475=VERTEX_POINT('',#5348);
#1476=VERTEX_POINT('',#5352);
#1477=VERTEX_POINT('',#5356);
#1478=VERTEX_POINT('',#5360);
#1479=VERTEX_POINT('',#5364);
#1480=VERTEX_POINT('',#5368);
#1481=VERTEX_POINT('',#5372);
#1482=VERTEX_POINT('',#5376);
#1483=VERTEX_POINT('',#5380);
#1484=VERTEX_POINT('',#5384);
#1485=VERTEX_POINT('',#5389);
#1486=VERTEX_POINT('',#5390);
#1487=VERTEX_POINT('',#5392);
#1488=VERTEX_POINT('',#5394);
#1489=VERTEX_POINT('',#5398);
#1490=VERTEX_POINT('',#5400);
#1491=VERTEX_POINT('',#5404);
#1492=VERTEX_POINT('',#5406);
#1493=VERTEX_POINT('',#5410);
#1494=VERTEX_POINT('',#5412);
#1495=VERTEX_POINT('',#5416);
#1496=VERTEX_POINT('',#5417);
#1497=VERTEX_POINT('',#5422);
#1498=VERTEX_POINT('',#5423);
#1499=VERTEX_POINT('',#5428);
#1500=VERTEX_POINT('',#5429);
#1501=VERTEX_POINT('',#5434);
#1502=VERTEX_POINT('',#5435);
#1503=VERTEX_POINT('',#5440);
#1504=VERTEX_POINT('',#5441);
#1505=VERTEX_POINT('',#5446);
#1506=VERTEX_POINT('',#5447);
#1507=VERTEX_POINT('',#5452);
#1508=VERTEX_POINT('',#5453);
#1509=VERTEX_POINT('',#5458);
#1510=VERTEX_POINT('',#5459);
#1511=VERTEX_POINT('',#5464);
#1512=VERTEX_POINT('',#5465);
#1513=VERTEX_POINT('',#5470);
#1514=VERTEX_POINT('',#5471);
#1515=VERTEX_POINT('',#5476);
#1516=VERTEX_POINT('',#5477);
#1517=VERTEX_POINT('',#5482);
#1518=VERTEX_POINT('',#5483);
#1519=VERTEX_POINT('',#5488);
#1520=VERTEX_POINT('',#5489);
#1521=VERTEX_POINT('',#5494);
#1522=VERTEX_POINT('',#5495);
#1523=VERTEX_POINT('',#5500);
#1524=VERTEX_POINT('',#5501);
#1525=VERTEX_POINT('',#5506);
#1526=VERTEX_POINT('',#5507);
#1527=VERTEX_POINT('',#5512);
#1528=VERTEX_POINT('',#5513);
#1529=VERTEX_POINT('',#5518);
#1530=VERTEX_POINT('',#5519);
#1531=VERTEX_POINT('',#5524);
#1532=VERTEX_POINT('',#5525);
#1533=VERTEX_POINT('',#5530);
#1534=VERTEX_POINT('',#5531);
#1535=VERTEX_POINT('',#5536);
#1536=VERTEX_POINT('',#5537);
#1537=VERTEX_POINT('',#5542);
#1538=VERTEX_POINT('',#5543);
#1539=VERTEX_POINT('',#5548);
#1540=VERTEX_POINT('',#5549);
#1541=VERTEX_POINT('',#5554);
#1542=VERTEX_POINT('',#5555);
#1543=VERTEX_POINT('',#5560);
#1544=VERTEX_POINT('',#5561);
#1545=VERTEX_POINT('',#5566);
#1546=VERTEX_POINT('',#5567);
#1547=VERTEX_POINT('',#5572);
#1548=VERTEX_POINT('',#5573);
#1549=VERTEX_POINT('',#5578);
#1550=VERTEX_POINT('',#5579);
#1551=VERTEX_POINT('',#5584);
#1552=VERTEX_POINT('',#5585);
#1553=VERTEX_POINT('',#5590);
#1554=VERTEX_POINT('',#5591);
#1555=VERTEX_POINT('',#5596);
#1556=VERTEX_POINT('',#5597);
#1557=VERTEX_POINT('',#5602);
#1558=VERTEX_POINT('',#5603);
#1559=VERTEX_POINT('',#5608);
#1560=VERTEX_POINT('',#5609);
#1561=VERTEX_POINT('',#5614);
#1562=VERTEX_POINT('',#5615);
#1563=VERTEX_POINT('',#5620);
#1564=VERTEX_POINT('',#5621);
#1565=VERTEX_POINT('',#5626);
#1566=VERTEX_POINT('',#5627);
#1567=VERTEX_POINT('',#5632);
#1568=VERTEX_POINT('',#5634);
#1569=VERTEX_POINT('',#5641);
#1570=VERTEX_POINT('',#5643);
#1571=VERTEX_POINT('',#5647);
#1572=VERTEX_POINT('',#5651);
#1573=VERTEX_POINT('',#5655);
#1574=VERTEX_POINT('',#5659);
#1575=VERTEX_POINT('',#5663);
#1576=VERTEX_POINT('',#5667);
#1577=VERTEX_POINT('',#5671);
#1578=VERTEX_POINT('',#5673);
#1579=VERTEX_POINT('',#5675);
#1580=VERTEX_POINT('',#5679);
#1581=VERTEX_POINT('',#5683);
#1582=VERTEX_POINT('',#5687);
#1583=VERTEX_POINT('',#5691);
#1584=VERTEX_POINT('',#5695);
#1585=VERTEX_POINT('',#5699);
#1586=VERTEX_POINT('',#5703);
#1587=VERTEX_POINT('',#5750);
#1588=VERTEX_POINT('',#5752);
#1589=VERTEX_POINT('',#5769);
#1590=VERTEX_POINT('',#5770);
#1591=VERTEX_POINT('',#5775);
#1592=VERTEX_POINT('',#5776);
#1593=VERTEX_POINT('',#5781);
#1594=VERTEX_POINT('',#5782);
#1595=VERTEX_POINT('',#5787);
#1596=VERTEX_POINT('',#5788);
#1597=VERTEX_POINT('',#5793);
#1598=VERTEX_POINT('',#5794);
#1599=VERTEX_POINT('',#5799);
#1600=VERTEX_POINT('',#5800);
#1601=VERTEX_POINT('',#5805);
#1602=VERTEX_POINT('',#5806);
#1603=VERTEX_POINT('',#5811);
#1604=VERTEX_POINT('',#5812);
#1605=VERTEX_POINT('',#5817);
#1606=VERTEX_POINT('',#5818);
#1607=VERTEX_POINT('',#5823);
#1608=VERTEX_POINT('',#5824);
#1609=VERTEX_POINT('',#5829);
#1610=VERTEX_POINT('',#5834);
#1611=VERTEX_POINT('',#5838);
#1612=VERTEX_POINT('',#5842);
#1613=VERTEX_POINT('',#5846);
#1614=VERTEX_POINT('',#5850);
#1615=VERTEX_POINT('',#5854);
#1616=VERTEX_POINT('',#5858);
#1617=VERTEX_POINT('',#5862);
#1618=VERTEX_POINT('',#5866);
#1619=VERTEX_POINT('',#5870);
#1620=VERTEX_POINT('',#5874);
#1621=VERTEX_POINT('',#5878);
#1622=VERTEX_POINT('',#5882);
#1623=VERTEX_POINT('',#5886);
#1624=VERTEX_POINT('',#5890);
#1625=VERTEX_POINT('',#5894);
#1626=VERTEX_POINT('',#5898);
#1627=VERTEX_POINT('',#5902);
#1628=VERTEX_POINT('',#5903);
#1629=VERTEX_POINT('',#5908);
#1630=VERTEX_POINT('',#5909);
#1631=VERTEX_POINT('',#5914);
#1632=VERTEX_POINT('',#5919);
#1633=VERTEX_POINT('',#5923);
#1634=VERTEX_POINT('',#5927);
#1635=VERTEX_POINT('',#5931);
#1636=VERTEX_POINT('',#5935);
#1637=VERTEX_POINT('',#5939);
#1638=VERTEX_POINT('',#5943);
#1639=VERTEX_POINT('',#5947);
#1640=VERTEX_POINT('',#5951);
#1641=VERTEX_POINT('',#5955);
#1642=VERTEX_POINT('',#5959);
#1643=VERTEX_POINT('',#5963);
#1644=VERTEX_POINT('',#5967);
#1645=EDGE_CURVE('',#1363,#1363,#1103,.T.);
#1646=EDGE_CURVE('',#1363,#1364,#673,.T.);
#1647=EDGE_CURVE('',#1364,#1364,#1104,.T.);
#1648=EDGE_CURVE('',#1365,#1366,#1105,.T.);
#1649=EDGE_CURVE('',#1366,#1367,#674,.T.);
#1650=EDGE_CURVE('',#1368,#1367,#1106,.F.);
#1651=EDGE_CURVE('',#1368,#1369,#1107,.T.);
#1652=EDGE_CURVE('',#1369,#1370,#675,.T.);
#1653=EDGE_CURVE('',#1371,#1370,#1108,.F.);
#1654=EDGE_CURVE('',#1371,#1372,#676,.T.);
#1655=EDGE_CURVE('',#1372,#1373,#1109,.T.);
#1656=EDGE_CURVE('',#1373,#1374,#677,.T.);
#1657=EDGE_CURVE('',#1374,#1375,#1110,.T.);
#1658=EDGE_CURVE('',#1375,#1376,#678,.T.);
#1659=EDGE_CURVE('',#1377,#1376,#1111,.F.);
#1660=EDGE_CURVE('',#1377,#1378,#679,.T.);
#1661=EDGE_CURVE('',#1378,#1379,#1112,.T.);
#1662=EDGE_CURVE('',#1379,#1380,#680,.T.);
#1663=EDGE_CURVE('',#1381,#1380,#1113,.F.);
#1664=EDGE_CURVE('',#1381,#1382,#681,.T.);
#1665=EDGE_CURVE('',#1382,#1383,#1114,.T.);
#1666=EDGE_CURVE('',#1383,#1384,#682,.T.);
#1667=EDGE_CURVE('',#1384,#1385,#1115,.T.);
#1668=EDGE_CURVE('',#1385,#1386,#683,.T.);
#1669=EDGE_CURVE('',#1386,#1387,#684,.T.);
#1670=EDGE_CURVE('',#1387,#1388,#685,.T.);
#1671=EDGE_CURVE('',#1388,#1389,#686,.T.);
#1672=EDGE_CURVE('',#1389,#1390,#687,.T.);
#1673=EDGE_CURVE('',#1390,#1365,#688,.T.);
#1674=EDGE_CURVE('',#1391,#1391,#1116,.T.);
#1675=EDGE_CURVE('',#1392,#1392,#1117,.T.);
#1676=EDGE_CURVE('',#1393,#1393,#1118,.T.);
#1677=EDGE_CURVE('',#1394,#1394,#1119,.T.);
#1678=EDGE_CURVE('',#1391,#1395,#689,.T.);
#1679=EDGE_CURVE('',#1395,#1395,#1120,.T.);
#1680=EDGE_CURVE('',#1394,#1396,#690,.T.);
#1681=EDGE_CURVE('',#1396,#1396,#1121,.T.);
#1682=EDGE_CURVE('',#1392,#1397,#691,.T.);
#1683=EDGE_CURVE('',#1397,#1397,#1122,.T.);
#1684=EDGE_CURVE('',#1393,#1398,#692,.T.);
#1685=EDGE_CURVE('',#1398,#1398,#1123,.T.);
#1686=EDGE_CURVE('',#1399,#1399,#1124,.T.);
#1687=EDGE_CURVE('',#1399,#1400,#693,.T.);
#1688=EDGE_CURVE('',#1400,#1400,#1125,.T.);
#1689=EDGE_CURVE('',#1401,#1401,#1126,.T.);
#1690=EDGE_CURVE('',#1401,#1402,#694,.T.);
#1691=EDGE_CURVE('',#1402,#1402,#1127,.T.);
#1692=EDGE_CURVE('',#1403,#1403,#1128,.T.);
#1693=EDGE_CURVE('',#1403,#1404,#695,.T.);
#1694=EDGE_CURVE('',#1404,#1404,#1129,.T.);
#1695=EDGE_CURVE('',#1405,#1405,#1130,.T.);
#1696=EDGE_CURVE('',#1405,#1406,#696,.T.);
#1697=EDGE_CURVE('',#1406,#1406,#1131,.T.);
#1698=EDGE_CURVE('',#1407,#1407,#1132,.T.);
#1699=EDGE_CURVE('',#1407,#1408,#697,.T.);
#1700=EDGE_CURVE('',#1408,#1408,#1133,.T.);
#1701=EDGE_CURVE('',#1409,#1410,#1134,.T.);
#1702=EDGE_CURVE('',#1410,#1411,#1135,.T.);
#1703=EDGE_CURVE('',#1411,#1412,#1136,.T.);
#1704=EDGE_CURVE('',#1409,#1412,#69,.T.);
#1705=EDGE_CURVE('',#1413,#1414,#1137,.T.);
#1706=EDGE_CURVE('',#1414,#1411,#698,.T.);
#1707=EDGE_CURVE('',#1410,#1413,#699,.T.);
#1708=EDGE_CURVE('',#1415,#1416,#1138,.T.);
#1709=EDGE_CURVE('',#1416,#1414,#1139,.T.);
#1710=EDGE_CURVE('',#1413,#1415,#1140,.T.);
#1711=EDGE_CURVE('',#1417,#1418,#1141,.T.);
#1712=EDGE_CURVE('',#1418,#1416,#700,.T.);
#1713=EDGE_CURVE('',#1415,#1417,#701,.T.);
#1714=EDGE_CURVE('',#1419,#1420,#1142,.T.);
#1715=EDGE_CURVE('',#1420,#1418,#1143,.T.);
#1716=EDGE_CURVE('',#1417,#1419,#1144,.T.);
#1717=EDGE_CURVE('',#1421,#1422,#1145,.T.);
#1718=EDGE_CURVE('',#1422,#1420,#702,.T.);
#1719=EDGE_CURVE('',#1419,#1421,#703,.T.);
#1720=EDGE_CURVE('',#1423,#1424,#1146,.T.);
#1721=EDGE_CURVE('',#1424,#1422,#1147,.T.);
#1722=EDGE_CURVE('',#1421,#1423,#1148,.T.);
#1723=EDGE_CURVE('',#1425,#1426,#1149,.T.);
#1724=EDGE_CURVE('',#1426,#1424,#704,.T.);
#1725=EDGE_CURVE('',#1423,#1425,#705,.T.);
#1726=EDGE_CURVE('',#1427,#1428,#1150,.T.);
#1727=EDGE_CURVE('',#1428,#1426,#1151,.T.);
#1728=EDGE_CURVE('',#1425,#1427,#1152,.T.);
#1729=EDGE_CURVE('',#1429,#1430,#1153,.T.);
#1730=EDGE_CURVE('',#1430,#1428,#706,.T.);
#1731=EDGE_CURVE('',#1427,#1429,#707,.T.);
#1732=EDGE_CURVE('',#1431,#1432,#1154,.T.);
#1733=EDGE_CURVE('',#1432,#1430,#1155,.T.);
#1734=EDGE_CURVE('',#1429,#1431,#1156,.T.);
#1735=EDGE_CURVE('',#1433,#1434,#1157,.T.);
#1736=EDGE_CURVE('',#1434,#1432,#708,.T.);
#1737=EDGE_CURVE('',#1431,#1433,#709,.T.);
#1738=EDGE_CURVE('',#1435,#1436,#1158,.T.);
#1739=EDGE_CURVE('',#1436,#1434,#1159,.T.);
#1740=EDGE_CURVE('',#1433,#1435,#1160,.T.);
#1741=EDGE_CURVE('',#1437,#1438,#1161,.T.);
#1742=EDGE_CURVE('',#1438,#1436,#710,.T.);
#1743=EDGE_CURVE('',#1435,#1437,#711,.T.);
#1744=EDGE_CURVE('',#1439,#1440,#1162,.T.);
#1745=EDGE_CURVE('',#1440,#1438,#1163,.T.);
#1746=EDGE_CURVE('',#1437,#1439,#1164,.T.);
#1747=EDGE_CURVE('',#1441,#1442,#1165,.T.);
#1748=EDGE_CURVE('',#1442,#1440,#1166,.T.);
#1749=EDGE_CURVE('',#1439,#1441,#1167,.T.);
#1750=EDGE_CURVE('',#1443,#1444,#1168,.T.);
#1751=EDGE_CURVE('',#1444,#1442,#712,.T.);
#1752=EDGE_CURVE('',#1441,#1443,#713,.T.);
#1753=EDGE_CURVE('',#1445,#1446,#1169,.T.);
#1754=EDGE_CURVE('',#1446,#1444,#1170,.T.);
#1755=EDGE_CURVE('',#1443,#1445,#1171,.T.);
#1756=EDGE_CURVE('',#1447,#1448,#1172,.T.);
#1757=EDGE_CURVE('',#1448,#1446,#714,.T.);
#1758=EDGE_CURVE('',#1445,#1447,#715,.T.);
#1759=EDGE_CURVE('',#1449,#1450,#1173,.T.);
#1760=EDGE_CURVE('',#1450,#1448,#1174,.T.);
#1761=EDGE_CURVE('',#1447,#1449,#1175,.T.);
#1762=EDGE_CURVE('',#1451,#1452,#1176,.T.);
#1763=EDGE_CURVE('',#1452,#1450,#716,.T.);
#1764=EDGE_CURVE('',#1449,#1451,#717,.T.);
#1765=EDGE_CURVE('',#1453,#1454,#1177,.T.);
#1766=EDGE_CURVE('',#1454,#1452,#1178,.T.);
#1767=EDGE_CURVE('',#1451,#1453,#1179,.T.);
#1768=EDGE_CURVE('',#1455,#1456,#1180,.T.);
#1769=EDGE_CURVE('',#1456,#1454,#1181,.T.);
#1770=EDGE_CURVE('',#1453,#1455,#1182,.T.);
#1771=EDGE_CURVE('',#1457,#1458,#1183,.T.);
#1772=EDGE_CURVE('',#1458,#1456,#718,.T.);
#1773=EDGE_CURVE('',#1455,#1457,#719,.T.);
#1774=EDGE_CURVE('',#1459,#1460,#1184,.T.);
#1775=EDGE_CURVE('',#1460,#1458,#1185,.T.);
#1776=EDGE_CURVE('',#1457,#1459,#1186,.T.);
#1777=EDGE_CURVE('',#1461,#1462,#1187,.T.);
#1778=EDGE_CURVE('',#1462,#1460,#720,.T.);
#1779=EDGE_CURVE('',#1459,#1461,#721,.T.);
#1780=EDGE_CURVE('',#1463,#1464,#1188,.T.);
#1781=EDGE_CURVE('',#1464,#1462,#1189,.T.);
#1782=EDGE_CURVE('',#1461,#1463,#1190,.T.);
#1783=EDGE_CURVE('',#1465,#1466,#1191,.T.);
#1784=EDGE_CURVE('',#1466,#1464,#722,.T.);
#1785=EDGE_CURVE('',#1463,#1465,#723,.T.);
#1786=EDGE_CURVE('',#1467,#1468,#1192,.T.);
#1787=EDGE_CURVE('',#1468,#1466,#1193,.T.);
#1788=EDGE_CURVE('',#1465,#1467,#1194,.T.);
#1789=EDGE_CURVE('',#1412,#1468,#724,.T.);
#1790=EDGE_CURVE('',#1467,#1409,#725,.T.);
#1791=EDGE_CURVE('',#1469,#1444,#726,.T.);
#1792=EDGE_CURVE('',#1470,#1469,#727,.T.);
#1793=EDGE_CURVE('',#1442,#1470,#728,.T.);
#1794=EDGE_CURVE('',#1446,#1471,#729,.T.);
#1795=EDGE_CURVE('',#1469,#1471,#1195,.T.);
#1796=EDGE_CURVE('',#1472,#1448,#730,.T.);
#1797=EDGE_CURVE('',#1471,#1472,#731,.T.);
#1798=EDGE_CURVE('',#1450,#1473,#732,.T.);
#1799=EDGE_CURVE('',#1472,#1473,#1196,.T.);
#1800=EDGE_CURVE('',#1474,#1452,#733,.T.);
#1801=EDGE_CURVE('',#1473,#1474,#734,.T.);
#1802=EDGE_CURVE('',#1475,#1454,#735,.T.);
#1803=EDGE_CURVE('',#1474,#1475,#1197,.T.);
#1804=EDGE_CURVE('',#1456,#1476,#736,.T.);
#1805=EDGE_CURVE('',#1475,#1476,#1198,.T.);
#1806=EDGE_CURVE('',#1477,#1458,#737,.T.);
#1807=EDGE_CURVE('',#1476,#1477,#738,.T.);
#1808=EDGE_CURVE('',#1460,#1478,#739,.T.);
#1809=EDGE_CURVE('',#1477,#1478,#1199,.T.);
#1810=EDGE_CURVE('',#1479,#1462,#740,.T.);
#1811=EDGE_CURVE('',#1478,#1479,#741,.T.);
#1812=EDGE_CURVE('',#1464,#1480,#742,.T.);
#1813=EDGE_CURVE('',#1479,#1480,#1200,.T.);
#1814=EDGE_CURVE('',#1481,#1466,#743,.T.);
#1815=EDGE_CURVE('',#1480,#1481,#744,.T.);
#1816=EDGE_CURVE('',#1468,#1482,#745,.T.);
#1817=EDGE_CURVE('',#1481,#1482,#1201,.T.);
#1818=EDGE_CURVE('',#1412,#1483,#746,.T.);
#1819=EDGE_CURVE('',#1482,#1483,#747,.T.);
#1820=EDGE_CURVE('',#1411,#1484,#748,.T.);
#1821=EDGE_CURVE('',#1483,#1484,#1202,.T.);
#1822=EDGE_CURVE('',#1485,#1486,#749,.T.);
#1823=EDGE_CURVE('',#1486,#1487,#15,.T.);
#1824=EDGE_CURVE('',#1487,#1488,#750,.T.);
#1825=EDGE_CURVE('',#1485,#1488,#16,.T.);
#1826=EDGE_CURVE('',#1486,#1489,#751,.T.);
#1827=EDGE_CURVE('',#1489,#1490,#17,.T.);
#1828=EDGE_CURVE('',#1490,#1487,#752,.T.);
#1829=EDGE_CURVE('',#1489,#1491,#753,.T.);
#1830=EDGE_CURVE('',#1491,#1492,#18,.T.);
#1831=EDGE_CURVE('',#1492,#1490,#754,.T.);
#1832=EDGE_CURVE('',#1491,#1493,#755,.T.);
#1833=EDGE_CURVE('',#1493,#1494,#1203,.T.);
#1834=EDGE_CURVE('',#1494,#1492,#756,.T.);
#1835=EDGE_CURVE('',#1495,#1496,#1204,.T.);
#1836=EDGE_CURVE('',#1496,#1494,#1205,.T.);
#1837=EDGE_CURVE('',#1493,#1495,#1206,.T.);
#1838=EDGE_CURVE('',#1497,#1498,#1207,.T.);
#1839=EDGE_CURVE('',#1498,#1496,#757,.T.);
#1840=EDGE_CURVE('',#1495,#1497,#758,.T.);
#1841=EDGE_CURVE('',#1499,#1500,#1208,.T.);
#1842=EDGE_CURVE('',#1500,#1498,#1209,.T.);
#1843=EDGE_CURVE('',#1497,#1499,#1210,.T.);
#1844=EDGE_CURVE('',#1501,#1502,#1211,.T.);
#1845=EDGE_CURVE('',#1502,#1500,#759,.T.);
#1846=EDGE_CURVE('',#1499,#1501,#760,.T.);
#1847=EDGE_CURVE('',#1503,#1504,#1212,.T.);
#1848=EDGE_CURVE('',#1504,#1502,#1213,.T.);
#1849=EDGE_CURVE('',#1501,#1503,#1214,.T.);
#1850=EDGE_CURVE('',#1505,#1506,#1215,.T.);
#1851=EDGE_CURVE('',#1506,#1504,#761,.T.);
#1852=EDGE_CURVE('',#1503,#1505,#762,.T.);
#1853=EDGE_CURVE('',#1507,#1508,#1216,.T.);
#1854=EDGE_CURVE('',#1508,#1506,#1217,.T.);
#1855=EDGE_CURVE('',#1505,#1507,#1218,.T.);
#1856=EDGE_CURVE('',#1509,#1510,#1219,.T.);
#1857=EDGE_CURVE('',#1510,#1508,#763,.T.);
#1858=EDGE_CURVE('',#1507,#1509,#764,.T.);
#1859=EDGE_CURVE('',#1511,#1512,#1220,.T.);
#1860=EDGE_CURVE('',#1512,#1510,#1221,.T.);
#1861=EDGE_CURVE('',#1509,#1511,#1222,.T.);
#1862=EDGE_CURVE('',#1513,#1514,#1223,.T.);
#1863=EDGE_CURVE('',#1514,#1512,#765,.T.);
#1864=EDGE_CURVE('',#1511,#1513,#766,.T.);
#1865=EDGE_CURVE('',#1515,#1516,#1224,.T.);
#1866=EDGE_CURVE('',#1516,#1514,#1225,.T.);
#1867=EDGE_CURVE('',#1513,#1515,#1226,.T.);
#1868=EDGE_CURVE('',#1517,#1518,#1227,.T.);
#1869=EDGE_CURVE('',#1518,#1516,#767,.T.);
#1870=EDGE_CURVE('',#1515,#1517,#768,.T.);
#1871=EDGE_CURVE('',#1519,#1520,#1228,.T.);
#1872=EDGE_CURVE('',#1520,#1518,#1229,.T.);
#1873=EDGE_CURVE('',#1517,#1519,#1230,.T.);
#1874=EDGE_CURVE('',#1521,#1522,#1231,.T.);
#1875=EDGE_CURVE('',#1522,#1520,#769,.T.);
#1876=EDGE_CURVE('',#1519,#1521,#770,.T.);
#1877=EDGE_CURVE('',#1523,#1524,#1232,.T.);
#1878=EDGE_CURVE('',#1524,#1522,#1233,.T.);
#1879=EDGE_CURVE('',#1521,#1523,#1234,.T.);
#1880=EDGE_CURVE('',#1525,#1526,#1235,.T.);
#1881=EDGE_CURVE('',#1526,#1524,#771,.T.);
#1882=EDGE_CURVE('',#1523,#1525,#772,.T.);
#1883=EDGE_CURVE('',#1527,#1528,#1236,.T.);
#1884=EDGE_CURVE('',#1528,#1526,#1237,.T.);
#1885=EDGE_CURVE('',#1525,#1527,#1238,.T.);
#1886=EDGE_CURVE('',#1529,#1530,#1239,.T.);
#1887=EDGE_CURVE('',#1530,#1528,#773,.T.);
#1888=EDGE_CURVE('',#1527,#1529,#774,.T.);
#1889=EDGE_CURVE('',#1531,#1532,#1240,.T.);
#1890=EDGE_CURVE('',#1532,#1530,#1241,.T.);
#1891=EDGE_CURVE('',#1529,#1531,#1242,.T.);
#1892=EDGE_CURVE('',#1533,#1534,#1243,.T.);
#1893=EDGE_CURVE('',#1534,#1532,#1244,.T.);
#1894=EDGE_CURVE('',#1531,#1533,#1245,.T.);
#1895=EDGE_CURVE('',#1535,#1536,#1246,.T.);
#1896=EDGE_CURVE('',#1536,#1534,#775,.T.);
#1897=EDGE_CURVE('',#1533,#1535,#776,.T.);
#1898=EDGE_CURVE('',#1537,#1538,#1247,.T.);
#1899=EDGE_CURVE('',#1538,#1536,#1248,.T.);
#1900=EDGE_CURVE('',#1535,#1537,#1249,.T.);
#1901=EDGE_CURVE('',#1539,#1540,#1250,.T.);
#1902=EDGE_CURVE('',#1540,#1538,#777,.T.);
#1903=EDGE_CURVE('',#1537,#1539,#778,.T.);
#1904=EDGE_CURVE('',#1541,#1542,#1251,.T.);
#1905=EDGE_CURVE('',#1542,#1540,#1252,.T.);
#1906=EDGE_CURVE('',#1539,#1541,#1253,.T.);
#1907=EDGE_CURVE('',#1543,#1544,#1254,.T.);
#1908=EDGE_CURVE('',#1544,#1542,#779,.T.);
#1909=EDGE_CURVE('',#1541,#1543,#780,.T.);
#1910=EDGE_CURVE('',#1545,#1546,#1255,.T.);
#1911=EDGE_CURVE('',#1546,#1544,#1256,.T.);
#1912=EDGE_CURVE('',#1543,#1545,#1257,.T.);
#1913=EDGE_CURVE('',#1547,#1548,#1258,.T.);
#1914=EDGE_CURVE('',#1548,#1546,#781,.T.);
#1915=EDGE_CURVE('',#1545,#1547,#782,.T.);
#1916=EDGE_CURVE('',#1549,#1550,#1259,.T.);
#1917=EDGE_CURVE('',#1550,#1548,#1260,.T.);
#1918=EDGE_CURVE('',#1547,#1549,#1261,.T.);
#1919=EDGE_CURVE('',#1551,#1552,#1262,.T.);
#1920=EDGE_CURVE('',#1552,#1550,#783,.T.);
#1921=EDGE_CURVE('',#1549,#1551,#784,.T.);
#1922=EDGE_CURVE('',#1553,#1554,#1263,.T.);
#1923=EDGE_CURVE('',#1554,#1552,#1264,.T.);
#1924=EDGE_CURVE('',#1551,#1553,#1265,.T.);
#1925=EDGE_CURVE('',#1555,#1556,#1266,.T.);
#1926=EDGE_CURVE('',#1556,#1554,#785,.T.);
#1927=EDGE_CURVE('',#1553,#1555,#786,.T.);
#1928=EDGE_CURVE('',#1557,#1558,#1267,.T.);
#1929=EDGE_CURVE('',#1558,#1556,#1268,.T.);
#1930=EDGE_CURVE('',#1555,#1557,#1269,.T.);
#1931=EDGE_CURVE('',#1559,#1560,#1270,.T.);
#1932=EDGE_CURVE('',#1560,#1558,#787,.T.);
#1933=EDGE_CURVE('',#1557,#1559,#788,.T.);
#1934=EDGE_CURVE('',#1561,#1562,#1271,.T.);
#1935=EDGE_CURVE('',#1562,#1560,#1272,.T.);
#1936=EDGE_CURVE('',#1559,#1561,#1273,.T.);
#1937=EDGE_CURVE('',#1563,#1564,#1274,.T.);
#1938=EDGE_CURVE('',#1564,#1562,#789,.T.);
#1939=EDGE_CURVE('',#1561,#1563,#790,.T.);
#1940=EDGE_CURVE('',#1565,#1566,#1275,.T.);
#1941=EDGE_CURVE('',#1566,#1564,#1276,.T.);
#1942=EDGE_CURVE('',#1563,#1565,#1277,.T.);
#1943=EDGE_CURVE('',#1567,#1566,#791,.T.);
#1944=EDGE_CURVE('',#1565,#1568,#792,.T.);
#1945=EDGE_CURVE('',#1568,#1567,#19,.T.);
#1946=EDGE_CURVE('',#1488,#1567,#793,.T.);
#1947=EDGE_CURVE('',#1568,#1485,#794,.T.);
#1948=EDGE_CURVE('',#1525,#1569,#795,.T.);
#1949=EDGE_CURVE('',#1570,#1569,#1278,.T.);
#1950=EDGE_CURVE('',#1570,#1527,#796,.T.);
#1951=EDGE_CURVE('',#1571,#1523,#797,.T.);
#1952=EDGE_CURVE('',#1569,#1571,#798,.T.);
#1953=EDGE_CURVE('',#1521,#1572,#799,.T.);
#1954=EDGE_CURVE('',#1571,#1572,#1279,.T.);
#1955=EDGE_CURVE('',#1573,#1519,#800,.T.);
#1956=EDGE_CURVE('',#1572,#1573,#801,.T.);
#1957=EDGE_CURVE('',#1517,#1574,#802,.T.);
#1958=EDGE_CURVE('',#1573,#1574,#1280,.T.);
#1959=EDGE_CURVE('',#1575,#1515,#803,.T.);
#1960=EDGE_CURVE('',#1574,#1575,#804,.T.);
#1961=EDGE_CURVE('',#1513,#1576,#805,.T.);
#1962=EDGE_CURVE('',#1575,#1576,#1281,.T.);
#1963=EDGE_CURVE('',#1577,#1507,#806,.T.);
#1964=EDGE_CURVE('',#1578,#1577,#807,.T.);
#1965=EDGE_CURVE('',#1579,#1578,#1282,.T.);
#1966=EDGE_CURVE('',#1576,#1579,#808,.T.);
#1967=EDGE_CURVE('',#1505,#1580,#809,.T.);
#1968=EDGE_CURVE('',#1577,#1580,#1283,.T.);
#1969=EDGE_CURVE('',#1581,#1503,#810,.T.);
#1970=EDGE_CURVE('',#1580,#1581,#811,.T.);
#1971=EDGE_CURVE('',#1501,#1582,#812,.T.);
#1972=EDGE_CURVE('',#1581,#1582,#1284,.T.);
#1973=EDGE_CURVE('',#1583,#1499,#813,.T.);
#1974=EDGE_CURVE('',#1582,#1583,#814,.T.);
#1975=EDGE_CURVE('',#1497,#1584,#815,.T.);
#1976=EDGE_CURVE('',#1583,#1584,#1285,.T.);
#1977=EDGE_CURVE('',#1585,#1495,#816,.T.);
#1978=EDGE_CURVE('',#1584,#1585,#817,.T.);
#1979=EDGE_CURVE('',#1493,#1586,#818,.T.);
#1980=EDGE_CURVE('',#1585,#1586,#1286,.T.);
#1981=EDGE_CURVE('',#1368,#1532,#819,.T.);
#1982=EDGE_CURVE('',#1367,#1530,#820,.T.);
#1983=EDGE_CURVE('',#1534,#1369,#821,.T.);
#1984=EDGE_CURVE('',#1370,#1536,#822,.T.);
#1985=EDGE_CURVE('',#1538,#1371,#823,.T.);
#1986=EDGE_CURVE('',#1372,#1540,#824,.T.);
#1987=EDGE_CURVE('',#1542,#1373,#825,.T.);
#1988=EDGE_CURVE('',#1374,#1544,#826,.T.);
#1989=EDGE_CURVE('',#1546,#1375,#827,.T.);
#1990=EDGE_CURVE('',#1376,#1548,#828,.T.);
#1991=EDGE_CURVE('',#1550,#1377,#829,.T.);
#1992=EDGE_CURVE('',#1378,#1552,#830,.T.);
#1993=EDGE_CURVE('',#1554,#1379,#831,.T.);
#1994=EDGE_CURVE('',#1380,#1556,#832,.T.);
#1995=EDGE_CURVE('',#1558,#1381,#833,.T.);
#1996=EDGE_CURVE('',#1382,#1560,#834,.T.);
#1997=EDGE_CURVE('',#1562,#1383,#835,.T.);
#1998=EDGE_CURVE('',#1384,#1564,#836,.T.);
#1999=EDGE_CURVE('',#1566,#1385,#837,.T.);
#2000=EDGE_CURVE('',#1386,#1567,#838,.T.);
#2001=EDGE_CURVE('',#1387,#1488,#839,.F.);
#2002=EDGE_CURVE('',#1388,#1487,#840,.T.);
#2003=EDGE_CURVE('',#1484,#1587,#1287,.T.);
#2004=EDGE_CURVE('',#1587,#1588,#1288,.T.);
#2005=EDGE_CURVE('',#1588,#1483,#70,.T.);
#2006=EDGE_CURVE('',#1589,#1590,#1289,.T.);
#2007=EDGE_CURVE('',#1590,#1587,#841,.T.);
#2008=EDGE_CURVE('',#1484,#1589,#842,.T.);
#2009=EDGE_CURVE('',#1591,#1592,#1290,.T.);
#2010=EDGE_CURVE('',#1592,#1590,#1291,.T.);
#2011=EDGE_CURVE('',#1589,#1591,#1292,.T.);
#2012=EDGE_CURVE('',#1593,#1594,#1293,.T.);
#2013=EDGE_CURVE('',#1594,#1592,#843,.T.);
#2014=EDGE_CURVE('',#1591,#1593,#844,.T.);
#2015=EDGE_CURVE('',#1595,#1596,#1294,.T.);
#2016=EDGE_CURVE('',#1596,#1594,#1295,.T.);
#2017=EDGE_CURVE('',#1593,#1595,#1296,.T.);
#2018=EDGE_CURVE('',#1597,#1598,#1297,.T.);
#2019=EDGE_CURVE('',#1598,#1596,#845,.T.);
#2020=EDGE_CURVE('',#1595,#1597,#846,.T.);
#2021=EDGE_CURVE('',#1599,#1600,#1298,.T.);
#2022=EDGE_CURVE('',#1600,#1598,#1299,.T.);
#2023=EDGE_CURVE('',#1597,#1599,#1300,.T.);
#2024=EDGE_CURVE('',#1601,#1602,#1301,.T.);
#2025=EDGE_CURVE('',#1602,#1600,#847,.T.);
#2026=EDGE_CURVE('',#1599,#1601,#848,.T.);
#2027=EDGE_CURVE('',#1603,#1604,#1302,.T.);
#2028=EDGE_CURVE('',#1604,#1602,#1303,.T.);
#2029=EDGE_CURVE('',#1601,#1603,#1304,.T.);
#2030=EDGE_CURVE('',#1605,#1606,#1305,.T.);
#2031=EDGE_CURVE('',#1606,#1604,#849,.T.);
#2032=EDGE_CURVE('',#1603,#1605,#850,.T.);
#2033=EDGE_CURVE('',#1607,#1608,#1306,.T.);
#2034=EDGE_CURVE('',#1608,#1606,#1307,.T.);
#2035=EDGE_CURVE('',#1605,#1607,#1308,.T.);
#2036=EDGE_CURVE('',#1609,#1586,#1309,.T.);
#2037=EDGE_CURVE('',#1586,#1608,#851,.T.);
#2038=EDGE_CURVE('',#1607,#1609,#852,.T.);
#2039=EDGE_CURVE('',#1610,#1585,#1310,.T.);
#2040=EDGE_CURVE('',#1609,#1610,#1311,.T.);
#2041=EDGE_CURVE('',#1611,#1584,#1312,.T.);
#2042=EDGE_CURVE('',#1610,#1611,#853,.T.);
#2043=EDGE_CURVE('',#1612,#1583,#1313,.T.);
#2044=EDGE_CURVE('',#1611,#1612,#1314,.T.);
#2045=EDGE_CURVE('',#1613,#1582,#1315,.T.);
#2046=EDGE_CURVE('',#1612,#1613,#854,.T.);
#2047=EDGE_CURVE('',#1614,#1581,#1316,.T.);
#2048=EDGE_CURVE('',#1613,#1614,#1317,.T.);
#2049=EDGE_CURVE('',#1615,#1580,#1318,.T.);
#2050=EDGE_CURVE('',#1614,#1615,#855,.T.);
#2051=EDGE_CURVE('',#1616,#1577,#1319,.T.);
#2052=EDGE_CURVE('',#1615,#1616,#1320,.T.);
#2053=EDGE_CURVE('',#1617,#1578,#1321,.T.);
#2054=EDGE_CURVE('',#1616,#1617,#856,.T.);
#2055=EDGE_CURVE('',#1618,#1579,#1322,.T.);
#2056=EDGE_CURVE('',#1617,#1618,#1323,.T.);
#2057=EDGE_CURVE('',#1619,#1576,#1324,.T.);
#2058=EDGE_CURVE('',#1618,#1619,#857,.T.);
#2059=EDGE_CURVE('',#1620,#1575,#1325,.T.);
#2060=EDGE_CURVE('',#1619,#1620,#1326,.T.);
#2061=EDGE_CURVE('',#1621,#1574,#1327,.T.);
#2062=EDGE_CURVE('',#1620,#1621,#858,.T.);
#2063=EDGE_CURVE('',#1622,#1573,#1328,.T.);
#2064=EDGE_CURVE('',#1621,#1622,#1329,.T.);
#2065=EDGE_CURVE('',#1623,#1572,#1330,.T.);
#2066=EDGE_CURVE('',#1622,#1623,#859,.T.);
#2067=EDGE_CURVE('',#1624,#1571,#1331,.T.);
#2068=EDGE_CURVE('',#1623,#1624,#1332,.T.);
#2069=EDGE_CURVE('',#1625,#1569,#1333,.T.);
#2070=EDGE_CURVE('',#1624,#1625,#860,.T.);
#2071=EDGE_CURVE('',#1626,#1570,#1334,.T.);
#2072=EDGE_CURVE('',#1625,#1626,#1335,.T.);
#2073=EDGE_CURVE('',#1627,#1628,#1336,.T.);
#2074=EDGE_CURVE('',#1628,#1570,#861,.T.);
#2075=EDGE_CURVE('',#1626,#1627,#862,.T.);
#2076=EDGE_CURVE('',#1629,#1630,#1337,.T.);
#2077=EDGE_CURVE('',#1630,#1628,#1338,.T.);
#2078=EDGE_CURVE('',#1627,#1629,#1339,.T.);
#2079=EDGE_CURVE('',#1470,#1631,#1340,.T.);
#2080=EDGE_CURVE('',#1631,#1630,#1341,.T.);
#2081=EDGE_CURVE('',#1629,#1470,#1342,.T.);
#2082=EDGE_CURVE('',#1469,#1632,#1343,.T.);
#2083=EDGE_CURVE('',#1632,#1631,#863,.T.);
#2084=EDGE_CURVE('',#1471,#1633,#1344,.T.);
#2085=EDGE_CURVE('',#1633,#1632,#1345,.T.);
#2086=EDGE_CURVE('',#1472,#1634,#1346,.T.);
#2087=EDGE_CURVE('',#1634,#1633,#864,.T.);
#2088=EDGE_CURVE('',#1473,#1635,#1347,.T.);
#2089=EDGE_CURVE('',#1635,#1634,#1348,.T.);
#2090=EDGE_CURVE('',#1474,#1636,#1349,.T.);
#2091=EDGE_CURVE('',#1636,#1635,#865,.T.);
#2092=EDGE_CURVE('',#1475,#1637,#1350,.T.);
#2093=EDGE_CURVE('',#1637,#1636,#1351,.T.);
#2094=EDGE_CURVE('',#1476,#1638,#1352,.T.);
#2095=EDGE_CURVE('',#1638,#1637,#1353,.T.);
#2096=EDGE_CURVE('',#1477,#1639,#1354,.T.);
#2097=EDGE_CURVE('',#1639,#1638,#866,.T.);
#2098=EDGE_CURVE('',#1478,#1640,#1355,.T.);
#2099=EDGE_CURVE('',#1640,#1639,#1356,.T.);
#2100=EDGE_CURVE('',#1479,#1641,#1357,.T.);
#2101=EDGE_CURVE('',#1641,#1640,#867,.T.);
#2102=EDGE_CURVE('',#1480,#1642,#1358,.T.);
#2103=EDGE_CURVE('',#1642,#1641,#1359,.T.);
#2104=EDGE_CURVE('',#1481,#1643,#1360,.T.);
#2105=EDGE_CURVE('',#1643,#1642,#868,.T.);
#2106=EDGE_CURVE('',#1482,#1644,#1361,.T.);
#2107=EDGE_CURVE('',#1644,#1643,#1362,.T.);
#2108=EDGE_CURVE('',#1588,#1644,#869,.T.);
#2109=EDGE_CURVE('',#1436,#1618,#870,.T.);
#2110=EDGE_CURVE('',#1617,#1434,#871,.T.);
#2111=EDGE_CURVE('',#1432,#1607,#872,.T.);
#2112=EDGE_CURVE('',#1605,#1430,#873,.T.);
#2113=EDGE_CURVE('',#1428,#1603,#874,.T.);
#2114=EDGE_CURVE('',#1601,#1426,#875,.T.);
#2115=EDGE_CURVE('',#1424,#1599,#876,.T.);
#2116=EDGE_CURVE('',#1597,#1422,#877,.T.);
#2117=EDGE_CURVE('',#1420,#1595,#878,.T.);
#2118=EDGE_CURVE('',#1593,#1418,#879,.T.);
#2119=EDGE_CURVE('',#1416,#1591,#880,.T.);
#2120=EDGE_CURVE('',#1589,#1414,#881,.T.);
#2121=EDGE_CURVE('',#1629,#1440,#882,.T.);
#2122=EDGE_CURVE('',#1512,#1366,#883,.T.);
#2123=EDGE_CURVE('',#1627,#1438,#884,.T.);
#2124=EDGE_CURVE('',#1365,#1510,#885,.T.);
#2125=EDGE_CURVE('',#1390,#1492,#886,.F.);
#2126=EDGE_CURVE('',#1389,#1490,#887,.F.);
#2127=ORIENTED_EDGE('',*,*,#1645,.T.);
#2128=ORIENTED_EDGE('',*,*,#1646,.T.);
#2129=ORIENTED_EDGE('',*,*,#1647,.F.);
#2130=ORIENTED_EDGE('',*,*,#1646,.F.);
#2131=ORIENTED_EDGE('',*,*,#1648,.T.);
#2132=ORIENTED_EDGE('',*,*,#1649,.T.);
#2133=ORIENTED_EDGE('',*,*,#1650,.F.);
#2134=ORIENTED_EDGE('',*,*,#1651,.T.);
#2135=ORIENTED_EDGE('',*,*,#1652,.T.);
#2136=ORIENTED_EDGE('',*,*,#1653,.F.);
#2137=ORIENTED_EDGE('',*,*,#1654,.T.);
#2138=ORIENTED_EDGE('',*,*,#1655,.T.);
#2139=ORIENTED_EDGE('',*,*,#1656,.T.);
#2140=ORIENTED_EDGE('',*,*,#1657,.T.);
#2141=ORIENTED_EDGE('',*,*,#1658,.T.);
#2142=ORIENTED_EDGE('',*,*,#1659,.F.);
#2143=ORIENTED_EDGE('',*,*,#1660,.T.);
#2144=ORIENTED_EDGE('',*,*,#1661,.T.);
#2145=ORIENTED_EDGE('',*,*,#1662,.T.);
#2146=ORIENTED_EDGE('',*,*,#1663,.F.);
#2147=ORIENTED_EDGE('',*,*,#1664,.T.);
#2148=ORIENTED_EDGE('',*,*,#1665,.T.);
#2149=ORIENTED_EDGE('',*,*,#1666,.T.);
#2150=ORIENTED_EDGE('',*,*,#1667,.T.);
#2151=ORIENTED_EDGE('',*,*,#1668,.T.);
#2152=ORIENTED_EDGE('',*,*,#1669,.T.);
#2153=ORIENTED_EDGE('',*,*,#1670,.T.);
#2154=ORIENTED_EDGE('',*,*,#1671,.T.);
#2155=ORIENTED_EDGE('',*,*,#1672,.T.);
#2156=ORIENTED_EDGE('',*,*,#1673,.T.);
#2157=ORIENTED_EDGE('',*,*,#1674,.F.);
#2158=ORIENTED_EDGE('',*,*,#1675,.F.);
#2159=ORIENTED_EDGE('',*,*,#1676,.F.);
#2160=ORIENTED_EDGE('',*,*,#1677,.F.);
#2161=ORIENTED_EDGE('',*,*,#1645,.F.);
#2162=ORIENTED_EDGE('',*,*,#1674,.T.);
#2163=ORIENTED_EDGE('',*,*,#1678,.T.);
#2164=ORIENTED_EDGE('',*,*,#1679,.F.);
#2165=ORIENTED_EDGE('',*,*,#1678,.F.);
#2166=ORIENTED_EDGE('',*,*,#1677,.T.);
#2167=ORIENTED_EDGE('',*,*,#1680,.T.);
#2168=ORIENTED_EDGE('',*,*,#1681,.F.);
#2169=ORIENTED_EDGE('',*,*,#1680,.F.);
#2170=ORIENTED_EDGE('',*,*,#1675,.T.);
#2171=ORIENTED_EDGE('',*,*,#1682,.T.);
#2172=ORIENTED_EDGE('',*,*,#1683,.F.);
#2173=ORIENTED_EDGE('',*,*,#1682,.F.);
#2174=ORIENTED_EDGE('',*,*,#1676,.T.);
#2175=ORIENTED_EDGE('',*,*,#1684,.T.);
#2176=ORIENTED_EDGE('',*,*,#1685,.F.);
#2177=ORIENTED_EDGE('',*,*,#1684,.F.);
#2178=ORIENTED_EDGE('',*,*,#1686,.F.);
#2179=ORIENTED_EDGE('',*,*,#1687,.T.);
#2180=ORIENTED_EDGE('',*,*,#1688,.F.);
#2181=ORIENTED_EDGE('',*,*,#1687,.F.);
#2182=ORIENTED_EDGE('',*,*,#1685,.T.);
#2183=ORIENTED_EDGE('',*,*,#1686,.T.);
#2184=ORIENTED_EDGE('',*,*,#1689,.F.);
#2185=ORIENTED_EDGE('',*,*,#1690,.T.);
#2186=ORIENTED_EDGE('',*,*,#1691,.F.);
#2187=ORIENTED_EDGE('',*,*,#1690,.F.);
#2188=ORIENTED_EDGE('',*,*,#1647,.T.);
#2189=ORIENTED_EDGE('',*,*,#1689,.T.);
#2190=ORIENTED_EDGE('',*,*,#1692,.F.);
#2191=ORIENTED_EDGE('',*,*,#1693,.T.);
#2192=ORIENTED_EDGE('',*,*,#1694,.F.);
#2193=ORIENTED_EDGE('',*,*,#1693,.F.);
#2194=ORIENTED_EDGE('',*,*,#1683,.T.);
#2195=ORIENTED_EDGE('',*,*,#1692,.T.);
#2196=ORIENTED_EDGE('',*,*,#1695,.F.);
#2197=ORIENTED_EDGE('',*,*,#1696,.T.);
#2198=ORIENTED_EDGE('',*,*,#1697,.F.);
#2199=ORIENTED_EDGE('',*,*,#1696,.F.);
#2200=ORIENTED_EDGE('',*,*,#1679,.T.);
#2201=ORIENTED_EDGE('',*,*,#1695,.T.);
#2202=ORIENTED_EDGE('',*,*,#1698,.F.);
#2203=ORIENTED_EDGE('',*,*,#1699,.T.);
#2204=ORIENTED_EDGE('',*,*,#1700,.F.);
#2205=ORIENTED_EDGE('',*,*,#1699,.F.);
#2206=ORIENTED_EDGE('',*,*,#1681,.T.);
#2207=ORIENTED_EDGE('',*,*,#1698,.T.);
#2208=ORIENTED_EDGE('',*,*,#1688,.T.);
#2209=ORIENTED_EDGE('',*,*,#1691,.T.);
#2210=ORIENTED_EDGE('',*,*,#1694,.T.);
#2211=ORIENTED_EDGE('',*,*,#1697,.T.);
#2212=ORIENTED_EDGE('',*,*,#1700,.T.);
#2213=ORIENTED_EDGE('',*,*,#1701,.T.);
#2214=ORIENTED_EDGE('',*,*,#1702,.T.);
#2215=ORIENTED_EDGE('',*,*,#1703,.T.);
#2216=ORIENTED_EDGE('',*,*,#1704,.F.);
#2217=ORIENTED_EDGE('',*,*,#1705,.T.);
#2218=ORIENTED_EDGE('',*,*,#1706,.T.);
#2219=ORIENTED_EDGE('',*,*,#1702,.F.);
#2220=ORIENTED_EDGE('',*,*,#1707,.T.);
#2221=ORIENTED_EDGE('',*,*,#1708,.T.);
#2222=ORIENTED_EDGE('',*,*,#1709,.T.);
#2223=ORIENTED_EDGE('',*,*,#1705,.F.);
#2224=ORIENTED_EDGE('',*,*,#1710,.T.);
#2225=ORIENTED_EDGE('',*,*,#1711,.T.);
#2226=ORIENTED_EDGE('',*,*,#1712,.T.);
#2227=ORIENTED_EDGE('',*,*,#1708,.F.);
#2228=ORIENTED_EDGE('',*,*,#1713,.T.);
#2229=ORIENTED_EDGE('',*,*,#1714,.T.);
#2230=ORIENTED_EDGE('',*,*,#1715,.T.);
#2231=ORIENTED_EDGE('',*,*,#1711,.F.);
#2232=ORIENTED_EDGE('',*,*,#1716,.T.);
#2233=ORIENTED_EDGE('',*,*,#1717,.T.);
#2234=ORIENTED_EDGE('',*,*,#1718,.T.);
#2235=ORIENTED_EDGE('',*,*,#1714,.F.);
#2236=ORIENTED_EDGE('',*,*,#1719,.T.);
#2237=ORIENTED_EDGE('',*,*,#1720,.T.);
#2238=ORIENTED_EDGE('',*,*,#1721,.T.);
#2239=ORIENTED_EDGE('',*,*,#1717,.F.);
#2240=ORIENTED_EDGE('',*,*,#1722,.T.);
#2241=ORIENTED_EDGE('',*,*,#1723,.T.);
#2242=ORIENTED_EDGE('',*,*,#1724,.T.);
#2243=ORIENTED_EDGE('',*,*,#1720,.F.);
#2244=ORIENTED_EDGE('',*,*,#1725,.T.);
#2245=ORIENTED_EDGE('',*,*,#1726,.T.);
#2246=ORIENTED_EDGE('',*,*,#1727,.T.);
#2247=ORIENTED_EDGE('',*,*,#1723,.F.);
#2248=ORIENTED_EDGE('',*,*,#1728,.T.);
#2249=ORIENTED_EDGE('',*,*,#1729,.T.);
#2250=ORIENTED_EDGE('',*,*,#1730,.T.);
#2251=ORIENTED_EDGE('',*,*,#1726,.F.);
#2252=ORIENTED_EDGE('',*,*,#1731,.T.);
#2253=ORIENTED_EDGE('',*,*,#1732,.T.);
#2254=ORIENTED_EDGE('',*,*,#1733,.T.);
#2255=ORIENTED_EDGE('',*,*,#1729,.F.);
#2256=ORIENTED_EDGE('',*,*,#1734,.T.);
#2257=ORIENTED_EDGE('',*,*,#1735,.T.);
#2258=ORIENTED_EDGE('',*,*,#1736,.T.);
#2259=ORIENTED_EDGE('',*,*,#1732,.F.);
#2260=ORIENTED_EDGE('',*,*,#1737,.T.);
#2261=ORIENTED_EDGE('',*,*,#1738,.T.);
#2262=ORIENTED_EDGE('',*,*,#1739,.T.);
#2263=ORIENTED_EDGE('',*,*,#1735,.F.);
#2264=ORIENTED_EDGE('',*,*,#1740,.T.);
#2265=ORIENTED_EDGE('',*,*,#1741,.T.);
#2266=ORIENTED_EDGE('',*,*,#1742,.T.);
#2267=ORIENTED_EDGE('',*,*,#1738,.F.);
#2268=ORIENTED_EDGE('',*,*,#1743,.T.);
#2269=ORIENTED_EDGE('',*,*,#1744,.T.);
#2270=ORIENTED_EDGE('',*,*,#1745,.T.);
#2271=ORIENTED_EDGE('',*,*,#1741,.F.);
#2272=ORIENTED_EDGE('',*,*,#1746,.T.);
#2273=ORIENTED_EDGE('',*,*,#1747,.T.);
#2274=ORIENTED_EDGE('',*,*,#1748,.T.);
#2275=ORIENTED_EDGE('',*,*,#1744,.F.);
#2276=ORIENTED_EDGE('',*,*,#1749,.T.);
#2277=ORIENTED_EDGE('',*,*,#1750,.T.);
#2278=ORIENTED_EDGE('',*,*,#1751,.T.);
#2279=ORIENTED_EDGE('',*,*,#1747,.F.);
#2280=ORIENTED_EDGE('',*,*,#1752,.T.);
#2281=ORIENTED_EDGE('',*,*,#1753,.T.);
#2282=ORIENTED_EDGE('',*,*,#1754,.T.);
#2283=ORIENTED_EDGE('',*,*,#1750,.F.);
#2284=ORIENTED_EDGE('',*,*,#1755,.T.);
#2285=ORIENTED_EDGE('',*,*,#1756,.T.);
#2286=ORIENTED_EDGE('',*,*,#1757,.T.);
#2287=ORIENTED_EDGE('',*,*,#1753,.F.);
#2288=ORIENTED_EDGE('',*,*,#1758,.T.);
#2289=ORIENTED_EDGE('',*,*,#1759,.T.);
#2290=ORIENTED_EDGE('',*,*,#1760,.T.);
#2291=ORIENTED_EDGE('',*,*,#1756,.F.);
#2292=ORIENTED_EDGE('',*,*,#1761,.T.);
#2293=ORIENTED_EDGE('',*,*,#1762,.T.);
#2294=ORIENTED_EDGE('',*,*,#1763,.T.);
#2295=ORIENTED_EDGE('',*,*,#1759,.F.);
#2296=ORIENTED_EDGE('',*,*,#1764,.T.);
#2297=ORIENTED_EDGE('',*,*,#1765,.T.);
#2298=ORIENTED_EDGE('',*,*,#1766,.T.);
#2299=ORIENTED_EDGE('',*,*,#1762,.F.);
#2300=ORIENTED_EDGE('',*,*,#1767,.T.);
#2301=ORIENTED_EDGE('',*,*,#1768,.T.);
#2302=ORIENTED_EDGE('',*,*,#1769,.T.);
#2303=ORIENTED_EDGE('',*,*,#1765,.F.);
#2304=ORIENTED_EDGE('',*,*,#1770,.T.);
#2305=ORIENTED_EDGE('',*,*,#1771,.T.);
#2306=ORIENTED_EDGE('',*,*,#1772,.T.);
#2307=ORIENTED_EDGE('',*,*,#1768,.F.);
#2308=ORIENTED_EDGE('',*,*,#1773,.T.);
#2309=ORIENTED_EDGE('',*,*,#1774,.T.);
#2310=ORIENTED_EDGE('',*,*,#1775,.T.);
#2311=ORIENTED_EDGE('',*,*,#1771,.F.);
#2312=ORIENTED_EDGE('',*,*,#1776,.T.);
#2313=ORIENTED_EDGE('',*,*,#1777,.T.);
#2314=ORIENTED_EDGE('',*,*,#1778,.T.);
#2315=ORIENTED_EDGE('',*,*,#1774,.F.);
#2316=ORIENTED_EDGE('',*,*,#1779,.T.);
#2317=ORIENTED_EDGE('',*,*,#1780,.T.);
#2318=ORIENTED_EDGE('',*,*,#1781,.T.);
#2319=ORIENTED_EDGE('',*,*,#1777,.F.);
#2320=ORIENTED_EDGE('',*,*,#1782,.T.);
#2321=ORIENTED_EDGE('',*,*,#1783,.T.);
#2322=ORIENTED_EDGE('',*,*,#1784,.T.);
#2323=ORIENTED_EDGE('',*,*,#1780,.F.);
#2324=ORIENTED_EDGE('',*,*,#1785,.T.);
#2325=ORIENTED_EDGE('',*,*,#1786,.T.);
#2326=ORIENTED_EDGE('',*,*,#1787,.T.);
#2327=ORIENTED_EDGE('',*,*,#1783,.F.);
#2328=ORIENTED_EDGE('',*,*,#1788,.T.);
#2329=ORIENTED_EDGE('',*,*,#1789,.T.);
#2330=ORIENTED_EDGE('',*,*,#1786,.F.);
#2331=ORIENTED_EDGE('',*,*,#1790,.T.);
#2332=ORIENTED_EDGE('',*,*,#1704,.T.);
#2333=ORIENTED_EDGE('',*,*,#1751,.F.);
#2334=ORIENTED_EDGE('',*,*,#1791,.F.);
#2335=ORIENTED_EDGE('',*,*,#1792,.F.);
#2336=ORIENTED_EDGE('',*,*,#1793,.F.);
#2337=ORIENTED_EDGE('',*,*,#1754,.F.);
#2338=ORIENTED_EDGE('',*,*,#1794,.T.);
#2339=ORIENTED_EDGE('',*,*,#1795,.F.);
#2340=ORIENTED_EDGE('',*,*,#1791,.T.);
#2341=ORIENTED_EDGE('',*,*,#1757,.F.);
#2342=ORIENTED_EDGE('',*,*,#1796,.F.);
#2343=ORIENTED_EDGE('',*,*,#1797,.F.);
#2344=ORIENTED_EDGE('',*,*,#1794,.F.);
#2345=ORIENTED_EDGE('',*,*,#1760,.F.);
#2346=ORIENTED_EDGE('',*,*,#1798,.T.);
#2347=ORIENTED_EDGE('',*,*,#1799,.F.);
#2348=ORIENTED_EDGE('',*,*,#1796,.T.);
#2349=ORIENTED_EDGE('',*,*,#1763,.F.);
#2350=ORIENTED_EDGE('',*,*,#1800,.F.);
#2351=ORIENTED_EDGE('',*,*,#1801,.F.);
#2352=ORIENTED_EDGE('',*,*,#1798,.F.);
#2353=ORIENTED_EDGE('',*,*,#1766,.F.);
#2354=ORIENTED_EDGE('',*,*,#1802,.F.);
#2355=ORIENTED_EDGE('',*,*,#1803,.F.);
#2356=ORIENTED_EDGE('',*,*,#1800,.T.);
#2357=ORIENTED_EDGE('',*,*,#1769,.F.);
#2358=ORIENTED_EDGE('',*,*,#1804,.T.);
#2359=ORIENTED_EDGE('',*,*,#1805,.F.);
#2360=ORIENTED_EDGE('',*,*,#1802,.T.);
#2361=ORIENTED_EDGE('',*,*,#1772,.F.);
#2362=ORIENTED_EDGE('',*,*,#1806,.F.);
#2363=ORIENTED_EDGE('',*,*,#1807,.F.);
#2364=ORIENTED_EDGE('',*,*,#1804,.F.);
#2365=ORIENTED_EDGE('',*,*,#1775,.F.);
#2366=ORIENTED_EDGE('',*,*,#1808,.T.);
#2367=ORIENTED_EDGE('',*,*,#1809,.F.);
#2368=ORIENTED_EDGE('',*,*,#1806,.T.);
#2369=ORIENTED_EDGE('',*,*,#1778,.F.);
#2370=ORIENTED_EDGE('',*,*,#1810,.F.);
#2371=ORIENTED_EDGE('',*,*,#1811,.F.);
#2372=ORIENTED_EDGE('',*,*,#1808,.F.);
#2373=ORIENTED_EDGE('',*,*,#1781,.F.);
#2374=ORIENTED_EDGE('',*,*,#1812,.T.);
#2375=ORIENTED_EDGE('',*,*,#1813,.F.);
#2376=ORIENTED_EDGE('',*,*,#1810,.T.);
#2377=ORIENTED_EDGE('',*,*,#1784,.F.);
#2378=ORIENTED_EDGE('',*,*,#1814,.F.);
#2379=ORIENTED_EDGE('',*,*,#1815,.F.);
#2380=ORIENTED_EDGE('',*,*,#1812,.F.);
#2381=ORIENTED_EDGE('',*,*,#1787,.F.);
#2382=ORIENTED_EDGE('',*,*,#1816,.T.);
#2383=ORIENTED_EDGE('',*,*,#1817,.F.);
#2384=ORIENTED_EDGE('',*,*,#1814,.T.);
#2385=ORIENTED_EDGE('',*,*,#1789,.F.);
#2386=ORIENTED_EDGE('',*,*,#1818,.T.);
#2387=ORIENTED_EDGE('',*,*,#1819,.F.);
#2388=ORIENTED_EDGE('',*,*,#1816,.F.);
#2389=ORIENTED_EDGE('',*,*,#1703,.F.);
#2390=ORIENTED_EDGE('',*,*,#1820,.T.);
#2391=ORIENTED_EDGE('',*,*,#1821,.F.);
#2392=ORIENTED_EDGE('',*,*,#1818,.F.);
#2393=ORIENTED_EDGE('',*,*,#1701,.F.);
#2394=ORIENTED_EDGE('',*,*,#1790,.F.);
#2395=ORIENTED_EDGE('',*,*,#1788,.F.);
#2396=ORIENTED_EDGE('',*,*,#1785,.F.);
#2397=ORIENTED_EDGE('',*,*,#1782,.F.);
#2398=ORIENTED_EDGE('',*,*,#1779,.F.);
#2399=ORIENTED_EDGE('',*,*,#1776,.F.);
#2400=ORIENTED_EDGE('',*,*,#1773,.F.);
#2401=ORIENTED_EDGE('',*,*,#1770,.F.);
#2402=ORIENTED_EDGE('',*,*,#1767,.F.);
#2403=ORIENTED_EDGE('',*,*,#1764,.F.);
#2404=ORIENTED_EDGE('',*,*,#1761,.F.);
#2405=ORIENTED_EDGE('',*,*,#1758,.F.);
#2406=ORIENTED_EDGE('',*,*,#1755,.F.);
#2407=ORIENTED_EDGE('',*,*,#1752,.F.);
#2408=ORIENTED_EDGE('',*,*,#1749,.F.);
#2409=ORIENTED_EDGE('',*,*,#1746,.F.);
#2410=ORIENTED_EDGE('',*,*,#1743,.F.);
#2411=ORIENTED_EDGE('',*,*,#1740,.F.);
#2412=ORIENTED_EDGE('',*,*,#1737,.F.);
#2413=ORIENTED_EDGE('',*,*,#1734,.F.);
#2414=ORIENTED_EDGE('',*,*,#1731,.F.);
#2415=ORIENTED_EDGE('',*,*,#1728,.F.);
#2416=ORIENTED_EDGE('',*,*,#1725,.F.);
#2417=ORIENTED_EDGE('',*,*,#1722,.F.);
#2418=ORIENTED_EDGE('',*,*,#1719,.F.);
#2419=ORIENTED_EDGE('',*,*,#1716,.F.);
#2420=ORIENTED_EDGE('',*,*,#1713,.F.);
#2421=ORIENTED_EDGE('',*,*,#1710,.F.);
#2422=ORIENTED_EDGE('',*,*,#1707,.F.);
#2423=ORIENTED_EDGE('',*,*,#1822,.T.);
#2424=ORIENTED_EDGE('',*,*,#1823,.T.);
#2425=ORIENTED_EDGE('',*,*,#1824,.T.);
#2426=ORIENTED_EDGE('',*,*,#1825,.F.);
#2427=ORIENTED_EDGE('',*,*,#1826,.T.);
#2428=ORIENTED_EDGE('',*,*,#1827,.T.);
#2429=ORIENTED_EDGE('',*,*,#1828,.T.);
#2430=ORIENTED_EDGE('',*,*,#1823,.F.);
#2431=ORIENTED_EDGE('',*,*,#1829,.T.);
#2432=ORIENTED_EDGE('',*,*,#1830,.T.);
#2433=ORIENTED_EDGE('',*,*,#1831,.T.);
#2434=ORIENTED_EDGE('',*,*,#1827,.F.);
#2435=ORIENTED_EDGE('',*,*,#1832,.T.);
#2436=ORIENTED_EDGE('',*,*,#1833,.T.);
#2437=ORIENTED_EDGE('',*,*,#1834,.T.);
#2438=ORIENTED_EDGE('',*,*,#1830,.F.);
#2439=ORIENTED_EDGE('',*,*,#1835,.T.);
#2440=ORIENTED_EDGE('',*,*,#1836,.T.);
#2441=ORIENTED_EDGE('',*,*,#1833,.F.);
#2442=ORIENTED_EDGE('',*,*,#1837,.T.);
#2443=ORIENTED_EDGE('',*,*,#1838,.T.);
#2444=ORIENTED_EDGE('',*,*,#1839,.T.);
#2445=ORIENTED_EDGE('',*,*,#1835,.F.);
#2446=ORIENTED_EDGE('',*,*,#1840,.T.);
#2447=ORIENTED_EDGE('',*,*,#1841,.T.);
#2448=ORIENTED_EDGE('',*,*,#1842,.T.);
#2449=ORIENTED_EDGE('',*,*,#1838,.F.);
#2450=ORIENTED_EDGE('',*,*,#1843,.T.);
#2451=ORIENTED_EDGE('',*,*,#1844,.T.);
#2452=ORIENTED_EDGE('',*,*,#1845,.T.);
#2453=ORIENTED_EDGE('',*,*,#1841,.F.);
#2454=ORIENTED_EDGE('',*,*,#1846,.T.);
#2455=ORIENTED_EDGE('',*,*,#1847,.T.);
#2456=ORIENTED_EDGE('',*,*,#1848,.T.);
#2457=ORIENTED_EDGE('',*,*,#1844,.F.);
#2458=ORIENTED_EDGE('',*,*,#1849,.T.);
#2459=ORIENTED_EDGE('',*,*,#1850,.T.);
#2460=ORIENTED_EDGE('',*,*,#1851,.T.);
#2461=ORIENTED_EDGE('',*,*,#1847,.F.);
#2462=ORIENTED_EDGE('',*,*,#1852,.T.);
#2463=ORIENTED_EDGE('',*,*,#1853,.T.);
#2464=ORIENTED_EDGE('',*,*,#1854,.T.);
#2465=ORIENTED_EDGE('',*,*,#1850,.F.);
#2466=ORIENTED_EDGE('',*,*,#1855,.T.);
#2467=ORIENTED_EDGE('',*,*,#1856,.T.);
#2468=ORIENTED_EDGE('',*,*,#1857,.T.);
#2469=ORIENTED_EDGE('',*,*,#1853,.F.);
#2470=ORIENTED_EDGE('',*,*,#1858,.T.);
#2471=ORIENTED_EDGE('',*,*,#1859,.T.);
#2472=ORIENTED_EDGE('',*,*,#1860,.T.);
#2473=ORIENTED_EDGE('',*,*,#1856,.F.);
#2474=ORIENTED_EDGE('',*,*,#1861,.T.);
#2475=ORIENTED_EDGE('',*,*,#1862,.T.);
#2476=ORIENTED_EDGE('',*,*,#1863,.T.);
#2477=ORIENTED_EDGE('',*,*,#1859,.F.);
#2478=ORIENTED_EDGE('',*,*,#1864,.T.);
#2479=ORIENTED_EDGE('',*,*,#1865,.T.);
#2480=ORIENTED_EDGE('',*,*,#1866,.T.);
#2481=ORIENTED_EDGE('',*,*,#1862,.F.);
#2482=ORIENTED_EDGE('',*,*,#1867,.T.);
#2483=ORIENTED_EDGE('',*,*,#1868,.T.);
#2484=ORIENTED_EDGE('',*,*,#1869,.T.);
#2485=ORIENTED_EDGE('',*,*,#1865,.F.);
#2486=ORIENTED_EDGE('',*,*,#1870,.T.);
#2487=ORIENTED_EDGE('',*,*,#1871,.T.);
#2488=ORIENTED_EDGE('',*,*,#1872,.T.);
#2489=ORIENTED_EDGE('',*,*,#1868,.F.);
#2490=ORIENTED_EDGE('',*,*,#1873,.T.);
#2491=ORIENTED_EDGE('',*,*,#1874,.T.);
#2492=ORIENTED_EDGE('',*,*,#1875,.T.);
#2493=ORIENTED_EDGE('',*,*,#1871,.F.);
#2494=ORIENTED_EDGE('',*,*,#1876,.T.);
#2495=ORIENTED_EDGE('',*,*,#1877,.T.);
#2496=ORIENTED_EDGE('',*,*,#1878,.T.);
#2497=ORIENTED_EDGE('',*,*,#1874,.F.);
#2498=ORIENTED_EDGE('',*,*,#1879,.T.);
#2499=ORIENTED_EDGE('',*,*,#1880,.T.);
#2500=ORIENTED_EDGE('',*,*,#1881,.T.);
#2501=ORIENTED_EDGE('',*,*,#1877,.F.);
#2502=ORIENTED_EDGE('',*,*,#1882,.T.);
#2503=ORIENTED_EDGE('',*,*,#1883,.T.);
#2504=ORIENTED_EDGE('',*,*,#1884,.T.);
#2505=ORIENTED_EDGE('',*,*,#1880,.F.);
#2506=ORIENTED_EDGE('',*,*,#1885,.T.);
#2507=ORIENTED_EDGE('',*,*,#1886,.T.);
#2508=ORIENTED_EDGE('',*,*,#1887,.T.);
#2509=ORIENTED_EDGE('',*,*,#1883,.F.);
#2510=ORIENTED_EDGE('',*,*,#1888,.T.);
#2511=ORIENTED_EDGE('',*,*,#1889,.T.);
#2512=ORIENTED_EDGE('',*,*,#1890,.T.);
#2513=ORIENTED_EDGE('',*,*,#1886,.F.);
#2514=ORIENTED_EDGE('',*,*,#1891,.T.);
#2515=ORIENTED_EDGE('',*,*,#1892,.T.);
#2516=ORIENTED_EDGE('',*,*,#1893,.T.);
#2517=ORIENTED_EDGE('',*,*,#1889,.F.);
#2518=ORIENTED_EDGE('',*,*,#1894,.T.);
#2519=ORIENTED_EDGE('',*,*,#1895,.T.);
#2520=ORIENTED_EDGE('',*,*,#1896,.T.);
#2521=ORIENTED_EDGE('',*,*,#1892,.F.);
#2522=ORIENTED_EDGE('',*,*,#1897,.T.);
#2523=ORIENTED_EDGE('',*,*,#1898,.T.);
#2524=ORIENTED_EDGE('',*,*,#1899,.T.);
#2525=ORIENTED_EDGE('',*,*,#1895,.F.);
#2526=ORIENTED_EDGE('',*,*,#1900,.T.);
#2527=ORIENTED_EDGE('',*,*,#1901,.T.);
#2528=ORIENTED_EDGE('',*,*,#1902,.T.);
#2529=ORIENTED_EDGE('',*,*,#1898,.F.);
#2530=ORIENTED_EDGE('',*,*,#1903,.T.);
#2531=ORIENTED_EDGE('',*,*,#1904,.T.);
#2532=ORIENTED_EDGE('',*,*,#1905,.T.);
#2533=ORIENTED_EDGE('',*,*,#1901,.F.);
#2534=ORIENTED_EDGE('',*,*,#1906,.T.);
#2535=ORIENTED_EDGE('',*,*,#1907,.T.);
#2536=ORIENTED_EDGE('',*,*,#1908,.T.);
#2537=ORIENTED_EDGE('',*,*,#1904,.F.);
#2538=ORIENTED_EDGE('',*,*,#1909,.T.);
#2539=ORIENTED_EDGE('',*,*,#1910,.T.);
#2540=ORIENTED_EDGE('',*,*,#1911,.T.);
#2541=ORIENTED_EDGE('',*,*,#1907,.F.);
#2542=ORIENTED_EDGE('',*,*,#1912,.T.);
#2543=ORIENTED_EDGE('',*,*,#1913,.T.);
#2544=ORIENTED_EDGE('',*,*,#1914,.T.);
#2545=ORIENTED_EDGE('',*,*,#1910,.F.);
#2546=ORIENTED_EDGE('',*,*,#1915,.T.);
#2547=ORIENTED_EDGE('',*,*,#1916,.T.);
#2548=ORIENTED_EDGE('',*,*,#1917,.T.);
#2549=ORIENTED_EDGE('',*,*,#1913,.F.);
#2550=ORIENTED_EDGE('',*,*,#1918,.T.);
#2551=ORIENTED_EDGE('',*,*,#1919,.T.);
#2552=ORIENTED_EDGE('',*,*,#1920,.T.);
#2553=ORIENTED_EDGE('',*,*,#1916,.F.);
#2554=ORIENTED_EDGE('',*,*,#1921,.T.);
#2555=ORIENTED_EDGE('',*,*,#1922,.T.);
#2556=ORIENTED_EDGE('',*,*,#1923,.T.);
#2557=ORIENTED_EDGE('',*,*,#1919,.F.);
#2558=ORIENTED_EDGE('',*,*,#1924,.T.);
#2559=ORIENTED_EDGE('',*,*,#1925,.T.);
#2560=ORIENTED_EDGE('',*,*,#1926,.T.);
#2561=ORIENTED_EDGE('',*,*,#1922,.F.);
#2562=ORIENTED_EDGE('',*,*,#1927,.T.);
#2563=ORIENTED_EDGE('',*,*,#1928,.T.);
#2564=ORIENTED_EDGE('',*,*,#1929,.T.);
#2565=ORIENTED_EDGE('',*,*,#1925,.F.);
#2566=ORIENTED_EDGE('',*,*,#1930,.T.);
#2567=ORIENTED_EDGE('',*,*,#1931,.T.);
#2568=ORIENTED_EDGE('',*,*,#1932,.T.);
#2569=ORIENTED_EDGE('',*,*,#1928,.F.);
#2570=ORIENTED_EDGE('',*,*,#1933,.T.);
#2571=ORIENTED_EDGE('',*,*,#1934,.T.);
#2572=ORIENTED_EDGE('',*,*,#1935,.T.);
#2573=ORIENTED_EDGE('',*,*,#1931,.F.);
#2574=ORIENTED_EDGE('',*,*,#1936,.T.);
#2575=ORIENTED_EDGE('',*,*,#1937,.T.);
#2576=ORIENTED_EDGE('',*,*,#1938,.T.);
#2577=ORIENTED_EDGE('',*,*,#1934,.F.);
#2578=ORIENTED_EDGE('',*,*,#1939,.T.);
#2579=ORIENTED_EDGE('',*,*,#1940,.T.);
#2580=ORIENTED_EDGE('',*,*,#1941,.T.);
#2581=ORIENTED_EDGE('',*,*,#1937,.F.);
#2582=ORIENTED_EDGE('',*,*,#1942,.T.);
#2583=ORIENTED_EDGE('',*,*,#1943,.T.);
#2584=ORIENTED_EDGE('',*,*,#1940,.F.);
#2585=ORIENTED_EDGE('',*,*,#1944,.T.);
#2586=ORIENTED_EDGE('',*,*,#1945,.T.);
#2587=ORIENTED_EDGE('',*,*,#1946,.T.);
#2588=ORIENTED_EDGE('',*,*,#1945,.F.);
#2589=ORIENTED_EDGE('',*,*,#1947,.T.);
#2590=ORIENTED_EDGE('',*,*,#1825,.T.);
#2591=ORIENTED_EDGE('',*,*,#1885,.F.);
#2592=ORIENTED_EDGE('',*,*,#1948,.T.);
#2593=ORIENTED_EDGE('',*,*,#1949,.F.);
#2594=ORIENTED_EDGE('',*,*,#1950,.T.);
#2595=ORIENTED_EDGE('',*,*,#1882,.F.);
#2596=ORIENTED_EDGE('',*,*,#1951,.F.);
#2597=ORIENTED_EDGE('',*,*,#1952,.F.);
#2598=ORIENTED_EDGE('',*,*,#1948,.F.);
#2599=ORIENTED_EDGE('',*,*,#1879,.F.);
#2600=ORIENTED_EDGE('',*,*,#1953,.T.);
#2601=ORIENTED_EDGE('',*,*,#1954,.F.);
#2602=ORIENTED_EDGE('',*,*,#1951,.T.);
#2603=ORIENTED_EDGE('',*,*,#1876,.F.);
#2604=ORIENTED_EDGE('',*,*,#1955,.F.);
#2605=ORIENTED_EDGE('',*,*,#1956,.F.);
#2606=ORIENTED_EDGE('',*,*,#1953,.F.);
#2607=ORIENTED_EDGE('',*,*,#1873,.F.);
#2608=ORIENTED_EDGE('',*,*,#1957,.T.);
#2609=ORIENTED_EDGE('',*,*,#1958,.F.);
#2610=ORIENTED_EDGE('',*,*,#1955,.T.);
#2611=ORIENTED_EDGE('',*,*,#1870,.F.);
#2612=ORIENTED_EDGE('',*,*,#1959,.F.);
#2613=ORIENTED_EDGE('',*,*,#1960,.F.);
#2614=ORIENTED_EDGE('',*,*,#1957,.F.);
#2615=ORIENTED_EDGE('',*,*,#1867,.F.);
#2616=ORIENTED_EDGE('',*,*,#1961,.T.);
#2617=ORIENTED_EDGE('',*,*,#1962,.F.);
#2618=ORIENTED_EDGE('',*,*,#1959,.T.);
#2619=ORIENTED_EDGE('',*,*,#1864,.F.);
#2620=ORIENTED_EDGE('',*,*,#1861,.F.);
#2621=ORIENTED_EDGE('',*,*,#1858,.F.);
#2622=ORIENTED_EDGE('',*,*,#1963,.F.);
#2623=ORIENTED_EDGE('',*,*,#1964,.F.);
#2624=ORIENTED_EDGE('',*,*,#1965,.F.);
#2625=ORIENTED_EDGE('',*,*,#1966,.F.);
#2626=ORIENTED_EDGE('',*,*,#1961,.F.);
#2627=ORIENTED_EDGE('',*,*,#1855,.F.);
#2628=ORIENTED_EDGE('',*,*,#1967,.T.);
#2629=ORIENTED_EDGE('',*,*,#1968,.F.);
#2630=ORIENTED_EDGE('',*,*,#1963,.T.);
#2631=ORIENTED_EDGE('',*,*,#1852,.F.);
#2632=ORIENTED_EDGE('',*,*,#1969,.F.);
#2633=ORIENTED_EDGE('',*,*,#1970,.F.);
#2634=ORIENTED_EDGE('',*,*,#1967,.F.);
#2635=ORIENTED_EDGE('',*,*,#1849,.F.);
#2636=ORIENTED_EDGE('',*,*,#1971,.T.);
#2637=ORIENTED_EDGE('',*,*,#1972,.F.);
#2638=ORIENTED_EDGE('',*,*,#1969,.T.);
#2639=ORIENTED_EDGE('',*,*,#1846,.F.);
#2640=ORIENTED_EDGE('',*,*,#1973,.F.);
#2641=ORIENTED_EDGE('',*,*,#1974,.F.);
#2642=ORIENTED_EDGE('',*,*,#1971,.F.);
#2643=ORIENTED_EDGE('',*,*,#1843,.F.);
#2644=ORIENTED_EDGE('',*,*,#1975,.T.);
#2645=ORIENTED_EDGE('',*,*,#1976,.F.);
#2646=ORIENTED_EDGE('',*,*,#1973,.T.);
#2647=ORIENTED_EDGE('',*,*,#1840,.F.);
#2648=ORIENTED_EDGE('',*,*,#1977,.F.);
#2649=ORIENTED_EDGE('',*,*,#1978,.F.);
#2650=ORIENTED_EDGE('',*,*,#1975,.F.);
#2651=ORIENTED_EDGE('',*,*,#1837,.F.);
#2652=ORIENTED_EDGE('',*,*,#1979,.T.);
#2653=ORIENTED_EDGE('',*,*,#1980,.F.);
#2654=ORIENTED_EDGE('',*,*,#1977,.T.);
#2655=ORIENTED_EDGE('',*,*,#1890,.F.);
#2656=ORIENTED_EDGE('',*,*,#1981,.F.);
#2657=ORIENTED_EDGE('',*,*,#1650,.T.);
#2658=ORIENTED_EDGE('',*,*,#1982,.T.);
#2659=ORIENTED_EDGE('',*,*,#1893,.F.);
#2660=ORIENTED_EDGE('',*,*,#1983,.T.);
#2661=ORIENTED_EDGE('',*,*,#1651,.F.);
#2662=ORIENTED_EDGE('',*,*,#1981,.T.);
#2663=ORIENTED_EDGE('',*,*,#1896,.F.);
#2664=ORIENTED_EDGE('',*,*,#1984,.F.);
#2665=ORIENTED_EDGE('',*,*,#1652,.F.);
#2666=ORIENTED_EDGE('',*,*,#1983,.F.);
#2667=ORIENTED_EDGE('',*,*,#1899,.F.);
#2668=ORIENTED_EDGE('',*,*,#1985,.T.);
#2669=ORIENTED_EDGE('',*,*,#1653,.T.);
#2670=ORIENTED_EDGE('',*,*,#1984,.T.);
#2671=ORIENTED_EDGE('',*,*,#1902,.F.);
#2672=ORIENTED_EDGE('',*,*,#1986,.F.);
#2673=ORIENTED_EDGE('',*,*,#1654,.F.);
#2674=ORIENTED_EDGE('',*,*,#1985,.F.);
#2675=ORIENTED_EDGE('',*,*,#1905,.F.);
#2676=ORIENTED_EDGE('',*,*,#1987,.T.);
#2677=ORIENTED_EDGE('',*,*,#1655,.F.);
#2678=ORIENTED_EDGE('',*,*,#1986,.T.);
#2679=ORIENTED_EDGE('',*,*,#1908,.F.);
#2680=ORIENTED_EDGE('',*,*,#1988,.F.);
#2681=ORIENTED_EDGE('',*,*,#1656,.F.);
#2682=ORIENTED_EDGE('',*,*,#1987,.F.);
#2683=ORIENTED_EDGE('',*,*,#1911,.F.);
#2684=ORIENTED_EDGE('',*,*,#1989,.T.);
#2685=ORIENTED_EDGE('',*,*,#1657,.F.);
#2686=ORIENTED_EDGE('',*,*,#1988,.T.);
#2687=ORIENTED_EDGE('',*,*,#1914,.F.);
#2688=ORIENTED_EDGE('',*,*,#1990,.F.);
#2689=ORIENTED_EDGE('',*,*,#1658,.F.);
#2690=ORIENTED_EDGE('',*,*,#1989,.F.);
#2691=ORIENTED_EDGE('',*,*,#1917,.F.);
#2692=ORIENTED_EDGE('',*,*,#1991,.T.);
#2693=ORIENTED_EDGE('',*,*,#1659,.T.);
#2694=ORIENTED_EDGE('',*,*,#1990,.T.);
#2695=ORIENTED_EDGE('',*,*,#1920,.F.);
#2696=ORIENTED_EDGE('',*,*,#1992,.F.);
#2697=ORIENTED_EDGE('',*,*,#1660,.F.);
#2698=ORIENTED_EDGE('',*,*,#1991,.F.);
#2699=ORIENTED_EDGE('',*,*,#1923,.F.);
#2700=ORIENTED_EDGE('',*,*,#1993,.T.);
#2701=ORIENTED_EDGE('',*,*,#1661,.F.);
#2702=ORIENTED_EDGE('',*,*,#1992,.T.);
#2703=ORIENTED_EDGE('',*,*,#1926,.F.);
#2704=ORIENTED_EDGE('',*,*,#1994,.F.);
#2705=ORIENTED_EDGE('',*,*,#1662,.F.);
#2706=ORIENTED_EDGE('',*,*,#1993,.F.);
#2707=ORIENTED_EDGE('',*,*,#1929,.F.);
#2708=ORIENTED_EDGE('',*,*,#1995,.T.);
#2709=ORIENTED_EDGE('',*,*,#1663,.T.);
#2710=ORIENTED_EDGE('',*,*,#1994,.T.);
#2711=ORIENTED_EDGE('',*,*,#1932,.F.);
#2712=ORIENTED_EDGE('',*,*,#1996,.F.);
#2713=ORIENTED_EDGE('',*,*,#1664,.F.);
#2714=ORIENTED_EDGE('',*,*,#1995,.F.);
#2715=ORIENTED_EDGE('',*,*,#1935,.F.);
#2716=ORIENTED_EDGE('',*,*,#1997,.T.);
#2717=ORIENTED_EDGE('',*,*,#1665,.F.);
#2718=ORIENTED_EDGE('',*,*,#1996,.T.);
#2719=ORIENTED_EDGE('',*,*,#1938,.F.);
#2720=ORIENTED_EDGE('',*,*,#1998,.F.);
#2721=ORIENTED_EDGE('',*,*,#1666,.F.);
#2722=ORIENTED_EDGE('',*,*,#1997,.F.);
#2723=ORIENTED_EDGE('',*,*,#1941,.F.);
#2724=ORIENTED_EDGE('',*,*,#1999,.T.);
#2725=ORIENTED_EDGE('',*,*,#1667,.F.);
#2726=ORIENTED_EDGE('',*,*,#1998,.T.);
#2727=ORIENTED_EDGE('',*,*,#1943,.F.);
#2728=ORIENTED_EDGE('',*,*,#2000,.F.);
#2729=ORIENTED_EDGE('',*,*,#1668,.F.);
#2730=ORIENTED_EDGE('',*,*,#1999,.F.);
#2731=ORIENTED_EDGE('',*,*,#1946,.F.);
#2732=ORIENTED_EDGE('',*,*,#2001,.F.);
#2733=ORIENTED_EDGE('',*,*,#1669,.F.);
#2734=ORIENTED_EDGE('',*,*,#2000,.T.);
#2735=ORIENTED_EDGE('',*,*,#1824,.F.);
#2736=ORIENTED_EDGE('',*,*,#2002,.F.);
#2737=ORIENTED_EDGE('',*,*,#1670,.F.);
#2738=ORIENTED_EDGE('',*,*,#2001,.T.);
#2739=ORIENTED_EDGE('',*,*,#1821,.T.);
#2740=ORIENTED_EDGE('',*,*,#2003,.T.);
#2741=ORIENTED_EDGE('',*,*,#2004,.T.);
#2742=ORIENTED_EDGE('',*,*,#2005,.T.);
#2743=ORIENTED_EDGE('',*,*,#2006,.T.);
#2744=ORIENTED_EDGE('',*,*,#2007,.T.);
#2745=ORIENTED_EDGE('',*,*,#2003,.F.);
#2746=ORIENTED_EDGE('',*,*,#2008,.T.);
#2747=ORIENTED_EDGE('',*,*,#2009,.T.);
#2748=ORIENTED_EDGE('',*,*,#2010,.T.);
#2749=ORIENTED_EDGE('',*,*,#2006,.F.);
#2750=ORIENTED_EDGE('',*,*,#2011,.T.);
#2751=ORIENTED_EDGE('',*,*,#2012,.T.);
#2752=ORIENTED_EDGE('',*,*,#2013,.T.);
#2753=ORIENTED_EDGE('',*,*,#2009,.F.);
#2754=ORIENTED_EDGE('',*,*,#2014,.T.);
#2755=ORIENTED_EDGE('',*,*,#2015,.T.);
#2756=ORIENTED_EDGE('',*,*,#2016,.T.);
#2757=ORIENTED_EDGE('',*,*,#2012,.F.);
#2758=ORIENTED_EDGE('',*,*,#2017,.T.);
#2759=ORIENTED_EDGE('',*,*,#2018,.T.);
#2760=ORIENTED_EDGE('',*,*,#2019,.T.);
#2761=ORIENTED_EDGE('',*,*,#2015,.F.);
#2762=ORIENTED_EDGE('',*,*,#2020,.T.);
#2763=ORIENTED_EDGE('',*,*,#2021,.T.);
#2764=ORIENTED_EDGE('',*,*,#2022,.T.);
#2765=ORIENTED_EDGE('',*,*,#2018,.F.);
#2766=ORIENTED_EDGE('',*,*,#2023,.T.);
#2767=ORIENTED_EDGE('',*,*,#2024,.T.);
#2768=ORIENTED_EDGE('',*,*,#2025,.T.);
#2769=ORIENTED_EDGE('',*,*,#2021,.F.);
#2770=ORIENTED_EDGE('',*,*,#2026,.T.);
#2771=ORIENTED_EDGE('',*,*,#2027,.T.);
#2772=ORIENTED_EDGE('',*,*,#2028,.T.);
#2773=ORIENTED_EDGE('',*,*,#2024,.F.);
#2774=ORIENTED_EDGE('',*,*,#2029,.T.);
#2775=ORIENTED_EDGE('',*,*,#2030,.T.);
#2776=ORIENTED_EDGE('',*,*,#2031,.T.);
#2777=ORIENTED_EDGE('',*,*,#2027,.F.);
#2778=ORIENTED_EDGE('',*,*,#2032,.T.);
#2779=ORIENTED_EDGE('',*,*,#2033,.T.);
#2780=ORIENTED_EDGE('',*,*,#2034,.T.);
#2781=ORIENTED_EDGE('',*,*,#2030,.F.);
#2782=ORIENTED_EDGE('',*,*,#2035,.T.);
#2783=ORIENTED_EDGE('',*,*,#2036,.T.);
#2784=ORIENTED_EDGE('',*,*,#2037,.T.);
#2785=ORIENTED_EDGE('',*,*,#2033,.F.);
#2786=ORIENTED_EDGE('',*,*,#2038,.T.);
#2787=ORIENTED_EDGE('',*,*,#2039,.T.);
#2788=ORIENTED_EDGE('',*,*,#1980,.T.);
#2789=ORIENTED_EDGE('',*,*,#2036,.F.);
#2790=ORIENTED_EDGE('',*,*,#2040,.T.);
#2791=ORIENTED_EDGE('',*,*,#2041,.T.);
#2792=ORIENTED_EDGE('',*,*,#1978,.T.);
#2793=ORIENTED_EDGE('',*,*,#2039,.F.);
#2794=ORIENTED_EDGE('',*,*,#2042,.T.);
#2795=ORIENTED_EDGE('',*,*,#2043,.T.);
#2796=ORIENTED_EDGE('',*,*,#1976,.T.);
#2797=ORIENTED_EDGE('',*,*,#2041,.F.);
#2798=ORIENTED_EDGE('',*,*,#2044,.T.);
#2799=ORIENTED_EDGE('',*,*,#2045,.T.);
#2800=ORIENTED_EDGE('',*,*,#1974,.T.);
#2801=ORIENTED_EDGE('',*,*,#2043,.F.);
#2802=ORIENTED_EDGE('',*,*,#2046,.T.);
#2803=ORIENTED_EDGE('',*,*,#2047,.T.);
#2804=ORIENTED_EDGE('',*,*,#1972,.T.);
#2805=ORIENTED_EDGE('',*,*,#2045,.F.);
#2806=ORIENTED_EDGE('',*,*,#2048,.T.);
#2807=ORIENTED_EDGE('',*,*,#2049,.T.);
#2808=ORIENTED_EDGE('',*,*,#1970,.T.);
#2809=ORIENTED_EDGE('',*,*,#2047,.F.);
#2810=ORIENTED_EDGE('',*,*,#2050,.T.);
#2811=ORIENTED_EDGE('',*,*,#2051,.T.);
#2812=ORIENTED_EDGE('',*,*,#1968,.T.);
#2813=ORIENTED_EDGE('',*,*,#2049,.F.);
#2814=ORIENTED_EDGE('',*,*,#2052,.T.);
#2815=ORIENTED_EDGE('',*,*,#2053,.T.);
#2816=ORIENTED_EDGE('',*,*,#1964,.T.);
#2817=ORIENTED_EDGE('',*,*,#2051,.F.);
#2818=ORIENTED_EDGE('',*,*,#2054,.T.);
#2819=ORIENTED_EDGE('',*,*,#2055,.T.);
#2820=ORIENTED_EDGE('',*,*,#1965,.T.);
#2821=ORIENTED_EDGE('',*,*,#2053,.F.);
#2822=ORIENTED_EDGE('',*,*,#2056,.T.);
#2823=ORIENTED_EDGE('',*,*,#2057,.T.);
#2824=ORIENTED_EDGE('',*,*,#1966,.T.);
#2825=ORIENTED_EDGE('',*,*,#2055,.F.);
#2826=ORIENTED_EDGE('',*,*,#2058,.T.);
#2827=ORIENTED_EDGE('',*,*,#2059,.T.);
#2828=ORIENTED_EDGE('',*,*,#1962,.T.);
#2829=ORIENTED_EDGE('',*,*,#2057,.F.);
#2830=ORIENTED_EDGE('',*,*,#2060,.T.);
#2831=ORIENTED_EDGE('',*,*,#2061,.T.);
#2832=ORIENTED_EDGE('',*,*,#1960,.T.);
#2833=ORIENTED_EDGE('',*,*,#2059,.F.);
#2834=ORIENTED_EDGE('',*,*,#2062,.T.);
#2835=ORIENTED_EDGE('',*,*,#2063,.T.);
#2836=ORIENTED_EDGE('',*,*,#1958,.T.);
#2837=ORIENTED_EDGE('',*,*,#2061,.F.);
#2838=ORIENTED_EDGE('',*,*,#2064,.T.);
#2839=ORIENTED_EDGE('',*,*,#2065,.T.);
#2840=ORIENTED_EDGE('',*,*,#1956,.T.);
#2841=ORIENTED_EDGE('',*,*,#2063,.F.);
#2842=ORIENTED_EDGE('',*,*,#2066,.T.);
#2843=ORIENTED_EDGE('',*,*,#2067,.T.);
#2844=ORIENTED_EDGE('',*,*,#1954,.T.);
#2845=ORIENTED_EDGE('',*,*,#2065,.F.);
#2846=ORIENTED_EDGE('',*,*,#2068,.T.);
#2847=ORIENTED_EDGE('',*,*,#2069,.T.);
#2848=ORIENTED_EDGE('',*,*,#1952,.T.);
#2849=ORIENTED_EDGE('',*,*,#2067,.F.);
#2850=ORIENTED_EDGE('',*,*,#2070,.T.);
#2851=ORIENTED_EDGE('',*,*,#2071,.T.);
#2852=ORIENTED_EDGE('',*,*,#1949,.T.);
#2853=ORIENTED_EDGE('',*,*,#2069,.F.);
#2854=ORIENTED_EDGE('',*,*,#2072,.T.);
#2855=ORIENTED_EDGE('',*,*,#2073,.T.);
#2856=ORIENTED_EDGE('',*,*,#2074,.T.);
#2857=ORIENTED_EDGE('',*,*,#2071,.F.);
#2858=ORIENTED_EDGE('',*,*,#2075,.T.);
#2859=ORIENTED_EDGE('',*,*,#2076,.T.);
#2860=ORIENTED_EDGE('',*,*,#2077,.T.);
#2861=ORIENTED_EDGE('',*,*,#2073,.F.);
#2862=ORIENTED_EDGE('',*,*,#2078,.T.);
#2863=ORIENTED_EDGE('',*,*,#2079,.T.);
#2864=ORIENTED_EDGE('',*,*,#2080,.T.);
#2865=ORIENTED_EDGE('',*,*,#2076,.F.);
#2866=ORIENTED_EDGE('',*,*,#2081,.T.);
#2867=ORIENTED_EDGE('',*,*,#2082,.T.);
#2868=ORIENTED_EDGE('',*,*,#2083,.T.);
#2869=ORIENTED_EDGE('',*,*,#2079,.F.);
#2870=ORIENTED_EDGE('',*,*,#1792,.T.);
#2871=ORIENTED_EDGE('',*,*,#2084,.T.);
#2872=ORIENTED_EDGE('',*,*,#2085,.T.);
#2873=ORIENTED_EDGE('',*,*,#2082,.F.);
#2874=ORIENTED_EDGE('',*,*,#1795,.T.);
#2875=ORIENTED_EDGE('',*,*,#2086,.T.);
#2876=ORIENTED_EDGE('',*,*,#2087,.T.);
#2877=ORIENTED_EDGE('',*,*,#2084,.F.);
#2878=ORIENTED_EDGE('',*,*,#1797,.T.);
#2879=ORIENTED_EDGE('',*,*,#2088,.T.);
#2880=ORIENTED_EDGE('',*,*,#2089,.T.);
#2881=ORIENTED_EDGE('',*,*,#2086,.F.);
#2882=ORIENTED_EDGE('',*,*,#1799,.T.);
#2883=ORIENTED_EDGE('',*,*,#2090,.T.);
#2884=ORIENTED_EDGE('',*,*,#2091,.T.);
#2885=ORIENTED_EDGE('',*,*,#2088,.F.);
#2886=ORIENTED_EDGE('',*,*,#1801,.T.);
#2887=ORIENTED_EDGE('',*,*,#2092,.T.);
#2888=ORIENTED_EDGE('',*,*,#2093,.T.);
#2889=ORIENTED_EDGE('',*,*,#2090,.F.);
#2890=ORIENTED_EDGE('',*,*,#1803,.T.);
#2891=ORIENTED_EDGE('',*,*,#2094,.T.);
#2892=ORIENTED_EDGE('',*,*,#2095,.T.);
#2893=ORIENTED_EDGE('',*,*,#2092,.F.);
#2894=ORIENTED_EDGE('',*,*,#1805,.T.);
#2895=ORIENTED_EDGE('',*,*,#2096,.T.);
#2896=ORIENTED_EDGE('',*,*,#2097,.T.);
#2897=ORIENTED_EDGE('',*,*,#2094,.F.);
#2898=ORIENTED_EDGE('',*,*,#1807,.T.);
#2899=ORIENTED_EDGE('',*,*,#2098,.T.);
#2900=ORIENTED_EDGE('',*,*,#2099,.T.);
#2901=ORIENTED_EDGE('',*,*,#2096,.F.);
#2902=ORIENTED_EDGE('',*,*,#1809,.T.);
#2903=ORIENTED_EDGE('',*,*,#2100,.T.);
#2904=ORIENTED_EDGE('',*,*,#2101,.T.);
#2905=ORIENTED_EDGE('',*,*,#2098,.F.);
#2906=ORIENTED_EDGE('',*,*,#1811,.T.);
#2907=ORIENTED_EDGE('',*,*,#2102,.T.);
#2908=ORIENTED_EDGE('',*,*,#2103,.T.);
#2909=ORIENTED_EDGE('',*,*,#2100,.F.);
#2910=ORIENTED_EDGE('',*,*,#1813,.T.);
#2911=ORIENTED_EDGE('',*,*,#2104,.T.);
#2912=ORIENTED_EDGE('',*,*,#2105,.T.);
#2913=ORIENTED_EDGE('',*,*,#2102,.F.);
#2914=ORIENTED_EDGE('',*,*,#1815,.T.);
#2915=ORIENTED_EDGE('',*,*,#2106,.T.);
#2916=ORIENTED_EDGE('',*,*,#2107,.T.);
#2917=ORIENTED_EDGE('',*,*,#2104,.F.);
#2918=ORIENTED_EDGE('',*,*,#1817,.T.);
#2919=ORIENTED_EDGE('',*,*,#2108,.T.);
#2920=ORIENTED_EDGE('',*,*,#2106,.F.);
#2921=ORIENTED_EDGE('',*,*,#1819,.T.);
#2922=ORIENTED_EDGE('',*,*,#2005,.F.);
#2923=ORIENTED_EDGE('',*,*,#1888,.F.);
#2924=ORIENTED_EDGE('',*,*,#1950,.F.);
#2925=ORIENTED_EDGE('',*,*,#2074,.F.);
#2926=ORIENTED_EDGE('',*,*,#2077,.F.);
#2927=ORIENTED_EDGE('',*,*,#2080,.F.);
#2928=ORIENTED_EDGE('',*,*,#2083,.F.);
#2929=ORIENTED_EDGE('',*,*,#2085,.F.);
#2930=ORIENTED_EDGE('',*,*,#2087,.F.);
#2931=ORIENTED_EDGE('',*,*,#2089,.F.);
#2932=ORIENTED_EDGE('',*,*,#2091,.F.);
#2933=ORIENTED_EDGE('',*,*,#2093,.F.);
#2934=ORIENTED_EDGE('',*,*,#2095,.F.);
#2935=ORIENTED_EDGE('',*,*,#2097,.F.);
#2936=ORIENTED_EDGE('',*,*,#2099,.F.);
#2937=ORIENTED_EDGE('',*,*,#2101,.F.);
#2938=ORIENTED_EDGE('',*,*,#2103,.F.);
#2939=ORIENTED_EDGE('',*,*,#2105,.F.);
#2940=ORIENTED_EDGE('',*,*,#2107,.F.);
#2941=ORIENTED_EDGE('',*,*,#2108,.F.);
#2942=ORIENTED_EDGE('',*,*,#2004,.F.);
#2943=ORIENTED_EDGE('',*,*,#2007,.F.);
#2944=ORIENTED_EDGE('',*,*,#2010,.F.);
#2945=ORIENTED_EDGE('',*,*,#2013,.F.);
#2946=ORIENTED_EDGE('',*,*,#2016,.F.);
#2947=ORIENTED_EDGE('',*,*,#2019,.F.);
#2948=ORIENTED_EDGE('',*,*,#2022,.F.);
#2949=ORIENTED_EDGE('',*,*,#2025,.F.);
#2950=ORIENTED_EDGE('',*,*,#2028,.F.);
#2951=ORIENTED_EDGE('',*,*,#2031,.F.);
#2952=ORIENTED_EDGE('',*,*,#2034,.F.);
#2953=ORIENTED_EDGE('',*,*,#2037,.F.);
#2954=ORIENTED_EDGE('',*,*,#1979,.F.);
#2955=ORIENTED_EDGE('',*,*,#1832,.F.);
#2956=ORIENTED_EDGE('',*,*,#1829,.F.);
#2957=ORIENTED_EDGE('',*,*,#1826,.F.);
#2958=ORIENTED_EDGE('',*,*,#1822,.F.);
#2959=ORIENTED_EDGE('',*,*,#1947,.F.);
#2960=ORIENTED_EDGE('',*,*,#1944,.F.);
#2961=ORIENTED_EDGE('',*,*,#1942,.F.);
#2962=ORIENTED_EDGE('',*,*,#1939,.F.);
#2963=ORIENTED_EDGE('',*,*,#1936,.F.);
#2964=ORIENTED_EDGE('',*,*,#1933,.F.);
#2965=ORIENTED_EDGE('',*,*,#1930,.F.);
#2966=ORIENTED_EDGE('',*,*,#1927,.F.);
#2967=ORIENTED_EDGE('',*,*,#1924,.F.);
#2968=ORIENTED_EDGE('',*,*,#1921,.F.);
#2969=ORIENTED_EDGE('',*,*,#1918,.F.);
#2970=ORIENTED_EDGE('',*,*,#1915,.F.);
#2971=ORIENTED_EDGE('',*,*,#1912,.F.);
#2972=ORIENTED_EDGE('',*,*,#1909,.F.);
#2973=ORIENTED_EDGE('',*,*,#1906,.F.);
#2974=ORIENTED_EDGE('',*,*,#1903,.F.);
#2975=ORIENTED_EDGE('',*,*,#1900,.F.);
#2976=ORIENTED_EDGE('',*,*,#1897,.F.);
#2977=ORIENTED_EDGE('',*,*,#1894,.F.);
#2978=ORIENTED_EDGE('',*,*,#1891,.F.);
#2979=ORIENTED_EDGE('',*,*,#1739,.F.);
#2980=ORIENTED_EDGE('',*,*,#2109,.T.);
#2981=ORIENTED_EDGE('',*,*,#2056,.F.);
#2982=ORIENTED_EDGE('',*,*,#2110,.T.);
#2983=ORIENTED_EDGE('',*,*,#1736,.F.);
#2984=ORIENTED_EDGE('',*,*,#2110,.F.);
#2985=ORIENTED_EDGE('',*,*,#2054,.F.);
#2986=ORIENTED_EDGE('',*,*,#2052,.F.);
#2987=ORIENTED_EDGE('',*,*,#2050,.F.);
#2988=ORIENTED_EDGE('',*,*,#2048,.F.);
#2989=ORIENTED_EDGE('',*,*,#2046,.F.);
#2990=ORIENTED_EDGE('',*,*,#2044,.F.);
#2991=ORIENTED_EDGE('',*,*,#2042,.F.);
#2992=ORIENTED_EDGE('',*,*,#2040,.F.);
#2993=ORIENTED_EDGE('',*,*,#2038,.F.);
#2994=ORIENTED_EDGE('',*,*,#2111,.F.);
#2995=ORIENTED_EDGE('',*,*,#1733,.F.);
#2996=ORIENTED_EDGE('',*,*,#2111,.T.);
#2997=ORIENTED_EDGE('',*,*,#2035,.F.);
#2998=ORIENTED_EDGE('',*,*,#2112,.T.);
#2999=ORIENTED_EDGE('',*,*,#1730,.F.);
#3000=ORIENTED_EDGE('',*,*,#2112,.F.);
#3001=ORIENTED_EDGE('',*,*,#2032,.F.);
#3002=ORIENTED_EDGE('',*,*,#2113,.F.);
#3003=ORIENTED_EDGE('',*,*,#1727,.F.);
#3004=ORIENTED_EDGE('',*,*,#2113,.T.);
#3005=ORIENTED_EDGE('',*,*,#2029,.F.);
#3006=ORIENTED_EDGE('',*,*,#2114,.T.);
#3007=ORIENTED_EDGE('',*,*,#1724,.F.);
#3008=ORIENTED_EDGE('',*,*,#2114,.F.);
#3009=ORIENTED_EDGE('',*,*,#2026,.F.);
#3010=ORIENTED_EDGE('',*,*,#2115,.F.);
#3011=ORIENTED_EDGE('',*,*,#1721,.F.);
#3012=ORIENTED_EDGE('',*,*,#2115,.T.);
#3013=ORIENTED_EDGE('',*,*,#2023,.F.);
#3014=ORIENTED_EDGE('',*,*,#2116,.T.);
#3015=ORIENTED_EDGE('',*,*,#1718,.F.);
#3016=ORIENTED_EDGE('',*,*,#2116,.F.);
#3017=ORIENTED_EDGE('',*,*,#2020,.F.);
#3018=ORIENTED_EDGE('',*,*,#2117,.F.);
#3019=ORIENTED_EDGE('',*,*,#1715,.F.);
#3020=ORIENTED_EDGE('',*,*,#2117,.T.);
#3021=ORIENTED_EDGE('',*,*,#2017,.F.);
#3022=ORIENTED_EDGE('',*,*,#2118,.T.);
#3023=ORIENTED_EDGE('',*,*,#1712,.F.);
#3024=ORIENTED_EDGE('',*,*,#2118,.F.);
#3025=ORIENTED_EDGE('',*,*,#2014,.F.);
#3026=ORIENTED_EDGE('',*,*,#2119,.F.);
#3027=ORIENTED_EDGE('',*,*,#1709,.F.);
#3028=ORIENTED_EDGE('',*,*,#2119,.T.);
#3029=ORIENTED_EDGE('',*,*,#2011,.F.);
#3030=ORIENTED_EDGE('',*,*,#2120,.T.);
#3031=ORIENTED_EDGE('',*,*,#1706,.F.);
#3032=ORIENTED_EDGE('',*,*,#2120,.F.);
#3033=ORIENTED_EDGE('',*,*,#2008,.F.);
#3034=ORIENTED_EDGE('',*,*,#1820,.F.);
#3035=ORIENTED_EDGE('',*,*,#1748,.F.);
#3036=ORIENTED_EDGE('',*,*,#1793,.T.);
#3037=ORIENTED_EDGE('',*,*,#2081,.F.);
#3038=ORIENTED_EDGE('',*,*,#2121,.T.);
#3039=ORIENTED_EDGE('',*,*,#1887,.F.);
#3040=ORIENTED_EDGE('',*,*,#1982,.F.);
#3041=ORIENTED_EDGE('',*,*,#1649,.F.);
#3042=ORIENTED_EDGE('',*,*,#2122,.F.);
#3043=ORIENTED_EDGE('',*,*,#1863,.F.);
#3044=ORIENTED_EDGE('',*,*,#1866,.F.);
#3045=ORIENTED_EDGE('',*,*,#1869,.F.);
#3046=ORIENTED_EDGE('',*,*,#1872,.F.);
#3047=ORIENTED_EDGE('',*,*,#1875,.F.);
#3048=ORIENTED_EDGE('',*,*,#1878,.F.);
#3049=ORIENTED_EDGE('',*,*,#1881,.F.);
#3050=ORIENTED_EDGE('',*,*,#1884,.F.);
#3051=ORIENTED_EDGE('',*,*,#1745,.F.);
#3052=ORIENTED_EDGE('',*,*,#2121,.F.);
#3053=ORIENTED_EDGE('',*,*,#2078,.F.);
#3054=ORIENTED_EDGE('',*,*,#2123,.T.);
#3055=ORIENTED_EDGE('',*,*,#1860,.F.);
#3056=ORIENTED_EDGE('',*,*,#2122,.T.);
#3057=ORIENTED_EDGE('',*,*,#1648,.F.);
#3058=ORIENTED_EDGE('',*,*,#2124,.T.);
#3059=ORIENTED_EDGE('',*,*,#1857,.F.);
#3060=ORIENTED_EDGE('',*,*,#2124,.F.);
#3061=ORIENTED_EDGE('',*,*,#1673,.F.);
#3062=ORIENTED_EDGE('',*,*,#2125,.T.);
#3063=ORIENTED_EDGE('',*,*,#1834,.F.);
#3064=ORIENTED_EDGE('',*,*,#1836,.F.);
#3065=ORIENTED_EDGE('',*,*,#1839,.F.);
#3066=ORIENTED_EDGE('',*,*,#1842,.F.);
#3067=ORIENTED_EDGE('',*,*,#1845,.F.);
#3068=ORIENTED_EDGE('',*,*,#1848,.F.);
#3069=ORIENTED_EDGE('',*,*,#1851,.F.);
#3070=ORIENTED_EDGE('',*,*,#1854,.F.);
#3071=ORIENTED_EDGE('',*,*,#1831,.F.);
#3072=ORIENTED_EDGE('',*,*,#2125,.F.);
#3073=ORIENTED_EDGE('',*,*,#1672,.F.);
#3074=ORIENTED_EDGE('',*,*,#2126,.T.);
#3075=ORIENTED_EDGE('',*,*,#1828,.F.);
#3076=ORIENTED_EDGE('',*,*,#2126,.F.);
#3077=ORIENTED_EDGE('',*,*,#1671,.F.);
#3078=ORIENTED_EDGE('',*,*,#2002,.T.);
#3079=ORIENTED_EDGE('',*,*,#1742,.F.);
#3080=ORIENTED_EDGE('',*,*,#2123,.F.);
#3081=ORIENTED_EDGE('',*,*,#2075,.F.);
#3082=ORIENTED_EDGE('',*,*,#2072,.F.);
#3083=ORIENTED_EDGE('',*,*,#2070,.F.);
#3084=ORIENTED_EDGE('',*,*,#2068,.F.);
#3085=ORIENTED_EDGE('',*,*,#2066,.F.);
#3086=ORIENTED_EDGE('',*,*,#2064,.F.);
#3087=ORIENTED_EDGE('',*,*,#2062,.F.);
#3088=ORIENTED_EDGE('',*,*,#2060,.F.);
#3089=ORIENTED_EDGE('',*,*,#2058,.F.);
#3090=ORIENTED_EDGE('',*,*,#2109,.F.);
#3091=CONICAL_SURFACE('',#3310,4.50000000000001,0.78539816339745);
#3092=CONICAL_SURFACE('',#3329,4.50000000000001,0.78539816339745);
#3093=CONICAL_SURFACE('',#3331,4.50000000000001,0.78539816339745);
#3094=CONICAL_SURFACE('',#3333,4.50000000000001,0.78539816339745);
#3095=CONICAL_SURFACE('',#3335,4.50000000000001,0.78539816339745);
#3096=ADVANCED_FACE('',(#239),#3091,.T.);
#3097=ADVANCED_FACE('',(#240,#180,#181,#182,#183,#184),#190,.T.);
#3098=ADVANCED_FACE('',(#241),#3092,.T.);
#3099=ADVANCED_FACE('',(#242),#3093,.T.);
#3100=ADVANCED_FACE('',(#243),#3094,.T.);
#3101=ADVANCED_FACE('',(#244),#3095,.T.);
#3102=ADVANCED_FACE('',(#245),#81,.F.);
#3103=ADVANCED_FACE('',(#246,#185),#191,.T.);
#3104=ADVANCED_FACE('',(#247),#82,.F.);
#3105=ADVANCED_FACE('',(#248,#186),#192,.T.);
#3106=ADVANCED_FACE('',(#249),#83,.F.);
#3107=ADVANCED_FACE('',(#250,#187),#193,.T.);
#3108=ADVANCED_FACE('',(#251),#84,.F.);
#3109=ADVANCED_FACE('',(#252,#188),#194,.T.);
#3110=ADVANCED_FACE('',(#253),#85,.F.);
#3111=ADVANCED_FACE('',(#254,#189),#195,.T.);
#3112=ADVANCED_FACE('',(#255),#196,.T.);
#3113=ADVANCED_FACE('',(#256),#197,.T.);
#3114=ADVANCED_FACE('',(#257),#198,.T.);
#3115=ADVANCED_FACE('',(#258),#199,.T.);
#3116=ADVANCED_FACE('',(#259),#200,.T.);
#3117=ADVANCED_FACE('',(#260),#71,.F.);
#3118=ADVANCED_FACE('',(#261),#86,.T.);
#3119=ADVANCED_FACE('',(#262),#20,.T.);
#3120=ADVANCED_FACE('',(#263),#87,.T.);
#3121=ADVANCED_FACE('',(#264),#72,.F.);
#3122=ADVANCED_FACE('',(#265),#88,.T.);
#3123=ADVANCED_FACE('',(#266),#21,.T.);
#3124=ADVANCED_FACE('',(#267),#89,.T.);
#3125=ADVANCED_FACE('',(#268),#73,.F.);
#3126=ADVANCED_FACE('',(#269),#90,.T.);
#3127=ADVANCED_FACE('',(#270),#74,.F.);
#3128=ADVANCED_FACE('',(#271),#91,.T.);
#3129=ADVANCED_FACE('',(#272),#75,.F.);
#3130=ADVANCED_FACE('',(#273),#92,.T.);
#3131=ADVANCED_FACE('',(#274),#22,.T.);
#3132=ADVANCED_FACE('',(#275),#76,.F.);
#3133=ADVANCED_FACE('',(#276),#93,.T.);
#3134=ADVANCED_FACE('',(#277),#23,.T.);
#3135=ADVANCED_FACE('',(#278),#94,.T.);
#3136=ADVANCED_FACE('',(#279),#77,.F.);
#3137=ADVANCED_FACE('',(#280),#95,.T.);
#3138=ADVANCED_FACE('',(#281),#78,.F.);
#3139=ADVANCED_FACE('',(#282),#24,.T.);
#3140=ADVANCED_FACE('',(#283),#96,.T.);
#3141=ADVANCED_FACE('',(#284),#79,.F.);
#3142=ADVANCED_FACE('',(#285),#97,.T.);
#3143=ADVANCED_FACE('',(#286),#25,.T.);
#3144=ADVANCED_FACE('',(#287),#98,.T.);
#3145=ADVANCED_FACE('',(#288),#80,.F.);
#3146=ADVANCED_FACE('',(#289),#99,.T.);
#3147=ADVANCED_FACE('',(#290),#201,.T.);
#3148=ADVANCED_FACE('',(#291),#100,.F.);
#3149=ADVANCED_FACE('',(#292),#202,.T.);
#3150=ADVANCED_FACE('',(#293),#101,.T.);
#3151=ADVANCED_FACE('',(#294),#203,.T.);
#3152=ADVANCED_FACE('',(#295),#102,.T.);
#3153=ADVANCED_FACE('',(#296),#103,.F.);
#3154=ADVANCED_FACE('',(#297),#204,.T.);
#3155=ADVANCED_FACE('',(#298),#104,.T.);
#3156=ADVANCED_FACE('',(#299),#205,.T.);
#3157=ADVANCED_FACE('',(#300),#105,.F.);
#3158=ADVANCED_FACE('',(#301),#206,.T.);
#3159=ADVANCED_FACE('',(#302),#106,.T.);
#3160=ADVANCED_FACE('',(#303),#207,.T.);
#3161=ADVANCED_FACE('',(#304),#107,.T.);
#3162=ADVANCED_FACE('',(#305),#208,.F.);
#3163=ADVANCED_FACE('',(#306),#108,.T.);
#3164=ADVANCED_FACE('',(#307),#109,.T.);
#3165=ADVANCED_FACE('',(#308),#110,.T.);
#3166=ADVANCED_FACE('',(#309),#111,.T.);
#3167=ADVANCED_FACE('',(#310),#26,.T.);
#3168=ADVANCED_FACE('',(#311),#112,.T.);
#3169=ADVANCED_FACE('',(#312),#27,.T.);
#3170=ADVANCED_FACE('',(#313),#113,.T.);
#3171=ADVANCED_FACE('',(#314),#28,.T.);
#3172=ADVANCED_FACE('',(#315),#114,.T.);
#3173=ADVANCED_FACE('',(#316),#29,.T.);
#3174=ADVANCED_FACE('',(#317),#115,.T.);
#3175=ADVANCED_FACE('',(#318),#30,.T.);
#3176=ADVANCED_FACE('',(#319),#116,.T.);
#3177=ADVANCED_FACE('',(#320),#31,.T.);
#3178=ADVANCED_FACE('',(#321),#117,.T.);
#3179=ADVANCED_FACE('',(#322),#32,.T.);
#3180=ADVANCED_FACE('',(#323),#118,.T.);
#3181=ADVANCED_FACE('',(#324),#33,.T.);
#3182=ADVANCED_FACE('',(#325),#119,.T.);
#3183=ADVANCED_FACE('',(#326),#34,.T.);
#3184=ADVANCED_FACE('',(#327),#120,.T.);
#3185=ADVANCED_FACE('',(#328),#35,.T.);
#3186=ADVANCED_FACE('',(#329),#36,.T.);
#3187=ADVANCED_FACE('',(#330),#121,.T.);
#3188=ADVANCED_FACE('',(#331),#37,.T.);
#3189=ADVANCED_FACE('',(#332),#122,.T.);
#3190=ADVANCED_FACE('',(#333),#38,.T.);
#3191=ADVANCED_FACE('',(#334),#123,.T.);
#3192=ADVANCED_FACE('',(#335),#39,.T.);
#3193=ADVANCED_FACE('',(#336),#124,.T.);
#3194=ADVANCED_FACE('',(#337),#40,.T.);
#3195=ADVANCED_FACE('',(#338),#125,.T.);
#3196=ADVANCED_FACE('',(#339),#41,.T.);
#3197=ADVANCED_FACE('',(#340),#126,.T.);
#3198=ADVANCED_FACE('',(#341),#42,.T.);
#3199=ADVANCED_FACE('',(#342),#127,.T.);
#3200=ADVANCED_FACE('',(#343),#43,.T.);
#3201=ADVANCED_FACE('',(#344),#128,.T.);
#3202=ADVANCED_FACE('',(#345),#44,.T.);
#3203=ADVANCED_FACE('',(#346),#129,.T.);
#3204=ADVANCED_FACE('',(#347),#130,.T.);
#3205=ADVANCED_FACE('',(#348),#131,.T.);
#3206=ADVANCED_FACE('',(#349),#209,.T.);
#3207=ADVANCED_FACE('',(#350),#132,.F.);
#3208=ADVANCED_FACE('',(#351),#210,.T.);
#3209=ADVANCED_FACE('',(#352),#133,.F.);
#3210=ADVANCED_FACE('',(#353),#211,.T.);
#3211=ADVANCED_FACE('',(#354),#134,.T.);
#3212=ADVANCED_FACE('',(#355),#212,.T.);
#3213=ADVANCED_FACE('',(#356),#135,.T.);
#3214=ADVANCED_FACE('',(#357),#213,.T.);
#3215=ADVANCED_FACE('',(#358),#136,.F.);
#3216=ADVANCED_FACE('',(#359),#214,.T.);
#3217=ADVANCED_FACE('',(#360),#137,.F.);
#3218=ADVANCED_FACE('',(#361),#215,.T.);
#3219=ADVANCED_FACE('',(#362),#138,.T.);
#3220=ADVANCED_FACE('',(#363),#139,.T.);
#3221=ADVANCED_FACE('',(#364),#140,.F.);
#3222=ADVANCED_FACE('',(#365),#216,.T.);
#3223=ADVANCED_FACE('',(#366),#141,.T.);
#3224=ADVANCED_FACE('',(#367),#217,.T.);
#3225=ADVANCED_FACE('',(#368),#142,.F.);
#3226=ADVANCED_FACE('',(#369),#218,.T.);
#3227=ADVANCED_FACE('',(#370),#143,.F.);
#3228=ADVANCED_FACE('',(#371),#219,.T.);
#3229=ADVANCED_FACE('',(#372),#144,.T.);
#3230=ADVANCED_FACE('',(#373),#220,.T.);
#3231=ADVANCED_FACE('',(#374),#145,.F.);
#3232=ADVANCED_FACE('',(#375),#221,.T.);
#3233=ADVANCED_FACE('',(#376),#146,.T.);
#3234=ADVANCED_FACE('',(#377),#222,.T.);
#3235=ADVANCED_FACE('',(#378),#147,.F.);
#3236=ADVANCED_FACE('',(#379),#223,.T.);
#3237=ADVANCED_FACE('',(#380),#148,.F.);
#3238=ADVANCED_FACE('',(#381),#224,.T.);
#3239=ADVANCED_FACE('',(#382),#225,.T.);
#3240=ADVANCED_FACE('',(#383),#226,.T.);
#3241=ADVANCED_FACE('',(#384),#45,.T.);
#3242=ADVANCED_FACE('',(#385),#149,.T.);
#3243=ADVANCED_FACE('',(#386),#46,.T.);
#3244=ADVANCED_FACE('',(#387),#150,.T.);
#3245=ADVANCED_FACE('',(#388),#47,.T.);
#3246=ADVANCED_FACE('',(#389),#151,.T.);
#3247=ADVANCED_FACE('',(#390),#48,.T.);
#3248=ADVANCED_FACE('',(#391),#152,.T.);
#3249=ADVANCED_FACE('',(#392),#49,.T.);
#3250=ADVANCED_FACE('',(#393),#153,.T.);
#3251=ADVANCED_FACE('',(#394),#50,.T.);
#3252=ADVANCED_FACE('',(#395),#154,.T.);
#3253=ADVANCED_FACE('',(#396),#51,.T.);
#3254=ADVANCED_FACE('',(#397),#155,.T.);
#3255=ADVANCED_FACE('',(#398),#52,.T.);
#3256=ADVANCED_FACE('',(#399),#156,.T.);
#3257=ADVANCED_FACE('',(#400),#53,.T.);
#3258=ADVANCED_FACE('',(#401),#157,.T.);
#3259=ADVANCED_FACE('',(#402),#54,.T.);
#3260=ADVANCED_FACE('',(#403),#158,.T.);
#3261=ADVANCED_FACE('',(#404),#55,.T.);
#3262=ADVANCED_FACE('',(#405),#159,.T.);
#3263=ADVANCED_FACE('',(#406),#56,.T.);
#3264=ADVANCED_FACE('',(#407),#160,.T.);
#3265=ADVANCED_FACE('',(#408),#57,.T.);
#3266=ADVANCED_FACE('',(#409),#161,.T.);
#3267=ADVANCED_FACE('',(#410),#58,.T.);
#3268=ADVANCED_FACE('',(#411),#162,.T.);
#3269=ADVANCED_FACE('',(#412),#59,.T.);
#3270=ADVANCED_FACE('',(#413),#163,.T.);
#3271=ADVANCED_FACE('',(#414),#60,.T.);
#3272=ADVANCED_FACE('',(#415),#61,.T.);
#3273=ADVANCED_FACE('',(#416),#164,.T.);
#3274=ADVANCED_FACE('',(#417),#62,.T.);
#3275=ADVANCED_FACE('',(#418),#165,.T.);
#3276=ADVANCED_FACE('',(#419),#63,.T.);
#3277=ADVANCED_FACE('',(#420),#166,.T.);
#3278=ADVANCED_FACE('',(#421),#64,.T.);
#3279=ADVANCED_FACE('',(#422),#65,.T.);
#3280=ADVANCED_FACE('',(#423),#167,.T.);
#3281=ADVANCED_FACE('',(#424),#66,.T.);
#3282=ADVANCED_FACE('',(#425),#168,.T.);
#3283=ADVANCED_FACE('',(#426),#67,.T.);
#3284=ADVANCED_FACE('',(#427),#169,.T.);
#3285=ADVANCED_FACE('',(#428),#68,.T.);
#3286=ADVANCED_FACE('',(#429),#170,.T.);
#3287=ADVANCED_FACE('',(#430),#227,.T.);
#3288=ADVANCED_FACE('',(#431),#171,.T.);
#3289=ADVANCED_FACE('',(#432),#228,.T.);
#3290=ADVANCED_FACE('',(#433),#172,.T.);
#3291=ADVANCED_FACE('',(#434),#229,.T.);
#3292=ADVANCED_FACE('',(#435),#173,.T.);
#3293=ADVANCED_FACE('',(#436),#230,.T.);
#3294=ADVANCED_FACE('',(#437),#174,.F.);
#3295=ADVANCED_FACE('',(#438),#231,.T.);
#3296=ADVANCED_FACE('',(#439),#175,.T.);
#3297=ADVANCED_FACE('',(#440),#232,.T.);
#3298=ADVANCED_FACE('',(#441),#176,.F.);
#3299=ADVANCED_FACE('',(#442),#233,.T.);
#3300=ADVANCED_FACE('',(#443),#177,.T.);
#3301=ADVANCED_FACE('',(#444),#234,.T.);
#3302=ADVANCED_FACE('',(#445),#178,.F.);
#3303=ADVANCED_FACE('',(#446),#179,.F.);
#3304=ADVANCED_FACE('',(#447),#235,.T.);
#3305=ADVANCED_FACE('',(#448),#236,.T.);
#3306=ADVANCED_FACE('',(#449),#237,.T.);
#3307=ADVANCED_FACE('',(#450),#238,.T.);
#3308=CLOSED_SHELL('',(#3096,#3097,#3098,#3099,#3100,#3101,#3102,#3103,
#3104,#3105,#3106,#3107,#3108,#3109,#3110,#3111,#3112,#3113,#3114,#3115,
#3116,#3117,#3118,#3119,#3120,#3121,#3122,#3123,#3124,#3125,#3126,#3127,
#3128,#3129,#3130,#3131,#3132,#3133,#3134,#3135,#3136,#3137,#3138,#3139,
#3140,#3141,#3142,#3143,#3144,#3145,#3146,#3147,#3148,#3149,#3150,#3151,
#3152,#3153,#3154,#3155,#3156,#3157,#3158,#3159,#3160,#3161,#3162,#3163,
#3164,#3165,#3166,#3167,#3168,#3169,#3170,#3171,#3172,#3173,#3174,#3175,
#3176,#3177,#3178,#3179,#3180,#3181,#3182,#3183,#3184,#3185,#3186,#3187,
#3188,#3189,#3190,#3191,#3192,#3193,#3194,#3195,#3196,#3197,#3198,#3199,
#3200,#3201,#3202,#3203,#3204,#3205,#3206,#3207,#3208,#3209,#3210,#3211,
#3212,#3213,#3214,#3215,#3216,#3217,#3218,#3219,#3220,#3221,#3222,#3223,
#3224,#3225,#3226,#3227,#3228,#3229,#3230,#3231,#3232,#3233,#3234,#3235,
#3236,#3237,#3238,#3239,#3240,#3241,#3242,#3243,#3244,#3245,#3246,#3247,
#3248,#3249,#3250,#3251,#3252,#3253,#3254,#3255,#3256,#3257,#3258,#3259,
#3260,#3261,#3262,#3263,#3264,#3265,#3266,#3267,#3268,#3269,#3270,#3271,
#3272,#3273,#3274,#3275,#3276,#3277,#3278,#3279,#3280,#3281,#3282,#3283,
#3284,#3285,#3286,#3287,#3288,#3289,#3290,#3291,#3292,#3293,#3294,#3295,
#3296,#3297,#3298,#3299,#3300,#3301,#3302,#3303,#3304,#3305,#3306,#3307));
#3309=AXIS2_PLACEMENT_3D('',#4928,#3777,#3778);
#3310=AXIS2_PLACEMENT_3D('',#4929,#3779,#3780);
#3311=AXIS2_PLACEMENT_3D('',#4931,#3781,#3782);
#3312=AXIS2_PLACEMENT_3D('',#4934,#3784,#3785);
#3313=AXIS2_PLACEMENT_3D('',#4935,#3786,#3787);
#3314=AXIS2_PLACEMENT_3D('',#4938,#3788,#3789);
#3315=AXIS2_PLACEMENT_3D('',#4942,#3791,#3792);
#3316=AXIS2_PLACEMENT_3D('',#4944,#3793,#3794);
#3317=AXIS2_PLACEMENT_3D('',#4948,#3796,#3797);
#3318=AXIS2_PLACEMENT_3D('',#4952,#3799,#3800);
#3319=AXIS2_PLACEMENT_3D('',#4956,#3802,#3803);
#3320=AXIS2_PLACEMENT_3D('',#4960,#3805,#3806);
#3321=AXIS2_PLACEMENT_3D('',#4964,#3808,#3809);
#3322=AXIS2_PLACEMENT_3D('',#4968,#3811,#3812);
#3323=AXIS2_PLACEMENT_3D('',#4972,#3814,#3815);
#3324=AXIS2_PLACEMENT_3D('',#4976,#3817,#3818);
#3325=AXIS2_PLACEMENT_3D('',#4989,#3825,#3826);
#3326=AXIS2_PLACEMENT_3D('',#4991,#3827,#3828);
#3327=AXIS2_PLACEMENT_3D('',#4993,#3829,#3830);
#3328=AXIS2_PLACEMENT_3D('',#4995,#3831,#3832);
#3329=AXIS2_PLACEMENT_3D('',#4996,#3833,#3834);
#3330=AXIS2_PLACEMENT_3D('',#4999,#3836,#3837);
#3331=AXIS2_PLACEMENT_3D('',#5000,#3838,#3839);
#3332=AXIS2_PLACEMENT_3D('',#5003,#3841,#3842);
#3333=AXIS2_PLACEMENT_3D('',#5004,#3843,#3844);
#3334=AXIS2_PLACEMENT_3D('',#5007,#3846,#3847);
#3335=AXIS2_PLACEMENT_3D('',#5008,#3848,#3849);
#3336=AXIS2_PLACEMENT_3D('',#5011,#3851,#3852);
#3337=AXIS2_PLACEMENT_3D('',#5012,#3853,#3854);
#3338=AXIS2_PLACEMENT_3D('',#5014,#3855,#3856);
#3339=AXIS2_PLACEMENT_3D('',#5017,#3858,#3859);
#3340=AXIS2_PLACEMENT_3D('',#5018,#3860,#3861);
#3341=AXIS2_PLACEMENT_3D('',#5019,#3862,#3863);
#3342=AXIS2_PLACEMENT_3D('',#5021,#3864,#3865);
#3343=AXIS2_PLACEMENT_3D('',#5024,#3867,#3868);
#3344=AXIS2_PLACEMENT_3D('',#5025,#3869,#3870);
#3345=AXIS2_PLACEMENT_3D('',#5026,#3871,#3872);
#3346=AXIS2_PLACEMENT_3D('',#5028,#3873,#3874);
#3347=AXIS2_PLACEMENT_3D('',#5031,#3876,#3877);
#3348=AXIS2_PLACEMENT_3D('',#5032,#3878,#3879);
#3349=AXIS2_PLACEMENT_3D('',#5033,#3880,#3881);
#3350=AXIS2_PLACEMENT_3D('',#5035,#3882,#3883);
#3351=AXIS2_PLACEMENT_3D('',#5038,#3885,#3886);
#3352=AXIS2_PLACEMENT_3D('',#5039,#3887,#3888);
#3353=AXIS2_PLACEMENT_3D('',#5040,#3889,#3890);
#3354=AXIS2_PLACEMENT_3D('',#5042,#3891,#3892);
#3355=AXIS2_PLACEMENT_3D('',#5045,#3894,#3895);
#3356=AXIS2_PLACEMENT_3D('',#5046,#3896,#3897);
#3357=AXIS2_PLACEMENT_3D('',#5047,#3898,#3899);
#3358=AXIS2_PLACEMENT_3D('',#5048,#3900,#3901);
#3359=AXIS2_PLACEMENT_3D('',#5049,#3902,#3903);
#3360=AXIS2_PLACEMENT_3D('',#5050,#3904,#3905);
#3361=AXIS2_PLACEMENT_3D('',#5051,#3906,#3907);
#3362=AXIS2_PLACEMENT_3D('',#5063,#3908,#3909);
#3363=AXIS2_PLACEMENT_3D('',#5065,#3910,#3911);
#3364=AXIS2_PLACEMENT_3D('',#5067,#3912,#3913);
#3365=AXIS2_PLACEMENT_3D('',#5082,#3914,#3915);
#3366=AXIS2_PLACEMENT_3D('',#5085,#3916,#3917);
#3367=AXIS2_PLACEMENT_3D('',#5088,#3920,#3921);
#3368=AXIS2_PLACEMENT_3D('',#5091,#3922,#3923);
#3369=AXIS2_PLACEMENT_3D('',#5092,#3924,#3925);
#3370=AXIS2_PLACEMENT_3D('',#5093,#3926,#3927);
#3371=AXIS2_PLACEMENT_3D('',#5094,#3928,#3929);
#3372=AXIS2_PLACEMENT_3D('',#5097,#3930,#3931);
#3373=AXIS2_PLACEMENT_3D('',#5111,#3934,#3935);
#3374=AXIS2_PLACEMENT_3D('',#5112,#3936,#3937);
#3375=AXIS2_PLACEMENT_3D('',#5113,#3938,#3939);
#3376=AXIS2_PLACEMENT_3D('',#5114,#3940,#3941);
#3377=AXIS2_PLACEMENT_3D('',#5117,#3942,#3943);
#3378=AXIS2_PLACEMENT_3D('',#5120,#3946,#3947);
#3379=AXIS2_PLACEMENT_3D('',#5123,#3948,#3949);
#3380=AXIS2_PLACEMENT_3D('',#5124,#3950,#3951);
#3381=AXIS2_PLACEMENT_3D('',#5125,#3952,#3953);
#3382=AXIS2_PLACEMENT_3D('',#5126,#3954,#3955);
#3383=AXIS2_PLACEMENT_3D('',#5129,#3956,#3957);
#3384=AXIS2_PLACEMENT_3D('',#5143,#3960,#3961);
#3385=AXIS2_PLACEMENT_3D('',#5144,#3962,#3963);
#3386=AXIS2_PLACEMENT_3D('',#5145,#3964,#3965);
#3387=AXIS2_PLACEMENT_3D('',#5146,#3966,#3967);
#3388=AXIS2_PLACEMENT_3D('',#5149,#3968,#3969);
#3389=AXIS2_PLACEMENT_3D('',#5163,#3972,#3973);
#3390=AXIS2_PLACEMENT_3D('',#5164,#3974,#3975);
#3391=AXIS2_PLACEMENT_3D('',#5165,#3976,#3977);
#3392=AXIS2_PLACEMENT_3D('',#5166,#3978,#3979);
#3393=AXIS2_PLACEMENT_3D('',#5169,#3980,#3981);
#3394=AXIS2_PLACEMENT_3D('',#5183,#3984,#3985);
#3395=AXIS2_PLACEMENT_3D('',#5184,#3986,#3987);
#3396=AXIS2_PLACEMENT_3D('',#5185,#3988,#3989);
#3397=AXIS2_PLACEMENT_3D('',#5186,#3990,#3991);
#3398=AXIS2_PLACEMENT_3D('',#5189,#3992,#3993);
#3399=AXIS2_PLACEMENT_3D('',#5192,#3996,#3997);
#3400=AXIS2_PLACEMENT_3D('',#5195,#3998,#3999);
#3401=AXIS2_PLACEMENT_3D('',#5196,#4000,#4001);
#3402=AXIS2_PLACEMENT_3D('',#5197,#4002,#4003);
#3403=AXIS2_PLACEMENT_3D('',#5209,#4004,#4005);
#3404=AXIS2_PLACEMENT_3D('',#5210,#4006,#4007);
#3405=AXIS2_PLACEMENT_3D('',#5211,#4008,#4009);
#3406=AXIS2_PLACEMENT_3D('',#5212,#4010,#4011);
#3407=AXIS2_PLACEMENT_3D('',#5215,#4012,#4013);
#3408=AXIS2_PLACEMENT_3D('',#5218,#4016,#4017);
#3409=AXIS2_PLACEMENT_3D('',#5221,#4018,#4019);
#3410=AXIS2_PLACEMENT_3D('',#5222,#4020,#4021);
#3411=AXIS2_PLACEMENT_3D('',#5223,#4022,#4023);
#3412=AXIS2_PLACEMENT_3D('',#5224,#4024,#4025);
#3413=AXIS2_PLACEMENT_3D('',#5227,#4026,#4027);
#3414=AXIS2_PLACEMENT_3D('',#5241,#4030,#4031);
#3415=AXIS2_PLACEMENT_3D('',#5242,#4032,#4033);
#3416=AXIS2_PLACEMENT_3D('',#5243,#4034,#4035);
#3417=AXIS2_PLACEMENT_3D('',#5244,#4036,#4037);
#3418=AXIS2_PLACEMENT_3D('',#5247,#4038,#4039);
#3419=AXIS2_PLACEMENT_3D('',#5261,#4042,#4043);
#3420=AXIS2_PLACEMENT_3D('',#5262,#4044,#4045);
#3421=AXIS2_PLACEMENT_3D('',#5263,#4046,#4047);
#3422=AXIS2_PLACEMENT_3D('',#5264,#4048,#4049);
#3423=AXIS2_PLACEMENT_3D('',#5267,#4050,#4051);
#3424=AXIS2_PLACEMENT_3D('',#5268,#4052,#4053);
#3425=AXIS2_PLACEMENT_3D('',#5269,#4054,#4055);
#3426=AXIS2_PLACEMENT_3D('',#5270,#4056,#4057);
#3427=AXIS2_PLACEMENT_3D('',#5273,#4058,#4059);
#3428=AXIS2_PLACEMENT_3D('',#5287,#4062,#4063);
#3429=AXIS2_PLACEMENT_3D('',#5288,#4064,#4065);
#3430=AXIS2_PLACEMENT_3D('',#5289,#4066,#4067);
#3431=AXIS2_PLACEMENT_3D('',#5290,#4068,#4069);
#3432=AXIS2_PLACEMENT_3D('',#5293,#4070,#4071);
#3433=AXIS2_PLACEMENT_3D('',#5296,#4074,#4075);
#3434=AXIS2_PLACEMENT_3D('',#5299,#4076,#4077);
#3435=AXIS2_PLACEMENT_3D('',#5300,#4078,#4079);
#3436=AXIS2_PLACEMENT_3D('',#5301,#4080,#4081);
#3437=AXIS2_PLACEMENT_3D('',#5302,#4082,#4083);
#3438=AXIS2_PLACEMENT_3D('',#5305,#4084,#4085);
#3439=AXIS2_PLACEMENT_3D('',#5319,#4088,#4089);
#3440=AXIS2_PLACEMENT_3D('',#5320,#4090,#4091);
#3441=AXIS2_PLACEMENT_3D('',#5321,#4092,#4093);
#3442=AXIS2_PLACEMENT_3D('',#5322,#4094,#4095);
#3443=AXIS2_PLACEMENT_3D('',#5325,#4098,#4099);
#3444=AXIS2_PLACEMENT_3D('',#5331,#4103,#4104);
#3445=AXIS2_PLACEMENT_3D('',#5334,#4106,#4107);
#3446=AXIS2_PLACEMENT_3D('',#5335,#4108,#4109);
#3447=AXIS2_PLACEMENT_3D('',#5339,#4112,#4113);
#3448=AXIS2_PLACEMENT_3D('',#5342,#4115,#4116);
#3449=AXIS2_PLACEMENT_3D('',#5343,#4117,#4118);
#3450=AXIS2_PLACEMENT_3D('',#5347,#4121,#4122);
#3451=AXIS2_PLACEMENT_3D('',#5350,#4124,#4125);
#3452=AXIS2_PLACEMENT_3D('',#5351,#4126,#4127);
#3453=AXIS2_PLACEMENT_3D('',#5354,#4129,#4130);
#3454=AXIS2_PLACEMENT_3D('',#5355,#4131,#4132);
#3455=AXIS2_PLACEMENT_3D('',#5359,#4135,#4136);
#3456=AXIS2_PLACEMENT_3D('',#5362,#4138,#4139);
#3457=AXIS2_PLACEMENT_3D('',#5363,#4140,#4141);
#3458=AXIS2_PLACEMENT_3D('',#5367,#4144,#4145);
#3459=AXIS2_PLACEMENT_3D('',#5370,#4147,#4148);
#3460=AXIS2_PLACEMENT_3D('',#5371,#4149,#4150);
#3461=AXIS2_PLACEMENT_3D('',#5375,#4153,#4154);
#3462=AXIS2_PLACEMENT_3D('',#5378,#4156,#4157);
#3463=AXIS2_PLACEMENT_3D('',#5379,#4158,#4159);
#3464=AXIS2_PLACEMENT_3D('',#5383,#4162,#4163);
#3465=AXIS2_PLACEMENT_3D('',#5386,#4165,#4166);
#3466=AXIS2_PLACEMENT_3D('',#5387,#4167,#4168);
#3467=AXIS2_PLACEMENT_3D('',#5388,#4169,#4170);
#3468=AXIS2_PLACEMENT_3D('',#5393,#4172,#4173);
#3469=AXIS2_PLACEMENT_3D('',#5396,#4175,#4176);
#3470=AXIS2_PLACEMENT_3D('',#5397,#4177,#4178);
#3471=AXIS2_PLACEMENT_3D('',#5401,#4180,#4181);
#3472=AXIS2_PLACEMENT_3D('',#5403,#4183,#4184);
#3473=AXIS2_PLACEMENT_3D('',#5407,#4186,#4187);
#3474=AXIS2_PLACEMENT_3D('',#5409,#4189,#4190);
#3475=AXIS2_PLACEMENT_3D('',#5413,#4192,#4193);
#3476=AXIS2_PLACEMENT_3D('',#5415,#4195,#4196);
#3477=AXIS2_PLACEMENT_3D('',#5418,#4197,#4198);
#3478=AXIS2_PLACEMENT_3D('',#5419,#4199,#4200);
#3479=AXIS2_PLACEMENT_3D('',#5420,#4201,#4202);
#3480=AXIS2_PLACEMENT_3D('',#5421,#4203,#4204);
#3481=AXIS2_PLACEMENT_3D('',#5424,#4205,#4206);
#3482=AXIS2_PLACEMENT_3D('',#5427,#4209,#4210);
#3483=AXIS2_PLACEMENT_3D('',#5430,#4211,#4212);
#3484=AXIS2_PLACEMENT_3D('',#5431,#4213,#4214);
#3485=AXIS2_PLACEMENT_3D('',#5432,#4215,#4216);
#3486=AXIS2_PLACEMENT_3D('',#5433,#4217,#4218);
#3487=AXIS2_PLACEMENT_3D('',#5436,#4219,#4220);
#3488=AXIS2_PLACEMENT_3D('',#5439,#4223,#4224);
#3489=AXIS2_PLACEMENT_3D('',#5442,#4225,#4226);
#3490=AXIS2_PLACEMENT_3D('',#5443,#4227,#4228);
#3491=AXIS2_PLACEMENT_3D('',#5444,#4229,#4230);
#3492=AXIS2_PLACEMENT_3D('',#5445,#4231,#4232);
#3493=AXIS2_PLACEMENT_3D('',#5448,#4233,#4234);
#3494=AXIS2_PLACEMENT_3D('',#5451,#4237,#4238);
#3495=AXIS2_PLACEMENT_3D('',#5454,#4239,#4240);
#3496=AXIS2_PLACEMENT_3D('',#5455,#4241,#4242);
#3497=AXIS2_PLACEMENT_3D('',#5456,#4243,#4244);
#3498=AXIS2_PLACEMENT_3D('',#5457,#4245,#4246);
#3499=AXIS2_PLACEMENT_3D('',#5460,#4247,#4248);
#3500=AXIS2_PLACEMENT_3D('',#5463,#4251,#4252);
#3501=AXIS2_PLACEMENT_3D('',#5466,#4253,#4254);
#3502=AXIS2_PLACEMENT_3D('',#5467,#4255,#4256);
#3503=AXIS2_PLACEMENT_3D('',#5468,#4257,#4258);
#3504=AXIS2_PLACEMENT_3D('',#5469,#4259,#4260);
#3505=AXIS2_PLACEMENT_3D('',#5472,#4261,#4262);
#3506=AXIS2_PLACEMENT_3D('',#5475,#4265,#4266);
#3507=AXIS2_PLACEMENT_3D('',#5478,#4267,#4268);
#3508=AXIS2_PLACEMENT_3D('',#5479,#4269,#4270);
#3509=AXIS2_PLACEMENT_3D('',#5480,#4271,#4272);
#3510=AXIS2_PLACEMENT_3D('',#5481,#4273,#4274);
#3511=AXIS2_PLACEMENT_3D('',#5484,#4275,#4276);
#3512=AXIS2_PLACEMENT_3D('',#5487,#4279,#4280);
#3513=AXIS2_PLACEMENT_3D('',#5490,#4281,#4282);
#3514=AXIS2_PLACEMENT_3D('',#5491,#4283,#4284);
#3515=AXIS2_PLACEMENT_3D('',#5492,#4285,#4286);
#3516=AXIS2_PLACEMENT_3D('',#5493,#4287,#4288);
#3517=AXIS2_PLACEMENT_3D('',#5496,#4289,#4290);
#3518=AXIS2_PLACEMENT_3D('',#5499,#4293,#4294);
#3519=AXIS2_PLACEMENT_3D('',#5502,#4295,#4296);
#3520=AXIS2_PLACEMENT_3D('',#5503,#4297,#4298);
#3521=AXIS2_PLACEMENT_3D('',#5504,#4299,#4300);
#3522=AXIS2_PLACEMENT_3D('',#5505,#4301,#4302);
#3523=AXIS2_PLACEMENT_3D('',#5508,#4303,#4304);
#3524=AXIS2_PLACEMENT_3D('',#5511,#4307,#4308);
#3525=AXIS2_PLACEMENT_3D('',#5514,#4309,#4310);
#3526=AXIS2_PLACEMENT_3D('',#5515,#4311,#4312);
#3527=AXIS2_PLACEMENT_3D('',#5516,#4313,#4314);
#3528=AXIS2_PLACEMENT_3D('',#5517,#4315,#4316);
#3529=AXIS2_PLACEMENT_3D('',#5520,#4317,#4318);
#3530=AXIS2_PLACEMENT_3D('',#5523,#4321,#4322);
#3531=AXIS2_PLACEMENT_3D('',#5526,#4323,#4324);
#3532=AXIS2_PLACEMENT_3D('',#5527,#4325,#4326);
#3533=AXIS2_PLACEMENT_3D('',#5528,#4327,#4328);
#3534=AXIS2_PLACEMENT_3D('',#5529,#4329,#4330);
#3535=AXIS2_PLACEMENT_3D('',#5532,#4331,#4332);
#3536=AXIS2_PLACEMENT_3D('',#5533,#4333,#4334);
#3537=AXIS2_PLACEMENT_3D('',#5534,#4335,#4336);
#3538=AXIS2_PLACEMENT_3D('',#5535,#4337,#4338);
#3539=AXIS2_PLACEMENT_3D('',#5538,#4339,#4340);
#3540=AXIS2_PLACEMENT_3D('',#5541,#4343,#4344);
#3541=AXIS2_PLACEMENT_3D('',#5544,#4345,#4346);
#3542=AXIS2_PLACEMENT_3D('',#5545,#4347,#4348);
#3543=AXIS2_PLACEMENT_3D('',#5546,#4349,#4350);
#3544=AXIS2_PLACEMENT_3D('',#5547,#4351,#4352);
#3545=AXIS2_PLACEMENT_3D('',#5550,#4353,#4354);
#3546=AXIS2_PLACEMENT_3D('',#5553,#4357,#4358);
#3547=AXIS2_PLACEMENT_3D('',#5556,#4359,#4360);
#3548=AXIS2_PLACEMENT_3D('',#5557,#4361,#4362);
#3549=AXIS2_PLACEMENT_3D('',#5558,#4363,#4364);
#3550=AXIS2_PLACEMENT_3D('',#5559,#4365,#4366);
#3551=AXIS2_PLACEMENT_3D('',#5562,#4367,#4368);
#3552=AXIS2_PLACEMENT_3D('',#5565,#4371,#4372);
#3553=AXIS2_PLACEMENT_3D('',#5568,#4373,#4374);
#3554=AXIS2_PLACEMENT_3D('',#5569,#4375,#4376);
#3555=AXIS2_PLACEMENT_3D('',#5570,#4377,#4378);
#3556=AXIS2_PLACEMENT_3D('',#5571,#4379,#4380);
#3557=AXIS2_PLACEMENT_3D('',#5574,#4381,#4382);
#3558=AXIS2_PLACEMENT_3D('',#5577,#4385,#4386);
#3559=AXIS2_PLACEMENT_3D('',#5580,#4387,#4388);
#3560=AXIS2_PLACEMENT_3D('',#5581,#4389,#4390);
#3561=AXIS2_PLACEMENT_3D('',#5582,#4391,#4392);
#3562=AXIS2_PLACEMENT_3D('',#5583,#4393,#4394);
#3563=AXIS2_PLACEMENT_3D('',#5586,#4395,#4396);
#3564=AXIS2_PLACEMENT_3D('',#5589,#4399,#4400);
#3565=AXIS2_PLACEMENT_3D('',#5592,#4401,#4402);
#3566=AXIS2_PLACEMENT_3D('',#5593,#4403,#4404);
#3567=AXIS2_PLACEMENT_3D('',#5594,#4405,#4406);
#3568=AXIS2_PLACEMENT_3D('',#5595,#4407,#4408);
#3569=AXIS2_PLACEMENT_3D('',#5598,#4409,#4410);
#3570=AXIS2_PLACEMENT_3D('',#5601,#4413,#4414);
#3571=AXIS2_PLACEMENT_3D('',#5604,#4415,#4416);
#3572=AXIS2_PLACEMENT_3D('',#5605,#4417,#4418);
#3573=AXIS2_PLACEMENT_3D('',#5606,#4419,#4420);
#3574=AXIS2_PLACEMENT_3D('',#5607,#4421,#4422);
#3575=AXIS2_PLACEMENT_3D('',#5610,#4423,#4424);
#3576=AXIS2_PLACEMENT_3D('',#5613,#4427,#4428);
#3577=AXIS2_PLACEMENT_3D('',#5616,#4429,#4430);
#3578=AXIS2_PLACEMENT_3D('',#5617,#4431,#4432);
#3579=AXIS2_PLACEMENT_3D('',#5618,#4433,#4434);
#3580=AXIS2_PLACEMENT_3D('',#5619,#4435,#4436);
#3581=AXIS2_PLACEMENT_3D('',#5622,#4437,#4438);
#3582=AXIS2_PLACEMENT_3D('',#5625,#4441,#4442);
#3583=AXIS2_PLACEMENT_3D('',#5628,#4443,#4444);
#3584=AXIS2_PLACEMENT_3D('',#5629,#4445,#4446);
#3585=AXIS2_PLACEMENT_3D('',#5630,#4447,#4448);
#3586=AXIS2_PLACEMENT_3D('',#5631,#4449,#4450);
#3587=AXIS2_PLACEMENT_3D('',#5636,#4453,#4454);
#3588=AXIS2_PLACEMENT_3D('',#5637,#4455,#4456);
#3589=AXIS2_PLACEMENT_3D('',#5640,#4459,#4460);
#3590=AXIS2_PLACEMENT_3D('',#5644,#4462,#4463);
#3591=AXIS2_PLACEMENT_3D('',#5646,#4465,#4466);
#3592=AXIS2_PLACEMENT_3D('',#5650,#4469,#4470);
#3593=AXIS2_PLACEMENT_3D('',#5653,#4472,#4473);
#3594=AXIS2_PLACEMENT_3D('',#5654,#4474,#4475);
#3595=AXIS2_PLACEMENT_3D('',#5658,#4478,#4479);
#3596=AXIS2_PLACEMENT_3D('',#5661,#4481,#4482);
#3597=AXIS2_PLACEMENT_3D('',#5662,#4483,#4484);
#3598=AXIS2_PLACEMENT_3D('',#5666,#4487,#4488);
#3599=AXIS2_PLACEMENT_3D('',#5669,#4490,#4491);
#3600=AXIS2_PLACEMENT_3D('',#5670,#4492,#4493);
#3601=AXIS2_PLACEMENT_3D('',#5676,#4496,#4497);
#3602=AXIS2_PLACEMENT_3D('',#5678,#4499,#4500);
#3603=AXIS2_PLACEMENT_3D('',#5681,#4502,#4503);
#3604=AXIS2_PLACEMENT_3D('',#5682,#4504,#4505);
#3605=AXIS2_PLACEMENT_3D('',#5686,#4508,#4509);
#3606=AXIS2_PLACEMENT_3D('',#5689,#4511,#4512);
#3607=AXIS2_PLACEMENT_3D('',#5690,#4513,#4514);
#3608=AXIS2_PLACEMENT_3D('',#5694,#4517,#4518);
#3609=AXIS2_PLACEMENT_3D('',#5697,#4520,#4521);
#3610=AXIS2_PLACEMENT_3D('',#5698,#4522,#4523);
#3611=AXIS2_PLACEMENT_3D('',#5702,#4526,#4527);
#3612=AXIS2_PLACEMENT_3D('',#5705,#4529,#4530);
#3613=AXIS2_PLACEMENT_3D('',#5706,#4531,#4532);
#3614=AXIS2_PLACEMENT_3D('',#5709,#4535,#4536);
#3615=AXIS2_PLACEMENT_3D('',#5711,#4538,#4539);
#3616=AXIS2_PLACEMENT_3D('',#5713,#4541,#4542);
#3617=AXIS2_PLACEMENT_3D('',#5715,#4544,#4545);
#3618=AXIS2_PLACEMENT_3D('',#5717,#4547,#4548);
#3619=AXIS2_PLACEMENT_3D('',#5719,#4550,#4551);
#3620=AXIS2_PLACEMENT_3D('',#5721,#4553,#4554);
#3621=AXIS2_PLACEMENT_3D('',#5723,#4556,#4557);
#3622=AXIS2_PLACEMENT_3D('',#5725,#4559,#4560);
#3623=AXIS2_PLACEMENT_3D('',#5727,#4562,#4563);
#3624=AXIS2_PLACEMENT_3D('',#5729,#4565,#4566);
#3625=AXIS2_PLACEMENT_3D('',#5731,#4568,#4569);
#3626=AXIS2_PLACEMENT_3D('',#5733,#4571,#4572);
#3627=AXIS2_PLACEMENT_3D('',#5735,#4574,#4575);
#3628=AXIS2_PLACEMENT_3D('',#5737,#4577,#4578);
#3629=AXIS2_PLACEMENT_3D('',#5739,#4580,#4581);
#3630=AXIS2_PLACEMENT_3D('',#5741,#4583,#4584);
#3631=AXIS2_PLACEMENT_3D('',#5743,#4586,#4587);
#3632=AXIS2_PLACEMENT_3D('',#5745,#4589,#4590);
#3633=AXIS2_PLACEMENT_3D('',#5747,#4592,#4593);
#3634=AXIS2_PLACEMENT_3D('',#5749,#4595,#4596);
#3635=AXIS2_PLACEMENT_3D('',#5751,#4597,#4598);
#3636=AXIS2_PLACEMENT_3D('',#5753,#4599,#4600);
#3637=AXIS2_PLACEMENT_3D('',#5768,#4601,#4602);
#3638=AXIS2_PLACEMENT_3D('',#5771,#4603,#4604);
#3639=AXIS2_PLACEMENT_3D('',#5774,#4607,#4608);
#3640=AXIS2_PLACEMENT_3D('',#5777,#4609,#4610);
#3641=AXIS2_PLACEMENT_3D('',#5778,#4611,#4612);
#3642=AXIS2_PLACEMENT_3D('',#5779,#4613,#4614);
#3643=AXIS2_PLACEMENT_3D('',#5780,#4615,#4616);
#3644=AXIS2_PLACEMENT_3D('',#5783,#4617,#4618);
#3645=AXIS2_PLACEMENT_3D('',#5786,#4621,#4622);
#3646=AXIS2_PLACEMENT_3D('',#5789,#4623,#4624);
#3647=AXIS2_PLACEMENT_3D('',#5790,#4625,#4626);
#3648=AXIS2_PLACEMENT_3D('',#5791,#4627,#4628);
#3649=AXIS2_PLACEMENT_3D('',#5792,#4629,#4630);
#3650=AXIS2_PLACEMENT_3D('',#5795,#4631,#4632);
#3651=AXIS2_PLACEMENT_3D('',#5798,#4635,#4636);
#3652=AXIS2_PLACEMENT_3D('',#5801,#4637,#4638);
#3653=AXIS2_PLACEMENT_3D('',#5802,#4639,#4640);
#3654=AXIS2_PLACEMENT_3D('',#5803,#4641,#4642);
#3655=AXIS2_PLACEMENT_3D('',#5804,#4643,#4644);
#3656=AXIS2_PLACEMENT_3D('',#5807,#4645,#4646);
#3657=AXIS2_PLACEMENT_3D('',#5810,#4649,#4650);
#3658=AXIS2_PLACEMENT_3D('',#5813,#4651,#4652);
#3659=AXIS2_PLACEMENT_3D('',#5814,#4653,#4654);
#3660=AXIS2_PLACEMENT_3D('',#5815,#4655,#4656);
#3661=AXIS2_PLACEMENT_3D('',#5816,#4657,#4658);
#3662=AXIS2_PLACEMENT_3D('',#5819,#4659,#4660);
#3663=AXIS2_PLACEMENT_3D('',#5822,#4663,#4664);
#3664=AXIS2_PLACEMENT_3D('',#5825,#4665,#4666);
#3665=AXIS2_PLACEMENT_3D('',#5826,#4667,#4668);
#3666=AXIS2_PLACEMENT_3D('',#5827,#4669,#4670);
#3667=AXIS2_PLACEMENT_3D('',#5828,#4671,#4672);
#3668=AXIS2_PLACEMENT_3D('',#5830,#4673,#4674);
#3669=AXIS2_PLACEMENT_3D('',#5833,#4677,#4678);
#3670=AXIS2_PLACEMENT_3D('',#5835,#4679,#4680);
#3671=AXIS2_PLACEMENT_3D('',#5836,#4681,#4682);
#3672=AXIS2_PLACEMENT_3D('',#5837,#4683,#4684);
#3673=AXIS2_PLACEMENT_3D('',#5839,#4685,#4686);
#3674=AXIS2_PLACEMENT_3D('',#5841,#4688,#4689);
#3675=AXIS2_PLACEMENT_3D('',#5843,#4690,#4691);
#3676=AXIS2_PLACEMENT_3D('',#5844,#4692,#4693);
#3677=AXIS2_PLACEMENT_3D('',#5845,#4694,#4695);
#3678=AXIS2_PLACEMENT_3D('',#5847,#4696,#4697);
#3679=AXIS2_PLACEMENT_3D('',#5849,#4699,#4700);
#3680=AXIS2_PLACEMENT_3D('',#5851,#4701,#4702);
#3681=AXIS2_PLACEMENT_3D('',#5852,#4703,#4704);
#3682=AXIS2_PLACEMENT_3D('',#5853,#4705,#4706);
#3683=AXIS2_PLACEMENT_3D('',#5855,#4707,#4708);
#3684=AXIS2_PLACEMENT_3D('',#5857,#4710,#4711);
#3685=AXIS2_PLACEMENT_3D('',#5859,#4712,#4713);
#3686=AXIS2_PLACEMENT_3D('',#5860,#4714,#4715);
#3687=AXIS2_PLACEMENT_3D('',#5861,#4716,#4717);
#3688=AXIS2_PLACEMENT_3D('',#5863,#4718,#4719);
#3689=AXIS2_PLACEMENT_3D('',#5865,#4721,#4722);
#3690=AXIS2_PLACEMENT_3D('',#5867,#4723,#4724);
#3691=AXIS2_PLACEMENT_3D('',#5868,#4725,#4726);
#3692=AXIS2_PLACEMENT_3D('',#5869,#4727,#4728);
#3693=AXIS2_PLACEMENT_3D('',#5871,#4729,#4730);
#3694=AXIS2_PLACEMENT_3D('',#5873,#4732,#4733);
#3695=AXIS2_PLACEMENT_3D('',#5875,#4734,#4735);
#3696=AXIS2_PLACEMENT_3D('',#5876,#4736,#4737);
#3697=AXIS2_PLACEMENT_3D('',#5877,#4738,#4739);
#3698=AXIS2_PLACEMENT_3D('',#5879,#4740,#4741);
#3699=AXIS2_PLACEMENT_3D('',#5881,#4743,#4744);
#3700=AXIS2_PLACEMENT_3D('',#5883,#4745,#4746);
#3701=AXIS2_PLACEMENT_3D('',#5884,#4747,#4748);
#3702=AXIS2_PLACEMENT_3D('',#5885,#4749,#4750);
#3703=AXIS2_PLACEMENT_3D('',#5887,#4751,#4752);
#3704=AXIS2_PLACEMENT_3D('',#5889,#4754,#4755);
#3705=AXIS2_PLACEMENT_3D('',#5891,#4756,#4757);
#3706=AXIS2_PLACEMENT_3D('',#5892,#4758,#4759);
#3707=AXIS2_PLACEMENT_3D('',#5893,#4760,#4761);
#3708=AXIS2_PLACEMENT_3D('',#5895,#4762,#4763);
#3709=AXIS2_PLACEMENT_3D('',#5897,#4765,#4766);
#3710=AXIS2_PLACEMENT_3D('',#5899,#4767,#4768);
#3711=AXIS2_PLACEMENT_3D('',#5900,#4769,#4770);
#3712=AXIS2_PLACEMENT_3D('',#5901,#4771,#4772);
#3713=AXIS2_PLACEMENT_3D('',#5904,#4773,#4774);
#3714=AXIS2_PLACEMENT_3D('',#5907,#4777,#4778);
#3715=AXIS2_PLACEMENT_3D('',#5910,#4779,#4780);
#3716=AXIS2_PLACEMENT_3D('',#5911,#4781,#4782);
#3717=AXIS2_PLACEMENT_3D('',#5912,#4783,#4784);
#3718=AXIS2_PLACEMENT_3D('',#5913,#4785,#4786);
#3719=AXIS2_PLACEMENT_3D('',#5915,#4787,#4788);
#3720=AXIS2_PLACEMENT_3D('',#5916,#4789,#4790);
#3721=AXIS2_PLACEMENT_3D('',#5917,#4791,#4792);
#3722=AXIS2_PLACEMENT_3D('',#5918,#4793,#4794);
#3723=AXIS2_PLACEMENT_3D('',#5920,#4795,#4796);
#3724=AXIS2_PLACEMENT_3D('',#5922,#4798,#4799);
#3725=AXIS2_PLACEMENT_3D('',#5924,#4800,#4801);
#3726=AXIS2_PLACEMENT_3D('',#5925,#4802,#4803);
#3727=AXIS2_PLACEMENT_3D('',#5926,#4804,#4805);
#3728=AXIS2_PLACEMENT_3D('',#5928,#4806,#4807);
#3729=AXIS2_PLACEMENT_3D('',#5930,#4809,#4810);
#3730=AXIS2_PLACEMENT_3D('',#5932,#4811,#4812);
#3731=AXIS2_PLACEMENT_3D('',#5933,#4813,#4814);
#3732=AXIS2_PLACEMENT_3D('',#5934,#4815,#4816);
#3733=AXIS2_PLACEMENT_3D('',#5936,#4817,#4818);
#3734=AXIS2_PLACEMENT_3D('',#5938,#4820,#4821);
#3735=AXIS2_PLACEMENT_3D('',#5940,#4822,#4823);
#3736=AXIS2_PLACEMENT_3D('',#5941,#4824,#4825);
#3737=AXIS2_PLACEMENT_3D('',#5942,#4826,#4827);
#3738=AXIS2_PLACEMENT_3D('',#5944,#4828,#4829);
#3739=AXIS2_PLACEMENT_3D('',#5945,#4830,#4831);
#3740=AXIS2_PLACEMENT_3D('',#5946,#4832,#4833);
#3741=AXIS2_PLACEMENT_3D('',#5948,#4834,#4835);
#3742=AXIS2_PLACEMENT_3D('',#5950,#4837,#4838);
#3743=AXIS2_PLACEMENT_3D('',#5952,#4839,#4840);
#3744=AXIS2_PLACEMENT_3D('',#5953,#4841,#4842);
#3745=AXIS2_PLACEMENT_3D('',#5954,#4843,#4844);
#3746=AXIS2_PLACEMENT_3D('',#5956,#4845,#4846);
#3747=AXIS2_PLACEMENT_3D('',#5958,#4848,#4849);
#3748=AXIS2_PLACEMENT_3D('',#5960,#4850,#4851);
#3749=AXIS2_PLACEMENT_3D('',#5961,#4852,#4853);
#3750=AXIS2_PLACEMENT_3D('',#5962,#4854,#4855);
#3751=AXIS2_PLACEMENT_3D('',#5964,#4856,#4857);
#3752=AXIS2_PLACEMENT_3D('',#5966,#4859,#4860);
#3753=AXIS2_PLACEMENT_3D('',#5968,#4861,#4862);
#3754=AXIS2_PLACEMENT_3D('',#5969,#4863,#4864);
#3755=AXIS2_PLACEMENT_3D('',#5970,#4865,#4866);
#3756=AXIS2_PLACEMENT_3D('',#5972,#4868,#4869);
#3757=AXIS2_PLACEMENT_3D('',#5973,#4870,#4871);
#3758=AXIS2_PLACEMENT_3D('',#5976,#4874,#4875);
#3759=AXIS2_PLACEMENT_3D('',#5978,#4877,#4878);
#3760=AXIS2_PLACEMENT_3D('',#5980,#4880,#4881);
#3761=AXIS2_PLACEMENT_3D('',#5982,#4883,#4884);
#3762=AXIS2_PLACEMENT_3D('',#5984,#4886,#4887);
#3763=AXIS2_PLACEMENT_3D('',#5986,#4889,#4890);
#3764=AXIS2_PLACEMENT_3D('',#5988,#4892,#4893);
#3765=AXIS2_PLACEMENT_3D('',#5990,#4895,#4896);
#3766=AXIS2_PLACEMENT_3D('',#5992,#4898,#4899);
#3767=AXIS2_PLACEMENT_3D('',#5994,#4901,#4902);
#3768=AXIS2_PLACEMENT_3D('',#5996,#4904,#4905);
#3769=AXIS2_PLACEMENT_3D('',#5997,#4906,#4907);
#3770=AXIS2_PLACEMENT_3D('',#5999,#4909,#4910);
#3771=AXIS2_PLACEMENT_3D('',#6001,#4912,#4913);
#3772=AXIS2_PLACEMENT_3D('',#6003,#4915,#4916);
#3773=AXIS2_PLACEMENT_3D('',#6005,#4918,#4919);
#3774=AXIS2_PLACEMENT_3D('',#6007,#4921,#4922);
#3775=AXIS2_PLACEMENT_3D('',#6009,#4924,#4925);
#3776=AXIS2_PLACEMENT_3D('',#6010,#4926,#4927);
#3777=DIRECTION('axis',(0.,0.,1.));
#3778=DIRECTION('refdir',(1.,0.,0.));
#3779=DIRECTION('center_axis',(0.,0.,-1.));
#3780=DIRECTION('ref_axis',(1.,0.,0.));
#3781=DIRECTION('center_axis',(0.,0.,1.));
#3782=DIRECTION('ref_axis',(1.,0.,0.));
#3783=DIRECTION('',(0.707106781186548,-8.65956056235494E-17,0.707106781186547));
#3784=DIRECTION('center_axis',(0.,0.,1.));
#3785=DIRECTION('ref_axis',(1.,0.,0.));
#3786=DIRECTION('center_axis',(0.,0.,1.));
#3787=DIRECTION('ref_axis',(1.,0.,0.));
#3788=DIRECTION('center_axis',(0.,0.,1.));
#3789=DIRECTION('ref_axis',(0.707106781186548,0.707106781186548,0.));
#3790=DIRECTION('',(-1.,0.,0.));
#3791=DIRECTION('center_axis',(0.,0.,-1.));
#3792=DIRECTION('ref_axis',(-0.707106781186554,-0.707106781186541,0.));
#3793=DIRECTION('center_axis',(0.,0.,1.));
#3794=DIRECTION('ref_axis',(0.70710678118656,0.707106781186535,0.));
#3795=DIRECTION('',(-1.,0.,0.));
#3796=DIRECTION('center_axis',(0.,0.,-1.));
#3797=DIRECTION('ref_axis',(-0.707106781186554,-0.707106781186541,0.));
#3798=DIRECTION('',(0.,1.,0.));
#3799=DIRECTION('center_axis',(0.,0.,1.));
#3800=DIRECTION('ref_axis',(0.707106781186551,0.707106781186544,0.));
#3801=DIRECTION('',(-1.,0.,0.));
#3802=DIRECTION('center_axis',(0.,0.,1.));
#3803=DIRECTION('ref_axis',(-0.707106781186551,0.707106781186544,0.));
#3804=DIRECTION('',(0.,-1.,0.));
#3805=DIRECTION('center_axis',(0.,0.,-1.));
#3806=DIRECTION('ref_axis',(0.707106781186548,-0.707106781186548,0.));
#3807=DIRECTION('',(-1.,0.,0.));
#3808=DIRECTION('center_axis',(0.,0.,1.));
#3809=DIRECTION('ref_axis',(-0.707106781186554,0.707106781186541,0.));
#3810=DIRECTION('',(0.,-1.,0.));
#3811=DIRECTION('center_axis',(0.,0.,-1.));
#3812=DIRECTION('ref_axis',(0.707106746527225,-0.707106815845868,0.));
#3813=DIRECTION('',(-0.999999999999995,9.80313525609456E-8,0.));
#3814=DIRECTION('center_axis',(0.,0.,1.));
#3815=DIRECTION('ref_axis',(-0.707106746527231,0.707106815845862,0.));
#3816=DIRECTION('',(0.,-1.,0.));
#3817=DIRECTION('center_axis',(0.,0.,1.));
#3818=DIRECTION('ref_axis',(-0.707106781186541,-0.707106781186554,0.));
#3819=DIRECTION('',(1.,0.,0.));
#3820=DIRECTION('',(0.586162862098081,-0.810193247995184,0.));
#3821=DIRECTION('',(0.99135978707316,-0.131170776372863,0.));
#3822=DIRECTION('',(0.866295070443831,-0.499532632492332,0.));
#3823=DIRECTION('',(0.500557410563393,0.865703343374664,0.));
#3824=DIRECTION('',(0.,1.,0.));
#3825=DIRECTION('center_axis',(0.,0.,1.));
#3826=DIRECTION('ref_axis',(1.,0.,0.));
#3827=DIRECTION('center_axis',(0.,0.,1.));
#3828=DIRECTION('ref_axis',(1.,0.,0.));
#3829=DIRECTION('center_axis',(0.,0.,1.));
#3830=DIRECTION('ref_axis',(1.,0.,0.));
#3831=DIRECTION('center_axis',(0.,0.,1.));
#3832=DIRECTION('ref_axis',(1.,0.,0.));
#3833=DIRECTION('center_axis',(0.,0.,-1.));
#3834=DIRECTION('ref_axis',(1.,0.,0.));
#3835=DIRECTION('',(0.707106781186548,-8.65956056235494E-17,0.707106781186547));
#3836=DIRECTION('center_axis',(0.,0.,1.));
#3837=DIRECTION('ref_axis',(1.,0.,0.));
#3838=DIRECTION('center_axis',(0.,0.,-1.));
#3839=DIRECTION('ref_axis',(1.,0.,0.));
#3840=DIRECTION('',(0.707106781186548,-8.65956056235494E-17,0.707106781186547));
#3841=DIRECTION('center_axis',(0.,0.,1.));
#3842=DIRECTION('ref_axis',(1.,0.,0.));
#3843=DIRECTION('center_axis',(0.,0.,-1.));
#3844=DIRECTION('ref_axis',(1.,0.,0.));
#3845=DIRECTION('',(0.707106781186548,-8.65956056235494E-17,0.707106781186547));
#3846=DIRECTION('center_axis',(0.,0.,1.));
#3847=DIRECTION('ref_axis',(1.,0.,0.));
#3848=DIRECTION('center_axis',(0.,0.,-1.));
#3849=DIRECTION('ref_axis',(1.,0.,0.));
#3850=DIRECTION('',(0.707106781186548,-8.65956056235494E-17,0.707106781186547));
#3851=DIRECTION('center_axis',(0.,0.,1.));
#3852=DIRECTION('ref_axis',(1.,0.,0.));
#3853=DIRECTION('center_axis',(0.,0.,1.));
#3854=DIRECTION('ref_axis',(1.,0.,0.));
#3855=DIRECTION('center_axis',(0.,0.,-1.));
#3856=DIRECTION('ref_axis',(1.,0.,0.));
#3857=DIRECTION('',(0.,0.,-1.));
#3858=DIRECTION('center_axis',(0.,0.,1.));
#3859=DIRECTION('ref_axis',(1.,0.,0.));
#3860=DIRECTION('center_axis',(0.,0.,1.));
#3861=DIRECTION('ref_axis',(1.,0.,0.));
#3862=DIRECTION('center_axis',(0.,0.,1.));
#3863=DIRECTION('ref_axis',(1.,0.,0.));
#3864=DIRECTION('center_axis',(0.,0.,-1.));
#3865=DIRECTION('ref_axis',(1.,0.,0.));
#3866=DIRECTION('',(0.,0.,-1.));
#3867=DIRECTION('center_axis',(0.,0.,1.));
#3868=DIRECTION('ref_axis',(1.,0.,0.));
#3869=DIRECTION('center_axis',(0.,0.,1.));
#3870=DIRECTION('ref_axis',(1.,0.,0.));
#3871=DIRECTION('center_axis',(0.,0.,1.));
#3872=DIRECTION('ref_axis',(1.,0.,0.));
#3873=DIRECTION('center_axis',(0.,0.,-1.));
#3874=DIRECTION('ref_axis',(1.,0.,0.));
#3875=DIRECTION('',(0.,0.,-1.));
#3876=DIRECTION('center_axis',(0.,0.,1.));
#3877=DIRECTION('ref_axis',(1.,0.,0.));
#3878=DIRECTION('center_axis',(0.,0.,1.));
#3879=DIRECTION('ref_axis',(1.,0.,0.));
#3880=DIRECTION('center_axis',(0.,0.,1.));
#3881=DIRECTION('ref_axis',(1.,0.,0.));
#3882=DIRECTION('center_axis',(0.,0.,-1.));
#3883=DIRECTION('ref_axis',(1.,0.,0.));
#3884=DIRECTION('',(0.,0.,-1.));
#3885=DIRECTION('center_axis',(0.,0.,1.));
#3886=DIRECTION('ref_axis',(1.,0.,0.));
#3887=DIRECTION('center_axis',(0.,0.,1.));
#3888=DIRECTION('ref_axis',(1.,0.,0.));
#3889=DIRECTION('center_axis',(0.,0.,1.));
#3890=DIRECTION('ref_axis',(1.,0.,0.));
#3891=DIRECTION('center_axis',(0.,0.,-1.));
#3892=DIRECTION('ref_axis',(1.,0.,0.));
#3893=DIRECTION('',(0.,0.,-1.));
#3894=DIRECTION('center_axis',(0.,0.,1.));
#3895=DIRECTION('ref_axis',(1.,0.,0.));
#3896=DIRECTION('center_axis',(0.,0.,1.));
#3897=DIRECTION('ref_axis',(1.,0.,0.));
#3898=DIRECTION('center_axis',(0.,0.,1.));
#3899=DIRECTION('ref_axis',(1.,0.,0.));
#3900=DIRECTION('center_axis',(0.,0.,1.));
#3901=DIRECTION('ref_axis',(1.,0.,0.));
#3902=DIRECTION('center_axis',(0.,0.,1.));
#3903=DIRECTION('ref_axis',(1.,0.,0.));
#3904=DIRECTION('center_axis',(0.,0.,1.));
#3905=DIRECTION('ref_axis',(1.,0.,0.));
#3906=DIRECTION('center_axis',(0.,0.,1.));
#3907=DIRECTION('ref_axis',(1.,0.,0.));
#3908=DIRECTION('center_axis',(0.,0.,1.));
#3909=DIRECTION('ref_axis',(-0.500000003725294,-0.866025401633639,0.));
#3910=DIRECTION('center_axis',(-1.,0.,0.));
#3911=DIRECTION('ref_axis',(0.,0.,-1.));
#3912=DIRECTION('center_axis',(0.,0.,-1.));
#3913=DIRECTION('ref_axis',(-0.500000003725294,-0.866025401633639,0.));
#3914=DIRECTION('center_axis',(1.,0.,0.));
#3915=DIRECTION('ref_axis',(0.,-0.707106781186553,-0.707106781186543));
#3916=DIRECTION('center_axis',(-1.,0.,0.));
#3917=DIRECTION('ref_axis',(0.,0.,-1.));
#3918=DIRECTION('',(-1.,0.,0.));
#3919=DIRECTION('',(1.,0.,0.));
#3920=DIRECTION('center_axis',(0.,0.,-1.));
#3921=DIRECTION('ref_axis',(-1.,0.,0.));
#3922=DIRECTION('center_axis',(-0.586162862098087,0.81019324799518,0.));
#3923=DIRECTION('ref_axis',(0.,0.,-1.));
#3924=DIRECTION('center_axis',(0.,0.,1.));
#3925=DIRECTION('ref_axis',(0.454883027767537,0.890551195074735,0.));
#3926=DIRECTION('center_axis',(0.,0.,-1.));
#3927=DIRECTION('ref_axis',(0.454883027767537,0.890551195074735,0.));
#3928=DIRECTION('center_axis',(0.586162862098082,-0.810193247995183,0.));
#3929=DIRECTION('ref_axis',(-0.572893139728943,-0.414479734669279,-0.707106781186546));
#3930=DIRECTION('center_axis',(-0.586162862098081,0.810193247995184,0.));
#3931=DIRECTION('ref_axis',(0.,0.,-1.));
#3932=DIRECTION('',(-0.586162862098082,0.810193247995183,0.));
#3933=DIRECTION('',(0.586162862098082,-0.810193247995183,0.));
#3934=DIRECTION('center_axis',(-0.99135978707316,0.131170776372861,0.));
#3935=DIRECTION('ref_axis',(0.,0.,-1.));
#3936=DIRECTION('center_axis',(0.,0.,-1.));
#3937=DIRECTION('ref_axis',(-0.512433111338363,-0.858727143162533,0.));
#3938=DIRECTION('center_axis',(0.,0.,1.));
#3939=DIRECTION('ref_axis',(-0.512433111338363,-0.858727143162533,0.));
#3940=DIRECTION('center_axis',(0.99135978707316,-0.131170776372863,0.));
#3941=DIRECTION('ref_axis',(-0.092751745466763,-0.700997228035084,-0.707106781186545));
#3942=DIRECTION('center_axis',(-0.99135978707316,0.131170776372863,0.));
#3943=DIRECTION('ref_axis',(0.,0.,-1.));
#3944=DIRECTION('',(-0.99135978707316,0.131170776372863,0.));
#3945=DIRECTION('',(0.99135978707316,-0.131170776372863,0.));
#3946=DIRECTION('center_axis',(0.,0.,-1.));
#3947=DIRECTION('ref_axis',(-1.,0.,0.));
#3948=DIRECTION('center_axis',(-0.86629507044382,0.49953263249235,0.));
#3949=DIRECTION('ref_axis',(0.,0.,-1.));
#3950=DIRECTION('center_axis',(0.,0.,1.));
#3951=DIRECTION('ref_axis',(0.321491824662684,0.946912354273118,0.));
#3952=DIRECTION('center_axis',(0.,0.,-1.));
#3953=DIRECTION('ref_axis',(0.321491824662684,0.946912354273118,0.));
#3954=DIRECTION('center_axis',(0.866295070443823,-0.499532632492344,0.));
#3955=DIRECTION('ref_axis',(-0.353222911859299,-0.61256311881931,-0.707106781186547));
#3956=DIRECTION('center_axis',(-0.866295070443825,0.499532632492341,0.));
#3957=DIRECTION('ref_axis',(0.,0.,-1.));
#3958=DIRECTION('',(-0.866295070443823,0.499532632492344,0.));
#3959=DIRECTION('',(0.866295070443823,-0.499532632492344,0.));
#3960=DIRECTION('center_axis',(-0.499532632492326,-0.866295070443834,0.));
#3961=DIRECTION('ref_axis',(0.,0.,-1.));
#3962=DIRECTION('center_axis',(0.,0.,-1.));
#3963=DIRECTION('ref_axis',(0.259340206960009,-0.965786030678607,0.));
#3964=DIRECTION('center_axis',(0.,0.,1.));
#3965=DIRECTION('ref_axis',(0.259340206960009,-0.965786030678607,0.));
#3966=DIRECTION('center_axis',(0.499532632492333,0.86629507044383,0.));
#3967=DIRECTION('ref_axis',(0.61256311881931,-0.353222911859299,-0.707106781186547));
#3968=DIRECTION('center_axis',(-0.499532632492336,-0.866295070443828,0.));
#3969=DIRECTION('ref_axis',(0.,0.,-1.));
#3970=DIRECTION('',(-0.499532632492333,-0.86629507044383,0.));
#3971=DIRECTION('',(0.499532632492333,0.86629507044383,0.));
#3972=DIRECTION('center_axis',(0.,-1.,0.));
#3973=DIRECTION('ref_axis',(0.,0.,-1.));
#3974=DIRECTION('center_axis',(0.,0.,-1.));
#3975=DIRECTION('ref_axis',(0.965995618634945,-0.258558435905869,0.));
#3976=DIRECTION('center_axis',(0.,0.,1.));
#3977=DIRECTION('ref_axis',(0.965995618634945,-0.258558435905869,0.));
#3978=DIRECTION('center_axis',(0.,1.,0.));
#3979=DIRECTION('ref_axis',(0.707106781186544,0.,-0.707106781186551));
#3980=DIRECTION('center_axis',(0.,-1.,0.));
#3981=DIRECTION('ref_axis',(0.,0.,-1.));
#3982=DIRECTION('',(0.,-1.,0.));
#3983=DIRECTION('',(0.,1.,0.));
#3984=DIRECTION('center_axis',(1.,0.,0.));
#3985=DIRECTION('ref_axis',(0.,0.,-1.));
#3986=DIRECTION('center_axis',(0.,0.,-1.));
#3987=DIRECTION('ref_axis',(0.707106781186545,0.70710678118655,0.));
#3988=DIRECTION('center_axis',(0.,0.,1.));
#3989=DIRECTION('ref_axis',(0.707106781186545,0.70710678118655,0.));
#3990=DIRECTION('center_axis',(-1.,0.,0.));
#3991=DIRECTION('ref_axis',(0.,0.707106781186548,-0.707106781186547));
#3992=DIRECTION('center_axis',(1.,0.,0.));
#3993=DIRECTION('ref_axis',(0.,0.,-1.));
#3994=DIRECTION('',(1.,0.,0.));
#3995=DIRECTION('',(-1.,0.,0.));
#3996=DIRECTION('center_axis',(0.,0.,-1.));
#3997=DIRECTION('ref_axis',(-1.,0.,0.));
#3998=DIRECTION('center_axis',(0.49999960139394,-0.866025633919633,0.));
#3999=DIRECTION('ref_axis',(0.,0.,-1.));
#4000=DIRECTION('center_axis',(0.,0.,1.));
#4001=DIRECTION('ref_axis',(-0.500000199302991,-0.866025288716773,0.));
#4002=DIRECTION('center_axis',(0.,0.,-1.));
#4003=DIRECTION('ref_axis',(-0.500000199302991,-0.866025288716773,0.));
#4004=DIRECTION('center_axis',(1.,0.,0.));
#4005=DIRECTION('ref_axis',(0.,0.,-1.));
#4006=DIRECTION('center_axis',(0.,0.,-1.));
#4007=DIRECTION('ref_axis',(0.500000199302991,0.866025288716773,0.));
#4008=DIRECTION('center_axis',(0.,0.,1.));
#4009=DIRECTION('ref_axis',(0.500000199302991,0.866025288716773,0.));
#4010=DIRECTION('center_axis',(-1.,0.,0.));
#4011=DIRECTION('ref_axis',(0.,0.707106781186548,-0.707106781186547));
#4012=DIRECTION('center_axis',(1.,0.,0.));
#4013=DIRECTION('ref_axis',(0.,0.,-1.));
#4014=DIRECTION('',(1.,0.,0.));
#4015=DIRECTION('',(-1.,0.,0.));
#4016=DIRECTION('center_axis',(0.,0.,-1.));
#4017=DIRECTION('ref_axis',(-1.,0.,0.));
#4018=DIRECTION('center_axis',(2.96059473233374E-15,-1.,0.));
#4019=DIRECTION('ref_axis',(0.,0.,-1.));
#4020=DIRECTION('center_axis',(0.,0.,1.));
#4021=DIRECTION('ref_axis',(-0.707106781186546,-0.707106781186549,0.));
#4022=DIRECTION('center_axis',(0.,0.,-1.));
#4023=DIRECTION('ref_axis',(-0.707106781186546,-0.707106781186549,0.));
#4024=DIRECTION('center_axis',(0.,1.,0.));
#4025=DIRECTION('ref_axis',(0.707106781186544,0.,-0.707106781186551));
#4026=DIRECTION('center_axis',(0.,-1.,0.));
#4027=DIRECTION('ref_axis',(0.,0.,-1.));
#4028=DIRECTION('',(0.,-1.,0.));
#4029=DIRECTION('',(0.,1.,0.));
#4030=DIRECTION('center_axis',(1.,0.,0.));
#4031=DIRECTION('ref_axis',(0.,0.,-1.));
#4032=DIRECTION('center_axis',(0.,0.,-1.));
#4033=DIRECTION('ref_axis',(0.707106781186548,0.707106781186548,0.));
#4034=DIRECTION('center_axis',(0.,0.,1.));
#4035=DIRECTION('ref_axis',(0.707106781186547,0.707106781186547,0.));
#4036=DIRECTION('center_axis',(-1.,0.,0.));
#4037=DIRECTION('ref_axis',(0.,0.707106781186548,-0.707106781186547));
#4038=DIRECTION('center_axis',(1.,0.,0.));
#4039=DIRECTION('ref_axis',(0.,0.,-1.));
#4040=DIRECTION('',(1.,0.,0.));
#4041=DIRECTION('',(-1.,0.,0.));
#4042=DIRECTION('center_axis',(0.249999988824131,0.968245839437451,0.));
#4043=DIRECTION('ref_axis',(0.,0.,-1.));
#4044=DIRECTION('center_axis',(0.,0.,-1.));
#4045=DIRECTION('ref_axis',(-0.612372440258325,0.790569411507974,0.));
#4046=DIRECTION('center_axis',(0.,0.,1.));
#4047=DIRECTION('ref_axis',(-0.612372440258325,0.790569411507974,0.));
#4048=DIRECTION('center_axis',(0.,0.,1.));
#4049=DIRECTION('ref_axis',(1.,0.,0.));
#4050=DIRECTION('center_axis',(1.,0.,0.));
#4051=DIRECTION('ref_axis',(0.,0.,-1.));
#4052=DIRECTION('center_axis',(0.,0.,1.));
#4053=DIRECTION('ref_axis',(0.612372440258325,-0.790569411507974,0.));
#4054=DIRECTION('center_axis',(0.,0.,-1.));
#4055=DIRECTION('ref_axis',(0.612372440258325,-0.790569411507974,0.));
#4056=DIRECTION('center_axis',(-1.,0.,0.));
#4057=DIRECTION('ref_axis',(0.,0.707106781186548,-0.707106781186547));
#4058=DIRECTION('center_axis',(1.,0.,0.));
#4059=DIRECTION('ref_axis',(0.,0.,-1.));
#4060=DIRECTION('',(1.,0.,0.));
#4061=DIRECTION('',(-1.,0.,0.));
#4062=DIRECTION('center_axis',(0.,1.,0.));
#4063=DIRECTION('ref_axis',(0.,0.,-1.));
#4064=DIRECTION('center_axis',(0.,0.,-1.));
#4065=DIRECTION('ref_axis',(-0.707106781186548,0.707106781186548,0.));
#4066=DIRECTION('center_axis',(0.,0.,1.));
#4067=DIRECTION('ref_axis',(-0.707106781186548,0.707106781186548,0.));
#4068=DIRECTION('center_axis',(0.,-1.,0.));
#4069=DIRECTION('ref_axis',(-0.707106781186544,0.,-0.707106781186551));
#4070=DIRECTION('center_axis',(0.,1.,0.));
#4071=DIRECTION('ref_axis',(0.,0.,-1.));
#4072=DIRECTION('',(0.,1.,0.));
#4073=DIRECTION('',(0.,-1.,0.));
#4074=DIRECTION('center_axis',(0.,0.,-1.));
#4075=DIRECTION('ref_axis',(-1.,0.,0.));
#4076=DIRECTION('center_axis',(1.,0.,0.));
#4077=DIRECTION('ref_axis',(0.,0.,-1.));
#4078=DIRECTION('center_axis',(0.,0.,1.));
#4079=DIRECTION('ref_axis',(0.707106781186547,-0.707106781186547,0.));
#4080=DIRECTION('center_axis',(0.,0.,-1.));
#4081=DIRECTION('ref_axis',(0.707106781186548,-0.707106781186548,0.));
#4082=DIRECTION('center_axis',(-1.,0.,0.));
#4083=DIRECTION('ref_axis',(0.,0.707106781186548,-0.707106781186547));
#4084=DIRECTION('center_axis',(1.,0.,0.));
#4085=DIRECTION('ref_axis',(0.,0.,-1.));
#4086=DIRECTION('',(1.,0.,0.));
#4087=DIRECTION('',(-1.,0.,0.));
#4088=DIRECTION('center_axis',(4.15990797364428E-8,0.999999999999999,0.));
#4089=DIRECTION('ref_axis',(0.,0.,-1.));
#4090=DIRECTION('center_axis',(0.,0.,-1.));
#4091=DIRECTION('ref_axis',(-0.707106766479054,0.70710679589404,0.));
#4092=DIRECTION('center_axis',(0.,0.,1.));
#4093=DIRECTION('ref_axis',(-0.707106766479054,0.70710679589404,0.));
#4094=DIRECTION('center_axis',(-4.15990743796168E-8,-0.999999999999999,
0.));
#4095=DIRECTION('ref_axis',(-0.707106781186544,2.94149829989324E-8,-0.707106781186551));
#4096=DIRECTION('',(4.15990743796168E-8,0.999999999999999,0.));
#4097=DIRECTION('',(-4.15990743796168E-8,-0.999999999999999,0.));
#4098=DIRECTION('center_axis',(0.,1.,0.));
#4099=DIRECTION('ref_axis',(-1.,0.,0.));
#4100=DIRECTION('',(0.,0.,-1.));
#4101=DIRECTION('',(-1.,0.,0.));
#4102=DIRECTION('',(0.,0.,1.));
#4103=DIRECTION('center_axis',(0.,0.,1.));
#4104=DIRECTION('ref_axis',(-0.707106781186546,-0.707106781186549,0.));
#4105=DIRECTION('',(0.,0.,1.));
#4106=DIRECTION('center_axis',(0.,0.,-1.));
#4107=DIRECTION('ref_axis',(-0.707106781186546,-0.707106781186549,0.));
#4108=DIRECTION('center_axis',(1.,0.,0.));
#4109=DIRECTION('ref_axis',(0.,1.,0.));
#4110=DIRECTION('',(0.,0.,-1.));
#4111=DIRECTION('',(0.,1.,0.));
#4112=DIRECTION('center_axis',(0.,0.,1.));
#4113=DIRECTION('ref_axis',(0.707106781186546,0.707106781186549,0.));
#4114=DIRECTION('',(0.,0.,1.));
#4115=DIRECTION('center_axis',(0.,0.,1.));
#4116=DIRECTION('ref_axis',(0.707106781186548,0.707106781186548,0.));
#4117=DIRECTION('center_axis',(0.,1.,0.));
#4118=DIRECTION('ref_axis',(-1.,0.,0.));
#4119=DIRECTION('',(0.,0.,-1.));
#4120=DIRECTION('',(-1.,0.,0.));
#4121=DIRECTION('center_axis',(0.,0.,1.));
#4122=DIRECTION('ref_axis',(-0.707106781186546,0.707106781186549,0.));
#4123=DIRECTION('',(0.,0.,-1.));
#4124=DIRECTION('center_axis',(0.,0.,1.));
#4125=DIRECTION('ref_axis',(-0.612372440258325,0.790569411507974,0.));
#4126=DIRECTION('center_axis',(0.,0.,1.));
#4127=DIRECTION('ref_axis',(0.,1.,0.));
#4128=DIRECTION('',(0.,0.,1.));
#4129=DIRECTION('center_axis',(0.,0.,-1.));
#4130=DIRECTION('ref_axis',(0.612372440258325,-0.790569411507974,0.));
#4131=DIRECTION('center_axis',(0.,1.,0.));
#4132=DIRECTION('ref_axis',(-1.,0.,0.));
#4133=DIRECTION('',(0.,0.,-1.));
#4134=DIRECTION('',(-1.,0.,0.));
#4135=DIRECTION('center_axis',(0.,0.,1.));
#4136=DIRECTION('ref_axis',(-0.707106781186548,0.707106781186548,0.));
#4137=DIRECTION('',(0.,0.,1.));
#4138=DIRECTION('center_axis',(0.,0.,1.));
#4139=DIRECTION('ref_axis',(-0.707106781186548,0.707106781186548,0.));
#4140=DIRECTION('center_axis',(-1.,0.,0.));
#4141=DIRECTION('ref_axis',(0.,-1.,0.));
#4142=DIRECTION('',(0.,0.,-1.));
#4143=DIRECTION('',(0.,-1.,0.));
#4144=DIRECTION('center_axis',(0.,0.,1.));
#4145=DIRECTION('ref_axis',(0.707106781186544,-0.707106781186551,0.));
#4146=DIRECTION('',(0.,0.,1.));
#4147=DIRECTION('center_axis',(0.,0.,-1.));
#4148=DIRECTION('ref_axis',(0.707106781186547,-0.707106781186547,0.));
#4149=DIRECTION('center_axis',(0.,1.,0.));
#4150=DIRECTION('ref_axis',(-1.,0.,0.));
#4151=DIRECTION('',(0.,0.,-1.));
#4152=DIRECTION('',(-1.,0.,0.));
#4153=DIRECTION('center_axis',(0.,0.,1.));
#4154=DIRECTION('ref_axis',(-0.707106766479055,0.70710679589404,0.));
#4155=DIRECTION('',(0.,0.,1.));
#4156=DIRECTION('center_axis',(0.,0.,1.));
#4157=DIRECTION('ref_axis',(-0.707106766479054,0.70710679589404,0.));
#4158=DIRECTION('center_axis',(-0.999999999999999,4.15990743796168E-8,0.));
#4159=DIRECTION('ref_axis',(-4.15990743796168E-8,-0.999999999999999,0.));
#4160=DIRECTION('',(0.,0.,1.));
#4161=DIRECTION('',(-4.15990743796168E-8,-0.999999999999999,0.));
#4162=DIRECTION('center_axis',(0.,0.,1.));
#4163=DIRECTION('ref_axis',(-0.866025408086036,-0.499999992549415,0.));
#4164=DIRECTION('',(0.,0.,1.));
#4165=DIRECTION('center_axis',(0.,0.,1.));
#4166=DIRECTION('ref_axis',(-0.500000003725294,-0.866025401633639,0.));
#4167=DIRECTION('center_axis',(0.,0.,1.));
#4168=DIRECTION('ref_axis',(1.,0.,0.));
#4169=DIRECTION('center_axis',(-0.99135978707316,0.131170776372863,0.));
#4170=DIRECTION('ref_axis',(0.092751745466783,0.700997228035059,0.707106781186568));
#4171=DIRECTION('',(0.99135978707316,-0.131170776372863,0.));
#4172=DIRECTION('center_axis',(-0.946912354273105,0.321491824662721,0.));
#4173=DIRECTION('ref_axis',(0.321491824662721,0.946912354273105,0.));
#4174=DIRECTION('',(-0.99135978707316,0.131170776372863,0.));
#4175=DIRECTION('center_axis',(-0.8587271431625,0.512433111338417,0.));
#4176=DIRECTION('ref_axis',(-0.512433111338417,-0.8587271431625,0.));
#4177=DIRECTION('center_axis',(-0.86629507044383,0.499532632492332,0.));
#4178=DIRECTION('ref_axis',(0.353222911859299,0.612563118819349,0.707106781186512));
#4179=DIRECTION('',(0.866295070443831,-0.499532632492332,0.));
#4180=DIRECTION('center_axis',(-0.96593930640557,-0.258768731381377,0.));
#4181=DIRECTION('ref_axis',(0.258768731381377,-0.96593930640557,0.));
#4182=DIRECTION('',(-0.866295070443831,0.499532632492332,0.));
#4183=DIRECTION('center_axis',(-0.500557410563393,-0.865703343374664,0.));
#4184=DIRECTION('ref_axis',(-0.61214470459609,0.353947539382561,0.707106781186545));
#4185=DIRECTION('',(0.500557410563393,0.865703343374664,0.));
#4186=DIRECTION('center_axis',(-0.259129944840101,-0.965842467324339,0.));
#4187=DIRECTION('ref_axis',(0.965842467324339,-0.259129944840101,0.));
#4188=DIRECTION('',(-0.500557410563393,-0.865703343374664,0.));
#4189=DIRECTION('center_axis',(0.,-1.,0.));
#4190=DIRECTION('ref_axis',(-0.707106781186529,0.,0.707106781186566));
#4191=DIRECTION('',(0.,1.,0.));
#4192=DIRECTION('center_axis',(0.,-1.,0.));
#4193=DIRECTION('ref_axis',(0.,0.,1.));
#4194=DIRECTION('',(0.,-1.,0.));
#4195=DIRECTION('center_axis',(1.,0.,0.));
#4196=DIRECTION('ref_axis',(0.,0.,-1.));
#4197=DIRECTION('center_axis',(0.,0.,1.));
#4198=DIRECTION('ref_axis',(0.,1.,0.));
#4199=DIRECTION('center_axis',(1.,0.,0.));
#4200=DIRECTION('ref_axis',(0.,0.707106781186547,0.707106781186548));
#4201=DIRECTION('center_axis',(-1.,0.,0.));
#4202=DIRECTION('ref_axis',(0.,0.707106781186547,0.707106781186548));
#4203=DIRECTION('center_axis',(0.,0.,1.));
#4204=DIRECTION('ref_axis',(-0.707106781186548,0.707106781186548,0.));
#4205=DIRECTION('center_axis',(0.,0.,1.));
#4206=DIRECTION('ref_axis',(0.,1.,0.));
#4207=DIRECTION('',(0.,0.,1.));
#4208=DIRECTION('',(0.,0.,-1.));
#4209=DIRECTION('center_axis',(-1.,0.,0.));
#4210=DIRECTION('ref_axis',(0.,0.,1.));
#4211=DIRECTION('center_axis',(0.,-1.,0.));
#4212=DIRECTION('ref_axis',(0.,0.,1.));
#4213=DIRECTION('center_axis',(-1.,0.,0.));
#4214=DIRECTION('ref_axis',(0.,-0.707106781186547,-0.707106781186548));
#4215=DIRECTION('center_axis',(1.,0.,0.));
#4216=DIRECTION('ref_axis',(0.,-0.707106781186547,-0.707106781186548));
#4217=DIRECTION('center_axis',(0.,-1.,0.));
#4218=DIRECTION('ref_axis',(-0.707106781186529,0.,0.707106781186566));
#4219=DIRECTION('center_axis',(0.,-1.,0.));
#4220=DIRECTION('ref_axis',(0.,0.,1.));
#4221=DIRECTION('',(0.,-1.,0.));
#4222=DIRECTION('',(0.,1.,0.));
#4223=DIRECTION('center_axis',(-1.,0.,0.));
#4224=DIRECTION('ref_axis',(0.,0.,1.));
#4225=DIRECTION('center_axis',(0.,0.,-1.));
#4226=DIRECTION('ref_axis',(0.,-1.,0.));
#4227=DIRECTION('center_axis',(-1.,0.,0.));
#4228=DIRECTION('ref_axis',(0.,0.707106781186547,-0.707106781186548));
#4229=DIRECTION('center_axis',(1.,0.,0.));
#4230=DIRECTION('ref_axis',(0.,0.707106781186547,-0.707106781186548));
#4231=DIRECTION('center_axis',(0.,0.,1.));
#4232=DIRECTION('ref_axis',(-0.707106781186598,-0.707106781186497,0.));
#4233=DIRECTION('center_axis',(0.,0.,-1.));
#4234=DIRECTION('ref_axis',(0.,-1.,0.));
#4235=DIRECTION('',(0.,0.,-1.));
#4236=DIRECTION('',(0.,0.,1.));
#4237=DIRECTION('center_axis',(1.,0.,0.));
#4238=DIRECTION('ref_axis',(0.,0.,-1.));
#4239=DIRECTION('center_axis',(0.,-1.,0.));
#4240=DIRECTION('ref_axis',(0.,0.,1.));
#4241=DIRECTION('center_axis',(1.,0.,0.));
#4242=DIRECTION('ref_axis',(0.,-0.707106781186547,0.707106781186548));
#4243=DIRECTION('center_axis',(-1.,0.,0.));
#4244=DIRECTION('ref_axis',(0.,-0.707106781186547,0.707106781186548));
#4245=DIRECTION('center_axis',(0.,-1.,0.));
#4246=DIRECTION('ref_axis',(-0.707106781186529,0.,0.707106781186566));
#4247=DIRECTION('center_axis',(0.,-1.,0.));
#4248=DIRECTION('ref_axis',(0.,0.,1.));
#4249=DIRECTION('',(0.,-1.,0.));
#4250=DIRECTION('',(0.,1.,0.));
#4251=DIRECTION('center_axis',(0.,0.,1.));
#4252=DIRECTION('ref_axis',(1.,0.,0.));
#4253=DIRECTION('center_axis',(1.,0.,0.));
#4254=DIRECTION('ref_axis',(0.,0.,1.));
#4255=DIRECTION('center_axis',(0.,0.,-1.));
#4256=DIRECTION('ref_axis',(0.707106781186548,0.707106781186548,0.));
#4257=DIRECTION('center_axis',(0.,0.,1.));
#4258=DIRECTION('ref_axis',(0.707106781186547,0.707106781186547,0.));
#4259=DIRECTION('center_axis',(1.,0.,0.));
#4260=DIRECTION('ref_axis',(0.,-0.707106781186554,0.707106781186541));
#4261=DIRECTION('center_axis',(1.,0.,0.));
#4262=DIRECTION('ref_axis',(0.,0.,1.));
#4263=DIRECTION('',(1.,0.,0.));
#4264=DIRECTION('',(-1.,0.,0.));
#4265=DIRECTION('center_axis',(0.,1.,0.));
#4266=DIRECTION('ref_axis',(0.,0.,1.));
#4267=DIRECTION('center_axis',(0.,0.,1.));
#4268=DIRECTION('ref_axis',(-1.,0.,0.));
#4269=DIRECTION('center_axis',(0.,1.,0.));
#4270=DIRECTION('ref_axis',(-0.707106781186547,0.,0.707106781186548));
#4271=DIRECTION('center_axis',(0.,-1.,0.));
#4272=DIRECTION('ref_axis',(-0.707106781186547,0.,0.707106781186548));
#4273=DIRECTION('center_axis',(0.,0.,1.));
#4274=DIRECTION('ref_axis',(-0.707106781186522,-0.707106781186573,0.));
#4275=DIRECTION('center_axis',(0.,0.,1.));
#4276=DIRECTION('ref_axis',(-1.,0.,0.));
#4277=DIRECTION('',(0.,0.,1.));
#4278=DIRECTION('',(0.,0.,-1.));
#4279=DIRECTION('center_axis',(0.,-1.,0.));
#4280=DIRECTION('ref_axis',(0.,0.,-1.));
#4281=DIRECTION('center_axis',(1.,0.,0.));
#4282=DIRECTION('ref_axis',(0.,0.,1.));
#4283=DIRECTION('center_axis',(0.,-1.,0.));
#4284=DIRECTION('ref_axis',(0.707106781186547,0.,-0.707106781186548));
#4285=DIRECTION('center_axis',(0.,1.,0.));
#4286=DIRECTION('ref_axis',(0.707106781186547,0.,-0.707106781186548));
#4287=DIRECTION('center_axis',(1.,0.,0.));
#4288=DIRECTION('ref_axis',(0.,-0.707106781186554,0.707106781186541));
#4289=DIRECTION('center_axis',(1.,0.,0.));
#4290=DIRECTION('ref_axis',(0.,0.,1.));
#4291=DIRECTION('',(1.,0.,0.));
#4292=DIRECTION('',(-1.,0.,0.));
#4293=DIRECTION('center_axis',(0.,-1.,0.));
#4294=DIRECTION('ref_axis',(0.,0.,-1.));
#4295=DIRECTION('center_axis',(0.,0.,-1.));
#4296=DIRECTION('ref_axis',(1.,0.,0.));
#4297=DIRECTION('center_axis',(0.,-1.,0.));
#4298=DIRECTION('ref_axis',(-0.707106781186547,0.,-0.707106781186548));
#4299=DIRECTION('center_axis',(0.,1.,0.));
#4300=DIRECTION('ref_axis',(-0.707106781186547,0.,-0.707106781186548));
#4301=DIRECTION('center_axis',(0.,0.,1.));
#4302=DIRECTION('ref_axis',(0.707106781186497,-0.707106781186598,0.));
#4303=DIRECTION('center_axis',(0.,0.,-1.));
#4304=DIRECTION('ref_axis',(1.,0.,0.));
#4305=DIRECTION('',(0.,0.,-1.));
#4306=DIRECTION('',(0.,0.,1.));
#4307=DIRECTION('center_axis',(0.,1.,0.));
#4308=DIRECTION('ref_axis',(0.,0.,1.));
#4309=DIRECTION('center_axis',(1.,0.,0.));
#4310=DIRECTION('ref_axis',(0.,0.,1.));
#4311=DIRECTION('center_axis',(0.,1.,0.));
#4312=DIRECTION('ref_axis',(0.707106781186547,0.,0.707106781186548));
#4313=DIRECTION('center_axis',(0.,-1.,0.));
#4314=DIRECTION('ref_axis',(0.707106781186547,0.,0.707106781186548));
#4315=DIRECTION('center_axis',(1.,0.,0.));
#4316=DIRECTION('ref_axis',(0.,-0.707106781186554,0.707106781186541));
#4317=DIRECTION('center_axis',(1.,0.,0.));
#4318=DIRECTION('ref_axis',(0.,0.,1.));
#4319=DIRECTION('',(1.,0.,0.));
#4320=DIRECTION('',(-1.,0.,0.));
#4321=DIRECTION('center_axis',(0.,0.,-1.));
#4322=DIRECTION('ref_axis',(-1.,0.,0.));
#4323=DIRECTION('center_axis',(4.47034409489781E-8,-0.999999999999999,0.));
#4324=DIRECTION('ref_axis',(0.,0.,1.));
#4325=DIRECTION('center_axis',(0.,0.,1.));
#4326=DIRECTION('ref_axis',(-0.707106765381483,-0.707106796991611,0.));
#4327=DIRECTION('center_axis',(0.,0.,-1.));
#4328=DIRECTION('ref_axis',(-0.707106765381483,-0.707106796991611,0.));
#4329=DIRECTION('center_axis',(0.,0.,1.));
#4330=DIRECTION('ref_axis',(1.,0.,0.));
#4331=DIRECTION('center_axis',(1.,0.,0.));
#4332=DIRECTION('ref_axis',(0.,0.,1.));
#4333=DIRECTION('center_axis',(0.,0.,-1.));
#4334=DIRECTION('ref_axis',(0.707106781186548,0.707106781186548,0.));
#4335=DIRECTION('center_axis',(0.,0.,1.));
#4336=DIRECTION('ref_axis',(0.707106781186547,0.707106781186547,0.));
#4337=DIRECTION('center_axis',(1.,0.,0.));
#4338=DIRECTION('ref_axis',(0.,-0.707106781186554,0.707106781186541));
#4339=DIRECTION('center_axis',(1.,0.,0.));
#4340=DIRECTION('ref_axis',(0.,0.,1.));
#4341=DIRECTION('',(1.,0.,0.));
#4342=DIRECTION('',(-1.,0.,0.));
#4343=DIRECTION('center_axis',(0.,0.,-1.));
#4344=DIRECTION('ref_axis',(-1.,0.,0.));
#4345=DIRECTION('center_axis',(0.,-1.,0.));
#4346=DIRECTION('ref_axis',(0.,0.,1.));
#4347=DIRECTION('center_axis',(0.,0.,1.));
#4348=DIRECTION('ref_axis',(-0.707106781186548,-0.707106781186548,0.));
#4349=DIRECTION('center_axis',(0.,0.,-1.));
#4350=DIRECTION('ref_axis',(-0.707106781186548,-0.707106781186548,0.));
#4351=DIRECTION('center_axis',(0.,-1.,0.));
#4352=DIRECTION('ref_axis',(-0.707106781186529,0.,0.707106781186566));
#4353=DIRECTION('center_axis',(0.,-1.,0.));
#4354=DIRECTION('ref_axis',(0.,0.,1.));
#4355=DIRECTION('',(0.,-1.,0.));
#4356=DIRECTION('',(0.,1.,0.));
#4357=DIRECTION('center_axis',(0.,0.,1.));
#4358=DIRECTION('ref_axis',(1.,0.,0.));
#4359=DIRECTION('center_axis',(1.,0.,0.));
#4360=DIRECTION('ref_axis',(0.,0.,1.));
#4361=DIRECTION('center_axis',(0.,0.,-1.));
#4362=DIRECTION('ref_axis',(0.707106781186545,0.70710678118655,0.));
#4363=DIRECTION('center_axis',(0.,0.,1.));
#4364=DIRECTION('ref_axis',(0.707106781186545,0.70710678118655,0.));
#4365=DIRECTION('center_axis',(1.,0.,0.));
#4366=DIRECTION('ref_axis',(0.,-0.707106781186541,0.707106781186554));
#4367=DIRECTION('center_axis',(1.,0.,0.));
#4368=DIRECTION('ref_axis',(0.,0.,1.));
#4369=DIRECTION('',(1.,0.,0.));
#4370=DIRECTION('',(-1.,0.,0.));
#4371=DIRECTION('center_axis',(0.,0.,1.));
#4372=DIRECTION('ref_axis',(1.,0.,0.));
#4373=DIRECTION('center_axis',(0.,1.,0.));
#4374=DIRECTION('ref_axis',(0.,0.,1.));
#4375=DIRECTION('center_axis',(0.,0.,-1.));
#4376=DIRECTION('ref_axis',(-0.707106781186545,0.70710678118655,0.));
#4377=DIRECTION('center_axis',(0.,0.,1.));
#4378=DIRECTION('ref_axis',(-0.707106781186545,0.70710678118655,0.));
#4379=DIRECTION('center_axis',(0.,1.,0.));
#4380=DIRECTION('ref_axis',(0.707106781186529,0.,0.707106781186566));
#4381=DIRECTION('center_axis',(0.,1.,0.));
#4382=DIRECTION('ref_axis',(0.,0.,1.));
#4383=DIRECTION('',(0.,1.,0.));
#4384=DIRECTION('',(0.,-1.,0.));
#4385=DIRECTION('center_axis',(0.,0.,-1.));
#4386=DIRECTION('ref_axis',(-1.,0.,0.));
#4387=DIRECTION('center_axis',(1.,0.,0.));
#4388=DIRECTION('ref_axis',(0.,0.,1.));
#4389=DIRECTION('center_axis',(0.,0.,1.));
#4390=DIRECTION('ref_axis',(0.707106781186548,-0.707106781186548,0.));
#4391=DIRECTION('center_axis',(0.,0.,-1.));
#4392=DIRECTION('ref_axis',(0.707106781186548,-0.707106781186548,0.));
#4393=DIRECTION('center_axis',(1.,0.,0.));
#4394=DIRECTION('ref_axis',(0.,-0.707106781186554,0.707106781186541));
#4395=DIRECTION('center_axis',(1.,0.,0.));
#4396=DIRECTION('ref_axis',(0.,0.,1.));
#4397=DIRECTION('',(1.,0.,0.));
#4398=DIRECTION('',(-1.,0.,0.));
#4399=DIRECTION('center_axis',(0.,0.,1.));
#4400=DIRECTION('ref_axis',(1.,0.,0.));
#4401=DIRECTION('center_axis',(0.,1.,0.));
#4402=DIRECTION('ref_axis',(0.,0.,1.));
#4403=DIRECTION('center_axis',(0.,0.,-1.));
#4404=DIRECTION('ref_axis',(-0.707106781186548,0.707106781186548,0.));
#4405=DIRECTION('center_axis',(0.,0.,1.));
#4406=DIRECTION('ref_axis',(-0.707106781186547,0.707106781186547,0.));
#4407=DIRECTION('center_axis',(0.,1.,0.));
#4408=DIRECTION('ref_axis',(0.707106781186529,0.,0.707106781186566));
#4409=DIRECTION('center_axis',(0.,1.,0.));
#4410=DIRECTION('ref_axis',(0.,0.,1.));
#4411=DIRECTION('',(0.,1.,0.));
#4412=DIRECTION('',(0.,-1.,0.));
#4413=DIRECTION('center_axis',(0.,0.,-1.));
#4414=DIRECTION('ref_axis',(-1.,0.,0.));
#4415=DIRECTION('center_axis',(0.999999999999995,-9.80313785703383E-8,0.));
#4416=DIRECTION('ref_axis',(0.,0.,1.));
#4417=DIRECTION('center_axis',(0.,0.,1.));
#4418=DIRECTION('ref_axis',(0.707106746527227,-0.707106815845867,0.));
#4419=DIRECTION('center_axis',(0.,0.,-1.));
#4420=DIRECTION('ref_axis',(0.707106746527227,-0.707106815845866,0.));
#4421=DIRECTION('center_axis',(0.999999999999995,-9.80313525609455E-8,0.));
#4422=DIRECTION('ref_axis',(-6.93187027991137E-8,-0.707106781186527,0.707106781186565));
#4423=DIRECTION('center_axis',(0.999999999999995,-9.80313785703418E-8,0.));
#4424=DIRECTION('ref_axis',(0.,0.,1.));
#4425=DIRECTION('',(0.999999999999995,-9.80313525609456E-8,0.));
#4426=DIRECTION('',(-0.999999999999995,9.80313525609456E-8,0.));
#4427=DIRECTION('center_axis',(0.,0.,1.));
#4428=DIRECTION('ref_axis',(1.,0.,0.));
#4429=DIRECTION('center_axis',(0.,1.,0.));
#4430=DIRECTION('ref_axis',(0.,0.,1.));
#4431=DIRECTION('center_axis',(0.,0.,-1.));
#4432=DIRECTION('ref_axis',(-0.707106746527231,0.707106815845862,0.));
#4433=DIRECTION('center_axis',(0.,0.,1.));
#4434=DIRECTION('ref_axis',(-0.707106746527231,0.707106815845862,0.));
#4435=DIRECTION('center_axis',(0.,1.,0.));
#4436=DIRECTION('ref_axis',(0.707106781186554,0.,0.707106781186541));
#4437=DIRECTION('center_axis',(0.,1.,0.));
#4438=DIRECTION('ref_axis',(0.,0.,1.));
#4439=DIRECTION('',(0.,1.,0.));
#4440=DIRECTION('',(0.,-1.,0.));
#4441=DIRECTION('center_axis',(0.,0.,1.));
#4442=DIRECTION('ref_axis',(1.,0.,0.));
#4443=DIRECTION('center_axis',(-1.,0.,0.));
#4444=DIRECTION('ref_axis',(0.,0.,1.));
#4445=DIRECTION('center_axis',(0.,0.,-1.));
#4446=DIRECTION('ref_axis',(-0.707106781186548,-0.707106781186548,0.));
#4447=DIRECTION('center_axis',(0.,0.,1.));
#4448=DIRECTION('ref_axis',(-0.707106781186547,-0.707106781186547,0.));
#4449=DIRECTION('center_axis',(-1.,0.,0.));
#4450=DIRECTION('ref_axis',(0.,0.707106781186529,0.707106781186566));
#4451=DIRECTION('',(-1.,0.,0.));
#4452=DIRECTION('',(1.,0.,0.));
#4453=DIRECTION('center_axis',(-0.890551195074775,0.454883027767459,0.));
#4454=DIRECTION('ref_axis',(0.454883027767459,0.890551195074775,0.));
#4455=DIRECTION('center_axis',(-0.586162862098081,0.810193247995184,0.));
#4456=DIRECTION('ref_axis',(0.572893139728942,0.414479734669218,0.707106781186583));
#4457=DIRECTION('',(-0.586162862098081,0.810193247995184,0.));
#4458=DIRECTION('',(0.586162862098081,-0.810193247995184,0.));
#4459=DIRECTION('center_axis',(0.,1.,0.));
#4460=DIRECTION('ref_axis',(0.707106781186552,0.,0.707106781186543));
#4461=DIRECTION('',(0.,1.,0.));
#4462=DIRECTION('center_axis',(0.,1.,0.));
#4463=DIRECTION('ref_axis',(0.707106781186547,0.,0.707106781186548));
#4464=DIRECTION('',(0.,-1.,0.));
#4465=DIRECTION('center_axis',(1.,0.,0.));
#4466=DIRECTION('ref_axis',(0.,1.,0.));
#4467=DIRECTION('',(0.,-1.,0.));
#4468=DIRECTION('',(0.,0.,-1.));
#4469=DIRECTION('center_axis',(0.,1.,0.));
#4470=DIRECTION('ref_axis',(-0.707106781186552,0.,-0.707106781186543));
#4471=DIRECTION('',(0.,1.,0.));
#4472=DIRECTION('center_axis',(0.,-1.,0.));
#4473=DIRECTION('ref_axis',(-0.707106781186547,0.,-0.707106781186548));
#4474=DIRECTION('center_axis',(0.,0.,1.));
#4475=DIRECTION('ref_axis',(1.,0.,0.));
#4476=DIRECTION('',(0.,-1.,0.));
#4477=DIRECTION('',(1.,0.,0.));
#4478=DIRECTION('center_axis',(0.,-1.,0.));
#4479=DIRECTION('ref_axis',(0.707106781186552,0.,-0.707106781186543));
#4480=DIRECTION('',(0.,1.,0.));
#4481=DIRECTION('center_axis',(0.,-1.,0.));
#4482=DIRECTION('ref_axis',(0.707106781186547,0.,-0.707106781186548));
#4483=DIRECTION('center_axis',(-1.,0.,0.));
#4484=DIRECTION('ref_axis',(0.,-1.,0.));
#4485=DIRECTION('',(0.,-1.,0.));
#4486=DIRECTION('',(0.,0.,1.));
#4487=DIRECTION('center_axis',(0.,-1.,0.));
#4488=DIRECTION('ref_axis',(-0.707106781186552,0.,0.707106781186543));
#4489=DIRECTION('',(0.,1.,0.));
#4490=DIRECTION('center_axis',(0.,1.,0.));
#4491=DIRECTION('ref_axis',(-0.707106781186547,0.,0.707106781186548));
#4492=DIRECTION('center_axis',(0.,0.,1.));
#4493=DIRECTION('ref_axis',(1.,0.,0.));
#4494=DIRECTION('',(-1.,0.,0.));
#4495=DIRECTION('',(0.,-1.,0.));
#4496=DIRECTION('center_axis',(0.,0.,-1.));
#4497=DIRECTION('ref_axis',(0.707106781186545,0.70710678118655,0.));
#4498=DIRECTION('',(1.,0.,0.));
#4499=DIRECTION('center_axis',(1.,0.,0.));
#4500=DIRECTION('ref_axis',(0.,-0.70710678118654,0.707106781186555));
#4501=DIRECTION('',(1.,0.,0.));
#4502=DIRECTION('center_axis',(1.,0.,0.));
#4503=DIRECTION('ref_axis',(0.,-0.707106781186547,0.707106781186548));
#4504=DIRECTION('center_axis',(0.,-1.,0.));
#4505=DIRECTION('ref_axis',(1.,0.,0.));
#4506=DIRECTION('',(-1.,0.,0.));
#4507=DIRECTION('',(0.,0.,-1.));
#4508=DIRECTION('center_axis',(1.,0.,0.));
#4509=DIRECTION('ref_axis',(0.,0.70710678118654,-0.707106781186555));
#4510=DIRECTION('',(1.,0.,0.));
#4511=DIRECTION('center_axis',(-1.,0.,0.));
#4512=DIRECTION('ref_axis',(0.,0.707106781186547,-0.707106781186548));
#4513=DIRECTION('center_axis',(0.,0.,1.));
#4514=DIRECTION('ref_axis',(1.,0.,0.));
#4515=DIRECTION('',(-1.,0.,0.));
#4516=DIRECTION('',(0.,-1.,0.));
#4517=DIRECTION('center_axis',(-1.,0.,0.));
#4518=DIRECTION('ref_axis',(0.,-0.707106781186552,-0.707106781186543));
#4519=DIRECTION('',(1.,0.,0.));
#4520=DIRECTION('center_axis',(-1.,0.,0.));
#4521=DIRECTION('ref_axis',(0.,-0.707106781186547,-0.707106781186548));
#4522=DIRECTION('center_axis',(0.,1.,0.));
#4523=DIRECTION('ref_axis',(-1.,0.,0.));
#4524=DIRECTION('',(-1.,0.,0.));
#4525=DIRECTION('',(0.,0.,1.));
#4526=DIRECTION('center_axis',(-1.,0.,0.));
#4527=DIRECTION('ref_axis',(0.,0.707106781186552,0.707106781186543));
#4528=DIRECTION('',(1.,0.,0.));
#4529=DIRECTION('center_axis',(1.,0.,0.));
#4530=DIRECTION('ref_axis',(0.,0.707106781186547,0.707106781186548));
#4531=DIRECTION('center_axis',(0.,0.,1.));
#4532=DIRECTION('ref_axis',(-0.707106781186554,-0.707106781186541,0.));
#4533=DIRECTION('',(0.,0.,1.));
#4534=DIRECTION('',(0.,0.,1.));
#4535=DIRECTION('center_axis',(0.,0.,1.));
#4536=DIRECTION('ref_axis',(0.70710678118656,0.707106781186535,0.));
#4537=DIRECTION('',(0.,0.,-1.));
#4538=DIRECTION('center_axis',(0.,-1.,0.));
#4539=DIRECTION('ref_axis',(1.,0.,0.));
#4540=DIRECTION('',(0.,0.,1.));
#4541=DIRECTION('center_axis',(0.,0.,1.));
#4542=DIRECTION('ref_axis',(-0.707106781186554,-0.707106781186541,0.));
#4543=DIRECTION('',(0.,0.,-1.));
#4544=DIRECTION('center_axis',(-1.,0.,0.));
#4545=DIRECTION('ref_axis',(0.,-1.,0.));
#4546=DIRECTION('',(0.,0.,1.));
#4547=DIRECTION('center_axis',(0.,0.,1.));
#4548=DIRECTION('ref_axis',(0.707106781186551,0.707106781186544,0.));
#4549=DIRECTION('',(0.,0.,-1.));
#4550=DIRECTION('center_axis',(0.,-1.,0.));
#4551=DIRECTION('ref_axis',(1.,0.,0.));
#4552=DIRECTION('',(0.,0.,1.));
#4553=DIRECTION('center_axis',(0.,0.,1.));
#4554=DIRECTION('ref_axis',(-0.707106781186551,0.707106781186544,0.));
#4555=DIRECTION('',(0.,0.,-1.));
#4556=DIRECTION('center_axis',(1.,0.,0.));
#4557=DIRECTION('ref_axis',(0.,1.,0.));
#4558=DIRECTION('',(0.,0.,1.));
#4559=DIRECTION('center_axis',(0.,0.,1.));
#4560=DIRECTION('ref_axis',(0.707106781186548,-0.707106781186548,0.));
#4561=DIRECTION('',(0.,0.,-1.));
#4562=DIRECTION('center_axis',(0.,-1.,0.));
#4563=DIRECTION('ref_axis',(1.,0.,0.));
#4564=DIRECTION('',(0.,0.,1.));
#4565=DIRECTION('center_axis',(0.,0.,1.));
#4566=DIRECTION('ref_axis',(-0.707106781186554,0.707106781186541,0.));
#4567=DIRECTION('',(0.,0.,-1.));
#4568=DIRECTION('center_axis',(1.,0.,0.));
#4569=DIRECTION('ref_axis',(0.,1.,0.));
#4570=DIRECTION('',(0.,0.,1.));
#4571=DIRECTION('center_axis',(0.,0.,1.));
#4572=DIRECTION('ref_axis',(0.707106746527225,-0.707106815845868,0.));
#4573=DIRECTION('',(0.,0.,-1.));
#4574=DIRECTION('center_axis',(-9.80313525609455E-8,-0.999999999999995,
0.));
#4575=DIRECTION('ref_axis',(0.999999999999995,-9.80313525609456E-8,0.));
#4576=DIRECTION('',(0.,0.,1.));
#4577=DIRECTION('center_axis',(0.,0.,1.));
#4578=DIRECTION('ref_axis',(-0.707106746527231,0.707106815845862,0.));
#4579=DIRECTION('',(0.,0.,-1.));
#4580=DIRECTION('center_axis',(1.,0.,0.));
#4581=DIRECTION('ref_axis',(0.,1.,0.));
#4582=DIRECTION('',(0.,0.,1.));
#4583=DIRECTION('center_axis',(0.,0.,1.));
#4584=DIRECTION('ref_axis',(-0.707106781186541,-0.707106781186554,0.));
#4585=DIRECTION('',(0.,0.,-1.));
#4586=DIRECTION('center_axis',(0.,1.,0.));
#4587=DIRECTION('ref_axis',(-1.,0.,0.));
#4588=DIRECTION('',(0.,0.,1.));
#4589=DIRECTION('center_axis',(0.810193247995184,0.586162862098081,0.));
#4590=DIRECTION('ref_axis',(-0.586162862098081,0.810193247995184,0.));
#4591=DIRECTION('',(0.,0.,-1.));
#4592=DIRECTION('center_axis',(0.131170776372863,0.99135978707316,0.));
#4593=DIRECTION('ref_axis',(-0.99135978707316,0.131170776372863,0.));
#4594=DIRECTION('',(0.,0.,1.));
#4595=DIRECTION('center_axis',(0.,0.,-1.));
#4596=DIRECTION('ref_axis',(-1.,0.,0.));
#4597=DIRECTION('center_axis',(-1.,0.,0.));
#4598=DIRECTION('ref_axis',(0.,-1.,0.));
#4599=DIRECTION('center_axis',(0.,0.,-1.));
#4600=DIRECTION('ref_axis',(-0.500000003725294,-0.866025401633639,0.));
#4601=DIRECTION('center_axis',(1.,0.,0.));
#4602=DIRECTION('ref_axis',(0.,-0.707106781186579,0.707106781186516));
#4603=DIRECTION('center_axis',(-1.,0.,0.));
#4604=DIRECTION('ref_axis',(0.,-1.,0.));
#4605=DIRECTION('',(-1.,0.,0.));
#4606=DIRECTION('',(1.,0.,0.));
#4607=DIRECTION('center_axis',(0.,0.,1.));
#4608=DIRECTION('ref_axis',(1.,0.,0.));
#4609=DIRECTION('center_axis',(-0.586162862098052,0.810193247995205,0.));
#4610=DIRECTION('ref_axis',(-0.810193247995205,-0.586162862098052,0.));
#4611=DIRECTION('center_axis',(0.,0.,1.));
#4612=DIRECTION('ref_axis',(0.454883027767537,0.890551195074735,0.));
#4613=DIRECTION('center_axis',(0.,0.,-1.));
#4614=DIRECTION('ref_axis',(0.454883027767537,0.890551195074735,0.));
#4615=DIRECTION('center_axis',(0.586162862098082,-0.810193247995183,0.));
#4616=DIRECTION('ref_axis',(-0.572893139728918,-0.414479734669301,0.707106781186553));
#4617=DIRECTION('center_axis',(-0.586162862098099,0.810193247995171,0.));
#4618=DIRECTION('ref_axis',(-0.810193247995171,-0.586162862098099,0.));
#4619=DIRECTION('',(-0.586162862098082,0.810193247995183,0.));
#4620=DIRECTION('',(0.586162862098082,-0.810193247995183,0.));
#4621=DIRECTION('center_axis',(0.,0.,-1.));
#4622=DIRECTION('ref_axis',(-1.,0.,0.));
#4623=DIRECTION('center_axis',(-0.991359787073165,0.131170776372826,0.));
#4624=DIRECTION('ref_axis',(-0.131170776372826,-0.991359787073165,0.));
#4625=DIRECTION('center_axis',(0.,0.,-1.));
#4626=DIRECTION('ref_axis',(-0.512433111338363,-0.858727143162533,0.));
#4627=DIRECTION('center_axis',(0.,0.,1.));
#4628=DIRECTION('ref_axis',(-0.512433111338363,-0.858727143162533,0.));
#4629=DIRECTION('center_axis',(0.99135978707316,-0.131170776372863,0.));
#4630=DIRECTION('ref_axis',(-0.0927517454667765,-0.70099722803511,0.707106781186518));
#4631=DIRECTION('center_axis',(-0.991359787073163,0.131170776372836,0.));
#4632=DIRECTION('ref_axis',(-0.131170776372836,-0.991359787073163,0.));
#4633=DIRECTION('',(-0.99135978707316,0.131170776372863,0.));
#4634=DIRECTION('',(0.99135978707316,-0.131170776372863,0.));
#4635=DIRECTION('center_axis',(0.,0.,1.));
#4636=DIRECTION('ref_axis',(1.,0.,0.));
#4637=DIRECTION('center_axis',(-0.866295070443824,0.499532632492343,0.));
#4638=DIRECTION('ref_axis',(-0.499532632492343,-0.866295070443824,0.));
#4639=DIRECTION('center_axis',(0.,0.,1.));
#4640=DIRECTION('ref_axis',(0.321491824662684,0.946912354273118,0.));
#4641=DIRECTION('center_axis',(0.,0.,-1.));
#4642=DIRECTION('ref_axis',(0.321491824662684,0.946912354273118,0.));
#4643=DIRECTION('center_axis',(0.866295070443823,-0.499532632492344,0.));
#4644=DIRECTION('ref_axis',(-0.353222911859299,-0.612563118819349,0.707106781186512));
#4645=DIRECTION('center_axis',(-0.866295070443824,0.499532632492343,0.));
#4646=DIRECTION('ref_axis',(-0.499532632492343,-0.866295070443824,0.));
#4647=DIRECTION('',(-0.866295070443823,0.499532632492344,0.));
#4648=DIRECTION('',(0.866295070443823,-0.499532632492344,0.));
#4649=DIRECTION('center_axis',(0.,0.,-1.));
#4650=DIRECTION('ref_axis',(-1.,0.,0.));
#4651=DIRECTION('center_axis',(-0.499532632492321,-0.866295070443837,0.));
#4652=DIRECTION('ref_axis',(0.866295070443837,-0.499532632492321,0.));
#4653=DIRECTION('center_axis',(0.,0.,-1.));
#4654=DIRECTION('ref_axis',(0.259340206960009,-0.965786030678607,0.));
#4655=DIRECTION('center_axis',(0.,0.,1.));
#4656=DIRECTION('ref_axis',(0.259340206960009,-0.965786030678607,0.));
#4657=DIRECTION('center_axis',(0.499532632492333,0.86629507044383,0.));
#4658=DIRECTION('ref_axis',(0.612563118819223,-0.353222911859343,0.707106781186599));
#4659=DIRECTION('center_axis',(-0.499532632492321,-0.866295070443837,0.));
#4660=DIRECTION('ref_axis',(0.866295070443837,-0.499532632492321,0.));
#4661=DIRECTION('',(-0.499532632492333,-0.86629507044383,0.));
#4662=DIRECTION('',(0.499532632492333,0.86629507044383,0.));
#4663=DIRECTION('center_axis',(0.,0.,-1.));
#4664=DIRECTION('ref_axis',(-1.,0.,0.));
#4665=DIRECTION('center_axis',(0.,-1.,0.));
#4666=DIRECTION('ref_axis',(1.,0.,0.));
#4667=DIRECTION('center_axis',(0.,0.,-1.));
#4668=DIRECTION('ref_axis',(0.965995618634945,-0.258558435905869,0.));
#4669=DIRECTION('center_axis',(0.,0.,1.));
#4670=DIRECTION('ref_axis',(0.965995618634945,-0.258558435905869,0.));
#4671=DIRECTION('center_axis',(0.,1.,0.));
#4672=DIRECTION('ref_axis',(0.707106781186529,0.,0.707106781186566));
#4673=DIRECTION('center_axis',(0.,-1.,0.));
#4674=DIRECTION('ref_axis',(1.,0.,0.));
#4675=DIRECTION('',(0.,-1.,0.));
#4676=DIRECTION('',(0.,1.,0.));
#4677=DIRECTION('center_axis',(-1.,0.,0.));
#4678=DIRECTION('ref_axis',(0.,0.,1.));
#4679=DIRECTION('center_axis',(0.,0.,1.));
#4680=DIRECTION('ref_axis',(1.,0.,0.));
#4681=DIRECTION('center_axis',(-1.,0.,0.));
#4682=DIRECTION('ref_axis',(0.,0.707106781186547,0.707106781186548));
#4683=DIRECTION('center_axis',(0.,0.,1.));
#4684=DIRECTION('ref_axis',(0.707106781186548,0.707106781186548,0.));
#4685=DIRECTION('center_axis',(0.,0.,1.));
#4686=DIRECTION('ref_axis',(1.,0.,0.));
#4687=DIRECTION('',(0.,0.,-1.));
#4688=DIRECTION('center_axis',(1.,0.,0.));
#4689=DIRECTION('ref_axis',(0.,0.,-1.));
#4690=DIRECTION('center_axis',(0.,-1.,0.));
#4691=DIRECTION('ref_axis',(1.,0.,0.));
#4692=DIRECTION('center_axis',(1.,0.,0.));
#4693=DIRECTION('ref_axis',(0.,-0.707106781186547,-0.707106781186548));
#4694=DIRECTION('center_axis',(0.,1.,0.));
#4695=DIRECTION('ref_axis',(0.707106781186529,0.,0.707106781186566));
#4696=DIRECTION('center_axis',(0.,-1.,0.));
#4697=DIRECTION('ref_axis',(1.,0.,0.));
#4698=DIRECTION('',(0.,1.,0.));
#4699=DIRECTION('center_axis',(1.,0.,0.));
#4700=DIRECTION('ref_axis',(0.,0.,-1.));
#4701=DIRECTION('center_axis',(0.,0.,-1.));
#4702=DIRECTION('ref_axis',(1.,0.,0.));
#4703=DIRECTION('center_axis',(1.,0.,0.));
#4704=DIRECTION('ref_axis',(0.,0.707106781186547,-0.707106781186548));
#4705=DIRECTION('center_axis',(0.,0.,1.));
#4706=DIRECTION('ref_axis',(0.707106781186497,-0.707106781186598,0.));
#4707=DIRECTION('center_axis',(0.,0.,-1.));
#4708=DIRECTION('ref_axis',(1.,0.,0.));
#4709=DIRECTION('',(0.,0.,1.));
#4710=DIRECTION('center_axis',(-1.,0.,0.));
#4711=DIRECTION('ref_axis',(0.,0.,1.));
#4712=DIRECTION('center_axis',(0.,-1.,0.));
#4713=DIRECTION('ref_axis',(1.,0.,0.));
#4714=DIRECTION('center_axis',(-1.,0.,0.));
#4715=DIRECTION('ref_axis',(0.,-0.707106781186547,0.707106781186548));
#4716=DIRECTION('center_axis',(0.,1.,0.));
#4717=DIRECTION('ref_axis',(0.707106781186529,0.,0.707106781186566));
#4718=DIRECTION('center_axis',(0.,-1.,0.));
#4719=DIRECTION('ref_axis',(1.,0.,0.));
#4720=DIRECTION('',(0.,1.,0.));
#4721=DIRECTION('center_axis',(0.,0.,-1.));
#4722=DIRECTION('ref_axis',(-1.,0.,0.));
#4723=DIRECTION('center_axis',(1.,0.,0.));
#4724=DIRECTION('ref_axis',(0.,1.,0.));
#4725=DIRECTION('center_axis',(0.,0.,1.));
#4726=DIRECTION('ref_axis',(0.707106781186545,0.70710678118655,0.));
#4727=DIRECTION('center_axis',(-1.,0.,0.));
#4728=DIRECTION('ref_axis',(0.,0.707106781186554,0.707106781186541));
#4729=DIRECTION('center_axis',(1.,0.,0.));
#4730=DIRECTION('ref_axis',(0.,1.,0.));
#4731=DIRECTION('',(-1.,0.,0.));
#4732=DIRECTION('center_axis',(0.,-1.,0.));
#4733=DIRECTION('ref_axis',(0.,0.,-1.));
#4734=DIRECTION('center_axis',(0.,0.,1.));
#4735=DIRECTION('ref_axis',(0.,1.,0.));
#4736=DIRECTION('center_axis',(0.,-1.,0.));
#4737=DIRECTION('ref_axis',(-0.707106781186547,0.,0.707106781186548));
#4738=DIRECTION('center_axis',(0.,0.,1.));
#4739=DIRECTION('ref_axis',(-0.707106781186522,0.707106781186573,0.));
#4740=DIRECTION('center_axis',(0.,0.,1.));
#4741=DIRECTION('ref_axis',(0.,1.,0.));
#4742=DIRECTION('',(0.,0.,-1.));
#4743=DIRECTION('center_axis',(0.,1.,0.));
#4744=DIRECTION('ref_axis',(0.,0.,1.));
#4745=DIRECTION('center_axis',(1.,0.,0.));
#4746=DIRECTION('ref_axis',(0.,1.,0.));
#4747=DIRECTION('center_axis',(0.,1.,0.));
#4748=DIRECTION('ref_axis',(0.707106781186547,0.,-0.707106781186548));
#4749=DIRECTION('center_axis',(-1.,0.,0.));
#4750=DIRECTION('ref_axis',(0.,0.707106781186554,0.707106781186541));
#4751=DIRECTION('center_axis',(1.,0.,0.));
#4752=DIRECTION('ref_axis',(0.,1.,0.));
#4753=DIRECTION('',(-1.,0.,0.));
#4754=DIRECTION('center_axis',(0.,1.,0.));
#4755=DIRECTION('ref_axis',(0.,0.,1.));
#4756=DIRECTION('center_axis',(0.,0.,-1.));
#4757=DIRECTION('ref_axis',(0.,1.,0.));
#4758=DIRECTION('center_axis',(0.,1.,0.));
#4759=DIRECTION('ref_axis',(-0.707106781186547,0.,-0.707106781186548));
#4760=DIRECTION('center_axis',(0.,0.,1.));
#4761=DIRECTION('ref_axis',(0.707106781186522,0.707106781186573,0.));
#4762=DIRECTION('center_axis',(0.,0.,-1.));
#4763=DIRECTION('ref_axis',(0.,1.,0.));
#4764=DIRECTION('',(0.,0.,1.));
#4765=DIRECTION('center_axis',(0.,-1.,0.));
#4766=DIRECTION('ref_axis',(0.,0.,-1.));
#4767=DIRECTION('center_axis',(1.,0.,0.));
#4768=DIRECTION('ref_axis',(0.,1.,0.));
#4769=DIRECTION('center_axis',(0.,-1.,0.));
#4770=DIRECTION('ref_axis',(0.707106781186547,0.,0.707106781186548));
#4771=DIRECTION('center_axis',(-1.,0.,0.));
#4772=DIRECTION('ref_axis',(0.,0.707106781186554,0.707106781186541));
#4773=DIRECTION('center_axis',(1.,0.,0.));
#4774=DIRECTION('ref_axis',(0.,1.,0.));
#4775=DIRECTION('',(1.,0.,0.));
#4776=DIRECTION('',(-1.,0.,0.));
#4777=DIRECTION('center_axis',(0.,0.,1.));
#4778=DIRECTION('ref_axis',(1.,0.,0.));
#4779=DIRECTION('center_axis',(0.499999601393949,-0.866025633919627,0.));
#4780=DIRECTION('ref_axis',(0.866025633919627,0.499999601393949,0.));
#4781=DIRECTION('center_axis',(0.,0.,1.));
#4782=DIRECTION('ref_axis',(-0.500000199302991,-0.866025288716773,0.));
#4783=DIRECTION('center_axis',(0.,0.,-1.));
#4784=DIRECTION('ref_axis',(-0.500000199302991,-0.866025288716773,0.));
#4785=DIRECTION('center_axis',(0.,0.,-1.));
#4786=DIRECTION('ref_axis',(-1.,0.,0.));
#4787=DIRECTION('center_axis',(1.,0.,0.));
#4788=DIRECTION('ref_axis',(0.,1.,0.));
#4789=DIRECTION('center_axis',(0.,0.,-1.));
#4790=DIRECTION('ref_axis',(0.500000199302991,0.866025288716773,0.));
#4791=DIRECTION('center_axis',(0.,0.,1.));
#4792=DIRECTION('ref_axis',(0.500000199302991,0.866025288716773,0.));
#4793=DIRECTION('center_axis',(-1.,0.,0.));
#4794=DIRECTION('ref_axis',(0.,0.707106781186554,0.707106781186541));
#4795=DIRECTION('center_axis',(1.,0.,0.));
#4796=DIRECTION('ref_axis',(0.,1.,0.));
#4797=DIRECTION('',(1.,0.,0.));
#4798=DIRECTION('center_axis',(0.,0.,1.));
#4799=DIRECTION('ref_axis',(1.,0.,0.));
#4800=DIRECTION('center_axis',(1.77635683940023E-14,-1.,0.));
#4801=DIRECTION('ref_axis',(1.,1.77635683940023E-14,0.));
#4802=DIRECTION('center_axis',(0.,0.,1.));
#4803=DIRECTION('ref_axis',(-0.707106781186546,-0.707106781186549,0.));
#4804=DIRECTION('center_axis',(0.,1.,0.));
#4805=DIRECTION('ref_axis',(0.707106781186579,0.,0.707106781186516));
#4806=DIRECTION('center_axis',(0.,-1.,0.));
#4807=DIRECTION('ref_axis',(1.,0.,0.));
#4808=DIRECTION('',(0.,-1.,0.));
#4809=DIRECTION('center_axis',(0.,0.,-1.));
#4810=DIRECTION('ref_axis',(-1.,0.,0.));
#4811=DIRECTION('center_axis',(1.,0.,0.));
#4812=DIRECTION('ref_axis',(0.,1.,0.));
#4813=DIRECTION('center_axis',(0.,0.,-1.));
#4814=DIRECTION('ref_axis',(0.707106781186548,0.707106781186548,0.));
#4815=DIRECTION('center_axis',(-1.,0.,0.));
#4816=DIRECTION('ref_axis',(0.,0.707106781186541,0.707106781186554));
#4817=DIRECTION('center_axis',(1.,0.,0.));
#4818=DIRECTION('ref_axis',(0.,1.,0.));
#4819=DIRECTION('',(1.,0.,0.));
#4820=DIRECTION('center_axis',(0.,0.,-1.));
#4821=DIRECTION('ref_axis',(-1.,0.,0.));
#4822=DIRECTION('center_axis',(0.249999988824131,0.968245839437451,0.));
#4823=DIRECTION('ref_axis',(-0.968245839437451,0.249999988824131,0.));
#4824=DIRECTION('center_axis',(0.,0.,-1.));
#4825=DIRECTION('ref_axis',(-0.612372440258325,0.790569411507974,0.));
#4826=DIRECTION('center_axis',(0.,0.,1.));
#4827=DIRECTION('ref_axis',(1.,0.,0.));
#4828=DIRECTION('center_axis',(1.,0.,0.));
#4829=DIRECTION('ref_axis',(0.,1.,0.));
#4830=DIRECTION('center_axis',(0.,0.,1.));
#4831=DIRECTION('ref_axis',(0.612372440258325,-0.790569411507974,0.));
#4832=DIRECTION('center_axis',(-1.,0.,0.));
#4833=DIRECTION('ref_axis',(0.,0.707106781186554,0.707106781186541));
#4834=DIRECTION('center_axis',(1.,0.,0.));
#4835=DIRECTION('ref_axis',(0.,1.,0.));
#4836=DIRECTION('',(1.,0.,0.));
#4837=DIRECTION('center_axis',(0.,0.,-1.));
#4838=DIRECTION('ref_axis',(-1.,0.,0.));
#4839=DIRECTION('center_axis',(0.,1.,0.));
#4840=DIRECTION('ref_axis',(-1.,0.,0.));
#4841=DIRECTION('center_axis',(0.,0.,-1.));
#4842=DIRECTION('ref_axis',(-0.707106781186548,0.707106781186548,0.));
#4843=DIRECTION('center_axis',(0.,-1.,0.));
#4844=DIRECTION('ref_axis',(-0.707106781186579,0.,0.707106781186516));
#4845=DIRECTION('center_axis',(0.,1.,0.));
#4846=DIRECTION('ref_axis',(-1.,0.,0.));
#4847=DIRECTION('',(0.,1.,0.));
#4848=DIRECTION('center_axis',(0.,0.,1.));
#4849=DIRECTION('ref_axis',(1.,0.,0.));
#4850=DIRECTION('center_axis',(1.,0.,0.));
#4851=DIRECTION('ref_axis',(0.,1.,0.));
#4852=DIRECTION('center_axis',(0.,0.,1.));
#4853=DIRECTION('ref_axis',(0.707106781186547,-0.707106781186547,0.));
#4854=DIRECTION('center_axis',(-1.,0.,0.));
#4855=DIRECTION('ref_axis',(0.,0.707106781186554,0.707106781186541));
#4856=DIRECTION('center_axis',(1.,0.,0.));
#4857=DIRECTION('ref_axis',(0.,1.,0.));
#4858=DIRECTION('',(1.,0.,0.));
#4859=DIRECTION('center_axis',(0.,0.,-1.));
#4860=DIRECTION('ref_axis',(-1.,0.,0.));
#4861=DIRECTION('center_axis',(4.15990797364423E-8,0.999999999999999,0.));
#4862=DIRECTION('ref_axis',(-0.999999999999999,4.15990797364423E-8,0.));
#4863=DIRECTION('center_axis',(0.,0.,-1.));
#4864=DIRECTION('ref_axis',(-0.707106766479054,0.70710679589404,0.));
#4865=DIRECTION('center_axis',(-4.15990743796168E-8,-0.999999999999999,
0.));
#4866=DIRECTION('ref_axis',(-0.707106781186553,2.94149913727585E-8,0.707106781186541));
#4867=DIRECTION('',(4.15990743796168E-8,0.999999999999999,0.));
#4868=DIRECTION('center_axis',(0.,0.,1.));
#4869=DIRECTION('ref_axis',(1.,0.,0.));
#4870=DIRECTION('center_axis',(0.,0.,1.));
#4871=DIRECTION('ref_axis',(0.707106781186551,0.707106781186544,0.));
#4872=DIRECTION('',(0.,0.,1.));
#4873=DIRECTION('',(0.,0.,-1.));
#4874=DIRECTION('center_axis',(1.,0.,0.));
#4875=DIRECTION('ref_axis',(0.,1.,0.));
#4876=DIRECTION('',(0.,0.,1.));
#4877=DIRECTION('center_axis',(0.,0.,1.));
#4878=DIRECTION('ref_axis',(0.965995618634946,-0.258558435905865,0.));
#4879=DIRECTION('',(0.,0.,-1.));
#4880=DIRECTION('center_axis',(0.86629507044383,-0.499532632492333,0.));
#4881=DIRECTION('ref_axis',(0.499532632492333,0.86629507044383,0.));
#4882=DIRECTION('',(0.,0.,1.));
#4883=DIRECTION('center_axis',(0.,0.,1.));
#4884=DIRECTION('ref_axis',(0.259340206960012,-0.965786030678607,0.));
#4885=DIRECTION('',(0.,0.,-1.));
#4886=DIRECTION('center_axis',(-0.499532632492344,-0.866295070443823,0.));
#4887=DIRECTION('ref_axis',(0.866295070443823,-0.499532632492344,0.));
#4888=DIRECTION('',(0.,0.,1.));
#4889=DIRECTION('center_axis',(0.,0.,1.));
#4890=DIRECTION('ref_axis',(0.321491824662686,0.946912354273117,0.));
#4891=DIRECTION('',(0.,0.,-1.));
#4892=DIRECTION('center_axis',(-0.131170776372863,-0.99135978707316,0.));
#4893=DIRECTION('ref_axis',(0.99135978707316,-0.131170776372863,0.));
#4894=DIRECTION('',(0.,0.,1.));
#4895=DIRECTION('center_axis',(0.,0.,1.));
#4896=DIRECTION('ref_axis',(-0.512433111338365,-0.858727143162531,0.));
#4897=DIRECTION('',(0.,0.,-1.));
#4898=DIRECTION('center_axis',(-0.810193247995183,-0.586162862098082,0.));
#4899=DIRECTION('ref_axis',(0.586162862098082,-0.810193247995183,0.));
#4900=DIRECTION('',(0.,0.,1.));
#4901=DIRECTION('center_axis',(0.,0.,1.));
#4902=DIRECTION('ref_axis',(0.454883027767534,0.890551195074736,0.));
#4903=DIRECTION('',(0.,0.,-1.));
#4904=DIRECTION('center_axis',(0.,-1.,0.));
#4905=DIRECTION('ref_axis',(1.,0.,0.));
#4906=DIRECTION('center_axis',(0.,0.,1.));
#4907=DIRECTION('ref_axis',(0.500000199302991,0.866025288716773,0.));
#4908=DIRECTION('',(0.,0.,-1.));
#4909=DIRECTION('center_axis',(0.,-1.,0.));
#4910=DIRECTION('ref_axis',(1.,0.,0.));
#4911=DIRECTION('',(0.,0.,-1.));
#4912=DIRECTION('center_axis',(0.,0.,1.));
#4913=DIRECTION('ref_axis',(-0.707106781186548,-0.707106781186548,0.));
#4914=DIRECTION('',(0.,0.,-1.));
#4915=DIRECTION('center_axis',(0.,0.,1.));
#4916=DIRECTION('ref_axis',(0.707106781186548,0.707106781186548,0.));
#4917=DIRECTION('',(0.,0.,1.));
#4918=DIRECTION('center_axis',(-1.,0.,0.));
#4919=DIRECTION('ref_axis',(0.,-1.,0.));
#4920=DIRECTION('',(0.,0.,-1.));
#4921=DIRECTION('center_axis',(-0.865703343374664,0.500557410563393,0.));
#4922=DIRECTION('ref_axis',(-0.500557410563393,-0.865703343374664,0.));
#4923=DIRECTION('',(0.,0.,-1.));
#4924=DIRECTION('center_axis',(0.499532632492332,0.86629507044383,0.));
#4925=DIRECTION('ref_axis',(-0.866295070443831,0.499532632492332,0.));
#4926=DIRECTION('center_axis',(0.,1.,0.));
#4927=DIRECTION('ref_axis',(-1.,0.,0.));
#4928=CARTESIAN_POINT('',(0.,0.,0.));
#4929=CARTESIAN_POINT('Origin',(145.791366484375,-65.343484375,3.5));
#4930=CARTESIAN_POINT('',(139.791366484375,-65.343484375,2.));
#4931=CARTESIAN_POINT('Origin',(145.791366484375,-65.343484375,2.));
#4932=CARTESIAN_POINT('',(142.791366484375,-65.343484375,5.));
#4933=CARTESIAN_POINT('',(141.291366484375,-65.343484375,3.5));
#4934=CARTESIAN_POINT('Origin',(145.791366484375,-65.343484375,5.));
#4935=CARTESIAN_POINT('Origin',(126.500000637025,-87.215267469645,2.));
#4936=CARTESIAN_POINT('',(184.048658333333,-46.9499989718199,2.));
#4937=CARTESIAN_POINT('',(183.048658333333,-45.9499989718199,2.));
#4938=CARTESIAN_POINT('Origin',(183.048658333333,-46.9499989718199,2.));
#4939=CARTESIAN_POINT('',(146.050002160668,-45.9499989718199,2.));
#4940=CARTESIAN_POINT('',(135.750001398847,-45.9499989718199,2.));
#4941=CARTESIAN_POINT('',(145.050002160668,-44.9499990165233,2.));
#4942=CARTESIAN_POINT('Origin',(146.050002160668,-44.9499989718199,2.));
#4943=CARTESIAN_POINT('',(144.050002160668,-43.9499990165234,2.));
#4944=CARTESIAN_POINT('Origin',(144.050002160668,-44.9499990165233,2.));
#4945=CARTESIAN_POINT('',(127.050001877546,-43.9499990165234,2.));
#4946=CARTESIAN_POINT('',(126.250001257285,-43.9499990165234,2.));
#4947=CARTESIAN_POINT('',(126.050001877546,-42.9499990165234,2.));
#4948=CARTESIAN_POINT('Origin',(127.050001877546,-42.9499990165234,2.));
#4949=CARTESIAN_POINT('',(126.050001877546,-39.9500005811453,2.));
#4950=CARTESIAN_POINT('',(126.050001877546,-63.1076340253952,2.));
#4951=CARTESIAN_POINT('',(125.050001877546,-38.9500005811453,2.));
#4952=CARTESIAN_POINT('Origin',(125.050001877546,-39.9500005811453,2.));
#4953=CARTESIAN_POINT('',(107.950001594424,-38.9500005811453,2.));
#4954=CARTESIAN_POINT('',(116.750001115724,-38.9500005811453,2.));
#4955=CARTESIAN_POINT('',(106.950001594424,-39.9500005811453,2.));
#4956=CARTESIAN_POINT('Origin',(107.950001594424,-39.9500005811453,2.));
#4957=CARTESIAN_POINT('',(106.950001594424,-40.9500006258488,2.));
#4958=CARTESIAN_POINT('',(106.950001594424,-64.6076340477469,2.));
#4959=CARTESIAN_POINT('',(105.950001594424,-41.9500006258488,2.));
#4960=CARTESIAN_POINT('Origin',(105.950001594424,-40.9500006258488,2.));
#4961=CARTESIAN_POINT('',(88.9500013113022,-41.9500006258488,2.));
#4962=CARTESIAN_POINT('',(107.250000974163,-41.9500006258488,2.));
#4963=CARTESIAN_POINT('',(87.9500013113022,-42.9500006258488,2.));
#4964=CARTESIAN_POINT('Origin',(88.9500013113022,-42.9500006258488,2.));
#4965=CARTESIAN_POINT('',(87.9500013113022,-48.9500006421251,2.));
#4966=CARTESIAN_POINT('',(87.9500013113022,-68.6076341073515,2.));
#4967=CARTESIAN_POINT('',(86.9500012132708,-49.9500006421251,2.));
#4968=CARTESIAN_POINT('Origin',(86.9500013113022,-48.9500006421251,2.));
#4969=CARTESIAN_POINT('',(69.9494969730314,-49.9499989755427,2.));
#4970=CARTESIAN_POINT('',(97.7497505850452,-49.9500017008392,2.));
#4971=CARTESIAN_POINT('',(68.949496875,-50.9499989755427,2.));
#4972=CARTESIAN_POINT('Origin',(69.949496875,-50.9499989755427,2.));
#4973=CARTESIAN_POINT('',(68.949496875,-106.049219791667,2.));
#4974=CARTESIAN_POINT('',(68.949496875,-97.1072436306559,2.));
#4975=CARTESIAN_POINT('',(69.949496875,-107.049219791667,2.));
#4976=CARTESIAN_POINT('Origin',(69.949496875,-106.049219791667,2.));
#4977=CARTESIAN_POINT('',(106.948679038886,-107.049219791667,2.));
#4978=CARTESIAN_POINT('',(116.737109542558,-107.049219791667,2.));
#4979=CARTESIAN_POINT('',(116.496257480643,-120.24586544835,2.));
#4980=CARTESIAN_POINT('',(110.365326139992,-111.771703236268,2.));
#4981=CARTESIAN_POINT('',(154.107488597007,-125.222357787663,2.));
#4982=CARTESIAN_POINT('',(138.074990985487,-123.101033939025,2.));
#4983=CARTESIAN_POINT('',(170.617049040936,-134.742282893114,2.));
#4984=CARTESIAN_POINT('',(143.757736038477,-119.254369145458,2.));
#4985=CARTESIAN_POINT('',(184.048658333333,-111.512601689826,2.));
#4986=CARTESIAN_POINT('',(182.100103882928,-114.8825849662,2.));
#4987=CARTESIAN_POINT('',(184.048658333333,-94.6076345171335,2.));
#4988=CARTESIAN_POINT('',(82.490157109375,-61.322346875,2.));
#4989=CARTESIAN_POINT('Origin',(88.490157109375,-61.322346875,2.));
#4990=CARTESIAN_POINT('',(106.315396796875,-101.131608125,2.));
#4991=CARTESIAN_POINT('Origin',(112.315396796875,-101.131608125,2.));
#4992=CARTESIAN_POINT('',(156.80580453125,-106.50987953125,2.));
#4993=CARTESIAN_POINT('Origin',(162.80580453125,-106.50987953125,2.));
#4994=CARTESIAN_POINT('',(82.490157109375,-80.42275,2.));
#4995=CARTESIAN_POINT('Origin',(88.490157109375,-80.42275,2.));
#4996=CARTESIAN_POINT('Origin',(88.490157109375,-61.322346875,3.5));
#4997=CARTESIAN_POINT('',(85.490157109375,-61.322346875,5.));
#4998=CARTESIAN_POINT('',(83.990157109375,-61.322346875,3.5));
#4999=CARTESIAN_POINT('Origin',(88.490157109375,-61.322346875,5.));
#5000=CARTESIAN_POINT('Origin',(88.490157109375,-80.42275,3.5));
#5001=CARTESIAN_POINT('',(85.490157109375,-80.42275,5.));
#5002=CARTESIAN_POINT('',(83.990157109375,-80.42275,3.5));
#5003=CARTESIAN_POINT('Origin',(88.490157109375,-80.42275,5.));
#5004=CARTESIAN_POINT('Origin',(112.315396796875,-101.131608125,3.5));
#5005=CARTESIAN_POINT('',(109.315396796875,-101.131608125,5.));
#5006=CARTESIAN_POINT('',(107.815396796875,-101.131608125,3.5));
#5007=CARTESIAN_POINT('Origin',(112.315396796875,-101.131608125,5.));
#5008=CARTESIAN_POINT('Origin',(162.80580453125,-106.50987953125,3.5));
#5009=CARTESIAN_POINT('',(159.80580453125,-106.50987953125,5.));
#5010=CARTESIAN_POINT('',(158.30580453125,-106.50987953125,3.5));
#5011=CARTESIAN_POINT('Origin',(162.80580453125,-106.50987953125,5.));
#5012=CARTESIAN_POINT('Origin',(162.80580453125,-106.50987953125,0.));
#5013=CARTESIAN_POINT('',(160.25580453125,-106.50987953125,5.));
#5014=CARTESIAN_POINT('Origin',(162.80580453125,-106.50987953125,5.));
#5015=CARTESIAN_POINT('',(160.25580453125,-106.50987953125,3.4));
#5016=CARTESIAN_POINT('',(160.25580453125,-106.50987953125,0.));
#5017=CARTESIAN_POINT('Origin',(162.80580453125,-106.50987953125,3.4));
#5018=CARTESIAN_POINT('Origin',(162.80580453125,-106.50987953125,5.));
#5019=CARTESIAN_POINT('Origin',(145.791366484375,-65.343484375,0.));
#5020=CARTESIAN_POINT('',(143.241366484375,-65.343484375,5.));
#5021=CARTESIAN_POINT('Origin',(145.791366484375,-65.343484375,5.));
#5022=CARTESIAN_POINT('',(143.241366484375,-65.343484375,3.4));
#5023=CARTESIAN_POINT('',(143.241366484375,-65.343484375,0.));
#5024=CARTESIAN_POINT('Origin',(145.791366484375,-65.343484375,3.4));
#5025=CARTESIAN_POINT('Origin',(145.791366484375,-65.343484375,5.));
#5026=CARTESIAN_POINT('Origin',(112.315396796875,-101.131608125,0.));
#5027=CARTESIAN_POINT('',(109.765396796875,-101.131608125,5.));
#5028=CARTESIAN_POINT('Origin',(112.315396796875,-101.131608125,5.));
#5029=CARTESIAN_POINT('',(109.765396796875,-101.131608125,3.4));
#5030=CARTESIAN_POINT('',(109.765396796875,-101.131608125,0.));
#5031=CARTESIAN_POINT('Origin',(112.315396796875,-101.131608125,3.4));
#5032=CARTESIAN_POINT('Origin',(112.315396796875,-101.131608125,5.));
#5033=CARTESIAN_POINT('Origin',(88.490157109375,-61.322346875,0.));
#5034=CARTESIAN_POINT('',(85.940157109375,-61.322346875,5.));
#5035=CARTESIAN_POINT('Origin',(88.490157109375,-61.322346875,5.));
#5036=CARTESIAN_POINT('',(85.940157109375,-61.322346875,3.4));
#5037=CARTESIAN_POINT('',(85.940157109375,-61.322346875,0.));
#5038=CARTESIAN_POINT('Origin',(88.490157109375,-61.322346875,3.4));
#5039=CARTESIAN_POINT('Origin',(88.490157109375,-61.322346875,5.));
#5040=CARTESIAN_POINT('Origin',(88.490157109375,-80.42275,0.));
#5041=CARTESIAN_POINT('',(85.940157109375,-80.42275,5.));
#5042=CARTESIAN_POINT('Origin',(88.490157109375,-80.42275,5.));
#5043=CARTESIAN_POINT('',(85.940157109375,-80.42275,3.4));
#5044=CARTESIAN_POINT('',(85.940157109375,-80.42275,0.));
#5045=CARTESIAN_POINT('Origin',(88.490157109375,-80.42275,3.4));
#5046=CARTESIAN_POINT('Origin',(88.490157109375,-80.42275,5.));
#5047=CARTESIAN_POINT('Origin',(162.80580453125,-106.50987953125,3.4));
#5048=CARTESIAN_POINT('Origin',(145.791366484375,-65.343484375,3.4));
#5049=CARTESIAN_POINT('Origin',(112.315396796875,-101.131608125,3.4));
#5050=CARTESIAN_POINT('Origin',(88.490157109375,-61.322346875,3.4));
#5051=CARTESIAN_POINT('Origin',(88.490157109375,-80.42275,3.4));
#5052=CARTESIAN_POINT('Ctrl Pts',(68.2990366145624,-107.250001620501,0.));
#5053=CARTESIAN_POINT('Ctrl Pts',(68.4433741811428,-107.500001624227,0.));
#5054=CARTESIAN_POINT('Ctrl Pts',(68.7320493186054,-107.500001624227,0.));
#5055=CARTESIAN_POINT('Ctrl Pts',(66.9999985024333,-108.000001609325,-8.87348170125258E-15));
#5056=CARTESIAN_POINT('Ctrl Pts',(67.5773487687551,-109.000001624227,-8.87624919980797E-15));
#5057=CARTESIAN_POINT('Ctrl Pts',(68.7320493186054,-109.000001624227,-8.88178419700125E-15));
#5058=CARTESIAN_POINT('Ctrl Pts',(66.9999985024333,-108.000001609325,1.5));
#5059=CARTESIAN_POINT('Ctrl Pts',(67.5773487687551,-109.000001624227,1.5));
#5060=CARTESIAN_POINT('Ctrl Pts',(68.7320493186054,-109.000001624227,1.5));
#5061=CARTESIAN_POINT('',(68.4999985256085,-107.44289261473,0.));
#5062=CARTESIAN_POINT('',(68.7320493186054,-107.500001624227,0.));
#5063=CARTESIAN_POINT('Origin',(68.7320493186054,-107.000001624227,0.));
#5064=CARTESIAN_POINT('',(68.7320493186054,-109.000001624227,1.5));
#5065=CARTESIAN_POINT('Origin',(68.7320493186054,-107.500001624227,1.5));
#5066=CARTESIAN_POINT('',(66.9999985024333,-108.000001609325,1.5));
#5067=CARTESIAN_POINT('Origin',(68.7320493186054,-107.000001624227,1.5));
#5068=CARTESIAN_POINT('Ctrl Pts',(68.4999985256085,-107.44289261473,0.));
#5069=CARTESIAN_POINT('Ctrl Pts',(68.497683745523,-107.444293057441,-2.42818268567921E-18));
#5070=CARTESIAN_POINT('Ctrl Pts',(68.4953659979041,-107.445688653331,5.35840137166629E-6));
#5071=CARTESIAN_POINT('Ctrl Pts',(68.4556468357279,-107.469493720217,0.000189474376216206));
#5072=CARTESIAN_POINT('Ctrl Pts',(68.4174604806035,-107.490708733472,0.00177289433170444));
#5073=CARTESIAN_POINT('Ctrl Pts',(68.2182822535639,-107.595164278027,0.0179062376270629));
#5074=CARTESIAN_POINT('Ctrl Pts',(68.0401917097397,-107.668437865142,0.0586717369411349));
#5075=CARTESIAN_POINT('Ctrl Pts',(67.6928970030677,-107.79529003973,0.221943693205222));
#5076=CARTESIAN_POINT('Ctrl Pts',(67.5371542248571,-107.844826156163,0.333816675974675));
#5077=CARTESIAN_POINT('Ctrl Pts',(67.2772954740879,-107.923530355629,0.611090223655501));
#5078=CARTESIAN_POINT('Ctrl Pts',(67.1747451047778,-107.95222304323,0.772008669001955));
#5079=CARTESIAN_POINT('Ctrl Pts',(67.0357441425144,-107.990560444564,1.12406555613924));
#5080=CARTESIAN_POINT('Ctrl Pts',(66.9999985024333,-108.000001609325,1.31100566818367));
#5081=CARTESIAN_POINT('Ctrl Pts',(66.9999985024333,-108.000001609325,1.5));
#5082=CARTESIAN_POINT('Origin',(96.749999569729,-107.500001624227,1.5));
#5083=CARTESIAN_POINT('',(104.889698166668,-107.500001624227,0.));
#5084=CARTESIAN_POINT('',(104.889698166668,-109.000001624227,1.5));
#5085=CARTESIAN_POINT('Origin',(104.889698166668,-107.500001624227,1.5));
#5086=CARTESIAN_POINT('',(96.749999569729,-109.000001624227,1.5));
#5087=CARTESIAN_POINT('',(96.749999569729,-107.500001624227,0.));
#5088=CARTESIAN_POINT('Origin',(104.889698166668,-111.000001624227,1.5));
#5089=CARTESIAN_POINT('',(107.725374534651,-108.948431606883,0.));
#5090=CARTESIAN_POINT('',(106.510084662658,-109.82767590003,1.5));
#5091=CARTESIAN_POINT('Origin',(107.725374534651,-108.948431606883,1.5));
#5092=CARTESIAN_POINT('Origin',(104.889698166668,-111.000001624227,1.5));
#5093=CARTESIAN_POINT('Origin',(104.889698166668,-111.000001624227,0.));
#5094=CARTESIAN_POINT('Origin',(105.490731014199,-105.859711373967,1.5));
#5095=CARTESIAN_POINT('',(116.168610400142,-120.618656951707,0.));
#5096=CARTESIAN_POINT('',(114.953320528149,-121.497901244854,1.5));
#5097=CARTESIAN_POINT('Origin',(116.168610400142,-120.618656951707,1.5));
#5098=CARTESIAN_POINT('',(104.275441142206,-106.738955667114,1.5));
#5099=CARTESIAN_POINT('',(105.490731014199,-105.859711373967,0.));
#5100=CARTESIAN_POINT('Ctrl Pts',(116.168610400142,-120.618656951707,0.));
#5101=CARTESIAN_POINT('Ctrl Pts',(116.294763186476,-120.793025104847,0.));
#5102=CARTESIAN_POINT('Ctrl Pts',(116.508121635953,-120.821255414195,0.));
#5103=CARTESIAN_POINT('Ctrl Pts',(114.953320528149,-121.497901244854,-1.66905528906716E-14));
#5104=CARTESIAN_POINT('Ctrl Pts',(115.457931673484,-122.195373857415,-1.66789659452226E-14));
#5105=CARTESIAN_POINT('Ctrl Pts',(116.311365471394,-122.308295094804,-1.66593692895558E-14));
#5106=CARTESIAN_POINT('Ctrl Pts',(114.953320528149,-121.497901244854,1.5));
#5107=CARTESIAN_POINT('Ctrl Pts',(115.457931673484,-122.195373857415,1.5));
#5108=CARTESIAN_POINT('Ctrl Pts',(116.311365471394,-122.308295094804,1.5));
#5109=CARTESIAN_POINT('',(116.508121635953,-120.821255414195,0.));
#5110=CARTESIAN_POINT('',(116.311365471394,-122.308295094804,1.5));
#5111=CARTESIAN_POINT('Origin',(116.508121635953,-120.821255414195,1.5));
#5112=CARTESIAN_POINT('Origin',(116.573707024139,-120.325575520658,1.5));
#5113=CARTESIAN_POINT('Origin',(116.573707024139,-120.325575520658,0.));
#5114=CARTESIAN_POINT('Origin',(118.806367036912,-121.125345450395,1.5));
#5115=CARTESIAN_POINT('',(153.542633894438,-125.721439775997,0.));
#5116=CARTESIAN_POINT('',(153.345877729879,-127.208479456607,1.5));
#5117=CARTESIAN_POINT('Origin',(153.542633894438,-125.721439775997,1.5));
#5118=CARTESIAN_POINT('',(118.609610872353,-122.612385131005,1.5));
#5119=CARTESIAN_POINT('',(118.806367036912,-121.125345450395,0.));
#5120=CARTESIAN_POINT('Origin',(153.083536177133,-129.191199030753,1.5));
#5121=CARTESIAN_POINT('',(154.831900390856,-126.1591662842,0.));
#5122=CARTESIAN_POINT('',(154.082601442118,-127.458608889865,1.5));
#5123=CARTESIAN_POINT('Origin',(154.831900390856,-126.1591662842,1.5));
#5124=CARTESIAN_POINT('Origin',(153.083536177133,-129.191199030753,1.5));
#5125=CARTESIAN_POINT('Origin',(153.083536177133,-129.191199030753,0.));
#5126=CARTESIAN_POINT('Origin',(135.602696113133,-115.071010110504,1.5));
#5127=CARTESIAN_POINT('',(170.392734823094,-135.132026517297,0.));
#5128=CARTESIAN_POINT('',(169.643435874356,-136.431469122962,1.5));
#5129=CARTESIAN_POINT('Origin',(170.392734823094,-135.132026517297,1.5));
#5130=CARTESIAN_POINT('',(134.853397164395,-116.37045271617,1.5));
#5131=CARTESIAN_POINT('',(135.602696113133,-115.071010110504,0.));
#5132=CARTESIAN_POINT('Ctrl Pts',(170.392734823094,-135.132026517297,0.));
#5133=CARTESIAN_POINT('Ctrl Pts',(170.825882358316,-135.381792833543,0.));
#5134=CARTESIAN_POINT('Ctrl Pts',(171.075648674562,-134.948645298321,0.));
#5135=CARTESIAN_POINT('Ctrl Pts',(169.643435874356,-136.431469122962,-2.19359805845726E-14));
#5136=CARTESIAN_POINT('Ctrl Pts',(171.376026015243,-137.430534387947,-2.19202411472133E-14));
#5137=CARTESIAN_POINT('Ctrl Pts',(172.375091280228,-135.697944247059,-2.19111652989875E-14));
#5138=CARTESIAN_POINT('Ctrl Pts',(169.643435874356,-136.431469122962,1.5));
#5139=CARTESIAN_POINT('Ctrl Pts',(171.376026015243,-137.430534387947,1.5));
#5140=CARTESIAN_POINT('Ctrl Pts',(172.375091280228,-135.697944247059,1.5));
#5141=CARTESIAN_POINT('',(171.075648674562,-134.948645298321,0.));
#5142=CARTESIAN_POINT('',(172.375091280228,-135.697944247059,1.5));
#5143=CARTESIAN_POINT('Origin',(171.075648674562,-134.948645298321,1.5));
#5144=CARTESIAN_POINT('Origin',(170.64250113934,-134.698878982075,1.5));
#5145=CARTESIAN_POINT('Origin',(170.64250113934,-134.698878982075,0.));
#5146=CARTESIAN_POINT('Origin',(175.342706149628,-127.548666567188,1.5));
#5147=CARTESIAN_POINT('',(184.433150306838,-111.783916780483,0.));
#5148=CARTESIAN_POINT('',(185.732592912504,-112.533215729221,1.5));
#5149=CARTESIAN_POINT('Origin',(184.433150306838,-111.783916780483,1.5));
#5150=CARTESIAN_POINT('',(176.642148755294,-128.297965515926,1.5));
#5151=CARTESIAN_POINT('',(175.342706149628,-127.548666567188,0.));
#5152=CARTESIAN_POINT('Ctrl Pts',(184.433150306838,-111.783916780483,0.));
#5153=CARTESIAN_POINT('Ctrl Pts',(184.500002771616,-111.667980489404,0.));
#5154=CARTESIAN_POINT('Ctrl Pts',(184.500002771616,-111.534150464237,0.));
#5155=CARTESIAN_POINT('Ctrl Pts',(185.732592912504,-112.533215729221,-1.4489293437767E-14));
#5156=CARTESIAN_POINT('Ctrl Pts',(186.000002771616,-112.069470564904,-1.44979973676215E-14));
#5157=CARTESIAN_POINT('Ctrl Pts',(186.000002771616,-111.534150464237,-1.44979973676215E-14));
#5158=CARTESIAN_POINT('Ctrl Pts',(185.732592912504,-112.533215729221,1.5));
#5159=CARTESIAN_POINT('Ctrl Pts',(186.000002771616,-112.069470564904,1.5));
#5160=CARTESIAN_POINT('Ctrl Pts',(186.000002771616,-111.534150464237,1.5));
#5161=CARTESIAN_POINT('',(184.500002771616,-111.534150464237,0.));
#5162=CARTESIAN_POINT('',(186.000002771616,-111.534150464237,1.5));
#5163=CARTESIAN_POINT('Origin',(184.500002771616,-111.534150464237,1.5));
#5164=CARTESIAN_POINT('Origin',(184.000002771616,-111.534150464237,1.5));
#5165=CARTESIAN_POINT('Origin',(184.000002771616,-111.534150464237,0.));
#5166=CARTESIAN_POINT('Origin',(184.500002771616,-99.6423690172745,1.5));
#5167=CARTESIAN_POINT('',(184.500002771616,-46.0000006556511,0.));
#5168=CARTESIAN_POINT('',(186.000002771616,-46.0000006556511,1.5));
#5169=CARTESIAN_POINT('Origin',(184.500002771616,-46.0000006556511,1.5));
#5170=CARTESIAN_POINT('',(186.000002771616,-99.6423690172745,1.5));
#5171=CARTESIAN_POINT('',(184.500002771616,-99.6423690172745,0.));
#5172=CARTESIAN_POINT('Ctrl Pts',(184.500002771616,-46.0000006556511,0.));
#5173=CARTESIAN_POINT('Ctrl Pts',(184.500002771616,-45.5000006556511,0.));
#5174=CARTESIAN_POINT('Ctrl Pts',(184.000002771616,-45.5000006556511,0.));
#5175=CARTESIAN_POINT('Ctrl Pts',(186.000002771616,-46.0000006556511,-1.1916728835368E-14));
#5176=CARTESIAN_POINT('Ctrl Pts',(186.000002771616,-44.0000006556511,-1.1916728835368E-14));
#5177=CARTESIAN_POINT('Ctrl Pts',(184.000002771616,-44.0000006556511,-1.19348975147204E-14));
#5178=CARTESIAN_POINT('Ctrl Pts',(186.000002771616,-46.0000006556511,1.5));
#5179=CARTESIAN_POINT('Ctrl Pts',(186.000002771616,-44.0000006556511,1.5));
#5180=CARTESIAN_POINT('Ctrl Pts',(184.000002771616,-44.0000006556511,1.5));
#5181=CARTESIAN_POINT('',(184.000002771616,-45.5000006556511,0.));
#5182=CARTESIAN_POINT('',(184.000002771616,-44.0000006556511,1.5));
#5183=CARTESIAN_POINT('Origin',(184.000002771616,-45.5000006556511,1.5));
#5184=CARTESIAN_POINT('Origin',(184.000002771616,-46.0000006556511,1.5));
#5185=CARTESIAN_POINT('Origin',(184.000002771616,-46.0000006556511,0.));
#5186=CARTESIAN_POINT('Origin',(156.25000170432,-45.5000006556511,1.5));
#5187=CARTESIAN_POINT('',(149.000002190471,-45.5000006556511,0.));
#5188=CARTESIAN_POINT('',(149.000002190471,-44.0000006556511,1.5));
#5189=CARTESIAN_POINT('Origin',(149.000002190471,-45.5000006556511,1.5));
#5190=CARTESIAN_POINT('',(156.25000170432,-44.0000006556511,1.5));
#5191=CARTESIAN_POINT('',(156.25000170432,-45.5000006556511,0.));
#5192=CARTESIAN_POINT('Origin',(149.000002190471,-42.0000006556511,1.5));
#5193=CARTESIAN_POINT('',(145.968912471752,-43.7499992605299,0.));
#5194=CARTESIAN_POINT('',(147.267950922631,-42.999999858439,1.5));
#5195=CARTESIAN_POINT('Origin',(145.968912471752,-43.7499992605299,1.5));
#5196=CARTESIAN_POINT('Origin',(149.000002190471,-42.0000006556511,1.5));
#5197=CARTESIAN_POINT('Origin',(149.000002190471,-42.0000006556511,0.));
#5198=CARTESIAN_POINT('Ctrl Pts',(145.968912471752,-43.7499992605299,0.));
#5199=CARTESIAN_POINT('Ctrl Pts',(145.824574942811,-43.4999990612268,0.));
#5200=CARTESIAN_POINT('Ctrl Pts',(145.535899654792,-43.4999990612268,0.));
#5201=CARTESIAN_POINT('Ctrl Pts',(147.267950922631,-42.999999858439,-5.25782482491586E-15));
#5202=CARTESIAN_POINT('Ctrl Pts',(146.690600806866,-41.9999990612268,-5.26306966947956E-15));
#5203=CARTESIAN_POINT('Ctrl Pts',(145.535899654792,-41.9999990612268,-5.27355936696949E-15));
#5204=CARTESIAN_POINT('Ctrl Pts',(147.267950922631,-42.999999858439,1.5));
#5205=CARTESIAN_POINT('Ctrl Pts',(146.690600806866,-41.9999990612268,1.5));
#5206=CARTESIAN_POINT('Ctrl Pts',(145.535899654792,-41.9999990612268,1.5));
#5207=CARTESIAN_POINT('',(145.535899654792,-43.4999990612268,0.));
#5208=CARTESIAN_POINT('',(145.535899654792,-41.9999990612268,1.5));
#5209=CARTESIAN_POINT('Origin',(145.535899654792,-43.4999990612268,1.5));
#5210=CARTESIAN_POINT('Origin',(145.535899654792,-43.9999990612268,1.5));
#5211=CARTESIAN_POINT('Origin',(145.535899654792,-43.9999990612268,0.));
#5212=CARTESIAN_POINT('Origin',(136.750001413748,-43.4999990612268,1.5));
#5213=CARTESIAN_POINT('',(130.000001907349,-43.4999990612268,0.));
#5214=CARTESIAN_POINT('',(130.000001907349,-41.9999990612268,1.5));
#5215=CARTESIAN_POINT('Origin',(130.000001907349,-43.4999990612268,1.5));
#5216=CARTESIAN_POINT('',(136.750001413748,-41.9999990612268,1.5));
#5217=CARTESIAN_POINT('',(136.750001413748,-43.4999990612268,0.));
#5218=CARTESIAN_POINT('Origin',(130.000001907349,-39.9999990612268,1.5));
#5219=CARTESIAN_POINT('',(126.500001907349,-39.9999990612269,0.));
#5220=CARTESIAN_POINT('',(128.000001907349,-39.9999990612268,1.5));
#5221=CARTESIAN_POINT('Origin',(126.500001907349,-39.9999990612269,1.5));
#5222=CARTESIAN_POINT('Origin',(130.000001907349,-39.9999990612268,1.5));
#5223=CARTESIAN_POINT('Origin',(130.000001907349,-39.9999990612268,0.));
#5224=CARTESIAN_POINT('Origin',(126.500001907349,-64.6076332654359,1.5));
#5225=CARTESIAN_POINT('',(126.500001907349,-39.000000551343,0.));
#5226=CARTESIAN_POINT('',(128.000001907349,-39.000000551343,1.5));
#5227=CARTESIAN_POINT('Origin',(126.500001907349,-39.000000551343,1.5));
#5228=CARTESIAN_POINT('',(128.000001907349,-64.6076332654359,1.5));
#5229=CARTESIAN_POINT('',(126.500001907349,-64.6076332654359,0.));
#5230=CARTESIAN_POINT('Ctrl Pts',(126.500001907349,-39.000000551343,0.));
#5231=CARTESIAN_POINT('Ctrl Pts',(126.500001907349,-38.500000551343,0.));
#5232=CARTESIAN_POINT('Ctrl Pts',(126.000001907349,-38.500000551343,0.));
#5233=CARTESIAN_POINT('Ctrl Pts',(128.000001907349,-39.000000551343,-1.61941028196971E-15));
#5234=CARTESIAN_POINT('Ctrl Pts',(128.000001907349,-37.000000551343,-1.61941028196971E-15));
#5235=CARTESIAN_POINT('Ctrl Pts',(126.000001907349,-37.000000551343,-1.66533453693773E-15));
#5236=CARTESIAN_POINT('Ctrl Pts',(128.000001907349,-39.000000551343,1.5));
#5237=CARTESIAN_POINT('Ctrl Pts',(128.000001907349,-37.000000551343,1.5));
#5238=CARTESIAN_POINT('Ctrl Pts',(126.000001907349,-37.000000551343,1.5));
#5239=CARTESIAN_POINT('',(126.000001907349,-38.500000551343,0.));
#5240=CARTESIAN_POINT('',(126.000001907349,-37.000000551343,1.5));
#5241=CARTESIAN_POINT('Origin',(126.000001907349,-38.500000551343,1.5));
#5242=CARTESIAN_POINT('Origin',(126.000001907349,-39.000000551343,1.5));
#5243=CARTESIAN_POINT('Origin',(126.000001907349,-39.000000551343,0.));
#5244=CARTESIAN_POINT('Origin',(127.250001272187,-38.500000551343,1.5));
#5245=CARTESIAN_POINT('',(107.000001564622,-38.500000551343,0.));
#5246=CARTESIAN_POINT('',(107.000001564622,-37.000000551343,1.5));
#5247=CARTESIAN_POINT('Origin',(107.000001564622,-38.500000551343,1.5));
#5248=CARTESIAN_POINT('',(127.250001272187,-37.000000551343,1.5));
#5249=CARTESIAN_POINT('',(127.250001272187,-38.500000551343,0.));
#5250=CARTESIAN_POINT('Ctrl Pts',(107.000001564622,-38.500000551343,0.));
#5251=CARTESIAN_POINT('Ctrl Pts',(106.612703225384,-38.500000551343,0.));
#5252=CARTESIAN_POINT('Ctrl Pts',(106.515878644903,-38.8750005569309,0.));
#5253=CARTESIAN_POINT('Ctrl Pts',(107.000001564622,-37.000000551343,-1.08246744900953E-14));
#5254=CARTESIAN_POINT('Ctrl Pts',(105.450808207671,-37.000000551343,-1.07957491354118E-14));
#5255=CARTESIAN_POINT('Ctrl Pts',(105.063509885747,-38.5000005736947,-1.07885177970642E-14));
#5256=CARTESIAN_POINT('Ctrl Pts',(107.000001564622,-37.000000551343,1.5));
#5257=CARTESIAN_POINT('Ctrl Pts',(105.450808207671,-37.000000551343,1.5));
#5258=CARTESIAN_POINT('Ctrl Pts',(105.063509885747,-38.5000005736947,1.5));
#5259=CARTESIAN_POINT('',(106.515878644903,-38.8750005569309,0.));
#5260=CARTESIAN_POINT('',(105.063509885747,-38.5000005736947,1.5));
#5261=CARTESIAN_POINT('Origin',(106.515878644903,-38.8750005569309,1.5));
#5262=CARTESIAN_POINT('Origin',(107.000001564622,-39.000000551343,1.5));
#5263=CARTESIAN_POINT('Origin',(107.000001564622,-39.000000551343,0.));
#5264=CARTESIAN_POINT('Origin',(103.127018206872,-38.0000005960464,1.5));
#5265=CARTESIAN_POINT('',(103.127018206872,-41.5000005960464,0.));
#5266=CARTESIAN_POINT('',(103.127018206872,-40.0000005960464,1.5));
#5267=CARTESIAN_POINT('Origin',(103.127018206872,-41.5000005960464,1.5));
#5268=CARTESIAN_POINT('Origin',(103.127018206872,-38.0000005960464,1.5));
#5269=CARTESIAN_POINT('Origin',(103.127018206872,-38.0000005960464,0.));
#5270=CARTESIAN_POINT('Origin',(115.750001100823,-41.5000005960464,1.5));
#5271=CARTESIAN_POINT('',(88.0000012814999,-41.5000005960464,0.));
#5272=CARTESIAN_POINT('',(88.0000012814999,-40.0000005960464,1.5));
#5273=CARTESIAN_POINT('Origin',(88.0000012814999,-41.5000005960464,1.5));
#5274=CARTESIAN_POINT('',(115.750001100823,-40.0000005960464,1.5));
#5275=CARTESIAN_POINT('',(115.750001100823,-41.5000005960464,0.));
#5276=CARTESIAN_POINT('Ctrl Pts',(88.0000012814999,-41.5000005960464,0.));
#5277=CARTESIAN_POINT('Ctrl Pts',(87.5000012814999,-41.5000005960464,0.));
#5278=CARTESIAN_POINT('Ctrl Pts',(87.5000012814999,-42.0000005960464,0.));
#5279=CARTESIAN_POINT('Ctrl Pts',(88.0000012814999,-40.0000005960464,-1.08246744900953E-14));
#5280=CARTESIAN_POINT('Ctrl Pts',(86.0000012814998,-40.0000005960464,-1.07873320182163E-14));
#5281=CARTESIAN_POINT('Ctrl Pts',(86.0000012814998,-42.0000005960464,-1.07873320182163E-14));
#5282=CARTESIAN_POINT('Ctrl Pts',(88.0000012814999,-40.0000005960464,1.5));
#5283=CARTESIAN_POINT('Ctrl Pts',(86.0000012814998,-40.0000005960464,1.5));
#5284=CARTESIAN_POINT('Ctrl Pts',(86.0000012814998,-42.0000005960464,1.5));
#5285=CARTESIAN_POINT('',(87.5000012814998,-42.0000005960464,0.));
#5286=CARTESIAN_POINT('',(86.0000012814999,-42.0000005960464,1.5));
#5287=CARTESIAN_POINT('Origin',(87.5000012814998,-42.0000005960464,1.5));
#5288=CARTESIAN_POINT('Origin',(88.0000012814999,-42.0000005960464,1.5));
#5289=CARTESIAN_POINT('Origin',(88.0000012814999,-42.0000005960464,0.));
#5290=CARTESIAN_POINT('Origin',(87.5000012814998,-63.6076340328457,1.5));
#5291=CARTESIAN_POINT('',(87.5000012814998,-46.0000007152557,0.));
#5292=CARTESIAN_POINT('',(86.0000012814999,-46.0000007152557,1.5));
#5293=CARTESIAN_POINT('Origin',(87.5000012814998,-46.0000007152557,1.5));
#5294=CARTESIAN_POINT('',(86.0000012814999,-63.6076340328457,1.5));
#5295=CARTESIAN_POINT('',(87.5000012814998,-63.6076340328457,0.));
#5296=CARTESIAN_POINT('Origin',(84.0000012814999,-46.0000007152557,1.5));
#5297=CARTESIAN_POINT('',(84.0000012814999,-49.5000007152557,0.));
#5298=CARTESIAN_POINT('',(84.0000012814999,-48.0000007152557,1.5));
#5299=CARTESIAN_POINT('Origin',(84.0000012814999,-49.5000007152557,1.5));
#5300=CARTESIAN_POINT('Origin',(84.0000012814999,-46.0000007152557,1.5));
#5301=CARTESIAN_POINT('Origin',(84.0000012814999,-46.0000007152557,0.));
#5302=CARTESIAN_POINT('Origin',(106.250000959262,-49.5000007152557,1.5));
#5303=CARTESIAN_POINT('',(69.0000009151797,-49.5000007152557,0.));
#5304=CARTESIAN_POINT('',(69.0000009151797,-48.0000007152557,1.5));
#5305=CARTESIAN_POINT('Origin',(69.0000009151797,-49.5000007152557,1.5));
#5306=CARTESIAN_POINT('',(106.250000959262,-48.0000007152557,1.5));
#5307=CARTESIAN_POINT('',(106.250000959262,-49.5000007152557,0.));
#5308=CARTESIAN_POINT('Ctrl Pts',(69.0000009151797,-49.5000007152557,0.));
#5309=CARTESIAN_POINT('Ctrl Pts',(68.5000009359792,-49.5000007152557,0.));
#5310=CARTESIAN_POINT('Ctrl Pts',(68.5000009151797,-50.0000006944562,0.));
#5311=CARTESIAN_POINT('Ctrl Pts',(69.0000009151797,-48.0000007152557,-1.66533453693773E-15));
#5312=CARTESIAN_POINT('Ctrl Pts',(67.0000009983778,-48.0000007152557,-1.71125878999535E-15));
#5313=CARTESIAN_POINT('Ctrl Pts',(67.0000009151797,-50.0000006320576,-1.71125879190576E-15));
#5314=CARTESIAN_POINT('Ctrl Pts',(69.0000009151797,-48.0000007152557,1.5));
#5315=CARTESIAN_POINT('Ctrl Pts',(67.0000009983778,-48.0000007152557,1.5));
#5316=CARTESIAN_POINT('Ctrl Pts',(67.0000009151797,-50.0000006320576,1.5));
#5317=CARTESIAN_POINT('',(68.5000009151797,-50.0000006944562,0.));
#5318=CARTESIAN_POINT('',(67.0000009151797,-50.0000006320576,1.5));
#5319=CARTESIAN_POINT('Origin',(68.5000009151797,-50.0000006944562,1.5));
#5320=CARTESIAN_POINT('Origin',(69.0000009151797,-50.0000007152557,1.5));
#5321=CARTESIAN_POINT('Origin',(69.0000009151797,-50.0000007152557,0.));
#5322=CARTESIAN_POINT('Origin',(68.5000001827184,-67.6076329172765,1.5));
#5323=CARTESIAN_POINT('',(67.0000001827185,-67.6076328548779,1.5));
#5324=CARTESIAN_POINT('',(68.5000001827184,-67.6076329172765,0.));
#5325=CARTESIAN_POINT('Origin',(147.000002190471,-41.9999990612268,0.));
#5326=CARTESIAN_POINT('',(130.000001907349,-41.9999990612268,8.85));
#5327=CARTESIAN_POINT('',(130.000001907349,-41.9999990612268,0.));
#5328=CARTESIAN_POINT('',(145.535899654792,-41.9999990612268,8.85));
#5329=CARTESIAN_POINT('',(136.750001413748,-41.9999990612268,8.85));
#5330=CARTESIAN_POINT('',(145.535899654792,-41.9999990612268,0.));
#5331=CARTESIAN_POINT('Origin',(130.000001907349,-39.9999990612268,0.));
#5332=CARTESIAN_POINT('',(128.000001907349,-39.9999990612268,8.85));
#5333=CARTESIAN_POINT('',(128.000001907349,-39.9999990612268,0.));
#5334=CARTESIAN_POINT('Origin',(130.000001907349,-39.9999990612268,8.85));
#5335=CARTESIAN_POINT('Origin',(128.000001907349,-41.9999990612268,0.));
#5336=CARTESIAN_POINT('',(128.000001907349,-39.000000551343,8.85));
#5337=CARTESIAN_POINT('',(128.000001907349,-39.000000551343,0.));
#5338=CARTESIAN_POINT('',(128.000001907349,-64.6076332654359,8.85));
#5339=CARTESIAN_POINT('Origin',(126.000001907349,-39.000000551343,0.));
#5340=CARTESIAN_POINT('',(126.000001907349,-37.000000551343,8.85));
#5341=CARTESIAN_POINT('',(126.000001907349,-37.000000551343,0.));
#5342=CARTESIAN_POINT('Origin',(126.000001907349,-39.000000551343,8.85));
#5343=CARTESIAN_POINT('Origin',(128.000001907349,-37.000000551343,0.));
#5344=CARTESIAN_POINT('',(107.000001564622,-37.000000551343,8.85));
#5345=CARTESIAN_POINT('',(107.000001564622,-37.000000551343,0.));
#5346=CARTESIAN_POINT('',(127.250001272187,-37.000000551343,8.85));
#5347=CARTESIAN_POINT('Origin',(107.000001564622,-39.000000551343,0.));
#5348=CARTESIAN_POINT('',(105.063509885747,-38.5000005736947,8.85));
#5349=CARTESIAN_POINT('',(105.063509885747,-38.5000005736947,0.));
#5350=CARTESIAN_POINT('Origin',(107.000001564622,-39.000000551343,8.85));
#5351=CARTESIAN_POINT('Origin',(103.127018206872,-38.0000005960464,0.));
#5352=CARTESIAN_POINT('',(103.127018206872,-40.0000005960464,8.85));
#5353=CARTESIAN_POINT('',(103.127018206872,-40.0000005960464,0.));
#5354=CARTESIAN_POINT('Origin',(103.127018206872,-38.0000005960464,8.85));
#5355=CARTESIAN_POINT('Origin',(105.000001564622,-40.0000005960464,0.));
#5356=CARTESIAN_POINT('',(88.0000012814999,-40.0000005960464,8.85));
#5357=CARTESIAN_POINT('',(88.0000012814999,-40.0000005960464,0.));
#5358=CARTESIAN_POINT('',(115.750001100823,-40.0000005960464,8.85));
#5359=CARTESIAN_POINT('Origin',(88.0000012814999,-42.0000005960464,0.));
#5360=CARTESIAN_POINT('',(86.0000012814999,-42.0000005960464,8.85));
#5361=CARTESIAN_POINT('',(86.0000012814999,-42.0000005960464,0.));
#5362=CARTESIAN_POINT('Origin',(88.0000012814999,-42.0000005960464,8.85));
#5363=CARTESIAN_POINT('Origin',(86.0000012814999,-40.0000005960464,0.));
#5364=CARTESIAN_POINT('',(86.0000012814999,-46.0000007152557,8.85));
#5365=CARTESIAN_POINT('',(86.0000012814999,-46.0000007152557,0.));
#5366=CARTESIAN_POINT('',(86.0000012814999,-63.6076340328457,8.85));
#5367=CARTESIAN_POINT('Origin',(84.0000012814999,-46.0000007152557,0.));
#5368=CARTESIAN_POINT('',(84.0000012814999,-48.0000007152557,8.85));
#5369=CARTESIAN_POINT('',(84.0000012814999,-48.0000007152557,0.));
#5370=CARTESIAN_POINT('Origin',(84.0000012814999,-46.0000007152557,8.85));
#5371=CARTESIAN_POINT('Origin',(86.0000012814999,-48.0000007152557,0.));
#5372=CARTESIAN_POINT('',(69.0000009151797,-48.0000007152557,8.85));
#5373=CARTESIAN_POINT('',(69.0000009151797,-48.0000007152557,0.));
#5374=CARTESIAN_POINT('',(106.250000959262,-48.0000007152557,8.85));
#5375=CARTESIAN_POINT('Origin',(69.0000009151797,-50.0000007152557,0.));
#5376=CARTESIAN_POINT('',(67.0000009151797,-50.0000006320576,8.85));
#5377=CARTESIAN_POINT('',(67.0000009151797,-50.0000006320576,0.));
#5378=CARTESIAN_POINT('Origin',(69.0000009151797,-50.0000007152557,8.85));
#5379=CARTESIAN_POINT('Origin',(67.0000009983778,-48.0000007152557,0.));
#5380=CARTESIAN_POINT('',(66.9999985024333,-108.000001609325,8.85));
#5381=CARTESIAN_POINT('',(66.9999985024333,-108.000001609325,0.));
#5382=CARTESIAN_POINT('',(67.0000001827185,-67.6076328548779,8.85));
#5383=CARTESIAN_POINT('Origin',(68.7320493186054,-107.000001624227,0.));
#5384=CARTESIAN_POINT('',(68.7320493186054,-109.000001624227,8.85));
#5385=CARTESIAN_POINT('',(68.7320493186054,-109.000001624227,0.));
#5386=CARTESIAN_POINT('Origin',(68.7320493186054,-107.000001624227,8.85));
#5387=CARTESIAN_POINT('Origin',(126.500000637025,-87.215267469645,0.));
#5388=CARTESIAN_POINT('Origin',(138.042198291394,-123.348873885793,8.85));
#5389=CARTESIAN_POINT('',(116.356785561811,-120.479590240445,9.1));
#5390=CARTESIAN_POINT('',(154.025550722665,-125.463695139176,9.1));
#5391=CARTESIAN_POINT('',(138.042198291394,-123.348873885793,9.1));
#5392=CARTESIAN_POINT('',(154.107488597007,-125.222357787663,8.85));
#5393=CARTESIAN_POINT('Origin',(154.025550722665,-125.463695139176,8.85));
#5394=CARTESIAN_POINT('',(116.496257480643,-120.24586544835,8.85));
#5395=CARTESIAN_POINT('',(138.074990985487,-123.101033939025,8.85));
#5396=CARTESIAN_POINT('Origin',(116.356785561811,-120.479590240445,8.85));
#5397=CARTESIAN_POINT('Origin',(143.632852880354,-119.470942913069,8.85));
#5398=CARTESIAN_POINT('',(170.708483519924,-135.083592126051,9.1));
#5399=CARTESIAN_POINT('',(143.632852880354,-119.470942913069,9.1));
#5400=CARTESIAN_POINT('',(170.617049040936,-134.742282893115,8.85));
#5401=CARTESIAN_POINT('Origin',(170.708483519924,-135.083592126051,8.85));
#5402=CARTESIAN_POINT('',(143.757736038477,-119.254369145458,8.85));
#5403=CARTESIAN_POINT('Origin',(182.316529718772,-115.007724318841,8.85));
#5404=CARTESIAN_POINT('',(184.298658333333,-111.579675243125,9.1));
#5405=CARTESIAN_POINT('',(182.316529718772,-115.007724318841,9.1));
#5406=CARTESIAN_POINT('',(184.048658333333,-111.512601689826,8.85));
#5407=CARTESIAN_POINT('Origin',(184.298658333333,-111.579675243125,8.85));
#5408=CARTESIAN_POINT('',(182.100103882928,-114.8825849662,8.85));
#5409=CARTESIAN_POINT('Origin',(184.298658333333,-94.6076345171335,8.85));
#5410=CARTESIAN_POINT('',(184.298658333333,-103.000001564622,9.1));
#5411=CARTESIAN_POINT('',(184.298658333333,-94.6076345171335,9.1));
#5412=CARTESIAN_POINT('',(184.048658333333,-103.000001564622,8.85));
#5413=CARTESIAN_POINT('Origin',(184.298658333333,-103.000001564622,8.85));
#5414=CARTESIAN_POINT('',(184.048658333333,-94.6076345171335,8.85));
#5415=CARTESIAN_POINT('Origin',(184.298658333333,-103.000001564622,8.1));
#5416=CARTESIAN_POINT('',(184.298658333333,-102.000001564622,8.1));
#5417=CARTESIAN_POINT('',(184.048658333333,-102.250001564622,8.1));
#5418=CARTESIAN_POINT('Origin',(184.298658333333,-102.250001564622,8.1));
#5419=CARTESIAN_POINT('Origin',(184.048658333333,-103.000001564622,8.1));
#5420=CARTESIAN_POINT('Origin',(184.298658333333,-103.000001564622,8.1));
#5421=CARTESIAN_POINT('Origin',(184.298658333333,-102.250001564622,0.));
#5422=CARTESIAN_POINT('',(184.298658333333,-102.000001564622,7.6));
#5423=CARTESIAN_POINT('',(184.048658333333,-102.250001564622,7.6));
#5424=CARTESIAN_POINT('Origin',(184.298658333333,-102.250001564622,7.6));
#5425=CARTESIAN_POINT('',(184.048658333333,-102.250001564622,0.));
#5426=CARTESIAN_POINT('',(184.298658333333,-102.000001564622,0.));
#5427=CARTESIAN_POINT('Origin',(184.298658333333,-101.000001564622,7.6));
#5428=CARTESIAN_POINT('',(184.298658333333,-101.000001564622,6.6));
#5429=CARTESIAN_POINT('',(184.048658333333,-101.000001564622,6.35));
#5430=CARTESIAN_POINT('Origin',(184.298658333333,-101.000001564622,6.35));
#5431=CARTESIAN_POINT('Origin',(184.048658333333,-101.000001564622,7.6));
#5432=CARTESIAN_POINT('Origin',(184.298658333333,-101.000001564622,7.6));
#5433=CARTESIAN_POINT('Origin',(184.298658333333,-97.0000014789402,6.35));
#5434=CARTESIAN_POINT('',(184.298658333333,-83.0000012218952,6.6));
#5435=CARTESIAN_POINT('',(184.048658333333,-83.0000012218952,6.35));
#5436=CARTESIAN_POINT('Origin',(184.298658333333,-83.0000012218952,6.35));
#5437=CARTESIAN_POINT('',(184.048658333333,-97.0000014789402,6.35));
#5438=CARTESIAN_POINT('',(184.298658333333,-97.0000014789402,6.6));
#5439=CARTESIAN_POINT('Origin',(184.298658333333,-83.0000012218952,7.6));
#5440=CARTESIAN_POINT('',(184.298658333333,-82.0000012218952,7.6));
#5441=CARTESIAN_POINT('',(184.048658333333,-81.7500012218952,7.6));
#5442=CARTESIAN_POINT('Origin',(184.298658333333,-81.7500012218952,7.6));
#5443=CARTESIAN_POINT('Origin',(184.048658333333,-83.0000012218952,7.6));
#5444=CARTESIAN_POINT('Origin',(184.298658333333,-83.0000012218952,7.6));
#5445=CARTESIAN_POINT('Origin',(184.298658333333,-81.7500012218952,0.));
#5446=CARTESIAN_POINT('',(184.298658333333,-82.0000012218952,8.1));
#5447=CARTESIAN_POINT('',(184.048658333333,-81.7500012218952,8.1));
#5448=CARTESIAN_POINT('Origin',(184.298658333333,-81.7500012218952,8.1));
#5449=CARTESIAN_POINT('',(184.048658333333,-81.7500012218952,0.));
#5450=CARTESIAN_POINT('',(184.298658333333,-82.0000012218952,0.));
#5451=CARTESIAN_POINT('Origin',(184.298658333333,-81.0000012218952,8.1));
#5452=CARTESIAN_POINT('',(184.298658333333,-81.0000012218952,9.1));
#5453=CARTESIAN_POINT('',(184.048658333333,-81.0000012218952,8.85));
#5454=CARTESIAN_POINT('Origin',(184.298658333333,-81.0000012218952,8.85));
#5455=CARTESIAN_POINT('Origin',(184.048658333333,-81.0000012218952,8.1));
#5456=CARTESIAN_POINT('Origin',(184.298658333333,-81.0000012218952,8.1));
#5457=CARTESIAN_POINT('Origin',(184.298658333333,-94.6076345171335,8.85));
#5458=CARTESIAN_POINT('',(184.298658333333,-46.9499989718199,9.1));
#5459=CARTESIAN_POINT('',(184.048658333333,-46.9499989718199,8.85));
#5460=CARTESIAN_POINT('Origin',(184.298658333333,-46.9499989718199,8.85));
#5461=CARTESIAN_POINT('',(184.048658333333,-94.6076345171335,8.85));
#5462=CARTESIAN_POINT('',(184.298658333333,-94.6076345171335,9.1));
#5463=CARTESIAN_POINT('Origin',(183.048658333333,-46.9499989718199,8.85));
#5464=CARTESIAN_POINT('',(183.048658333333,-45.6999989718199,9.1));
#5465=CARTESIAN_POINT('',(183.048658333333,-45.9499989718199,8.85));
#5466=CARTESIAN_POINT('Origin',(183.048658333333,-45.6999989718199,8.85));
#5467=CARTESIAN_POINT('Origin',(183.048658333333,-46.9499989718199,8.85));
#5468=CARTESIAN_POINT('Origin',(183.048658333333,-46.9499989718199,9.1));
#5469=CARTESIAN_POINT('Origin',(135.750001398847,-45.6999989718199,8.85));
#5470=CARTESIAN_POINT('',(183.000002712011,-45.6999989718199,9.1));
#5471=CARTESIAN_POINT('',(183.000002712011,-45.9499989718199,8.85));
#5472=CARTESIAN_POINT('Origin',(183.000002712011,-45.6999989718199,8.85));
#5473=CARTESIAN_POINT('',(135.750001398847,-45.9499989718199,8.85));
#5474=CARTESIAN_POINT('',(135.750001398847,-45.6999989718199,9.1));
#5475=CARTESIAN_POINT('Origin',(183.000002712011,-45.6999989718199,8.1));
#5476=CARTESIAN_POINT('',(182.000002712011,-45.6999989718199,8.1));
#5477=CARTESIAN_POINT('',(182.250002712011,-45.9499989718199,8.1));
#5478=CARTESIAN_POINT('Origin',(182.250002712011,-45.6999989718199,8.1));
#5479=CARTESIAN_POINT('Origin',(183.000002712011,-45.9499989718199,8.1));
#5480=CARTESIAN_POINT('Origin',(183.000002712011,-45.6999989718199,8.1));
#5481=CARTESIAN_POINT('Origin',(182.250002712011,-45.6999989718199,0.));
#5482=CARTESIAN_POINT('',(182.000002712011,-45.6999989718199,7.6));
#5483=CARTESIAN_POINT('',(182.250002712011,-45.9499989718199,7.6));
#5484=CARTESIAN_POINT('Origin',(182.250002712011,-45.6999989718199,7.6));
#5485=CARTESIAN_POINT('',(182.250002712011,-45.9499989718199,0.));
#5486=CARTESIAN_POINT('',(182.000002712011,-45.6999989718199,0.));
#5487=CARTESIAN_POINT('Origin',(181.000002712011,-45.6999989718199,7.6));
#5488=CARTESIAN_POINT('',(181.000002712011,-45.6999989718199,6.6));
#5489=CARTESIAN_POINT('',(181.000002712011,-45.9499989718199,6.35));
#5490=CARTESIAN_POINT('Origin',(181.000002712011,-45.6999989718199,6.35));
#5491=CARTESIAN_POINT('Origin',(181.000002712011,-45.9499989718199,7.6));
#5492=CARTESIAN_POINT('Origin',(181.000002712011,-45.6999989718199,7.6));
#5493=CARTESIAN_POINT('Origin',(135.750001398847,-45.6999989718199,6.35));
#5494=CARTESIAN_POINT('',(167.000002473593,-45.6999989718199,6.6));
#5495=CARTESIAN_POINT('',(167.000002473593,-45.9499989718199,6.35));
#5496=CARTESIAN_POINT('Origin',(167.000002473593,-45.6999989718199,6.35));
#5497=CARTESIAN_POINT('',(135.750001398847,-45.9499989718199,6.35));
#5498=CARTESIAN_POINT('',(135.750001398847,-45.6999989718199,6.6));
#5499=CARTESIAN_POINT('Origin',(167.000002473593,-45.6999989718199,7.6));
#5500=CARTESIAN_POINT('',(166.000002473593,-45.6999989718199,7.6));
#5501=CARTESIAN_POINT('',(165.750002473593,-45.9499989718199,7.6));
#5502=CARTESIAN_POINT('Origin',(165.750002473593,-45.6999989718199,7.6));
#5503=CARTESIAN_POINT('Origin',(167.000002473593,-45.9499989718199,7.6));
#5504=CARTESIAN_POINT('Origin',(167.000002473593,-45.6999989718199,7.6));
#5505=CARTESIAN_POINT('Origin',(165.750002473593,-45.6999989718199,0.));
#5506=CARTESIAN_POINT('',(166.000002473593,-45.6999989718199,8.1));
#5507=CARTESIAN_POINT('',(165.750002473593,-45.9499989718199,8.1));
#5508=CARTESIAN_POINT('Origin',(165.750002473593,-45.6999989718199,8.1));
#5509=CARTESIAN_POINT('',(165.750002473593,-45.9499989718199,0.));
#5510=CARTESIAN_POINT('',(166.000002473593,-45.6999989718199,0.));
#5511=CARTESIAN_POINT('Origin',(165.000002473593,-45.6999989718199,8.1));
#5512=CARTESIAN_POINT('',(165.000002473593,-45.6999989718199,9.1));
#5513=CARTESIAN_POINT('',(165.000002473593,-45.9499989718199,8.85));
#5514=CARTESIAN_POINT('Origin',(165.000002473593,-45.6999989718199,8.85));
#5515=CARTESIAN_POINT('Origin',(165.000002473593,-45.9499989718199,8.1));
#5516=CARTESIAN_POINT('Origin',(165.000002473593,-45.6999989718199,8.1));
#5517=CARTESIAN_POINT('Origin',(135.750001398847,-45.6999989718199,8.85));
#5518=CARTESIAN_POINT('',(146.050002160668,-45.6999989718199,9.1));
#5519=CARTESIAN_POINT('',(146.050002160668,-45.9499989718199,8.85));
#5520=CARTESIAN_POINT('Origin',(146.050002160668,-45.6999989718199,8.85));
#5521=CARTESIAN_POINT('',(135.750001398847,-45.9499989718199,8.85));
#5522=CARTESIAN_POINT('',(135.750001398847,-45.6999989718199,9.1));
#5523=CARTESIAN_POINT('Origin',(146.050002160668,-44.9499989718199,8.85));
#5524=CARTESIAN_POINT('',(145.300002160668,-44.9499990053475,9.1));
#5525=CARTESIAN_POINT('',(145.050002160668,-44.9499990165233,8.85));
#5526=CARTESIAN_POINT('Origin',(145.300002160668,-44.9499990053475,8.85));
#5527=CARTESIAN_POINT('Origin',(146.050002160668,-44.9499989718199,8.85));
#5528=CARTESIAN_POINT('Origin',(146.050002160668,-44.9499989718199,9.1));
#5529=CARTESIAN_POINT('Origin',(144.050002160668,-44.9499990165233,8.85));
#5530=CARTESIAN_POINT('',(144.050002160668,-43.6999990165233,9.1));
#5531=CARTESIAN_POINT('',(144.050002160668,-43.9499990165234,8.85));
#5532=CARTESIAN_POINT('Origin',(144.050002160668,-43.6999990165233,8.85));
#5533=CARTESIAN_POINT('Origin',(144.050002160668,-44.9499990165233,8.85));
#5534=CARTESIAN_POINT('Origin',(144.050002160668,-44.9499990165233,9.1));
#5535=CARTESIAN_POINT('Origin',(126.250001257285,-43.6999990165234,8.85));
#5536=CARTESIAN_POINT('',(127.050001877546,-43.6999990165234,9.1));
#5537=CARTESIAN_POINT('',(127.050001877546,-43.9499990165234,8.85));
#5538=CARTESIAN_POINT('Origin',(127.050001877546,-43.6999990165234,8.85));
#5539=CARTESIAN_POINT('',(126.250001257285,-43.9499990165234,8.85));
#5540=CARTESIAN_POINT('',(126.250001257285,-43.6999990165234,9.1));
#5541=CARTESIAN_POINT('Origin',(127.050001877546,-42.9499990165234,8.85));
#5542=CARTESIAN_POINT('',(126.300001877546,-42.9499990165234,9.1));
#5543=CARTESIAN_POINT('',(126.050001877546,-42.9499990165234,8.85));
#5544=CARTESIAN_POINT('Origin',(126.300001877546,-42.9499990165234,8.85));
#5545=CARTESIAN_POINT('Origin',(127.050001877546,-42.9499990165234,8.85));
#5546=CARTESIAN_POINT('Origin',(127.050001877546,-42.9499990165234,9.1));
#5547=CARTESIAN_POINT('Origin',(126.300001877546,-63.1076340253952,8.85));
#5548=CARTESIAN_POINT('',(126.300001877546,-39.9500005811453,9.1));
#5549=CARTESIAN_POINT('',(126.050001877546,-39.9500005811453,8.85));
#5550=CARTESIAN_POINT('Origin',(126.300001877546,-39.9500005811453,8.85));
#5551=CARTESIAN_POINT('',(126.050001877546,-63.1076340253952,8.85));
#5552=CARTESIAN_POINT('',(126.300001877546,-63.1076340253952,9.1));
#5553=CARTESIAN_POINT('Origin',(125.050001877546,-39.9500005811453,8.85));
#5554=CARTESIAN_POINT('',(125.050001877546,-38.7000005811453,9.1));
#5555=CARTESIAN_POINT('',(125.050001877546,-38.9500005811453,8.85));
#5556=CARTESIAN_POINT('Origin',(125.050001877546,-38.7000005811453,8.85));
#5557=CARTESIAN_POINT('Origin',(125.050001877546,-39.9500005811453,8.85));
#5558=CARTESIAN_POINT('Origin',(125.050001877546,-39.9500005811453,9.1));
#5559=CARTESIAN_POINT('Origin',(116.750001115724,-38.7000005811453,8.85));
#5560=CARTESIAN_POINT('',(107.950001594424,-38.7000005811453,9.1));
#5561=CARTESIAN_POINT('',(107.950001594424,-38.9500005811453,8.85));
#5562=CARTESIAN_POINT('Origin',(107.950001594424,-38.7000005811453,8.85));
#5563=CARTESIAN_POINT('',(116.750001115724,-38.9500005811453,8.85));
#5564=CARTESIAN_POINT('',(116.750001115724,-38.7000005811453,9.1));
#5565=CARTESIAN_POINT('Origin',(107.950001594424,-39.9500005811453,8.85));
#5566=CARTESIAN_POINT('',(106.700001594424,-39.9500005811453,9.1));
#5567=CARTESIAN_POINT('',(106.950001594424,-39.9500005811453,8.85));
#5568=CARTESIAN_POINT('Origin',(106.700001594424,-39.9500005811453,8.85));
#5569=CARTESIAN_POINT('Origin',(107.950001594424,-39.9500005811453,8.85));
#5570=CARTESIAN_POINT('Origin',(107.950001594424,-39.9500005811453,9.1));
#5571=CARTESIAN_POINT('Origin',(106.700001594424,-64.6076340477469,8.85));
#5572=CARTESIAN_POINT('',(106.700001594424,-40.9500006258488,9.1));
#5573=CARTESIAN_POINT('',(106.950001594424,-40.9500006258488,8.85));
#5574=CARTESIAN_POINT('Origin',(106.700001594424,-40.9500006258488,8.85));
#5575=CARTESIAN_POINT('',(106.950001594424,-64.6076340477469,8.85));
#5576=CARTESIAN_POINT('',(106.700001594424,-64.6076340477469,9.1));
#5577=CARTESIAN_POINT('Origin',(105.950001594424,-40.9500006258488,8.85));
#5578=CARTESIAN_POINT('',(105.950001594424,-41.7000006258488,9.1));
#5579=CARTESIAN_POINT('',(105.950001594424,-41.9500006258488,8.85));
#5580=CARTESIAN_POINT('Origin',(105.950001594424,-41.7000006258488,8.85));
#5581=CARTESIAN_POINT('Origin',(105.950001594424,-40.9500006258488,8.85));
#5582=CARTESIAN_POINT('Origin',(105.950001594424,-40.9500006258488,9.1));
#5583=CARTESIAN_POINT('Origin',(107.250000974163,-41.7000006258488,8.85));
#5584=CARTESIAN_POINT('',(88.9500013113022,-41.7000006258488,9.1));
#5585=CARTESIAN_POINT('',(88.9500013113022,-41.9500006258488,8.85));
#5586=CARTESIAN_POINT('Origin',(88.9500013113022,-41.7000006258488,8.85));
#5587=CARTESIAN_POINT('',(107.250000974163,-41.9500006258488,8.85));
#5588=CARTESIAN_POINT('',(107.250000974163,-41.7000006258488,9.1));
#5589=CARTESIAN_POINT('Origin',(88.9500013113022,-42.9500006258488,8.85));
#5590=CARTESIAN_POINT('',(87.7000013113022,-42.9500006258488,9.1));
#5591=CARTESIAN_POINT('',(87.9500013113022,-42.9500006258488,8.85));
#5592=CARTESIAN_POINT('Origin',(87.7000013113022,-42.9500006258488,8.85));
#5593=CARTESIAN_POINT('Origin',(88.9500013113022,-42.9500006258488,8.85));
#5594=CARTESIAN_POINT('Origin',(88.9500013113022,-42.9500006258488,9.1));
#5595=CARTESIAN_POINT('Origin',(87.7000013113022,-68.6076341073515,8.85));
#5596=CARTESIAN_POINT('',(87.7000013113022,-48.9500006421251,9.1));
#5597=CARTESIAN_POINT('',(87.9500013113022,-48.9500006421251,8.85));
#5598=CARTESIAN_POINT('Origin',(87.7000013113022,-48.9500006421251,8.85));
#5599=CARTESIAN_POINT('',(87.9500013113022,-68.6076341073515,8.85));
#5600=CARTESIAN_POINT('',(87.7000013113022,-68.6076341073515,9.1));
#5601=CARTESIAN_POINT('Origin',(86.9500013113022,-48.9500006421251,8.85));
#5602=CARTESIAN_POINT('',(86.9500012377787,-49.7000006421251,9.1));
#5603=CARTESIAN_POINT('',(86.9500012132708,-49.9500006421251,8.85));
#5604=CARTESIAN_POINT('Origin',(86.9500012377787,-49.7000006421251,8.85));
#5605=CARTESIAN_POINT('Origin',(86.9500013113022,-48.9500006421251,8.85));
#5606=CARTESIAN_POINT('Origin',(86.9500013113022,-48.9500006421251,9.1));
#5607=CARTESIAN_POINT('Origin',(97.749750609553,-49.7000017008392,8.85));
#5608=CARTESIAN_POINT('',(69.9494969975392,-49.6999989755427,9.1));
#5609=CARTESIAN_POINT('',(69.9494969730314,-49.9499989755427,8.85));
#5610=CARTESIAN_POINT('Origin',(69.9494969975392,-49.6999989755427,8.85));
#5611=CARTESIAN_POINT('',(97.7497505850452,-49.9500017008392,8.85));
#5612=CARTESIAN_POINT('',(97.749750609553,-49.7000017008392,9.1));
#5613=CARTESIAN_POINT('Origin',(69.949496875,-50.9499989755427,8.85));
#5614=CARTESIAN_POINT('',(68.699496875,-50.9499989755427,9.1));
#5615=CARTESIAN_POINT('',(68.949496875,-50.9499989755427,8.85));
#5616=CARTESIAN_POINT('Origin',(68.699496875,-50.9499989755427,8.85));
#5617=CARTESIAN_POINT('Origin',(69.949496875,-50.9499989755427,8.85));
#5618=CARTESIAN_POINT('Origin',(69.949496875,-50.9499989755427,9.1));
#5619=CARTESIAN_POINT('Origin',(68.699496875,-97.1072436306559,8.85));
#5620=CARTESIAN_POINT('',(68.699496875,-106.049219791667,9.1));
#5621=CARTESIAN_POINT('',(68.949496875,-106.049219791667,8.85));
#5622=CARTESIAN_POINT('Origin',(68.699496875,-106.049219791667,8.85));
#5623=CARTESIAN_POINT('',(68.949496875,-97.1072436306559,8.85));
#5624=CARTESIAN_POINT('',(68.699496875,-97.1072436306559,9.1));
#5625=CARTESIAN_POINT('Origin',(69.949496875,-106.049219791667,8.85));
#5626=CARTESIAN_POINT('',(69.949496875,-107.299219791667,9.1));
#5627=CARTESIAN_POINT('',(69.949496875,-107.049219791667,8.85));
#5628=CARTESIAN_POINT('Origin',(69.949496875,-107.299219791667,8.85));
#5629=CARTESIAN_POINT('Origin',(69.949496875,-106.049219791667,8.85));
#5630=CARTESIAN_POINT('Origin',(69.949496875,-106.049219791667,9.1));
#5631=CARTESIAN_POINT('Origin',(116.737109542558,-107.299219791667,8.85));
#5632=CARTESIAN_POINT('',(106.948679038886,-107.049219791667,8.85));
#5633=CARTESIAN_POINT('',(116.737109542558,-107.049219791667,8.85));
#5634=CARTESIAN_POINT('',(106.820981992865,-107.299219791667,9.1));
#5635=CARTESIAN_POINT('',(116.737109542558,-107.299219791667,9.1));
#5636=CARTESIAN_POINT('Origin',(106.820981992865,-107.299219791667,8.85));
#5637=CARTESIAN_POINT('Origin',(110.162777827993,-111.918243951792,8.85));
#5638=CARTESIAN_POINT('',(110.365326139992,-111.771703236268,8.85));
#5639=CARTESIAN_POINT('',(110.162777827993,-111.918243951792,9.1));
#5640=CARTESIAN_POINT('Origin',(165.000002473593,-66.6076332207325,8.1));
#5641=CARTESIAN_POINT('',(166.000002473593,-44.2500006556511,8.1));
#5642=CARTESIAN_POINT('',(166.000002473593,-66.6076332207325,8.1));
#5643=CARTESIAN_POINT('',(165.000002473593,-44.2500006556511,9.1));
#5644=CARTESIAN_POINT('Origin',(165.000002473593,-44.2500006556511,8.1));
#5645=CARTESIAN_POINT('',(165.000002473593,-66.6076332207325,9.1));
#5646=CARTESIAN_POINT('Origin',(166.000002473593,-45.9999989718199,0.));
#5647=CARTESIAN_POINT('',(166.000002473593,-44.2500006556511,7.6));
#5648=CARTESIAN_POINT('',(166.000002473593,-66.6076332207325,7.6));
#5649=CARTESIAN_POINT('',(166.000002473593,-44.2500006556511,0.));
#5650=CARTESIAN_POINT('Origin',(167.000002473593,-66.6076332207325,7.6));
#5651=CARTESIAN_POINT('',(167.000002473593,-44.2500006556511,6.6));
#5652=CARTESIAN_POINT('',(167.000002473593,-66.6076332207325,6.6));
#5653=CARTESIAN_POINT('Origin',(167.000002473593,-44.2500006556511,7.6));
#5654=CARTESIAN_POINT('Origin',(126.500000637025,-87.215267469645,6.6));
#5655=CARTESIAN_POINT('',(181.000002712011,-44.2500006556511,6.6));
#5656=CARTESIAN_POINT('',(181.000002712011,-65.6076340626481,6.6));
#5657=CARTESIAN_POINT('',(156.25000170432,-44.2500006556511,6.6));
#5658=CARTESIAN_POINT('Origin',(181.000002712011,-65.6076340626481,7.6));
#5659=CARTESIAN_POINT('',(182.000002712011,-44.2500006556511,7.6));
#5660=CARTESIAN_POINT('',(182.000002712011,-65.6076340626481,7.6));
#5661=CARTESIAN_POINT('Origin',(181.000002712011,-44.2500006556511,7.6));
#5662=CARTESIAN_POINT('Origin',(182.000002712011,-44.0000006556511,0.));
#5663=CARTESIAN_POINT('',(182.000002712011,-44.2500006556511,8.1));
#5664=CARTESIAN_POINT('',(182.000002712011,-65.6076340626481,8.1));
#5665=CARTESIAN_POINT('',(182.000002712011,-44.2500006556511,0.));
#5666=CARTESIAN_POINT('Origin',(183.000002712011,-65.6076340626481,8.1));
#5667=CARTESIAN_POINT('',(183.000002712011,-44.2500006556511,9.1));
#5668=CARTESIAN_POINT('',(183.000002712011,-65.6076340626481,9.1));
#5669=CARTESIAN_POINT('Origin',(183.000002712011,-44.2500006556511,8.1));
#5670=CARTESIAN_POINT('Origin',(126.500000637025,-87.215267469645,9.1));
#5671=CARTESIAN_POINT('',(185.750002771616,-81.0000012218952,9.1));
#5672=CARTESIAN_POINT('',(155.249329485179,-81.0000012218952,9.1));
#5673=CARTESIAN_POINT('',(185.750002771616,-46.0000006556511,9.1));
#5674=CARTESIAN_POINT('',(185.750002771616,-99.6423690172745,9.1));
#5675=CARTESIAN_POINT('',(184.000002771616,-44.2500006556511,9.1));
#5676=CARTESIAN_POINT('Origin',(184.000002771616,-46.0000006556511,9.1));
#5677=CARTESIAN_POINT('',(156.25000170432,-44.2500006556511,9.1));
#5678=CARTESIAN_POINT('Origin',(155.249329485179,-81.0000012218952,8.1));
#5679=CARTESIAN_POINT('',(185.750002771616,-82.0000012218952,8.1));
#5680=CARTESIAN_POINT('',(155.249329485179,-82.0000012218952,8.1));
#5681=CARTESIAN_POINT('Origin',(185.750002771616,-81.0000012218952,8.1));
#5682=CARTESIAN_POINT('Origin',(183.998658333333,-82.0000012218952,0.));
#5683=CARTESIAN_POINT('',(185.750002771616,-82.0000012218952,7.6));
#5684=CARTESIAN_POINT('',(184.498994442904,-82.0000012218952,7.6));
#5685=CARTESIAN_POINT('',(185.750002771616,-82.0000012218952,0.));
#5686=CARTESIAN_POINT('Origin',(184.498994442904,-83.0000012218952,7.6));
#5687=CARTESIAN_POINT('',(185.750002771616,-83.0000012218952,6.6));
#5688=CARTESIAN_POINT('',(184.498994442904,-83.0000012218952,6.6));
#5689=CARTESIAN_POINT('Origin',(185.750002771616,-83.0000012218952,7.6));
#5690=CARTESIAN_POINT('Origin',(184.999330552475,-92.0000013932585,6.6));
#5691=CARTESIAN_POINT('',(185.750002771616,-101.000001564622,6.6));
#5692=CARTESIAN_POINT('',(185.499666662045,-101.000001564622,6.6));
#5693=CARTESIAN_POINT('',(185.750002771616,-102.034735979081,6.6));
#5694=CARTESIAN_POINT('Origin',(185.499666662045,-101.000001564622,7.6));
#5695=CARTESIAN_POINT('',(185.750002771616,-102.000001564622,7.6));
#5696=CARTESIAN_POINT('',(185.499666662045,-102.000001564622,7.6));
#5697=CARTESIAN_POINT('Origin',(185.750002771616,-101.000001564622,7.6));
#5698=CARTESIAN_POINT('Origin',(186.000002771616,-102.000001564622,0.));
#5699=CARTESIAN_POINT('',(185.750002771616,-102.000001564622,8.1));
#5700=CARTESIAN_POINT('',(156.25000170432,-102.000001564622,8.1));
#5701=CARTESIAN_POINT('',(185.750002771616,-102.000001564622,0.));
#5702=CARTESIAN_POINT('Origin',(156.25000170432,-103.000001564622,8.1));
#5703=CARTESIAN_POINT('',(185.750002771616,-103.000001564622,9.1));
#5704=CARTESIAN_POINT('',(156.25000170432,-103.000001564622,9.1));
#5705=CARTESIAN_POINT('Origin',(185.750002771616,-103.000001564622,8.1));
#5706=CARTESIAN_POINT('Origin',(146.050002160668,-44.9499989718199,0.));
#5707=CARTESIAN_POINT('',(145.050002160668,-44.9499990165233,0.));
#5708=CARTESIAN_POINT('',(146.050002160668,-45.9499989718199,0.));
#5709=CARTESIAN_POINT('Origin',(144.050002160668,-44.9499990165233,0.));
#5710=CARTESIAN_POINT('',(144.050002160668,-43.9499990165234,0.));
#5711=CARTESIAN_POINT('Origin',(126.000001877546,-43.9499990165234,0.));
#5712=CARTESIAN_POINT('',(127.050001877546,-43.9499990165234,0.));
#5713=CARTESIAN_POINT('Origin',(127.050001877546,-42.9499990165234,0.));
#5714=CARTESIAN_POINT('',(126.050001877546,-42.9499990165234,0.));
#5715=CARTESIAN_POINT('Origin',(126.050001877546,-39.0000005811453,0.));
#5716=CARTESIAN_POINT('',(126.050001877546,-39.9500005811453,0.));
#5717=CARTESIAN_POINT('Origin',(125.050001877546,-39.9500005811453,0.));
#5718=CARTESIAN_POINT('',(125.050001877546,-38.9500005811453,0.));
#5719=CARTESIAN_POINT('Origin',(107.000001594424,-38.9500005811453,0.));
#5720=CARTESIAN_POINT('',(107.950001594424,-38.9500005811453,0.));
#5721=CARTESIAN_POINT('Origin',(107.950001594424,-39.9500005811453,0.));
#5722=CARTESIAN_POINT('',(106.950001594424,-39.9500005811453,0.));
#5723=CARTESIAN_POINT('Origin',(106.950001594424,-42.0000006258488,0.));
#5724=CARTESIAN_POINT('',(106.950001594424,-40.9500006258488,0.));
#5725=CARTESIAN_POINT('Origin',(105.950001594424,-40.9500006258488,0.));
#5726=CARTESIAN_POINT('',(105.950001594424,-41.9500006258488,0.));
#5727=CARTESIAN_POINT('Origin',(88.0000013113022,-41.9500006258488,0.));
#5728=CARTESIAN_POINT('',(88.9500013113022,-41.9500006258488,0.));
#5729=CARTESIAN_POINT('Origin',(88.9500013113022,-42.9500006258488,0.));
#5730=CARTESIAN_POINT('',(87.9500013113022,-42.9500006258488,0.));
#5731=CARTESIAN_POINT('Origin',(87.9500013113022,-50.0000007450581,0.));
#5732=CARTESIAN_POINT('',(87.9500013113022,-48.9500006421251,0.));
#5733=CARTESIAN_POINT('Origin',(86.9500013113022,-48.9500006421251,0.));
#5734=CARTESIAN_POINT('',(86.9500012132708,-49.9500006421251,0.));
#5735=CARTESIAN_POINT('Origin',(68.9994968799016,-49.9499988824129,0.));
#5736=CARTESIAN_POINT('',(69.9494969730314,-49.9499989755427,0.));
#5737=CARTESIAN_POINT('Origin',(69.949496875,-50.9499989755427,0.));
#5738=CARTESIAN_POINT('',(68.949496875,-50.9499989755427,0.));
#5739=CARTESIAN_POINT('Origin',(68.949496875,-106.999219791667,0.));
#5740=CARTESIAN_POINT('',(68.949496875,-106.049219791667,0.));
#5741=CARTESIAN_POINT('Origin',(69.949496875,-106.049219791667,0.));
#5742=CARTESIAN_POINT('',(69.949496875,-107.049219791667,0.));
#5743=CARTESIAN_POINT('Origin',(106.974218448091,-107.049219791667,0.));
#5744=CARTESIAN_POINT('',(106.948679038886,-107.049219791667,0.));
#5745=CARTESIAN_POINT('Origin',(116.48364220201,-120.228428633036,0.));
#5746=CARTESIAN_POINT('',(116.496257480643,-120.24586544835,0.));
#5747=CARTESIAN_POINT('Origin',(154.117317633056,-125.223658306714,0.));
#5748=CARTESIAN_POINT('',(154.107488597007,-125.222357787663,0.));
#5749=CARTESIAN_POINT('Origin',(68.7320493186054,-107.000001624227,8.85));
#5750=CARTESIAN_POINT('',(68.7320493186054,-108.750001624227,9.1));
#5751=CARTESIAN_POINT('Origin',(68.7320493186054,-108.750001624227,8.85));
#5752=CARTESIAN_POINT('',(67.2499985053201,-107.930606474225,9.1));
#5753=CARTESIAN_POINT('Origin',(68.7320493186054,-107.000001624227,9.1));
#5754=CARTESIAN_POINT('Ctrl Pts',(67.2499985053201,-107.930606474225,9.1));
#5755=CARTESIAN_POINT('Ctrl Pts',(67.2492359789793,-107.930826028525,9.1));
#5756=CARTESIAN_POINT('Ctrl Pts',(67.2484734347814,-107.931045510268,9.09999651132159));
#5757=CARTESIAN_POINT('Ctrl Pts',(67.2303086417534,-107.936272003351,9.09983028861529));
#5758=CARTESIAN_POINT('Ctrl Pts',(67.212945233345,-107.941227137019,9.09785414931392));
#5759=CARTESIAN_POINT('Ctrl Pts',(67.1789343867557,-107.95085999064,9.09031655358159));
#5760=CARTESIAN_POINT('Ctrl Pts',(67.1623551770365,-107.955518771376,9.08478532005779));
#5761=CARTESIAN_POINT('Ctrl Pts',(67.1171118451328,-107.968147362554,9.06419587629248));
#5762=CARTESIAN_POINT('Ctrl Pts',(67.0904331160393,-107.975487965143,9.04520759320236));
#5763=CARTESIAN_POINT('Ctrl Pts',(67.0464121526684,-107.987504436514,8.99848137713932));
#5764=CARTESIAN_POINT('Ctrl Pts',(67.0291963098963,-107.992152252536,8.97150864884354));
#5765=CARTESIAN_POINT('Ctrl Pts',(67.005955312772,-107.998409028777,8.91266264034302));
#5766=CARTESIAN_POINT('Ctrl Pts',(66.9999985024333,-108.000001609325,8.8815104650909));
#5767=CARTESIAN_POINT('Ctrl Pts',(66.9999985024333,-108.000001609325,8.85));
#5768=CARTESIAN_POINT('Origin',(96.749999569729,-108.750001624227,8.85));
#5769=CARTESIAN_POINT('',(104.889698166668,-109.000001624227,8.85));
#5770=CARTESIAN_POINT('',(104.889698166668,-108.750001624227,9.1));
#5771=CARTESIAN_POINT('Origin',(104.889698166668,-108.750001624227,8.85));
#5772=CARTESIAN_POINT('',(96.749999569729,-108.750001624227,9.1));
#5773=CARTESIAN_POINT('',(96.749999569729,-109.000001624227,8.85));
#5774=CARTESIAN_POINT('Origin',(104.889698166668,-111.000001624227,8.85));
#5775=CARTESIAN_POINT('',(106.510084662658,-109.82767590003,8.85));
#5776=CARTESIAN_POINT('',(106.712632974657,-109.681135184506,9.1));
#5777=CARTESIAN_POINT('Origin',(106.712632974657,-109.681135184506,8.85));
#5778=CARTESIAN_POINT('Origin',(104.889698166668,-111.000001624227,9.1));
#5779=CARTESIAN_POINT('Origin',(104.889698166668,-111.000001624227,8.85));
#5780=CARTESIAN_POINT('Origin',(104.477989454205,-106.59241495159,8.85));
#5781=CARTESIAN_POINT('',(114.953320528149,-121.497901244854,8.85));
#5782=CARTESIAN_POINT('',(115.155868840148,-121.35136052933,9.1));
#5783=CARTESIAN_POINT('Origin',(115.155868840148,-121.35136052933,8.85));
#5784=CARTESIAN_POINT('',(104.477989454205,-106.59241495159,9.1));
#5785=CARTESIAN_POINT('',(104.275441142206,-106.738955667114,8.85));
#5786=CARTESIAN_POINT('Origin',(116.573707024139,-120.325575520658,8.85));
#5787=CARTESIAN_POINT('',(116.311365471394,-122.308295094804,8.85));
#5788=CARTESIAN_POINT('',(116.344158165487,-122.060455148036,9.1));
#5789=CARTESIAN_POINT('Origin',(116.344158165487,-122.060455148036,8.85));
#5790=CARTESIAN_POINT('Origin',(116.573707024139,-120.325575520658,9.1));
#5791=CARTESIAN_POINT('Origin',(116.573707024139,-120.325575520658,8.85));
#5792=CARTESIAN_POINT('Origin',(118.642403566446,-122.364545184237,8.85));
#5793=CARTESIAN_POINT('',(153.345877729879,-127.208479456607,8.85));
#5794=CARTESIAN_POINT('',(153.378670423972,-126.960639509839,9.1));
#5795=CARTESIAN_POINT('Origin',(153.378670423972,-126.960639509839,8.85));
#5796=CARTESIAN_POINT('',(118.642403566446,-122.364545184237,9.1));
#5797=CARTESIAN_POINT('',(118.609610872353,-122.612385131005,8.85));
#5798=CARTESIAN_POINT('Origin',(153.083536177133,-129.191199030753,8.85));
#5799=CARTESIAN_POINT('',(154.082601442118,-127.458608889865,8.85));
#5800=CARTESIAN_POINT('',(154.207484600241,-127.242035122255,9.1));
#5801=CARTESIAN_POINT('Origin',(154.207484600241,-127.242035122255,8.85));
#5802=CARTESIAN_POINT('Origin',(153.083536177133,-129.191199030753,9.1));
#5803=CARTESIAN_POINT('Origin',(153.083536177133,-129.191199030753,8.85));
#5804=CARTESIAN_POINT('Origin',(134.978280322518,-116.153878948559,8.85));
#5805=CARTESIAN_POINT('',(169.643435874356,-136.431469122962,8.85));
#5806=CARTESIAN_POINT('',(169.768319032479,-136.214895355351,9.1));
#5807=CARTESIAN_POINT('Origin',(169.768319032479,-136.214895355351,8.85));
#5808=CARTESIAN_POINT('',(134.978280322518,-116.153878948559,9.1));
#5809=CARTESIAN_POINT('',(134.853397164395,-116.37045271617,8.85));
#5810=CARTESIAN_POINT('Origin',(170.64250113934,-134.698878982075,8.85));
#5811=CARTESIAN_POINT('',(172.375091280228,-135.697944247059,8.85));
#5812=CARTESIAN_POINT('',(172.158517512617,-135.573061088936,9.1));
#5813=CARTESIAN_POINT('Origin',(172.158517512617,-135.573061088936,8.85));
#5814=CARTESIAN_POINT('Origin',(170.64250113934,-134.698878982075,9.1));
#5815=CARTESIAN_POINT('Origin',(170.64250113934,-134.698878982075,8.85));
#5816=CARTESIAN_POINT('Origin',(176.425574987683,-128.173082357803,8.85));
#5817=CARTESIAN_POINT('',(185.732592912504,-112.533215729221,8.85));
#5818=CARTESIAN_POINT('',(185.516019144893,-112.408332571098,9.1));
#5819=CARTESIAN_POINT('Origin',(185.516019144893,-112.408332571098,8.85));
#5820=CARTESIAN_POINT('',(176.425574987683,-128.173082357803,9.1));
#5821=CARTESIAN_POINT('',(176.642148755294,-128.297965515926,8.85));
#5822=CARTESIAN_POINT('Origin',(184.000002771616,-111.534150464237,8.85));
#5823=CARTESIAN_POINT('',(186.000002771616,-111.534150464237,8.85));
#5824=CARTESIAN_POINT('',(185.750002771616,-111.534150464237,9.1));
#5825=CARTESIAN_POINT('Origin',(185.750002771616,-111.534150464237,8.85));
#5826=CARTESIAN_POINT('Origin',(184.000002771616,-111.534150464237,9.1));
#5827=CARTESIAN_POINT('Origin',(184.000002771616,-111.534150464237,8.85));
#5828=CARTESIAN_POINT('Origin',(185.750002771616,-99.6423690172745,8.85));
#5829=CARTESIAN_POINT('',(186.000002771616,-103.000001564622,8.85));
#5830=CARTESIAN_POINT('Origin',(185.750002771616,-103.000001564622,8.85));
#5831=CARTESIAN_POINT('',(185.750002771616,-99.6423690172745,9.1));
#5832=CARTESIAN_POINT('',(186.000002771616,-99.6423690172745,8.85));
#5833=CARTESIAN_POINT('Origin',(185.750002771616,-103.000001564622,8.1));
#5834=CARTESIAN_POINT('',(186.000002771616,-102.250001564622,8.1));
#5835=CARTESIAN_POINT('Origin',(185.750002771616,-102.250001564622,8.1));
#5836=CARTESIAN_POINT('Origin',(186.000002771616,-103.000001564622,8.1));
#5837=CARTESIAN_POINT('Origin',(185.750002771616,-102.250001564622,0.));
#5838=CARTESIAN_POINT('',(186.000002771616,-102.250001564622,7.6));
#5839=CARTESIAN_POINT('Origin',(185.750002771616,-102.250001564622,7.6));
#5840=CARTESIAN_POINT('',(186.000002771616,-102.250001564622,0.));
#5841=CARTESIAN_POINT('Origin',(185.750002771616,-101.000001564622,7.6));
#5842=CARTESIAN_POINT('',(186.000002771616,-101.000001564622,6.35));
#5843=CARTESIAN_POINT('Origin',(185.750002771616,-101.000001564622,6.35));
#5844=CARTESIAN_POINT('Origin',(186.000002771616,-101.000001564622,7.6));
#5845=CARTESIAN_POINT('Origin',(185.750002771616,-102.034735979081,6.35));
#5846=CARTESIAN_POINT('',(186.000002771616,-83.0000012218952,6.35));
#5847=CARTESIAN_POINT('Origin',(185.750002771616,-83.0000012218952,6.35));
#5848=CARTESIAN_POINT('',(186.000002771616,-102.034735979081,6.35));
#5849=CARTESIAN_POINT('Origin',(185.750002771616,-83.0000012218952,7.6));
#5850=CARTESIAN_POINT('',(186.000002771616,-81.7500012218952,7.6));
#5851=CARTESIAN_POINT('Origin',(185.750002771616,-81.7500012218952,7.6));
#5852=CARTESIAN_POINT('Origin',(186.000002771616,-83.0000012218952,7.6));
#5853=CARTESIAN_POINT('Origin',(185.750002771616,-81.7500012218952,0.));
#5854=CARTESIAN_POINT('',(186.000002771616,-81.7500012218952,8.1));
#5855=CARTESIAN_POINT('Origin',(185.750002771616,-81.7500012218952,8.1));
#5856=CARTESIAN_POINT('',(186.000002771616,-81.7500012218952,0.));
#5857=CARTESIAN_POINT('Origin',(185.750002771616,-81.0000012218952,8.1));
#5858=CARTESIAN_POINT('',(186.000002771616,-81.0000012218952,8.85));
#5859=CARTESIAN_POINT('Origin',(185.750002771616,-81.0000012218952,8.85));
#5860=CARTESIAN_POINT('Origin',(186.000002771616,-81.0000012218952,8.1));
#5861=CARTESIAN_POINT('Origin',(185.750002771616,-99.6423690172745,8.85));
#5862=CARTESIAN_POINT('',(186.000002771616,-46.0000006556511,8.85));
#5863=CARTESIAN_POINT('Origin',(185.750002771616,-46.0000006556511,8.85));
#5864=CARTESIAN_POINT('',(186.000002771616,-99.6423690172745,8.85));
#5865=CARTESIAN_POINT('Origin',(184.000002771616,-46.0000006556511,8.85));
#5866=CARTESIAN_POINT('',(184.000002771616,-44.0000006556511,8.85));
#5867=CARTESIAN_POINT('Origin',(184.000002771616,-44.2500006556511,8.85));
#5868=CARTESIAN_POINT('Origin',(184.000002771616,-46.0000006556511,8.85));
#5869=CARTESIAN_POINT('Origin',(156.25000170432,-44.2500006556511,8.85));
#5870=CARTESIAN_POINT('',(183.000002712011,-44.0000006556511,8.85));
#5871=CARTESIAN_POINT('Origin',(183.000002712011,-44.2500006556511,8.85));
#5872=CARTESIAN_POINT('',(156.25000170432,-44.0000006556511,8.85));
#5873=CARTESIAN_POINT('Origin',(183.000002712011,-44.2500006556511,8.1));
#5874=CARTESIAN_POINT('',(182.250002712011,-44.0000006556511,8.1));
#5875=CARTESIAN_POINT('Origin',(182.250002712011,-44.2500006556511,8.1));
#5876=CARTESIAN_POINT('Origin',(183.000002712011,-44.0000006556511,8.1));
#5877=CARTESIAN_POINT('Origin',(182.250002712011,-44.2500006556511,0.));
#5878=CARTESIAN_POINT('',(182.250002712011,-44.0000006556511,7.6));
#5879=CARTESIAN_POINT('Origin',(182.250002712011,-44.2500006556511,7.6));
#5880=CARTESIAN_POINT('',(182.250002712011,-44.0000006556511,0.));
#5881=CARTESIAN_POINT('Origin',(181.000002712011,-44.2500006556511,7.6));
#5882=CARTESIAN_POINT('',(181.000002712011,-44.0000006556511,6.35));
#5883=CARTESIAN_POINT('Origin',(181.000002712011,-44.2500006556511,6.35));
#5884=CARTESIAN_POINT('Origin',(181.000002712011,-44.0000006556511,7.6));
#5885=CARTESIAN_POINT('Origin',(156.25000170432,-44.2500006556511,6.35));
#5886=CARTESIAN_POINT('',(167.000002473593,-44.0000006556511,6.35));
#5887=CARTESIAN_POINT('Origin',(167.000002473593,-44.2500006556511,6.35));
#5888=CARTESIAN_POINT('',(156.25000170432,-44.0000006556511,6.35));
#5889=CARTESIAN_POINT('Origin',(167.000002473593,-44.2500006556511,7.6));
#5890=CARTESIAN_POINT('',(165.750002473593,-44.0000006556511,7.6));
#5891=CARTESIAN_POINT('Origin',(165.750002473593,-44.2500006556511,7.6));
#5892=CARTESIAN_POINT('Origin',(167.000002473593,-44.0000006556511,7.6));
#5893=CARTESIAN_POINT('Origin',(165.750002473593,-44.2500006556511,0.));
#5894=CARTESIAN_POINT('',(165.750002473593,-44.0000006556511,8.1));
#5895=CARTESIAN_POINT('Origin',(165.750002473593,-44.2500006556511,8.1));
#5896=CARTESIAN_POINT('',(165.750002473593,-44.0000006556511,0.));
#5897=CARTESIAN_POINT('Origin',(165.000002473593,-44.2500006556511,8.1));
#5898=CARTESIAN_POINT('',(165.000002473593,-44.0000006556511,8.85));
#5899=CARTESIAN_POINT('Origin',(165.000002473593,-44.2500006556511,8.85));
#5900=CARTESIAN_POINT('Origin',(165.000002473593,-44.0000006556511,8.1));
#5901=CARTESIAN_POINT('Origin',(156.25000170432,-44.2500006556511,8.85));
#5902=CARTESIAN_POINT('',(149.000002190471,-44.0000006556511,8.85));
#5903=CARTESIAN_POINT('',(149.000002190471,-44.2500006556511,9.1));
#5904=CARTESIAN_POINT('Origin',(149.000002190471,-44.2500006556511,8.85));
#5905=CARTESIAN_POINT('',(156.25000170432,-44.2500006556511,9.1));
#5906=CARTESIAN_POINT('',(156.25000170432,-44.0000006556511,8.85));
#5907=CARTESIAN_POINT('Origin',(149.000002190471,-42.0000006556511,8.85));
#5908=CARTESIAN_POINT('',(147.267950922631,-42.999999858439,8.85));
#5909=CARTESIAN_POINT('',(147.051444514152,-43.1249997587875,9.1));
#5910=CARTESIAN_POINT('Origin',(147.051444514152,-43.1249997587875,8.85));
#5911=CARTESIAN_POINT('Origin',(149.000002190471,-42.0000006556511,9.1));
#5912=CARTESIAN_POINT('Origin',(149.000002190471,-42.0000006556511,8.85));
#5913=CARTESIAN_POINT('Origin',(145.535899654792,-43.9999990612268,8.85));
#5914=CARTESIAN_POINT('',(145.535899654792,-42.2499990612268,9.1));
#5915=CARTESIAN_POINT('Origin',(145.535899654792,-42.2499990612268,8.85));
#5916=CARTESIAN_POINT('Origin',(145.535899654792,-43.9999990612268,9.1));
#5917=CARTESIAN_POINT('Origin',(145.535899654792,-43.9999990612268,8.85));
#5918=CARTESIAN_POINT('Origin',(136.750001413748,-42.2499990612268,8.85));
#5919=CARTESIAN_POINT('',(130.000001907349,-42.2499990612268,9.1));
#5920=CARTESIAN_POINT('Origin',(130.000001907349,-42.2499990612268,8.85));
#5921=CARTESIAN_POINT('',(136.750001413748,-42.2499990612268,9.1));
#5922=CARTESIAN_POINT('Origin',(130.000001907349,-39.9999990612268,8.85));
#5923=CARTESIAN_POINT('',(127.750001907349,-39.9999990612269,9.1));
#5924=CARTESIAN_POINT('Origin',(127.750001907349,-39.9999990612269,8.85));
#5925=CARTESIAN_POINT('Origin',(130.000001907349,-39.9999990612268,9.1));
#5926=CARTESIAN_POINT('Origin',(127.750001907349,-64.6076332654359,8.85));
#5927=CARTESIAN_POINT('',(127.750001907349,-39.000000551343,9.1));
#5928=CARTESIAN_POINT('Origin',(127.750001907349,-39.000000551343,8.85));
#5929=CARTESIAN_POINT('',(127.750001907349,-64.6076332654359,9.1));
#5930=CARTESIAN_POINT('Origin',(126.000001907349,-39.000000551343,8.85));
#5931=CARTESIAN_POINT('',(126.000001907349,-37.250000551343,9.1));
#5932=CARTESIAN_POINT('Origin',(126.000001907349,-37.250000551343,8.85));
#5933=CARTESIAN_POINT('Origin',(126.000001907349,-39.000000551343,9.1));
#5934=CARTESIAN_POINT('Origin',(127.250001272187,-37.250000551343,8.85));
#5935=CARTESIAN_POINT('',(107.000001564622,-37.250000551343,9.1));
#5936=CARTESIAN_POINT('Origin',(107.000001564622,-37.250000551343,8.85));
#5937=CARTESIAN_POINT('',(127.250001272187,-37.250000551343,9.1));
#5938=CARTESIAN_POINT('Origin',(107.000001564622,-39.000000551343,8.85));
#5939=CARTESIAN_POINT('',(105.305571345606,-38.5625005709007,9.1));
#5940=CARTESIAN_POINT('Origin',(105.305571345606,-38.5625005709007,8.85));
#5941=CARTESIAN_POINT('Origin',(107.000001564622,-39.000000551343,9.1));
#5942=CARTESIAN_POINT('Origin',(103.127018206872,-38.0000005960464,8.85));
#5943=CARTESIAN_POINT('',(103.127018206872,-40.2500005960464,9.1));
#5944=CARTESIAN_POINT('Origin',(103.127018206872,-40.2500005960464,8.85));
#5945=CARTESIAN_POINT('Origin',(103.127018206872,-38.0000005960464,9.1));
#5946=CARTESIAN_POINT('Origin',(115.750001100823,-40.2500005960464,8.85));
#5947=CARTESIAN_POINT('',(88.0000012814999,-40.2500005960464,9.1));
#5948=CARTESIAN_POINT('Origin',(88.0000012814999,-40.2500005960464,8.85));
#5949=CARTESIAN_POINT('',(115.750001100823,-40.2500005960464,9.1));
#5950=CARTESIAN_POINT('Origin',(88.0000012814999,-42.0000005960464,8.85));
#5951=CARTESIAN_POINT('',(86.2500012814998,-42.0000005960464,9.1));
#5952=CARTESIAN_POINT('Origin',(86.2500012814998,-42.0000005960464,8.85));
#5953=CARTESIAN_POINT('Origin',(88.0000012814999,-42.0000005960464,9.1));
#5954=CARTESIAN_POINT('Origin',(86.2500012814999,-63.6076340328457,8.85));
#5955=CARTESIAN_POINT('',(86.2500012814999,-46.0000007152557,9.1));
#5956=CARTESIAN_POINT('Origin',(86.2500012814999,-46.0000007152557,8.85));
#5957=CARTESIAN_POINT('',(86.2500012814999,-63.6076340328457,9.1));
#5958=CARTESIAN_POINT('Origin',(84.0000012814999,-46.0000007152557,8.85));
#5959=CARTESIAN_POINT('',(84.0000012814999,-48.2500007152557,9.1));
#5960=CARTESIAN_POINT('Origin',(84.0000012814999,-48.2500007152557,8.85));
#5961=CARTESIAN_POINT('Origin',(84.0000012814999,-46.0000007152557,9.1));
#5962=CARTESIAN_POINT('Origin',(106.250000959262,-48.2500007152557,8.85));
#5963=CARTESIAN_POINT('',(69.0000009151797,-48.2500007152557,9.1));
#5964=CARTESIAN_POINT('Origin',(69.0000009151797,-48.2500007152557,8.85));
#5965=CARTESIAN_POINT('',(106.250000959262,-48.2500007152557,9.1));
#5966=CARTESIAN_POINT('Origin',(69.0000009151797,-50.0000007152557,8.85));
#5967=CARTESIAN_POINT('',(67.2500009151797,-50.0000006424574,9.1));
#5968=CARTESIAN_POINT('Origin',(67.2500009151797,-50.0000006424574,8.85));
#5969=CARTESIAN_POINT('Origin',(69.0000009151797,-50.0000007152557,9.1));
#5970=CARTESIAN_POINT('Origin',(67.2500001827185,-67.6076328652777,8.85));
#5971=CARTESIAN_POINT('',(67.2500001827185,-67.6076328652777,9.1));
#5972=CARTESIAN_POINT('Origin',(126.500000637025,-87.215267469645,9.1));
#5973=CARTESIAN_POINT('Origin',(184.000002771616,-46.0000006556511,0.));
#5974=CARTESIAN_POINT('',(184.000002771616,-44.0000006556511,0.));
#5975=CARTESIAN_POINT('',(186.000002771616,-46.0000006556511,0.));
#5976=CARTESIAN_POINT('Origin',(186.000002771616,-112.069470564904,0.));
#5977=CARTESIAN_POINT('',(186.000002771616,-111.534150464237,0.));
#5978=CARTESIAN_POINT('Origin',(184.000002771616,-111.534150464237,0.));
#5979=CARTESIAN_POINT('',(185.732592912504,-112.533215729221,0.));
#5980=CARTESIAN_POINT('Origin',(171.376026015243,-137.430534387947,0.));
#5981=CARTESIAN_POINT('',(172.375091280228,-135.697944247059,0.));
#5982=CARTESIAN_POINT('Origin',(170.64250113934,-134.698878982075,0.));
#5983=CARTESIAN_POINT('',(169.643435874356,-136.431469122962,0.));
#5984=CARTESIAN_POINT('Origin',(153.739039171867,-127.260500218653,0.));
#5985=CARTESIAN_POINT('',(154.082601442118,-127.458608889865,0.));
#5986=CARTESIAN_POINT('Origin',(153.083536177133,-129.191199030753,0.));
#5987=CARTESIAN_POINT('',(153.345877729879,-127.208479456607,0.));
#5988=CARTESIAN_POINT('Origin',(115.457931673484,-122.195373857415,0.));
#5989=CARTESIAN_POINT('',(116.311365471394,-122.308295094804,0.));
#5990=CARTESIAN_POINT('Origin',(116.573707024139,-120.325575520658,0.));
#5991=CARTESIAN_POINT('',(114.953320528149,-121.497901244854,0.));
#5992=CARTESIAN_POINT('Origin',(105.911274534839,-109.000001624227,0.));
#5993=CARTESIAN_POINT('',(106.510084662658,-109.82767590003,0.));
#5994=CARTESIAN_POINT('Origin',(104.889698166668,-111.000001624227,0.));
#5995=CARTESIAN_POINT('',(104.889698166668,-109.000001624227,0.));
#5996=CARTESIAN_POINT('Origin',(66.9999985024333,-109.000001624227,0.));
#5997=CARTESIAN_POINT('Origin',(145.535899654792,-43.9999990612268,0.));
#5998=CARTESIAN_POINT('',(147.267950922631,-42.999999858439,0.));
#5999=CARTESIAN_POINT('Origin',(145.000002160668,-45.9499989718199,0.));
#6000=CARTESIAN_POINT('',(183.048658333333,-45.9499989718199,0.));
#6001=CARTESIAN_POINT('Origin',(149.000002190471,-42.0000006556511,0.));
#6002=CARTESIAN_POINT('',(149.000002190471,-44.0000006556511,0.));
#6003=CARTESIAN_POINT('Origin',(183.048658333333,-46.9499989718199,0.));
#6004=CARTESIAN_POINT('',(184.048658333333,-46.9499989718199,0.));
#6005=CARTESIAN_POINT('Origin',(184.048658333333,-102.000001564622,0.));
#6006=CARTESIAN_POINT('',(184.048658333333,-111.512601689826,0.));
#6007=CARTESIAN_POINT('Origin',(184.041943500502,-111.524214849695,0.));
#6008=CARTESIAN_POINT('',(170.617049040936,-134.742282893115,0.));
#6009=CARTESIAN_POINT('Origin',(170.573785513513,-134.717335800049,0.));
#6010=CARTESIAN_POINT('Origin',(186.000002771616,-44.0000006556511,0.));
#6011=UNCERTAINTY_MEASURE_WITH_UNIT(LENGTH_MEASURE(0.01),#6015,
'DISTANCE_ACCURACY_VALUE',
'Maximum model space distance between geometric entities at asserted c
onnectivities');
#6012=UNCERTAINTY_MEASURE_WITH_UNIT(LENGTH_MEASURE(0.01),#6015,
'DISTANCE_ACCURACY_VALUE',
'Maximum model space distance between geometric entities at asserted c
onnectivities');
#6013=(
GEOMETRIC_REPRESENTATION_CONTEXT(3)
GLOBAL_UNCERTAINTY_ASSIGNED_CONTEXT((#6011))
GLOBAL_UNIT_ASSIGNED_CONTEXT((#6015,#6016,#6017))
REPRESENTATION_CONTEXT('','3D')
);
#6014=(
GEOMETRIC_REPRESENTATION_CONTEXT(3)
GLOBAL_UNCERTAINTY_ASSIGNED_CONTEXT((#6012))
GLOBAL_UNIT_ASSIGNED_CONTEXT((#6015,#6016,#6017))
REPRESENTATION_CONTEXT('','3D')
);
#6015=(
LENGTH_UNIT()
NAMED_UNIT(*)
SI_UNIT(.MILLI.,.METRE.)
);
#6016=(
NAMED_UNIT(*)
PLANE_ANGLE_UNIT()
SI_UNIT($,.RADIAN.)
);
#6017=(
NAMED_UNIT(*)
SI_UNIT($,.STERADIAN.)
SOLID_ANGLE_UNIT()
);
#6018=SHAPE_DEFINITION_REPRESENTATION(#6019,#6020);
#6019=PRODUCT_DEFINITION_SHAPE('',$,#6022);
#6020=SHAPE_REPRESENTATION('',(#3309),#6013);
#6021=PRODUCT_DEFINITION_CONTEXT('part definition',#6026,'design');
#6022=PRODUCT_DEFINITION('case-5','case-5 v8',#6023,#6021);
#6023=PRODUCT_DEFINITION_FORMATION('',$,#6028);
#6024=PRODUCT_RELATED_PRODUCT_CATEGORY('case-5 v8','case-5 v8',(#6028));
#6025=APPLICATION_PROTOCOL_DEFINITION('international standard',
'ap242_managed_model_based_3d_engineering',2011,#6026);
#6026=APPLICATION_CONTEXT('Managed model based 3d engineering');
#6027=PRODUCT_CONTEXT('part definition',#6026,'mechanical');
#6028=PRODUCT('case-5','case-5 v8',$,(#6027));
#6029=PRESENTATION_STYLE_ASSIGNMENT((#6030));
#6030=SURFACE_STYLE_USAGE(.BOTH.,#6031);
#6031=SURFACE_SIDE_STYLE('',(#6032));
#6032=SURFACE_STYLE_FILL_AREA(#6033);
#6033=FILL_AREA_STYLE('Steel - Satin',(#6034));
#6034=FILL_AREA_STYLE_COLOUR('Steel - Satin',#6035);
#6035=COLOUR_RGB('Steel - Satin',0.627450980392157,0.627450980392157,0.627450980392157);
ENDSEC;
END-ISO-10303-21;
