ISO-10303-21;
HEADER;
/* Generated by software containing ST-Developer
 * from STEP Tools, Inc. (www.steptools.com) 
 */

FILE_DESCRIPTION(
/* description */ ('',
'CAx-IF Rec.Pracs.---Representation and Presentation of Product Manufa
cturing Information (PMI)---4.0---2014-10-13'),
/* implementation_level */ '2;1');

FILE_NAME(
/* name */ 'plate-3x5.step',
/* time_stamp */ '2025-01-25T21:12:17-05:00',
/* author */ (''),
/* organization */ (''),
/* preprocessor_version */ 'ST-DEVELOPER v20',
/* originating_system */ 'Autodesk Translation Framework v13.20.0.188',

/* authorisation */ '');

FILE_SCHEMA (('AUTOMOTIVE_DESIGN { 1 0 10303 214 3 1 1 }','AP242_MANAGED_MODEL_BASED_3D_ENGINEERING_MIM_LF { 1 0 10303 442 1 1 4 }'));
ENDSEC;

DATA;
#10=MECHANICAL_DESIGN_GEOMETRIC_PRESENTATION_REPRESENTATION('',(#13),#9244);
#11=SHAPE_REPRESENTATION_RELATIONSHIP('SRR','None',#9251,#12);
#12=ADVANCED_BREP_SHAPE_REPRESENTATION('',(#14),#9243);
#13=STYLED_ITEM('',(#9261),#14);
#14=MANIFOLD_SOLID_BREP('plate',#5336);
#15=FACE_BOUND('',#701,.T.);
#16=FACE_BOUND('',#702,.T.);
#17=FACE_BOUND('',#703,.T.);
#18=FACE_BOUND('',#704,.T.);
#19=FACE_BOUND('',#705,.T.);
#20=FACE_BOUND('',#706,.T.);
#21=FACE_BOUND('',#707,.T.);
#22=FACE_BOUND('',#708,.T.);
#23=FACE_BOUND('',#709,.T.);
#24=FACE_BOUND('',#710,.T.);
#25=FACE_BOUND('',#711,.T.);
#26=FACE_BOUND('',#712,.T.);
#27=FACE_BOUND('',#713,.T.);
#28=FACE_BOUND('',#714,.T.);
#29=FACE_BOUND('',#715,.T.);
#30=FACE_BOUND('',#716,.T.);
#31=FACE_BOUND('',#717,.T.);
#32=FACE_BOUND('',#718,.T.);
#33=FACE_BOUND('',#719,.T.);
#34=FACE_BOUND('',#720,.T.);
#35=FACE_BOUND('',#721,.T.);
#36=FACE_BOUND('',#722,.T.);
#37=FACE_BOUND('',#723,.T.);
#38=FACE_BOUND('',#848,.T.);
#39=FACE_BOUND('',#849,.T.);
#40=FACE_BOUND('',#850,.T.);
#41=FACE_BOUND('',#851,.T.);
#42=FACE_BOUND('',#852,.T.);
#43=FACE_BOUND('',#853,.T.);
#44=FACE_BOUND('',#854,.T.);
#45=FACE_BOUND('',#855,.T.);
#46=FACE_BOUND('',#856,.T.);
#47=FACE_BOUND('',#857,.T.);
#48=FACE_BOUND('',#858,.T.);
#49=FACE_BOUND('',#859,.T.);
#50=FACE_BOUND('',#860,.T.);
#51=FACE_BOUND('',#861,.T.);
#52=FACE_BOUND('',#862,.T.);
#53=FACE_BOUND('',#863,.T.);
#54=FACE_BOUND('',#864,.T.);
#55=FACE_BOUND('',#865,.T.);
#56=FACE_BOUND('',#866,.T.);
#57=FACE_BOUND('',#867,.T.);
#58=FACE_BOUND('',#868,.T.);
#59=FACE_BOUND('',#869,.T.);
#60=FACE_BOUND('',#870,.T.);
#61=PLANE('',#5437);
#62=PLANE('',#5440);
#63=PLANE('',#5443);
#64=PLANE('',#5446);
#65=PLANE('',#5449);
#66=PLANE('',#5450);
#67=PLANE('',#5451);
#68=PLANE('',#5452);
#69=PLANE('',#5453);
#70=PLANE('',#5454);
#71=PLANE('',#5455);
#72=PLANE('',#5469);
#73=PLANE('',#5470);
#74=PLANE('',#5486);
#75=PLANE('',#5487);
#76=PLANE('',#5510);
#77=PLANE('',#5511);
#78=PLANE('',#5520);
#79=PLANE('',#5521);
#80=PLANE('',#5530);
#81=PLANE('',#5531);
#82=PLANE('',#5547);
#83=PLANE('',#5548);
#84=PLANE('',#5557);
#85=PLANE('',#5558);
#86=PLANE('',#5567);
#87=PLANE('',#5568);
#88=PLANE('',#5577);
#89=PLANE('',#5578);
#90=PLANE('',#5587);
#91=PLANE('',#5588);
#92=PLANE('',#5604);
#93=PLANE('',#5605);
#94=PLANE('',#5614);
#95=PLANE('',#5615);
#96=PLANE('',#5624);
#97=PLANE('',#5625);
#98=PLANE('',#5634);
#99=PLANE('',#5635);
#100=PLANE('',#5644);
#101=PLANE('',#5645);
#102=PLANE('',#5654);
#103=PLANE('',#5655);
#104=PLANE('',#5664);
#105=PLANE('',#5665);
#106=PLANE('',#5674);
#107=PLANE('',#5675);
#108=PLANE('',#5684);
#109=PLANE('',#5685);
#110=PLANE('',#5714);
#111=PLANE('',#5727);
#112=PLANE('',#5736);
#113=PLANE('',#5745);
#114=PLANE('',#5756);
#115=PLANE('',#5765);
#116=PLANE('',#5774);
#117=PLANE('',#5783);
#118=PLANE('',#5792);
#119=PLANE('',#5803);
#120=PLANE('',#5812);
#121=PLANE('',#5821);
#122=PLANE('',#5830);
#123=PLANE('',#5839);
#124=PLANE('',#5848);
#125=PLANE('',#5857);
#126=PLANE('',#5866);
#127=PLANE('',#5935);
#128=PLANE('',#5937);
#129=PLANE('',#5940);
#130=PLANE('',#5942);
#131=PLANE('',#5944);
#132=PLANE('',#5947);
#133=PLANE('',#5948);
#134=PLANE('',#5949);
#135=PLANE('',#5950);
#136=PLANE('',#5951);
#137=PLANE('',#5952);
#138=PLANE('',#5953);
#139=PLANE('',#5954);
#140=PLANE('',#5955);
#141=PLANE('',#5956);
#142=PLANE('',#5957);
#143=PLANE('',#5958);
#144=PLANE('',#5959);
#145=PLANE('',#5960);
#146=PLANE('',#5961);
#147=PLANE('',#5962);
#148=PLANE('',#5963);
#149=PLANE('',#5964);
#150=PLANE('',#5965);
#151=PLANE('',#5966);
#152=TOROIDAL_SURFACE('',#5355,0.75,0.25);
#153=TOROIDAL_SURFACE('',#5361,1.25,0.25);
#154=TOROIDAL_SURFACE('',#5367,0.75,0.25);
#155=TOROIDAL_SURFACE('',#5373,1.25,0.25);
#156=TOROIDAL_SURFACE('',#5377,0.75,0.25);
#157=TOROIDAL_SURFACE('',#5383,1.25,0.25);
#158=TOROIDAL_SURFACE('',#5389,0.75,0.25);
#159=TOROIDAL_SURFACE('',#5395,0.75,0.25);
#160=TOROIDAL_SURFACE('',#5401,1.25,0.25);
#161=TOROIDAL_SURFACE('',#5407,0.75,0.25);
#162=TOROIDAL_SURFACE('',#5413,1.25,0.25);
#163=TOROIDAL_SURFACE('',#5419,0.75,0.25);
#164=TOROIDAL_SURFACE('',#5425,0.75,0.25);
#165=TOROIDAL_SURFACE('',#5471,1.34999999999999,0.25);
#166=TOROIDAL_SURFACE('',#5488,1.34999999999999,0.25);
#167=TOROIDAL_SURFACE('',#5495,1.35000000000001,0.25);
#168=TOROIDAL_SURFACE('',#5532,1.34999999999999,0.25);
#169=TOROIDAL_SURFACE('',#5589,1.34999999999999,0.25);
#170=TOROIDAL_SURFACE('',#5704,1.34999999999999,0.25);
#171=TOROIDAL_SURFACE('',#5715,1.34999999999999,0.25);
#172=TOROIDAL_SURFACE('',#5717,1.35000000000001,0.25);
#173=TOROIDAL_SURFACE('',#5746,1.34999999999999,0.25);
#174=TOROIDAL_SURFACE('',#5793,1.34999999999999,0.25);
#175=TOROIDAL_SURFACE('',#5877,0.75,0.25);
#176=TOROIDAL_SURFACE('',#5881,0.75,0.25);
#177=TOROIDAL_SURFACE('',#5885,1.25,0.25);
#178=TOROIDAL_SURFACE('',#5889,0.75,0.25);
#179=TOROIDAL_SURFACE('',#5893,1.25,0.25);
#180=TOROIDAL_SURFACE('',#5897,0.75,0.25);
#181=TOROIDAL_SURFACE('',#5902,0.75,0.25);
#182=TOROIDAL_SURFACE('',#5907,1.25,0.25);
#183=TOROIDAL_SURFACE('',#5912,0.75,0.25);
#184=TOROIDAL_SURFACE('',#5915,1.25,0.25);
#185=TOROIDAL_SURFACE('',#5920,0.75,0.25);
#186=TOROIDAL_SURFACE('',#5925,1.25,0.25);
#187=TOROIDAL_SURFACE('',#5930,0.75,0.25);
#188=CIRCLE('',#5354,0.25);
#189=CIRCLE('',#5356,0.25);
#190=CIRCLE('',#5357,1.);
#191=CIRCLE('',#5358,0.75);
#192=CIRCLE('',#5360,0.25);
#193=CIRCLE('',#5362,0.25);
#194=CIRCLE('',#5363,1.);
#195=CIRCLE('',#5364,1.25);
#196=CIRCLE('',#5366,0.25);
#197=CIRCLE('',#5368,0.25);
#198=CIRCLE('',#5369,1.);
#199=CIRCLE('',#5370,0.75);
#200=CIRCLE('',#5372,0.25);
#201=CIRCLE('',#5374,0.25);
#202=CIRCLE('',#5375,1.);
#203=CIRCLE('',#5376,1.25);
#204=CIRCLE('',#5378,0.25);
#205=CIRCLE('',#5379,1.);
#206=CIRCLE('',#5380,0.75);
#207=CIRCLE('',#5382,0.25);
#208=CIRCLE('',#5384,0.25);
#209=CIRCLE('',#5385,1.);
#210=CIRCLE('',#5386,1.25);
#211=CIRCLE('',#5388,0.25);
#212=CIRCLE('',#5390,0.25);
#213=CIRCLE('',#5391,1.);
#214=CIRCLE('',#5392,0.75);
#215=CIRCLE('',#5394,0.25);
#216=CIRCLE('',#5396,0.25);
#217=CIRCLE('',#5397,1.);
#218=CIRCLE('',#5398,0.75);
#219=CIRCLE('',#5400,0.25);
#220=CIRCLE('',#5402,0.25);
#221=CIRCLE('',#5403,1.);
#222=CIRCLE('',#5404,1.25);
#223=CIRCLE('',#5406,0.25);
#224=CIRCLE('',#5408,0.25);
#225=CIRCLE('',#5409,1.);
#226=CIRCLE('',#5410,0.75);
#227=CIRCLE('',#5412,0.25);
#228=CIRCLE('',#5414,0.25);
#229=CIRCLE('',#5415,1.);
#230=CIRCLE('',#5416,1.25);
#231=CIRCLE('',#5418,0.25);
#232=CIRCLE('',#5420,0.25);
#233=CIRCLE('',#5421,1.);
#234=CIRCLE('',#5422,0.75);
#235=CIRCLE('',#5424,0.25);
#236=CIRCLE('',#5426,0.25);
#237=CIRCLE('',#5427,1.);
#238=CIRCLE('',#5428,0.75);
#239=CIRCLE('',#5436,1.);
#240=CIRCLE('',#5439,1.);
#241=CIRCLE('',#5442,1.);
#242=CIRCLE('',#5445,1.);
#243=CIRCLE('',#5448,1.);
#244=CIRCLE('',#5456,1.35000000000001);
#245=CIRCLE('',#5457,1.34999999999999);
#246=CIRCLE('',#5458,1.34999999999999);
#247=CIRCLE('',#5459,1.34999999999999);
#248=CIRCLE('',#5460,1.34999999999999);
#249=CIRCLE('',#5472,1.09999999999999);
#250=CIRCLE('',#5473,0.25);
#251=CIRCLE('',#5474,1.09999999999999);
#252=CIRCLE('',#5476,1.09999999999999);
#253=CIRCLE('',#5477,1.09999999999999);
#254=CIRCLE('',#5489,1.09999999999999);
#255=CIRCLE('',#5490,0.25);
#256=CIRCLE('',#5491,1.09999999999999);
#257=CIRCLE('',#5493,1.09999999999999);
#258=CIRCLE('',#5494,1.09999999999999);
#259=CIRCLE('',#5496,1.10000000000001);
#260=CIRCLE('',#5497,0.25);
#261=CIRCLE('',#5498,1.10000000000001);
#262=CIRCLE('',#5500,1.10000000000001);
#263=CIRCLE('',#5501,1.10000000000001);
#264=CIRCLE('',#5533,1.09999999999999);
#265=CIRCLE('',#5534,0.25);
#266=CIRCLE('',#5535,1.09999999999999);
#267=CIRCLE('',#5537,1.09999999999999);
#268=CIRCLE('',#5538,1.09999999999999);
#269=CIRCLE('',#5590,1.09999999999999);
#270=CIRCLE('',#5591,0.25);
#271=CIRCLE('',#5592,1.09999999999999);
#272=CIRCLE('',#5594,1.09999999999999);
#273=CIRCLE('',#5595,1.09999999999999);
#274=CIRCLE('',#5686,0.75);
#275=CIRCLE('',#5687,1.25);
#276=CIRCLE('',#5688,0.75);
#277=CIRCLE('',#5689,1.25);
#278=CIRCLE('',#5690,0.75);
#279=CIRCLE('',#5691,1.25);
#280=CIRCLE('',#5692,0.75);
#281=CIRCLE('',#5693,0.75);
#282=CIRCLE('',#5694,1.25);
#283=CIRCLE('',#5695,0.75);
#284=CIRCLE('',#5696,1.25);
#285=CIRCLE('',#5697,0.75);
#286=CIRCLE('',#5698,0.75);
#287=CIRCLE('',#5699,1.34999999999999);
#288=CIRCLE('',#5700,1.34999999999999);
#289=CIRCLE('',#5701,1.34999999999999);
#290=CIRCLE('',#5702,1.34999999999999);
#291=CIRCLE('',#5703,1.35000000000001);
#292=CIRCLE('',#5705,0.25);
#293=CIRCLE('',#5716,0.25);
#294=CIRCLE('',#5718,0.25);
#295=CIRCLE('',#5747,0.25);
#296=CIRCLE('',#5794,0.25);
#297=CIRCLE('',#5876,0.25);
#298=CIRCLE('',#5878,0.25);
#299=CIRCLE('',#5880,0.25);
#300=CIRCLE('',#5882,0.25);
#301=CIRCLE('',#5884,0.25);
#302=CIRCLE('',#5886,0.25);
#303=CIRCLE('',#5888,0.25);
#304=CIRCLE('',#5890,0.25);
#305=CIRCLE('',#5892,0.25);
#306=CIRCLE('',#5894,0.25);
#307=CIRCLE('',#5896,0.25);
#308=CIRCLE('',#5898,0.25);
#309=CIRCLE('',#5899,1.);
#310=CIRCLE('',#5901,0.25);
#311=CIRCLE('',#5903,0.25);
#312=CIRCLE('',#5904,1.);
#313=CIRCLE('',#5906,0.25);
#314=CIRCLE('',#5908,0.25);
#315=CIRCLE('',#5909,1.);
#316=CIRCLE('',#5911,0.25);
#317=CIRCLE('',#5913,0.25);
#318=CIRCLE('',#5914,1.);
#319=CIRCLE('',#5916,0.25);
#320=CIRCLE('',#5917,1.);
#321=CIRCLE('',#5919,0.25);
#322=CIRCLE('',#5921,0.25);
#323=CIRCLE('',#5922,1.);
#324=CIRCLE('',#5924,0.25);
#325=CIRCLE('',#5926,0.25);
#326=CIRCLE('',#5927,1.);
#327=CIRCLE('',#5929,0.25);
#328=CIRCLE('',#5931,0.25);
#329=CIRCLE('',#5932,1.);
#330=B_SPLINE_CURVE_WITH_KNOTS('',3,(#7679,#7680,#7681,#7682,#7683,#7684,
#7685,#7686,#7687,#7688,#7689,#7690,#7691,#7692,#7693,#7694,#7695,#7696,
#7697,#7698,#7699,#7700,#7701,#7702,#7703,#7704,#7705,#7706),
 .UNSPECIFIED.,.F.,.F.,(4,3,3,3,3,3,3,3,3,4),(0.,0.196349573938046,0.384559314965792,
0.572733600869935,0.760877660055127,0.948996711966667,1.13718125022531,
1.32530736779878,1.51344908222801,1.57079659150437),.UNSPECIFIED.);
#331=B_SPLINE_CURVE_WITH_KNOTS('',3,(#9084,#9085,#9086,#9087,#9088,#9089,
#9090,#9091,#9092,#9093,#9094,#9095,#9096,#9097,#9098,#9099,#9100,#9101,
#9102,#9103,#9104,#9105,#9106,#9107,#9108,#9109,#9110,#9111),
 .UNSPECIFIED.,.F.,.F.,(4,3,3,3,3,3,3,3,3,4),(0.,0.196349573937481,0.384559314965226,
0.572733600869365,0.760877660054569,0.948996711966126,1.13718125022477,
1.32530736779823,1.51344908222746,1.57079659149984),.UNSPECIFIED.);
#332=FACE_OUTER_BOUND('',#655,.T.);
#333=FACE_OUTER_BOUND('',#656,.T.);
#334=FACE_OUTER_BOUND('',#657,.T.);
#335=FACE_OUTER_BOUND('',#658,.T.);
#336=FACE_OUTER_BOUND('',#659,.T.);
#337=FACE_OUTER_BOUND('',#660,.T.);
#338=FACE_OUTER_BOUND('',#661,.T.);
#339=FACE_OUTER_BOUND('',#662,.T.);
#340=FACE_OUTER_BOUND('',#663,.T.);
#341=FACE_OUTER_BOUND('',#664,.T.);
#342=FACE_OUTER_BOUND('',#665,.T.);
#343=FACE_OUTER_BOUND('',#666,.T.);
#344=FACE_OUTER_BOUND('',#667,.T.);
#345=FACE_OUTER_BOUND('',#668,.T.);
#346=FACE_OUTER_BOUND('',#669,.T.);
#347=FACE_OUTER_BOUND('',#670,.T.);
#348=FACE_OUTER_BOUND('',#671,.T.);
#349=FACE_OUTER_BOUND('',#672,.T.);
#350=FACE_OUTER_BOUND('',#673,.T.);
#351=FACE_OUTER_BOUND('',#674,.T.);
#352=FACE_OUTER_BOUND('',#675,.T.);
#353=FACE_OUTER_BOUND('',#676,.T.);
#354=FACE_OUTER_BOUND('',#677,.T.);
#355=FACE_OUTER_BOUND('',#678,.T.);
#356=FACE_OUTER_BOUND('',#679,.T.);
#357=FACE_OUTER_BOUND('',#680,.T.);
#358=FACE_OUTER_BOUND('',#681,.T.);
#359=FACE_OUTER_BOUND('',#682,.T.);
#360=FACE_OUTER_BOUND('',#683,.T.);
#361=FACE_OUTER_BOUND('',#684,.T.);
#362=FACE_OUTER_BOUND('',#685,.T.);
#363=FACE_OUTER_BOUND('',#686,.T.);
#364=FACE_OUTER_BOUND('',#687,.T.);
#365=FACE_OUTER_BOUND('',#688,.T.);
#366=FACE_OUTER_BOUND('',#689,.T.);
#367=FACE_OUTER_BOUND('',#690,.T.);
#368=FACE_OUTER_BOUND('',#691,.T.);
#369=FACE_OUTER_BOUND('',#692,.T.);
#370=FACE_OUTER_BOUND('',#693,.T.);
#371=FACE_OUTER_BOUND('',#694,.T.);
#372=FACE_OUTER_BOUND('',#695,.T.);
#373=FACE_OUTER_BOUND('',#696,.T.);
#374=FACE_OUTER_BOUND('',#697,.T.);
#375=FACE_OUTER_BOUND('',#698,.T.);
#376=FACE_OUTER_BOUND('',#699,.T.);
#377=FACE_OUTER_BOUND('',#700,.T.);
#378=FACE_OUTER_BOUND('',#724,.T.);
#379=FACE_OUTER_BOUND('',#725,.T.);
#380=FACE_OUTER_BOUND('',#726,.T.);
#381=FACE_OUTER_BOUND('',#727,.T.);
#382=FACE_OUTER_BOUND('',#728,.T.);
#383=FACE_OUTER_BOUND('',#729,.T.);
#384=FACE_OUTER_BOUND('',#730,.T.);
#385=FACE_OUTER_BOUND('',#731,.T.);
#386=FACE_OUTER_BOUND('',#732,.T.);
#387=FACE_OUTER_BOUND('',#733,.T.);
#388=FACE_OUTER_BOUND('',#734,.T.);
#389=FACE_OUTER_BOUND('',#735,.T.);
#390=FACE_OUTER_BOUND('',#736,.T.);
#391=FACE_OUTER_BOUND('',#737,.T.);
#392=FACE_OUTER_BOUND('',#738,.T.);
#393=FACE_OUTER_BOUND('',#739,.T.);
#394=FACE_OUTER_BOUND('',#740,.T.);
#395=FACE_OUTER_BOUND('',#741,.T.);
#396=FACE_OUTER_BOUND('',#742,.T.);
#397=FACE_OUTER_BOUND('',#743,.T.);
#398=FACE_OUTER_BOUND('',#744,.T.);
#399=FACE_OUTER_BOUND('',#745,.T.);
#400=FACE_OUTER_BOUND('',#746,.T.);
#401=FACE_OUTER_BOUND('',#747,.T.);
#402=FACE_OUTER_BOUND('',#748,.T.);
#403=FACE_OUTER_BOUND('',#749,.T.);
#404=FACE_OUTER_BOUND('',#750,.T.);
#405=FACE_OUTER_BOUND('',#751,.T.);
#406=FACE_OUTER_BOUND('',#752,.T.);
#407=FACE_OUTER_BOUND('',#753,.T.);
#408=FACE_OUTER_BOUND('',#754,.T.);
#409=FACE_OUTER_BOUND('',#755,.T.);
#410=FACE_OUTER_BOUND('',#756,.T.);
#411=FACE_OUTER_BOUND('',#757,.T.);
#412=FACE_OUTER_BOUND('',#758,.T.);
#413=FACE_OUTER_BOUND('',#759,.T.);
#414=FACE_OUTER_BOUND('',#760,.T.);
#415=FACE_OUTER_BOUND('',#761,.T.);
#416=FACE_OUTER_BOUND('',#762,.T.);
#417=FACE_OUTER_BOUND('',#763,.T.);
#418=FACE_OUTER_BOUND('',#764,.T.);
#419=FACE_OUTER_BOUND('',#765,.T.);
#420=FACE_OUTER_BOUND('',#766,.T.);
#421=FACE_OUTER_BOUND('',#767,.T.);
#422=FACE_OUTER_BOUND('',#768,.T.);
#423=FACE_OUTER_BOUND('',#769,.T.);
#424=FACE_OUTER_BOUND('',#770,.T.);
#425=FACE_OUTER_BOUND('',#771,.T.);
#426=FACE_OUTER_BOUND('',#772,.T.);
#427=FACE_OUTER_BOUND('',#773,.T.);
#428=FACE_OUTER_BOUND('',#774,.T.);
#429=FACE_OUTER_BOUND('',#775,.T.);
#430=FACE_OUTER_BOUND('',#776,.T.);
#431=FACE_OUTER_BOUND('',#777,.T.);
#432=FACE_OUTER_BOUND('',#778,.T.);
#433=FACE_OUTER_BOUND('',#779,.T.);
#434=FACE_OUTER_BOUND('',#780,.T.);
#435=FACE_OUTER_BOUND('',#781,.T.);
#436=FACE_OUTER_BOUND('',#782,.T.);
#437=FACE_OUTER_BOUND('',#783,.T.);
#438=FACE_OUTER_BOUND('',#784,.T.);
#439=FACE_OUTER_BOUND('',#785,.T.);
#440=FACE_OUTER_BOUND('',#786,.T.);
#441=FACE_OUTER_BOUND('',#787,.T.);
#442=FACE_OUTER_BOUND('',#788,.T.);
#443=FACE_OUTER_BOUND('',#789,.T.);
#444=FACE_OUTER_BOUND('',#790,.T.);
#445=FACE_OUTER_BOUND('',#791,.T.);
#446=FACE_OUTER_BOUND('',#792,.T.);
#447=FACE_OUTER_BOUND('',#793,.T.);
#448=FACE_OUTER_BOUND('',#794,.T.);
#449=FACE_OUTER_BOUND('',#795,.T.);
#450=FACE_OUTER_BOUND('',#796,.T.);
#451=FACE_OUTER_BOUND('',#797,.T.);
#452=FACE_OUTER_BOUND('',#798,.T.);
#453=FACE_OUTER_BOUND('',#799,.T.);
#454=FACE_OUTER_BOUND('',#800,.T.);
#455=FACE_OUTER_BOUND('',#801,.T.);
#456=FACE_OUTER_BOUND('',#802,.T.);
#457=FACE_OUTER_BOUND('',#803,.T.);
#458=FACE_OUTER_BOUND('',#804,.T.);
#459=FACE_OUTER_BOUND('',#805,.T.);
#460=FACE_OUTER_BOUND('',#806,.T.);
#461=FACE_OUTER_BOUND('',#807,.T.);
#462=FACE_OUTER_BOUND('',#808,.T.);
#463=FACE_OUTER_BOUND('',#809,.T.);
#464=FACE_OUTER_BOUND('',#810,.T.);
#465=FACE_OUTER_BOUND('',#811,.T.);
#466=FACE_OUTER_BOUND('',#812,.T.);
#467=FACE_OUTER_BOUND('',#813,.T.);
#468=FACE_OUTER_BOUND('',#814,.T.);
#469=FACE_OUTER_BOUND('',#815,.T.);
#470=FACE_OUTER_BOUND('',#816,.T.);
#471=FACE_OUTER_BOUND('',#817,.T.);
#472=FACE_OUTER_BOUND('',#818,.T.);
#473=FACE_OUTER_BOUND('',#819,.T.);
#474=FACE_OUTER_BOUND('',#820,.T.);
#475=FACE_OUTER_BOUND('',#821,.T.);
#476=FACE_OUTER_BOUND('',#822,.T.);
#477=FACE_OUTER_BOUND('',#823,.T.);
#478=FACE_OUTER_BOUND('',#824,.T.);
#479=FACE_OUTER_BOUND('',#825,.T.);
#480=FACE_OUTER_BOUND('',#826,.T.);
#481=FACE_OUTER_BOUND('',#827,.T.);
#482=FACE_OUTER_BOUND('',#828,.T.);
#483=FACE_OUTER_BOUND('',#829,.T.);
#484=FACE_OUTER_BOUND('',#830,.T.);
#485=FACE_OUTER_BOUND('',#831,.T.);
#486=FACE_OUTER_BOUND('',#832,.T.);
#487=FACE_OUTER_BOUND('',#833,.T.);
#488=FACE_OUTER_BOUND('',#834,.T.);
#489=FACE_OUTER_BOUND('',#835,.T.);
#490=FACE_OUTER_BOUND('',#836,.T.);
#491=FACE_OUTER_BOUND('',#837,.T.);
#492=FACE_OUTER_BOUND('',#838,.T.);
#493=FACE_OUTER_BOUND('',#839,.T.);
#494=FACE_OUTER_BOUND('',#840,.T.);
#495=FACE_OUTER_BOUND('',#841,.T.);
#496=FACE_OUTER_BOUND('',#842,.T.);
#497=FACE_OUTER_BOUND('',#843,.T.);
#498=FACE_OUTER_BOUND('',#844,.T.);
#499=FACE_OUTER_BOUND('',#845,.T.);
#500=FACE_OUTER_BOUND('',#846,.T.);
#501=FACE_OUTER_BOUND('',#847,.T.);
#502=FACE_OUTER_BOUND('',#871,.T.);
#503=FACE_OUTER_BOUND('',#872,.T.);
#504=FACE_OUTER_BOUND('',#873,.T.);
#505=FACE_OUTER_BOUND('',#874,.T.);
#506=FACE_OUTER_BOUND('',#875,.T.);
#507=FACE_OUTER_BOUND('',#876,.T.);
#508=FACE_OUTER_BOUND('',#877,.T.);
#509=FACE_OUTER_BOUND('',#878,.T.);
#510=FACE_OUTER_BOUND('',#879,.T.);
#511=FACE_OUTER_BOUND('',#880,.T.);
#512=FACE_OUTER_BOUND('',#881,.T.);
#513=FACE_OUTER_BOUND('',#882,.T.);
#514=FACE_OUTER_BOUND('',#883,.T.);
#515=FACE_OUTER_BOUND('',#884,.T.);
#516=FACE_OUTER_BOUND('',#885,.T.);
#517=FACE_OUTER_BOUND('',#886,.T.);
#518=FACE_OUTER_BOUND('',#887,.T.);
#519=FACE_OUTER_BOUND('',#888,.T.);
#520=FACE_OUTER_BOUND('',#889,.T.);
#521=FACE_OUTER_BOUND('',#890,.T.);
#522=FACE_OUTER_BOUND('',#891,.T.);
#523=FACE_OUTER_BOUND('',#892,.T.);
#524=FACE_OUTER_BOUND('',#893,.T.);
#525=FACE_OUTER_BOUND('',#894,.T.);
#526=FACE_OUTER_BOUND('',#895,.T.);
#527=FACE_OUTER_BOUND('',#896,.T.);
#528=FACE_OUTER_BOUND('',#897,.T.);
#529=FACE_OUTER_BOUND('',#898,.T.);
#530=FACE_OUTER_BOUND('',#899,.T.);
#531=FACE_OUTER_BOUND('',#900,.T.);
#532=FACE_OUTER_BOUND('',#901,.T.);
#533=FACE_OUTER_BOUND('',#902,.T.);
#534=FACE_OUTER_BOUND('',#903,.T.);
#535=FACE_OUTER_BOUND('',#904,.T.);
#536=FACE_OUTER_BOUND('',#905,.T.);
#537=FACE_OUTER_BOUND('',#906,.T.);
#538=FACE_OUTER_BOUND('',#907,.T.);
#539=FACE_OUTER_BOUND('',#908,.T.);
#540=FACE_OUTER_BOUND('',#909,.T.);
#541=FACE_OUTER_BOUND('',#910,.T.);
#542=FACE_OUTER_BOUND('',#911,.T.);
#543=FACE_OUTER_BOUND('',#912,.T.);
#544=FACE_OUTER_BOUND('',#913,.T.);
#545=FACE_OUTER_BOUND('',#914,.T.);
#546=FACE_OUTER_BOUND('',#915,.T.);
#547=FACE_OUTER_BOUND('',#916,.T.);
#548=FACE_OUTER_BOUND('',#917,.T.);
#549=FACE_OUTER_BOUND('',#918,.T.);
#550=FACE_OUTER_BOUND('',#919,.T.);
#551=FACE_OUTER_BOUND('',#920,.T.);
#552=FACE_OUTER_BOUND('',#921,.T.);
#553=FACE_OUTER_BOUND('',#922,.T.);
#554=FACE_OUTER_BOUND('',#923,.T.);
#555=FACE_OUTER_BOUND('',#924,.T.);
#556=FACE_OUTER_BOUND('',#925,.T.);
#557=FACE_OUTER_BOUND('',#926,.T.);
#558=FACE_OUTER_BOUND('',#927,.T.);
#559=FACE_OUTER_BOUND('',#928,.T.);
#560=FACE_OUTER_BOUND('',#929,.T.);
#561=FACE_OUTER_BOUND('',#930,.T.);
#562=FACE_OUTER_BOUND('',#931,.T.);
#563=FACE_OUTER_BOUND('',#932,.T.);
#564=FACE_OUTER_BOUND('',#933,.T.);
#565=FACE_OUTER_BOUND('',#934,.T.);
#566=FACE_OUTER_BOUND('',#935,.T.);
#567=FACE_OUTER_BOUND('',#936,.T.);
#568=FACE_OUTER_BOUND('',#937,.T.);
#569=FACE_OUTER_BOUND('',#938,.T.);
#570=FACE_OUTER_BOUND('',#939,.T.);
#571=FACE_OUTER_BOUND('',#940,.T.);
#572=FACE_OUTER_BOUND('',#941,.T.);
#573=FACE_OUTER_BOUND('',#942,.T.);
#574=FACE_OUTER_BOUND('',#943,.T.);
#575=FACE_OUTER_BOUND('',#944,.T.);
#576=FACE_OUTER_BOUND('',#945,.T.);
#577=FACE_OUTER_BOUND('',#946,.T.);
#578=FACE_OUTER_BOUND('',#947,.T.);
#579=FACE_OUTER_BOUND('',#948,.T.);
#580=FACE_OUTER_BOUND('',#949,.T.);
#581=FACE_OUTER_BOUND('',#950,.T.);
#582=FACE_OUTER_BOUND('',#951,.T.);
#583=FACE_OUTER_BOUND('',#952,.T.);
#584=FACE_OUTER_BOUND('',#953,.T.);
#585=FACE_OUTER_BOUND('',#954,.T.);
#586=FACE_OUTER_BOUND('',#955,.T.);
#587=FACE_OUTER_BOUND('',#956,.T.);
#588=FACE_OUTER_BOUND('',#957,.T.);
#589=FACE_OUTER_BOUND('',#958,.T.);
#590=FACE_OUTER_BOUND('',#959,.T.);
#591=FACE_OUTER_BOUND('',#960,.T.);
#592=FACE_OUTER_BOUND('',#961,.T.);
#593=FACE_OUTER_BOUND('',#962,.T.);
#594=FACE_OUTER_BOUND('',#963,.T.);
#595=FACE_OUTER_BOUND('',#964,.T.);
#596=FACE_OUTER_BOUND('',#965,.T.);
#597=FACE_OUTER_BOUND('',#966,.T.);
#598=FACE_OUTER_BOUND('',#967,.T.);
#599=FACE_OUTER_BOUND('',#968,.T.);
#600=FACE_OUTER_BOUND('',#969,.T.);
#601=FACE_OUTER_BOUND('',#970,.T.);
#602=FACE_OUTER_BOUND('',#971,.T.);
#603=FACE_OUTER_BOUND('',#972,.T.);
#604=FACE_OUTER_BOUND('',#973,.T.);
#605=FACE_OUTER_BOUND('',#974,.T.);
#606=FACE_OUTER_BOUND('',#975,.T.);
#607=FACE_OUTER_BOUND('',#976,.T.);
#608=FACE_OUTER_BOUND('',#977,.T.);
#609=FACE_OUTER_BOUND('',#978,.T.);
#610=FACE_OUTER_BOUND('',#979,.T.);
#611=FACE_OUTER_BOUND('',#980,.T.);
#612=FACE_OUTER_BOUND('',#981,.T.);
#613=FACE_OUTER_BOUND('',#982,.T.);
#614=FACE_OUTER_BOUND('',#983,.T.);
#615=FACE_OUTER_BOUND('',#984,.T.);
#616=FACE_OUTER_BOUND('',#985,.T.);
#617=FACE_OUTER_BOUND('',#986,.T.);
#618=FACE_OUTER_BOUND('',#987,.T.);
#619=FACE_OUTER_BOUND('',#988,.T.);
#620=FACE_OUTER_BOUND('',#989,.T.);
#621=FACE_OUTER_BOUND('',#990,.T.);
#622=FACE_OUTER_BOUND('',#991,.T.);
#623=FACE_OUTER_BOUND('',#992,.T.);
#624=FACE_OUTER_BOUND('',#993,.T.);
#625=FACE_OUTER_BOUND('',#994,.T.);
#626=FACE_OUTER_BOUND('',#995,.T.);
#627=FACE_OUTER_BOUND('',#996,.T.);
#628=FACE_OUTER_BOUND('',#997,.T.);
#629=FACE_OUTER_BOUND('',#998,.T.);
#630=FACE_OUTER_BOUND('',#999,.T.);
#631=FACE_OUTER_BOUND('',#1000,.T.);
#632=FACE_OUTER_BOUND('',#1001,.T.);
#633=FACE_OUTER_BOUND('',#1002,.T.);
#634=FACE_OUTER_BOUND('',#1003,.T.);
#635=FACE_OUTER_BOUND('',#1004,.T.);
#636=FACE_OUTER_BOUND('',#1005,.T.);
#637=FACE_OUTER_BOUND('',#1006,.T.);
#638=FACE_OUTER_BOUND('',#1007,.T.);
#639=FACE_OUTER_BOUND('',#1008,.T.);
#640=FACE_OUTER_BOUND('',#1009,.T.);
#641=FACE_OUTER_BOUND('',#1010,.T.);
#642=FACE_OUTER_BOUND('',#1011,.T.);
#643=FACE_OUTER_BOUND('',#1012,.T.);
#644=FACE_OUTER_BOUND('',#1013,.T.);
#645=FACE_OUTER_BOUND('',#1014,.T.);
#646=FACE_OUTER_BOUND('',#1015,.T.);
#647=FACE_OUTER_BOUND('',#1016,.T.);
#648=FACE_OUTER_BOUND('',#1017,.T.);
#649=FACE_OUTER_BOUND('',#1018,.T.);
#650=FACE_OUTER_BOUND('',#1019,.T.);
#651=FACE_OUTER_BOUND('',#1020,.T.);
#652=FACE_OUTER_BOUND('',#1021,.T.);
#653=FACE_OUTER_BOUND('',#1022,.T.);
#654=FACE_OUTER_BOUND('',#1023,.T.);
#655=EDGE_LOOP('',(#3299,#3300,#3301,#3302));
#656=EDGE_LOOP('',(#3303,#3304,#3305,#3306));
#657=EDGE_LOOP('',(#3307,#3308,#3309,#3310));
#658=EDGE_LOOP('',(#3311,#3312,#3313,#3314));
#659=EDGE_LOOP('',(#3315,#3316,#3317,#3318));
#660=EDGE_LOOP('',(#3319,#3320,#3321,#3322));
#661=EDGE_LOOP('',(#3323,#3324,#3325,#3326));
#662=EDGE_LOOP('',(#3327,#3328,#3329,#3330));
#663=EDGE_LOOP('',(#3331,#3332,#3333,#3334));
#664=EDGE_LOOP('',(#3335,#3336,#3337,#3338));
#665=EDGE_LOOP('',(#3339,#3340,#3341,#3342));
#666=EDGE_LOOP('',(#3343,#3344,#3345,#3346));
#667=EDGE_LOOP('',(#3347,#3348,#3349,#3350));
#668=EDGE_LOOP('',(#3351,#3352,#3353,#3354));
#669=EDGE_LOOP('',(#3355,#3356,#3357,#3358));
#670=EDGE_LOOP('',(#3359,#3360,#3361,#3362));
#671=EDGE_LOOP('',(#3363,#3364,#3365,#3366));
#672=EDGE_LOOP('',(#3367,#3368,#3369,#3370));
#673=EDGE_LOOP('',(#3371,#3372,#3373,#3374));
#674=EDGE_LOOP('',(#3375,#3376,#3377,#3378));
#675=EDGE_LOOP('',(#3379,#3380,#3381,#3382));
#676=EDGE_LOOP('',(#3383,#3384,#3385,#3386));
#677=EDGE_LOOP('',(#3387,#3388,#3389,#3390));
#678=EDGE_LOOP('',(#3391,#3392,#3393,#3394));
#679=EDGE_LOOP('',(#3395,#3396,#3397,#3398));
#680=EDGE_LOOP('',(#3399,#3400,#3401,#3402));
#681=EDGE_LOOP('',(#3403,#3404,#3405,#3406));
#682=EDGE_LOOP('',(#3407,#3408,#3409,#3410));
#683=EDGE_LOOP('',(#3411,#3412,#3413,#3414));
#684=EDGE_LOOP('',(#3415,#3416,#3417,#3418));
#685=EDGE_LOOP('',(#3419,#3420,#3421,#3422));
#686=EDGE_LOOP('',(#3423,#3424,#3425,#3426));
#687=EDGE_LOOP('',(#3427,#3428,#3429,#3430));
#688=EDGE_LOOP('',(#3431,#3432,#3433,#3434));
#689=EDGE_LOOP('',(#3435,#3436,#3437,#3438));
#690=EDGE_LOOP('',(#3439,#3440,#3441,#3442));
#691=EDGE_LOOP('',(#3443,#3444,#3445,#3446));
#692=EDGE_LOOP('',(#3447,#3448,#3449,#3450));
#693=EDGE_LOOP('',(#3451,#3452,#3453,#3454));
#694=EDGE_LOOP('',(#3455,#3456,#3457,#3458));
#695=EDGE_LOOP('',(#3459,#3460,#3461,#3462));
#696=EDGE_LOOP('',(#3463,#3464,#3465,#3466));
#697=EDGE_LOOP('',(#3467,#3468,#3469,#3470));
#698=EDGE_LOOP('',(#3471,#3472,#3473,#3474));
#699=EDGE_LOOP('',(#3475,#3476,#3477,#3478));
#700=EDGE_LOOP('',(#3479,#3480,#3481,#3482,#3483,#3484,#3485,#3486,#3487,
#3488,#3489,#3490,#3491,#3492,#3493,#3494,#3495,#3496,#3497,#3498,#3499,
#3500,#3501,#3502,#3503,#3504,#3505,#3506,#3507,#3508));
#701=EDGE_LOOP('',(#3509,#3510,#3511,#3512));
#702=EDGE_LOOP('',(#3513,#3514,#3515,#3516));
#703=EDGE_LOOP('',(#3517));
#704=EDGE_LOOP('',(#3518,#3519,#3520,#3521));
#705=EDGE_LOOP('',(#3522));
#706=EDGE_LOOP('',(#3523,#3524,#3525,#3526));
#707=EDGE_LOOP('',(#3527,#3528,#3529,#3530));
#708=EDGE_LOOP('',(#3531));
#709=EDGE_LOOP('',(#3532,#3533,#3534,#3535));
#710=EDGE_LOOP('',(#3536,#3537,#3538,#3539));
#711=EDGE_LOOP('',(#3540,#3541,#3542,#3543));
#712=EDGE_LOOP('',(#3544,#3545,#3546,#3547));
#713=EDGE_LOOP('',(#3548,#3549,#3550,#3551));
#714=EDGE_LOOP('',(#3552,#3553,#3554,#3555));
#715=EDGE_LOOP('',(#3556,#3557,#3558,#3559));
#716=EDGE_LOOP('',(#3560,#3561,#3562,#3563));
#717=EDGE_LOOP('',(#3564,#3565,#3566,#3567));
#718=EDGE_LOOP('',(#3568,#3569,#3570,#3571));
#719=EDGE_LOOP('',(#3572,#3573,#3574,#3575));
#720=EDGE_LOOP('',(#3576,#3577,#3578,#3579));
#721=EDGE_LOOP('',(#3580,#3581,#3582,#3583));
#722=EDGE_LOOP('',(#3584));
#723=EDGE_LOOP('',(#3585));
#724=EDGE_LOOP('',(#3586,#3587,#3588,#3589));
#725=EDGE_LOOP('',(#3590,#3591,#3592,#3593));
#726=EDGE_LOOP('',(#3594,#3595,#3596,#3597));
#727=EDGE_LOOP('',(#3598,#3599,#3600,#3601));
#728=EDGE_LOOP('',(#3602,#3603,#3604,#3605));
#729=EDGE_LOOP('',(#3606,#3607,#3608,#3609));
#730=EDGE_LOOP('',(#3610,#3611,#3612,#3613,#3614));
#731=EDGE_LOOP('',(#3615,#3616,#3617,#3618,#3619,#3620));
#732=EDGE_LOOP('',(#3621,#3622,#3623,#3624));
#733=EDGE_LOOP('',(#3625,#3626,#3627,#3628));
#734=EDGE_LOOP('',(#3629,#3630,#3631,#3632));
#735=EDGE_LOOP('',(#3633,#3634,#3635,#3636));
#736=EDGE_LOOP('',(#3637,#3638,#3639,#3640));
#737=EDGE_LOOP('',(#3641,#3642,#3643,#3644));
#738=EDGE_LOOP('',(#3645,#3646,#3647,#3648,#3649));
#739=EDGE_LOOP('',(#3650,#3651,#3652,#3653,#3654,#3655));
#740=EDGE_LOOP('',(#3656,#3657,#3658,#3659,#3660));
#741=EDGE_LOOP('',(#3661,#3662,#3663,#3664,#3665,#3666));
#742=EDGE_LOOP('',(#3667,#3668,#3669,#3670));
#743=EDGE_LOOP('',(#3671,#3672,#3673,#3674));
#744=EDGE_LOOP('',(#3675,#3676,#3677,#3678));
#745=EDGE_LOOP('',(#3679,#3680,#3681,#3682));
#746=EDGE_LOOP('',(#3683,#3684,#3685,#3686));
#747=EDGE_LOOP('',(#3687,#3688,#3689,#3690));
#748=EDGE_LOOP('',(#3691,#3692,#3693,#3694));
#749=EDGE_LOOP('',(#3695,#3696,#3697,#3698));
#750=EDGE_LOOP('',(#3699,#3700,#3701,#3702));
#751=EDGE_LOOP('',(#3703,#3704,#3705,#3706));
#752=EDGE_LOOP('',(#3707,#3708,#3709,#3710));
#753=EDGE_LOOP('',(#3711,#3712,#3713,#3714));
#754=EDGE_LOOP('',(#3715,#3716,#3717,#3718));
#755=EDGE_LOOP('',(#3719,#3720,#3721,#3722));
#756=EDGE_LOOP('',(#3723,#3724,#3725,#3726));
#757=EDGE_LOOP('',(#3727,#3728,#3729,#3730));
#758=EDGE_LOOP('',(#3731,#3732,#3733,#3734));
#759=EDGE_LOOP('',(#3735,#3736,#3737,#3738));
#760=EDGE_LOOP('',(#3739,#3740,#3741,#3742,#3743));
#761=EDGE_LOOP('',(#3744,#3745,#3746,#3747,#3748,#3749));
#762=EDGE_LOOP('',(#3750,#3751,#3752,#3753));
#763=EDGE_LOOP('',(#3754,#3755,#3756,#3757));
#764=EDGE_LOOP('',(#3758,#3759,#3760,#3761));
#765=EDGE_LOOP('',(#3762,#3763,#3764,#3765));
#766=EDGE_LOOP('',(#3766,#3767,#3768,#3769));
#767=EDGE_LOOP('',(#3770,#3771,#3772,#3773));
#768=EDGE_LOOP('',(#3774,#3775,#3776,#3777));
#769=EDGE_LOOP('',(#3778,#3779,#3780,#3781));
#770=EDGE_LOOP('',(#3782,#3783,#3784,#3785));
#771=EDGE_LOOP('',(#3786,#3787,#3788,#3789));
#772=EDGE_LOOP('',(#3790,#3791,#3792,#3793));
#773=EDGE_LOOP('',(#3794,#3795,#3796,#3797));
#774=EDGE_LOOP('',(#3798,#3799,#3800,#3801));
#775=EDGE_LOOP('',(#3802,#3803,#3804,#3805));
#776=EDGE_LOOP('',(#3806,#3807,#3808,#3809));
#777=EDGE_LOOP('',(#3810,#3811,#3812,#3813));
#778=EDGE_LOOP('',(#3814,#3815,#3816,#3817));
#779=EDGE_LOOP('',(#3818,#3819,#3820,#3821));
#780=EDGE_LOOP('',(#3822,#3823,#3824,#3825));
#781=EDGE_LOOP('',(#3826,#3827,#3828,#3829));
#782=EDGE_LOOP('',(#3830,#3831,#3832,#3833));
#783=EDGE_LOOP('',(#3834,#3835,#3836,#3837));
#784=EDGE_LOOP('',(#3838,#3839,#3840,#3841));
#785=EDGE_LOOP('',(#3842,#3843,#3844,#3845));
#786=EDGE_LOOP('',(#3846,#3847,#3848,#3849));
#787=EDGE_LOOP('',(#3850,#3851,#3852,#3853));
#788=EDGE_LOOP('',(#3854,#3855,#3856,#3857));
#789=EDGE_LOOP('',(#3858,#3859,#3860,#3861));
#790=EDGE_LOOP('',(#3862,#3863,#3864,#3865));
#791=EDGE_LOOP('',(#3866,#3867,#3868,#3869));
#792=EDGE_LOOP('',(#3870,#3871,#3872,#3873,#3874));
#793=EDGE_LOOP('',(#3875,#3876,#3877,#3878,#3879,#3880));
#794=EDGE_LOOP('',(#3881,#3882,#3883,#3884));
#795=EDGE_LOOP('',(#3885,#3886,#3887,#3888));
#796=EDGE_LOOP('',(#3889,#3890,#3891,#3892));
#797=EDGE_LOOP('',(#3893,#3894,#3895,#3896));
#798=EDGE_LOOP('',(#3897,#3898,#3899,#3900));
#799=EDGE_LOOP('',(#3901,#3902,#3903,#3904));
#800=EDGE_LOOP('',(#3905,#3906,#3907,#3908));
#801=EDGE_LOOP('',(#3909,#3910,#3911,#3912));
#802=EDGE_LOOP('',(#3913,#3914,#3915,#3916));
#803=EDGE_LOOP('',(#3917,#3918,#3919,#3920));
#804=EDGE_LOOP('',(#3921,#3922,#3923,#3924));
#805=EDGE_LOOP('',(#3925,#3926,#3927,#3928));
#806=EDGE_LOOP('',(#3929,#3930,#3931,#3932));
#807=EDGE_LOOP('',(#3933,#3934,#3935,#3936));
#808=EDGE_LOOP('',(#3937,#3938,#3939,#3940));
#809=EDGE_LOOP('',(#3941,#3942,#3943,#3944));
#810=EDGE_LOOP('',(#3945,#3946,#3947,#3948));
#811=EDGE_LOOP('',(#3949,#3950,#3951,#3952));
#812=EDGE_LOOP('',(#3953,#3954,#3955,#3956));
#813=EDGE_LOOP('',(#3957,#3958,#3959,#3960));
#814=EDGE_LOOP('',(#3961,#3962,#3963,#3964));
#815=EDGE_LOOP('',(#3965,#3966,#3967,#3968));
#816=EDGE_LOOP('',(#3969,#3970,#3971,#3972));
#817=EDGE_LOOP('',(#3973,#3974,#3975,#3976));
#818=EDGE_LOOP('',(#3977,#3978,#3979,#3980));
#819=EDGE_LOOP('',(#3981,#3982,#3983,#3984));
#820=EDGE_LOOP('',(#3985,#3986,#3987,#3988));
#821=EDGE_LOOP('',(#3989,#3990,#3991,#3992));
#822=EDGE_LOOP('',(#3993,#3994,#3995,#3996));
#823=EDGE_LOOP('',(#3997,#3998,#3999,#4000));
#824=EDGE_LOOP('',(#4001,#4002,#4003,#4004));
#825=EDGE_LOOP('',(#4005,#4006,#4007,#4008));
#826=EDGE_LOOP('',(#4009,#4010,#4011,#4012));
#827=EDGE_LOOP('',(#4013,#4014,#4015,#4016));
#828=EDGE_LOOP('',(#4017,#4018,#4019,#4020));
#829=EDGE_LOOP('',(#4021,#4022,#4023,#4024));
#830=EDGE_LOOP('',(#4025,#4026,#4027,#4028));
#831=EDGE_LOOP('',(#4029,#4030,#4031,#4032));
#832=EDGE_LOOP('',(#4033,#4034,#4035,#4036));
#833=EDGE_LOOP('',(#4037,#4038,#4039,#4040));
#834=EDGE_LOOP('',(#4041,#4042,#4043,#4044));
#835=EDGE_LOOP('',(#4045,#4046,#4047,#4048));
#836=EDGE_LOOP('',(#4049,#4050,#4051,#4052));
#837=EDGE_LOOP('',(#4053,#4054,#4055,#4056));
#838=EDGE_LOOP('',(#4057,#4058,#4059,#4060));
#839=EDGE_LOOP('',(#4061,#4062,#4063,#4064));
#840=EDGE_LOOP('',(#4065,#4066,#4067,#4068));
#841=EDGE_LOOP('',(#4069,#4070,#4071,#4072));
#842=EDGE_LOOP('',(#4073,#4074,#4075,#4076));
#843=EDGE_LOOP('',(#4077,#4078,#4079,#4080));
#844=EDGE_LOOP('',(#4081,#4082,#4083,#4084));
#845=EDGE_LOOP('',(#4085,#4086,#4087,#4088));
#846=EDGE_LOOP('',(#4089,#4090,#4091,#4092));
#847=EDGE_LOOP('',(#4093,#4094,#4095,#4096,#4097,#4098,#4099,#4100,#4101,
#4102,#4103,#4104,#4105,#4106,#4107,#4108,#4109,#4110,#4111,#4112,#4113,
#4114,#4115,#4116,#4117,#4118,#4119,#4120,#4121,#4122));
#848=EDGE_LOOP('',(#4123));
#849=EDGE_LOOP('',(#4124));
#850=EDGE_LOOP('',(#4125,#4126,#4127,#4128));
#851=EDGE_LOOP('',(#4129,#4130,#4131,#4132));
#852=EDGE_LOOP('',(#4133,#4134,#4135,#4136));
#853=EDGE_LOOP('',(#4137,#4138,#4139,#4140));
#854=EDGE_LOOP('',(#4141,#4142,#4143,#4144));
#855=EDGE_LOOP('',(#4145,#4146,#4147,#4148));
#856=EDGE_LOOP('',(#4149,#4150,#4151,#4152));
#857=EDGE_LOOP('',(#4153,#4154,#4155,#4156));
#858=EDGE_LOOP('',(#4157,#4158,#4159,#4160));
#859=EDGE_LOOP('',(#4161,#4162,#4163,#4164));
#860=EDGE_LOOP('',(#4165,#4166,#4167,#4168));
#861=EDGE_LOOP('',(#4169,#4170,#4171,#4172));
#862=EDGE_LOOP('',(#4173,#4174,#4175,#4176));
#863=EDGE_LOOP('',(#4177));
#864=EDGE_LOOP('',(#4178,#4179,#4180,#4181));
#865=EDGE_LOOP('',(#4182,#4183,#4184,#4185));
#866=EDGE_LOOP('',(#4186));
#867=EDGE_LOOP('',(#4187,#4188,#4189,#4190));
#868=EDGE_LOOP('',(#4191));
#869=EDGE_LOOP('',(#4192,#4193,#4194,#4195));
#870=EDGE_LOOP('',(#4196,#4197,#4198,#4199));
#871=EDGE_LOOP('',(#4200,#4201,#4202,#4203,#4204));
#872=EDGE_LOOP('',(#4205,#4206,#4207,#4208));
#873=EDGE_LOOP('',(#4209,#4210,#4211,#4212));
#874=EDGE_LOOP('',(#4213,#4214,#4215,#4216));
#875=EDGE_LOOP('',(#4217,#4218,#4219,#4220));
#876=EDGE_LOOP('',(#4221,#4222,#4223,#4224));
#877=EDGE_LOOP('',(#4225,#4226,#4227,#4228,#4229));
#878=EDGE_LOOP('',(#4230,#4231,#4232,#4233,#4234));
#879=EDGE_LOOP('',(#4235,#4236,#4237,#4238));
#880=EDGE_LOOP('',(#4239,#4240,#4241,#4242));
#881=EDGE_LOOP('',(#4243,#4244,#4245,#4246));
#882=EDGE_LOOP('',(#4247,#4248,#4249,#4250));
#883=EDGE_LOOP('',(#4251,#4252,#4253,#4254));
#884=EDGE_LOOP('',(#4255,#4256,#4257,#4258));
#885=EDGE_LOOP('',(#4259,#4260,#4261,#4262));
#886=EDGE_LOOP('',(#4263,#4264,#4265,#4266));
#887=EDGE_LOOP('',(#4267,#4268,#4269,#4270));
#888=EDGE_LOOP('',(#4271,#4272,#4273,#4274));
#889=EDGE_LOOP('',(#4275,#4276,#4277,#4278));
#890=EDGE_LOOP('',(#4279,#4280,#4281,#4282));
#891=EDGE_LOOP('',(#4283,#4284,#4285,#4286));
#892=EDGE_LOOP('',(#4287,#4288,#4289,#4290));
#893=EDGE_LOOP('',(#4291,#4292,#4293,#4294));
#894=EDGE_LOOP('',(#4295,#4296,#4297,#4298,#4299));
#895=EDGE_LOOP('',(#4300,#4301,#4302,#4303));
#896=EDGE_LOOP('',(#4304,#4305,#4306,#4307));
#897=EDGE_LOOP('',(#4308,#4309,#4310,#4311));
#898=EDGE_LOOP('',(#4312,#4313,#4314,#4315));
#899=EDGE_LOOP('',(#4316,#4317,#4318,#4319));
#900=EDGE_LOOP('',(#4320,#4321,#4322,#4323));
#901=EDGE_LOOP('',(#4324,#4325,#4326,#4327));
#902=EDGE_LOOP('',(#4328,#4329,#4330,#4331));
#903=EDGE_LOOP('',(#4332,#4333,#4334,#4335));
#904=EDGE_LOOP('',(#4336,#4337,#4338,#4339));
#905=EDGE_LOOP('',(#4340,#4341,#4342,#4343));
#906=EDGE_LOOP('',(#4344,#4345,#4346,#4347));
#907=EDGE_LOOP('',(#4348,#4349,#4350,#4351));
#908=EDGE_LOOP('',(#4352,#4353,#4354,#4355));
#909=EDGE_LOOP('',(#4356,#4357,#4358,#4359));
#910=EDGE_LOOP('',(#4360,#4361,#4362,#4363));
#911=EDGE_LOOP('',(#4364,#4365,#4366,#4367));
#912=EDGE_LOOP('',(#4368,#4369,#4370,#4371));
#913=EDGE_LOOP('',(#4372,#4373,#4374,#4375));
#914=EDGE_LOOP('',(#4376,#4377,#4378,#4379));
#915=EDGE_LOOP('',(#4380,#4381,#4382,#4383));
#916=EDGE_LOOP('',(#4384,#4385,#4386,#4387));
#917=EDGE_LOOP('',(#4388,#4389,#4390,#4391));
#918=EDGE_LOOP('',(#4392,#4393,#4394,#4395));
#919=EDGE_LOOP('',(#4396,#4397,#4398,#4399));
#920=EDGE_LOOP('',(#4400,#4401,#4402,#4403,#4404));
#921=EDGE_LOOP('',(#4405,#4406,#4407,#4408));
#922=EDGE_LOOP('',(#4409,#4410,#4411,#4412));
#923=EDGE_LOOP('',(#4413,#4414,#4415,#4416));
#924=EDGE_LOOP('',(#4417,#4418,#4419,#4420));
#925=EDGE_LOOP('',(#4421,#4422,#4423,#4424));
#926=EDGE_LOOP('',(#4425,#4426,#4427,#4428));
#927=EDGE_LOOP('',(#4429,#4430,#4431,#4432));
#928=EDGE_LOOP('',(#4433,#4434,#4435,#4436));
#929=EDGE_LOOP('',(#4437,#4438,#4439,#4440));
#930=EDGE_LOOP('',(#4441,#4442,#4443,#4444));
#931=EDGE_LOOP('',(#4445,#4446,#4447,#4448));
#932=EDGE_LOOP('',(#4449,#4450,#4451,#4452));
#933=EDGE_LOOP('',(#4453,#4454,#4455,#4456));
#934=EDGE_LOOP('',(#4457,#4458,#4459,#4460));
#935=EDGE_LOOP('',(#4461,#4462,#4463,#4464));
#936=EDGE_LOOP('',(#4465,#4466,#4467,#4468));
#937=EDGE_LOOP('',(#4469,#4470,#4471,#4472));
#938=EDGE_LOOP('',(#4473,#4474,#4475,#4476));
#939=EDGE_LOOP('',(#4477,#4478,#4479,#4480));
#940=EDGE_LOOP('',(#4481,#4482,#4483,#4484));
#941=EDGE_LOOP('',(#4485,#4486,#4487,#4488));
#942=EDGE_LOOP('',(#4489,#4490,#4491,#4492));
#943=EDGE_LOOP('',(#4493,#4494,#4495,#4496));
#944=EDGE_LOOP('',(#4497,#4498,#4499,#4500));
#945=EDGE_LOOP('',(#4501,#4502,#4503,#4504));
#946=EDGE_LOOP('',(#4505,#4506,#4507,#4508));
#947=EDGE_LOOP('',(#4509,#4510,#4511,#4512));
#948=EDGE_LOOP('',(#4513,#4514,#4515,#4516));
#949=EDGE_LOOP('',(#4517,#4518,#4519,#4520));
#950=EDGE_LOOP('',(#4521,#4522,#4523,#4524));
#951=EDGE_LOOP('',(#4525,#4526,#4527,#4528));
#952=EDGE_LOOP('',(#4529,#4530,#4531,#4532));
#953=EDGE_LOOP('',(#4533,#4534,#4535,#4536));
#954=EDGE_LOOP('',(#4537,#4538,#4539,#4540));
#955=EDGE_LOOP('',(#4541,#4542,#4543,#4544));
#956=EDGE_LOOP('',(#4545,#4546,#4547,#4548));
#957=EDGE_LOOP('',(#4549,#4550,#4551,#4552));
#958=EDGE_LOOP('',(#4553,#4554,#4555,#4556));
#959=EDGE_LOOP('',(#4557,#4558,#4559,#4560));
#960=EDGE_LOOP('',(#4561,#4562,#4563,#4564));
#961=EDGE_LOOP('',(#4565,#4566,#4567,#4568));
#962=EDGE_LOOP('',(#4569,#4570,#4571,#4572));
#963=EDGE_LOOP('',(#4573,#4574,#4575,#4576));
#964=EDGE_LOOP('',(#4577,#4578,#4579,#4580));
#965=EDGE_LOOP('',(#4581,#4582,#4583,#4584));
#966=EDGE_LOOP('',(#4585,#4586,#4587,#4588));
#967=EDGE_LOOP('',(#4589,#4590,#4591,#4592));
#968=EDGE_LOOP('',(#4593,#4594,#4595,#4596));
#969=EDGE_LOOP('',(#4597,#4598,#4599,#4600));
#970=EDGE_LOOP('',(#4601,#4602,#4603,#4604));
#971=EDGE_LOOP('',(#4605,#4606,#4607,#4608));
#972=EDGE_LOOP('',(#4609,#4610,#4611,#4612));
#973=EDGE_LOOP('',(#4613,#4614,#4615,#4616));
#974=EDGE_LOOP('',(#4617,#4618,#4619,#4620));
#975=EDGE_LOOP('',(#4621,#4622,#4623,#4624));
#976=EDGE_LOOP('',(#4625,#4626,#4627,#4628));
#977=EDGE_LOOP('',(#4629,#4630,#4631,#4632));
#978=EDGE_LOOP('',(#4633,#4634,#4635,#4636));
#979=EDGE_LOOP('',(#4637,#4638,#4639,#4640));
#980=EDGE_LOOP('',(#4641,#4642,#4643,#4644));
#981=EDGE_LOOP('',(#4645,#4646,#4647,#4648));
#982=EDGE_LOOP('',(#4649,#4650,#4651,#4652));
#983=EDGE_LOOP('',(#4653,#4654,#4655,#4656));
#984=EDGE_LOOP('',(#4657,#4658,#4659,#4660));
#985=EDGE_LOOP('',(#4661,#4662,#4663,#4664));
#986=EDGE_LOOP('',(#4665,#4666,#4667,#4668));
#987=EDGE_LOOP('',(#4669,#4670,#4671,#4672));
#988=EDGE_LOOP('',(#4673,#4674,#4675,#4676));
#989=EDGE_LOOP('',(#4677,#4678,#4679,#4680));
#990=EDGE_LOOP('',(#4681,#4682,#4683,#4684));
#991=EDGE_LOOP('',(#4685,#4686,#4687,#4688));
#992=EDGE_LOOP('',(#4689,#4690,#4691,#4692));
#993=EDGE_LOOP('',(#4693,#4694,#4695,#4696));
#994=EDGE_LOOP('',(#4697,#4698,#4699,#4700));
#995=EDGE_LOOP('',(#4701,#4702,#4703,#4704));
#996=EDGE_LOOP('',(#4705,#4706,#4707,#4708));
#997=EDGE_LOOP('',(#4709,#4710,#4711,#4712));
#998=EDGE_LOOP('',(#4713,#4714,#4715,#4716));
#999=EDGE_LOOP('',(#4717,#4718,#4719,#4720));
#1000=EDGE_LOOP('',(#4721,#4722,#4723,#4724));
#1001=EDGE_LOOP('',(#4725,#4726,#4727,#4728));
#1002=EDGE_LOOP('',(#4729,#4730,#4731,#4732));
#1003=EDGE_LOOP('',(#4733,#4734,#4735,#4736));
#1004=EDGE_LOOP('',(#4737,#4738,#4739,#4740));
#1005=EDGE_LOOP('',(#4741,#4742,#4743,#4744));
#1006=EDGE_LOOP('',(#4745,#4746,#4747,#4748));
#1007=EDGE_LOOP('',(#4749,#4750,#4751,#4752));
#1008=EDGE_LOOP('',(#4753,#4754,#4755,#4756));
#1009=EDGE_LOOP('',(#4757,#4758,#4759,#4760));
#1010=EDGE_LOOP('',(#4761,#4762,#4763,#4764));
#1011=EDGE_LOOP('',(#4765,#4766,#4767,#4768));
#1012=EDGE_LOOP('',(#4769,#4770,#4771,#4772));
#1013=EDGE_LOOP('',(#4773,#4774,#4775,#4776));
#1014=EDGE_LOOP('',(#4777,#4778,#4779,#4780));
#1015=EDGE_LOOP('',(#4781,#4782,#4783,#4784));
#1016=EDGE_LOOP('',(#4785,#4786,#4787,#4788));
#1017=EDGE_LOOP('',(#4789,#4790,#4791,#4792));
#1018=EDGE_LOOP('',(#4793,#4794,#4795,#4796));
#1019=EDGE_LOOP('',(#4797,#4798,#4799,#4800));
#1020=EDGE_LOOP('',(#4801,#4802,#4803,#4804));
#1021=EDGE_LOOP('',(#4805,#4806,#4807,#4808));
#1022=EDGE_LOOP('',(#4809,#4810,#4811,#4812));
#1023=EDGE_LOOP('',(#4813,#4814,#4815,#4816));
#1024=ELLIPSE('',#5351,0.353553355100926,0.25);
#1025=ELLIPSE('',#5352,0.254881913447894,0.25);
#1026=ELLIPSE('',#5430,0.280982854317916,0.25);
#1027=ELLIPSE('',#5433,0.272329719523311,0.25);
#1028=ELLIPSE('',#5462,0.353553390593286,0.25);
#1029=ELLIPSE('',#5463,0.353553390593268,0.25);
#1030=ELLIPSE('',#5465,0.353553390593274,0.25);
#1031=ELLIPSE('',#5467,0.353553390593287,0.25);
#1032=ELLIPSE('',#5479,0.35355343876091,0.25);
#1033=ELLIPSE('',#5480,0.353553294258137,0.25);
#1034=ELLIPSE('',#5482,0.353553258996761,0.25);
#1035=ELLIPSE('',#5484,0.353553570357563,0.25);
#1036=ELLIPSE('',#5503,0.353553390593273,0.25);
#1037=ELLIPSE('',#5504,0.353553390593262,0.25);
#1038=ELLIPSE('',#5506,0.353553390593249,0.25);
#1039=ELLIPSE('',#5508,0.353553390593274,0.25);
#1040=ELLIPSE('',#5513,0.353553390593286,0.25);
#1041=ELLIPSE('',#5514,0.353553390593286,0.25);
#1042=ELLIPSE('',#5516,0.353553390593293,0.25);
#1043=ELLIPSE('',#5518,0.353553390593255,0.25);
#1044=ELLIPSE('',#5523,0.353553390593274,0.25);
#1045=ELLIPSE('',#5524,0.353553390593267,0.25);
#1046=ELLIPSE('',#5526,0.353553390593274,0.25);
#1047=ELLIPSE('',#5528,0.353553390593286,0.25);
#1048=ELLIPSE('',#5540,0.353553272606065,0.25);
#1049=ELLIPSE('',#5541,0.35355350858058,0.25);
#1050=ELLIPSE('',#5543,0.353553508580605,0.25);
#1051=ELLIPSE('',#5545,0.35355327260606,0.25);
#1052=ELLIPSE('',#5550,0.353553390593274,0.25);
#1053=ELLIPSE('',#5551,0.353553390593292,0.25);
#1054=ELLIPSE('',#5553,0.353553390593274,0.25);
#1055=ELLIPSE('',#5555,0.353553390593274,0.25);
#1056=ELLIPSE('',#5560,0.353553390593286,0.25);
#1057=ELLIPSE('',#5561,0.353553390593261,0.25);
#1058=ELLIPSE('',#5563,0.353553390593261,0.25);
#1059=ELLIPSE('',#5565,0.353553390593261,0.25);
#1060=ELLIPSE('',#5570,0.353553390593249,0.25);
#1061=ELLIPSE('',#5571,0.353553390593261,0.25);
#1062=ELLIPSE('',#5573,0.353553390593249,0.25);
#1063=ELLIPSE('',#5575,0.353553390593273,0.25);
#1064=ELLIPSE('',#5580,0.353553390593286,0.25);
#1065=ELLIPSE('',#5581,0.353553390593286,0.25);
#1066=ELLIPSE('',#5583,0.353553390593286,0.25);
#1067=ELLIPSE('',#5585,0.353553390593268,0.25);
#1068=ELLIPSE('',#5597,0.353553390593287,0.25);
#1069=ELLIPSE('',#5598,0.353553390593298,0.25);
#1070=ELLIPSE('',#5600,0.353553390593274,0.25);
#1071=ELLIPSE('',#5602,0.353553390593261,0.25);
#1072=ELLIPSE('',#5607,0.353553390593286,0.25);
#1073=ELLIPSE('',#5608,0.353553390593274,0.25);
#1074=ELLIPSE('',#5610,0.353553390593274,0.25);
#1075=ELLIPSE('',#5612,0.353553390593249,0.25);
#1076=ELLIPSE('',#5617,0.353553390593293,0.25);
#1077=ELLIPSE('',#5618,0.353553390593274,0.25);
#1078=ELLIPSE('',#5620,0.35355339059328,0.25);
#1079=ELLIPSE('',#5622,0.353553390593274,0.25);
#1080=ELLIPSE('',#5627,0.353553390593255,0.25);
#1081=ELLIPSE('',#5628,0.353553390593255,0.25);
#1082=ELLIPSE('',#5630,0.353553390593255,0.25);
#1083=ELLIPSE('',#5632,0.353553390593293,0.25);
#1084=ELLIPSE('',#5637,0.353553390593255,0.25);
#1085=ELLIPSE('',#5638,0.353553390593261,0.25);
#1086=ELLIPSE('',#5640,0.353553390593261,0.25);
#1087=ELLIPSE('',#5642,0.35355339059328,0.25);
#1088=ELLIPSE('',#5647,0.353553390593268,0.25);
#1089=ELLIPSE('',#5648,0.353553390593274,0.25);
#1090=ELLIPSE('',#5650,0.353553390593267,0.25);
#1091=ELLIPSE('',#5652,0.353553390593255,0.25);
#1092=ELLIPSE('',#5657,0.353553390593286,0.25);
#1093=ELLIPSE('',#5658,0.353553390593274,0.25);
#1094=ELLIPSE('',#5660,0.353553390593286,0.25);
#1095=ELLIPSE('',#5662,0.353553390593274,0.25);
#1096=ELLIPSE('',#5667,0.35355339059328,0.25);
#1097=ELLIPSE('',#5668,0.353553390593274,0.25);
#1098=ELLIPSE('',#5670,0.353553390593268,0.25);
#1099=ELLIPSE('',#5672,0.353553390593274,0.25);
#1100=ELLIPSE('',#5677,0.353553390593268,0.25);
#1101=ELLIPSE('',#5678,0.353553390593274,0.25);
#1102=ELLIPSE('',#5680,0.353553390593274,0.25);
#1103=ELLIPSE('',#5682,0.353553390593286,0.25);
#1104=ELLIPSE('',#5707,0.353553570357541,0.25);
#1105=ELLIPSE('',#5708,0.353553258996758,0.25);
#1106=ELLIPSE('',#5710,0.353553294258174,0.25);
#1107=ELLIPSE('',#5712,0.35355343876091,0.25);
#1108=ELLIPSE('',#5720,0.353553390593286,0.25);
#1109=ELLIPSE('',#5721,0.353553390593286,0.25);
#1110=ELLIPSE('',#5723,0.353553390593286,0.25);
#1111=ELLIPSE('',#5725,0.353553390593273,0.25);
#1112=ELLIPSE('',#5729,0.353553390593274,0.25);
#1113=ELLIPSE('',#5730,0.353553390593274,0.25);
#1114=ELLIPSE('',#5732,0.353553390593274,0.25);
#1115=ELLIPSE('',#5734,0.353553390593274,0.25);
#1116=ELLIPSE('',#5738,0.353553390593268,0.25);
#1117=ELLIPSE('',#5739,0.353553390593274,0.25);
#1118=ELLIPSE('',#5741,0.353553390593274,0.25);
#1119=ELLIPSE('',#5743,0.353553390593274,0.25);
#1120=ELLIPSE('',#5749,0.353553272606079,0.25);
#1121=ELLIPSE('',#5750,0.353553508580609,0.25);
#1122=ELLIPSE('',#5752,0.353553508580593,0.25);
#1123=ELLIPSE('',#5754,0.353553272606065,0.25);
#1124=ELLIPSE('',#5758,0.353553390593268,0.25);
#1125=ELLIPSE('',#5759,0.353553390593274,0.25);
#1126=ELLIPSE('',#5761,0.353553390593274,0.25);
#1127=ELLIPSE('',#5763,0.353553390593262,0.25);
#1128=ELLIPSE('',#5767,0.353553390593286,0.25);
#1129=ELLIPSE('',#5768,0.353553390593286,0.25);
#1130=ELLIPSE('',#5770,0.353553390593286,0.25);
#1131=ELLIPSE('',#5772,0.353553390593286,0.25);
#1132=ELLIPSE('',#5776,0.353553390593286,0.25);
#1133=ELLIPSE('',#5777,0.353553390593274,0.25);
#1134=ELLIPSE('',#5779,0.353553390593274,0.25);
#1135=ELLIPSE('',#5781,0.353553390593274,0.25);
#1136=ELLIPSE('',#5785,0.353553390593268,0.25);
#1137=ELLIPSE('',#5786,0.353553390593274,0.25);
#1138=ELLIPSE('',#5788,0.353553390593261,0.25);
#1139=ELLIPSE('',#5790,0.353553390593286,0.25);
#1140=ELLIPSE('',#5796,0.353553390593274,0.25);
#1141=ELLIPSE('',#5797,0.353553390593274,0.25);
#1142=ELLIPSE('',#5799,0.353553390593274,0.25);
#1143=ELLIPSE('',#5801,0.353553390593274,0.25);
#1144=ELLIPSE('',#5805,0.353553390593286,0.25);
#1145=ELLIPSE('',#5806,0.353553390593286,0.25);
#1146=ELLIPSE('',#5808,0.353553390593274,0.25);
#1147=ELLIPSE('',#5810,0.353553390593286,0.25);
#1148=ELLIPSE('',#5814,0.353553390593274,0.25);
#1149=ELLIPSE('',#5815,0.353553390593274,0.25);
#1150=ELLIPSE('',#5817,0.353553390593274,0.25);
#1151=ELLIPSE('',#5819,0.353553390593286,0.25);
#1152=ELLIPSE('',#5823,0.353553390593274,0.25);
#1153=ELLIPSE('',#5824,0.353553390593274,0.25);
#1154=ELLIPSE('',#5826,0.353553390593274,0.25);
#1155=ELLIPSE('',#5828,0.353553390593274,0.25);
#1156=ELLIPSE('',#5832,0.353553390593274,0.25);
#1157=ELLIPSE('',#5833,0.353553390593274,0.25);
#1158=ELLIPSE('',#5835,0.353553390593274,0.25);
#1159=ELLIPSE('',#5837,0.353553390593274,0.25);
#1160=ELLIPSE('',#5841,0.353553390593286,0.25);
#1161=ELLIPSE('',#5842,0.35355339059328,0.25);
#1162=ELLIPSE('',#5844,0.353553390593274,0.25);
#1163=ELLIPSE('',#5846,0.353553390593274,0.25);
#1164=ELLIPSE('',#5850,0.353553390593274,0.25);
#1165=ELLIPSE('',#5851,0.353553390593274,0.25);
#1166=ELLIPSE('',#5853,0.353553390593261,0.25);
#1167=ELLIPSE('',#5855,0.353553390593286,0.25);
#1168=ELLIPSE('',#5859,0.353553390593274,0.25);
#1169=ELLIPSE('',#5860,0.353553390593274,0.25);
#1170=ELLIPSE('',#5862,0.353553390593274,0.25);
#1171=ELLIPSE('',#5864,0.353553390593286,0.25);
#1172=ELLIPSE('',#5868,0.254881913447885,0.25);
#1173=ELLIPSE('',#5869,0.35355335510095,0.25);
#1174=ELLIPSE('',#5871,0.272329719523322,0.25);
#1175=ELLIPSE('',#5874,0.280982854317919,0.25);
#1176=LINE('',#7670,#1639);
#1177=LINE('',#7674,#1640);
#1178=LINE('',#7708,#1641);
#1179=LINE('',#7711,#1642);
#1180=LINE('',#7722,#1643);
#1181=LINE('',#7723,#1644);
#1182=LINE('',#7734,#1645);
#1183=LINE('',#7735,#1646);
#1184=LINE('',#7746,#1647);
#1185=LINE('',#7747,#1648);
#1186=LINE('',#7764,#1649);
#1187=LINE('',#7765,#1650);
#1188=LINE('',#7776,#1651);
#1189=LINE('',#7777,#1652);
#1190=LINE('',#7788,#1653);
#1191=LINE('',#7789,#1654);
#1192=LINE('',#7800,#1655);
#1193=LINE('',#7801,#1656);
#1194=LINE('',#7812,#1657);
#1195=LINE('',#7813,#1658);
#1196=LINE('',#7824,#1659);
#1197=LINE('',#7825,#1660);
#1198=LINE('',#7836,#1661);
#1199=LINE('',#7837,#1662);
#1200=LINE('',#7848,#1663);
#1201=LINE('',#7849,#1664);
#1202=LINE('',#7858,#1665);
#1203=LINE('',#7860,#1666);
#1204=LINE('',#7863,#1667);
#1205=LINE('',#7864,#1668);
#1206=LINE('',#7867,#1669);
#1207=LINE('',#7869,#1670);
#1208=LINE('',#7872,#1671);
#1209=LINE('',#7873,#1672);
#1210=LINE('',#7876,#1673);
#1211=LINE('',#7879,#1674);
#1212=LINE('',#7882,#1675);
#1213=LINE('',#7883,#1676);
#1214=LINE('',#7886,#1677);
#1215=LINE('',#7890,#1678);
#1216=LINE('',#7891,#1679);
#1217=LINE('',#7894,#1680);
#1218=LINE('',#7898,#1681);
#1219=LINE('',#7899,#1682);
#1220=LINE('',#7902,#1683);
#1221=LINE('',#7906,#1684);
#1222=LINE('',#7907,#1685);
#1223=LINE('',#7910,#1686);
#1224=LINE('',#7914,#1687);
#1225=LINE('',#7915,#1688);
#1226=LINE('',#7918,#1689);
#1227=LINE('',#7919,#1690);
#1228=LINE('',#7922,#1691);
#1229=LINE('',#7923,#1692);
#1230=LINE('',#7926,#1693);
#1231=LINE('',#7927,#1694);
#1232=LINE('',#7930,#1695);
#1233=LINE('',#7931,#1696);
#1234=LINE('',#7934,#1697);
#1235=LINE('',#7935,#1698);
#1236=LINE('',#7939,#1699);
#1237=LINE('',#7941,#1700);
#1238=LINE('',#7943,#1701);
#1239=LINE('',#7944,#1702);
#1240=LINE('',#7947,#1703);
#1241=LINE('',#7949,#1704);
#1242=LINE('',#7951,#1705);
#1243=LINE('',#7952,#1706);
#1244=LINE('',#7957,#1707);
#1245=LINE('',#7959,#1708);
#1246=LINE('',#7961,#1709);
#1247=LINE('',#7962,#1710);
#1248=LINE('',#7967,#1711);
#1249=LINE('',#7969,#1712);
#1250=LINE('',#7971,#1713);
#1251=LINE('',#7972,#1714);
#1252=LINE('',#7975,#1715);
#1253=LINE('',#7977,#1716);
#1254=LINE('',#7979,#1717);
#1255=LINE('',#7980,#1718);
#1256=LINE('',#7985,#1719);
#1257=LINE('',#7987,#1720);
#1258=LINE('',#7989,#1721);
#1259=LINE('',#7990,#1722);
#1260=LINE('',#7993,#1723);
#1261=LINE('',#7995,#1724);
#1262=LINE('',#7997,#1725);
#1263=LINE('',#7998,#1726);
#1264=LINE('',#8001,#1727);
#1265=LINE('',#8003,#1728);
#1266=LINE('',#8005,#1729);
#1267=LINE('',#8006,#1730);
#1268=LINE('',#8009,#1731);
#1269=LINE('',#8011,#1732);
#1270=LINE('',#8013,#1733);
#1271=LINE('',#8014,#1734);
#1272=LINE('',#8017,#1735);
#1273=LINE('',#8019,#1736);
#1274=LINE('',#8021,#1737);
#1275=LINE('',#8022,#1738);
#1276=LINE('',#8025,#1739);
#1277=LINE('',#8027,#1740);
#1278=LINE('',#8029,#1741);
#1279=LINE('',#8030,#1742);
#1280=LINE('',#8033,#1743);
#1281=LINE('',#8035,#1744);
#1282=LINE('',#8037,#1745);
#1283=LINE('',#8038,#1746);
#1284=LINE('',#8041,#1747);
#1285=LINE('',#8043,#1748);
#1286=LINE('',#8045,#1749);
#1287=LINE('',#8046,#1750);
#1288=LINE('',#8049,#1751);
#1289=LINE('',#8051,#1752);
#1290=LINE('',#8053,#1753);
#1291=LINE('',#8054,#1754);
#1292=LINE('',#8057,#1755);
#1293=LINE('',#8059,#1756);
#1294=LINE('',#8061,#1757);
#1295=LINE('',#8062,#1758);
#1296=LINE('',#8065,#1759);
#1297=LINE('',#8067,#1760);
#1298=LINE('',#8069,#1761);
#1299=LINE('',#8070,#1762);
#1300=LINE('',#8073,#1763);
#1301=LINE('',#8075,#1764);
#1302=LINE('',#8077,#1765);
#1303=LINE('',#8078,#1766);
#1304=LINE('',#8081,#1767);
#1305=LINE('',#8083,#1768);
#1306=LINE('',#8085,#1769);
#1307=LINE('',#8086,#1770);
#1308=LINE('',#8094,#1771);
#1309=LINE('',#8099,#1772);
#1310=LINE('',#8103,#1773);
#1311=LINE('',#8106,#1774);
#1312=LINE('',#8109,#1775);
#1313=LINE('',#8111,#1776);
#1314=LINE('',#8112,#1777);
#1315=LINE('',#8115,#1778);
#1316=LINE('',#8116,#1779);
#1317=LINE('',#8127,#1780);
#1318=LINE('',#8132,#1781);
#1319=LINE('',#8137,#1782);
#1320=LINE('',#8141,#1783);
#1321=LINE('',#8144,#1784);
#1322=LINE('',#8147,#1785);
#1323=LINE('',#8149,#1786);
#1324=LINE('',#8150,#1787);
#1325=LINE('',#8153,#1788);
#1326=LINE('',#8154,#1789);
#1327=LINE('',#8165,#1790);
#1328=LINE('',#8177,#1791);
#1329=LINE('',#8182,#1792);
#1330=LINE('',#8187,#1793);
#1331=LINE('',#8191,#1794);
#1332=LINE('',#8194,#1795);
#1333=LINE('',#8197,#1796);
#1334=LINE('',#8199,#1797);
#1335=LINE('',#8200,#1798);
#1336=LINE('',#8203,#1799);
#1337=LINE('',#8204,#1800);
#1338=LINE('',#8208,#1801);
#1339=LINE('',#8213,#1802);
#1340=LINE('',#8217,#1803);
#1341=LINE('',#8220,#1804);
#1342=LINE('',#8223,#1805);
#1343=LINE('',#8225,#1806);
#1344=LINE('',#8226,#1807);
#1345=LINE('',#8229,#1808);
#1346=LINE('',#8230,#1809);
#1347=LINE('',#8234,#1810);
#1348=LINE('',#8239,#1811);
#1349=LINE('',#8243,#1812);
#1350=LINE('',#8246,#1813);
#1351=LINE('',#8249,#1814);
#1352=LINE('',#8251,#1815);
#1353=LINE('',#8252,#1816);
#1354=LINE('',#8255,#1817);
#1355=LINE('',#8256,#1818);
#1356=LINE('',#8267,#1819);
#1357=LINE('',#8272,#1820);
#1358=LINE('',#8277,#1821);
#1359=LINE('',#8281,#1822);
#1360=LINE('',#8284,#1823);
#1361=LINE('',#8287,#1824);
#1362=LINE('',#8289,#1825);
#1363=LINE('',#8290,#1826);
#1364=LINE('',#8293,#1827);
#1365=LINE('',#8294,#1828);
#1366=LINE('',#8298,#1829);
#1367=LINE('',#8303,#1830);
#1368=LINE('',#8307,#1831);
#1369=LINE('',#8310,#1832);
#1370=LINE('',#8313,#1833);
#1371=LINE('',#8315,#1834);
#1372=LINE('',#8316,#1835);
#1373=LINE('',#8319,#1836);
#1374=LINE('',#8320,#1837);
#1375=LINE('',#8324,#1838);
#1376=LINE('',#8329,#1839);
#1377=LINE('',#8333,#1840);
#1378=LINE('',#8336,#1841);
#1379=LINE('',#8339,#1842);
#1380=LINE('',#8341,#1843);
#1381=LINE('',#8342,#1844);
#1382=LINE('',#8345,#1845);
#1383=LINE('',#8346,#1846);
#1384=LINE('',#8350,#1847);
#1385=LINE('',#8355,#1848);
#1386=LINE('',#8359,#1849);
#1387=LINE('',#8362,#1850);
#1388=LINE('',#8365,#1851);
#1389=LINE('',#8367,#1852);
#1390=LINE('',#8368,#1853);
#1391=LINE('',#8371,#1854);
#1392=LINE('',#8372,#1855);
#1393=LINE('',#8376,#1856);
#1394=LINE('',#8381,#1857);
#1395=LINE('',#8385,#1858);
#1396=LINE('',#8388,#1859);
#1397=LINE('',#8391,#1860);
#1398=LINE('',#8393,#1861);
#1399=LINE('',#8394,#1862);
#1400=LINE('',#8397,#1863);
#1401=LINE('',#8398,#1864);
#1402=LINE('',#8409,#1865);
#1403=LINE('',#8414,#1866);
#1404=LINE('',#8419,#1867);
#1405=LINE('',#8423,#1868);
#1406=LINE('',#8426,#1869);
#1407=LINE('',#8429,#1870);
#1408=LINE('',#8431,#1871);
#1409=LINE('',#8432,#1872);
#1410=LINE('',#8435,#1873);
#1411=LINE('',#8436,#1874);
#1412=LINE('',#8440,#1875);
#1413=LINE('',#8445,#1876);
#1414=LINE('',#8449,#1877);
#1415=LINE('',#8452,#1878);
#1416=LINE('',#8455,#1879);
#1417=LINE('',#8457,#1880);
#1418=LINE('',#8458,#1881);
#1419=LINE('',#8461,#1882);
#1420=LINE('',#8462,#1883);
#1421=LINE('',#8466,#1884);
#1422=LINE('',#8471,#1885);
#1423=LINE('',#8475,#1886);
#1424=LINE('',#8478,#1887);
#1425=LINE('',#8481,#1888);
#1426=LINE('',#8483,#1889);
#1427=LINE('',#8484,#1890);
#1428=LINE('',#8487,#1891);
#1429=LINE('',#8488,#1892);
#1430=LINE('',#8492,#1893);
#1431=LINE('',#8497,#1894);
#1432=LINE('',#8501,#1895);
#1433=LINE('',#8504,#1896);
#1434=LINE('',#8507,#1897);
#1435=LINE('',#8509,#1898);
#1436=LINE('',#8510,#1899);
#1437=LINE('',#8513,#1900);
#1438=LINE('',#8514,#1901);
#1439=LINE('',#8518,#1902);
#1440=LINE('',#8523,#1903);
#1441=LINE('',#8527,#1904);
#1442=LINE('',#8530,#1905);
#1443=LINE('',#8533,#1906);
#1444=LINE('',#8535,#1907);
#1445=LINE('',#8536,#1908);
#1446=LINE('',#8539,#1909);
#1447=LINE('',#8540,#1910);
#1448=LINE('',#8544,#1911);
#1449=LINE('',#8549,#1912);
#1450=LINE('',#8553,#1913);
#1451=LINE('',#8556,#1914);
#1452=LINE('',#8559,#1915);
#1453=LINE('',#8561,#1916);
#1454=LINE('',#8562,#1917);
#1455=LINE('',#8565,#1918);
#1456=LINE('',#8566,#1919);
#1457=LINE('',#8570,#1920);
#1458=LINE('',#8575,#1921);
#1459=LINE('',#8579,#1922);
#1460=LINE('',#8582,#1923);
#1461=LINE('',#8585,#1924);
#1462=LINE('',#8587,#1925);
#1463=LINE('',#8588,#1926);
#1464=LINE('',#8591,#1927);
#1465=LINE('',#8592,#1928);
#1466=LINE('',#8596,#1929);
#1467=LINE('',#8601,#1930);
#1468=LINE('',#8605,#1931);
#1469=LINE('',#8608,#1932);
#1470=LINE('',#8611,#1933);
#1471=LINE('',#8613,#1934);
#1472=LINE('',#8614,#1935);
#1473=LINE('',#8617,#1936);
#1474=LINE('',#8618,#1937);
#1475=LINE('',#8622,#1938);
#1476=LINE('',#8625,#1939);
#1477=LINE('',#8629,#1940);
#1478=LINE('',#8631,#1941);
#1479=LINE('',#8634,#1942);
#1480=LINE('',#8637,#1943);
#1481=LINE('',#8639,#1944);
#1482=LINE('',#8643,#1945);
#1483=LINE('',#8645,#1946);
#1484=LINE('',#8647,#1947);
#1485=LINE('',#8651,#1948);
#1486=LINE('',#8655,#1949);
#1487=LINE('',#8659,#1950);
#1488=LINE('',#8665,#1951);
#1489=LINE('',#8669,#1952);
#1490=LINE('',#8673,#1953);
#1491=LINE('',#8677,#1954);
#1492=LINE('',#8681,#1955);
#1493=LINE('',#8685,#1956);
#1494=LINE('',#8689,#1957);
#1495=LINE('',#8693,#1958);
#1496=LINE('',#8697,#1959);
#1497=LINE('',#8699,#1960);
#1498=LINE('',#8700,#1961);
#1499=LINE('',#8707,#1962);
#1500=LINE('',#8709,#1963);
#1501=LINE('',#8711,#1964);
#1502=LINE('',#8712,#1965);
#1503=LINE('',#8715,#1966);
#1504=LINE('',#8717,#1967);
#1505=LINE('',#8719,#1968);
#1506=LINE('',#8720,#1969);
#1507=LINE('',#8723,#1970);
#1508=LINE('',#8725,#1971);
#1509=LINE('',#8727,#1972);
#1510=LINE('',#8728,#1973);
#1511=LINE('',#8731,#1974);
#1512=LINE('',#8733,#1975);
#1513=LINE('',#8735,#1976);
#1514=LINE('',#8736,#1977);
#1515=LINE('',#8739,#1978);
#1516=LINE('',#8741,#1979);
#1517=LINE('',#8743,#1980);
#1518=LINE('',#8744,#1981);
#1519=LINE('',#8747,#1982);
#1520=LINE('',#8749,#1983);
#1521=LINE('',#8751,#1984);
#1522=LINE('',#8752,#1985);
#1523=LINE('',#8755,#1986);
#1524=LINE('',#8757,#1987);
#1525=LINE('',#8759,#1988);
#1526=LINE('',#8760,#1989);
#1527=LINE('',#8763,#1990);
#1528=LINE('',#8765,#1991);
#1529=LINE('',#8767,#1992);
#1530=LINE('',#8768,#1993);
#1531=LINE('',#8771,#1994);
#1532=LINE('',#8773,#1995);
#1533=LINE('',#8775,#1996);
#1534=LINE('',#8776,#1997);
#1535=LINE('',#8779,#1998);
#1536=LINE('',#8781,#1999);
#1537=LINE('',#8783,#2000);
#1538=LINE('',#8784,#2001);
#1539=LINE('',#8787,#2002);
#1540=LINE('',#8789,#2003);
#1541=LINE('',#8791,#2004);
#1542=LINE('',#8792,#2005);
#1543=LINE('',#8795,#2006);
#1544=LINE('',#8797,#2007);
#1545=LINE('',#8799,#2008);
#1546=LINE('',#8800,#2009);
#1547=LINE('',#8803,#2010);
#1548=LINE('',#8805,#2011);
#1549=LINE('',#8807,#2012);
#1550=LINE('',#8808,#2013);
#1551=LINE('',#8813,#2014);
#1552=LINE('',#8815,#2015);
#1553=LINE('',#8817,#2016);
#1554=LINE('',#8818,#2017);
#1555=LINE('',#8821,#2018);
#1556=LINE('',#8823,#2019);
#1557=LINE('',#8825,#2020);
#1558=LINE('',#8826,#2021);
#1559=LINE('',#8831,#2022);
#1560=LINE('',#8833,#2023);
#1561=LINE('',#8835,#2024);
#1562=LINE('',#8836,#2025);
#1563=LINE('',#8841,#2026);
#1564=LINE('',#8843,#2027);
#1565=LINE('',#8845,#2028);
#1566=LINE('',#8846,#2029);
#1567=LINE('',#8852,#2030);
#1568=LINE('',#8856,#2031);
#1569=LINE('',#8861,#2032);
#1570=LINE('',#8869,#2033);
#1571=LINE('',#8873,#2034);
#1572=LINE('',#8878,#2035);
#1573=LINE('',#8882,#2036);
#1574=LINE('',#8886,#2037);
#1575=LINE('',#8891,#2038);
#1576=LINE('',#8895,#2039);
#1577=LINE('',#8899,#2040);
#1578=LINE('',#8904,#2041);
#1579=LINE('',#8910,#2042);
#1580=LINE('',#8914,#2043);
#1581=LINE('',#8919,#2044);
#1582=LINE('',#8923,#2045);
#1583=LINE('',#8927,#2046);
#1584=LINE('',#8932,#2047);
#1585=LINE('',#8936,#2048);
#1586=LINE('',#8940,#2049);
#1587=LINE('',#8945,#2050);
#1588=LINE('',#8949,#2051);
#1589=LINE('',#8953,#2052);
#1590=LINE('',#8958,#2053);
#1591=LINE('',#8962,#2054);
#1592=LINE('',#8966,#2055);
#1593=LINE('',#8971,#2056);
#1594=LINE('',#8977,#2057);
#1595=LINE('',#8981,#2058);
#1596=LINE('',#8986,#2059);
#1597=LINE('',#8990,#2060);
#1598=LINE('',#8994,#2061);
#1599=LINE('',#8999,#2062);
#1600=LINE('',#9003,#2063);
#1601=LINE('',#9007,#2064);
#1602=LINE('',#9012,#2065);
#1603=LINE('',#9016,#2066);
#1604=LINE('',#9020,#2067);
#1605=LINE('',#9025,#2068);
#1606=LINE('',#9029,#2069);
#1607=LINE('',#9033,#2070);
#1608=LINE('',#9038,#2071);
#1609=LINE('',#9042,#2072);
#1610=LINE('',#9046,#2073);
#1611=LINE('',#9051,#2074);
#1612=LINE('',#9055,#2075);
#1613=LINE('',#9059,#2076);
#1614=LINE('',#9064,#2077);
#1615=LINE('',#9068,#2078);
#1616=LINE('',#9072,#2079);
#1617=LINE('',#9077,#2080);
#1618=LINE('',#9137,#2081);
#1619=LINE('',#9145,#2082);
#1620=LINE('',#9153,#2083);
#1621=LINE('',#9161,#2084);
#1622=LINE('',#9173,#2085);
#1623=LINE('',#9181,#2086);
#1624=LINE('',#9189,#2087);
#1625=LINE('',#9195,#2088);
#1626=LINE('',#9196,#2089);
#1627=LINE('',#9198,#2090);
#1628=LINE('',#9200,#2091);
#1629=LINE('',#9202,#2092);
#1630=LINE('',#9204,#2093);
#1631=LINE('',#9206,#2094);
#1632=LINE('',#9208,#2095);
#1633=LINE('',#9210,#2096);
#1634=LINE('',#9212,#2097);
#1635=LINE('',#9214,#2098);
#1636=LINE('',#9216,#2099);
#1637=LINE('',#9219,#2100);
#1638=LINE('',#9220,#2101);
#1639=VECTOR('',#5971,10.);
#1640=VECTOR('',#5974,10.);
#1641=VECTOR('',#5979,10.);
#1642=VECTOR('',#5982,10.);
#1643=VECTOR('',#5995,10.);
#1644=VECTOR('',#5996,10.);
#1645=VECTOR('',#6009,10.);
#1646=VECTOR('',#6010,10.);
#1647=VECTOR('',#6023,10.);
#1648=VECTOR('',#6024,10.);
#1649=VECTOR('',#6045,10.);
#1650=VECTOR('',#6046,10.);
#1651=VECTOR('',#6059,10.);
#1652=VECTOR('',#6060,10.);
#1653=VECTOR('',#6073,10.);
#1654=VECTOR('',#6074,10.);
#1655=VECTOR('',#6087,10.);
#1656=VECTOR('',#6088,10.);
#1657=VECTOR('',#6101,10.);
#1658=VECTOR('',#6102,10.);
#1659=VECTOR('',#6115,10.);
#1660=VECTOR('',#6116,10.);
#1661=VECTOR('',#6129,10.);
#1662=VECTOR('',#6130,10.);
#1663=VECTOR('',#6143,10.);
#1664=VECTOR('',#6144,10.);
#1665=VECTOR('',#6155,10.);
#1666=VECTOR('',#6156,10.);
#1667=VECTOR('',#6161,10.);
#1668=VECTOR('',#6162,10.);
#1669=VECTOR('',#6165,10.);
#1670=VECTOR('',#6166,10.);
#1671=VECTOR('',#6171,10.);
#1672=VECTOR('',#6172,10.);
#1673=VECTOR('',#6175,10.);
#1674=VECTOR('',#6178,10.);
#1675=VECTOR('',#6181,10.);
#1676=VECTOR('',#6182,10.);
#1677=VECTOR('',#6185,10.);
#1678=VECTOR('',#6190,10.);
#1679=VECTOR('',#6191,10.);
#1680=VECTOR('',#6194,10.);
#1681=VECTOR('',#6199,10.);
#1682=VECTOR('',#6200,10.);
#1683=VECTOR('',#6203,10.);
#1684=VECTOR('',#6208,10.);
#1685=VECTOR('',#6209,10.);
#1686=VECTOR('',#6212,10.);
#1687=VECTOR('',#6217,10.);
#1688=VECTOR('',#6218,10.);
#1689=VECTOR('',#6221,10.);
#1690=VECTOR('',#6222,10.);
#1691=VECTOR('',#6225,10.);
#1692=VECTOR('',#6226,10.);
#1693=VECTOR('',#6229,10.);
#1694=VECTOR('',#6230,10.);
#1695=VECTOR('',#6233,10.);
#1696=VECTOR('',#6234,10.);
#1697=VECTOR('',#6237,10.);
#1698=VECTOR('',#6238,10.);
#1699=VECTOR('',#6241,10.);
#1700=VECTOR('',#6242,10.);
#1701=VECTOR('',#6243,10.);
#1702=VECTOR('',#6244,10.);
#1703=VECTOR('',#6245,10.);
#1704=VECTOR('',#6246,10.);
#1705=VECTOR('',#6247,10.);
#1706=VECTOR('',#6248,10.);
#1707=VECTOR('',#6251,10.);
#1708=VECTOR('',#6252,10.);
#1709=VECTOR('',#6253,10.);
#1710=VECTOR('',#6254,10.);
#1711=VECTOR('',#6257,10.);
#1712=VECTOR('',#6258,10.);
#1713=VECTOR('',#6259,10.);
#1714=VECTOR('',#6260,10.);
#1715=VECTOR('',#6261,10.);
#1716=VECTOR('',#6262,10.);
#1717=VECTOR('',#6263,10.);
#1718=VECTOR('',#6264,10.);
#1719=VECTOR('',#6267,10.);
#1720=VECTOR('',#6268,10.);
#1721=VECTOR('',#6269,10.);
#1722=VECTOR('',#6270,10.);
#1723=VECTOR('',#6271,10.);
#1724=VECTOR('',#6272,10.);
#1725=VECTOR('',#6273,10.);
#1726=VECTOR('',#6274,10.);
#1727=VECTOR('',#6275,10.);
#1728=VECTOR('',#6276,10.);
#1729=VECTOR('',#6277,10.);
#1730=VECTOR('',#6278,10.);
#1731=VECTOR('',#6279,10.);
#1732=VECTOR('',#6280,10.);
#1733=VECTOR('',#6281,10.);
#1734=VECTOR('',#6282,10.);
#1735=VECTOR('',#6283,10.);
#1736=VECTOR('',#6284,10.);
#1737=VECTOR('',#6285,10.);
#1738=VECTOR('',#6286,10.);
#1739=VECTOR('',#6287,10.);
#1740=VECTOR('',#6288,10.);
#1741=VECTOR('',#6289,10.);
#1742=VECTOR('',#6290,10.);
#1743=VECTOR('',#6291,10.);
#1744=VECTOR('',#6292,10.);
#1745=VECTOR('',#6293,10.);
#1746=VECTOR('',#6294,10.);
#1747=VECTOR('',#6295,10.);
#1748=VECTOR('',#6296,10.);
#1749=VECTOR('',#6297,10.);
#1750=VECTOR('',#6298,10.);
#1751=VECTOR('',#6299,10.);
#1752=VECTOR('',#6300,10.);
#1753=VECTOR('',#6301,10.);
#1754=VECTOR('',#6302,10.);
#1755=VECTOR('',#6303,10.);
#1756=VECTOR('',#6304,10.);
#1757=VECTOR('',#6305,10.);
#1758=VECTOR('',#6306,10.);
#1759=VECTOR('',#6307,10.);
#1760=VECTOR('',#6308,10.);
#1761=VECTOR('',#6309,10.);
#1762=VECTOR('',#6310,10.);
#1763=VECTOR('',#6311,10.);
#1764=VECTOR('',#6312,10.);
#1765=VECTOR('',#6313,10.);
#1766=VECTOR('',#6314,10.);
#1767=VECTOR('',#6315,10.);
#1768=VECTOR('',#6316,10.);
#1769=VECTOR('',#6317,10.);
#1770=VECTOR('',#6318,10.);
#1771=VECTOR('',#6325,10.);
#1772=VECTOR('',#6332,10.);
#1773=VECTOR('',#6337,10.);
#1774=VECTOR('',#6342,10.);
#1775=VECTOR('',#6345,10.);
#1776=VECTOR('',#6346,10.);
#1777=VECTOR('',#6347,10.);
#1778=VECTOR('',#6350,10.);
#1779=VECTOR('',#6351,10.);
#1780=VECTOR('',#6364,1.09999999999999);
#1781=VECTOR('',#6369,10.);
#1782=VECTOR('',#6376,10.);
#1783=VECTOR('',#6381,10.);
#1784=VECTOR('',#6386,10.);
#1785=VECTOR('',#6389,10.);
#1786=VECTOR('',#6390,10.);
#1787=VECTOR('',#6391,10.);
#1788=VECTOR('',#6394,10.);
#1789=VECTOR('',#6395,10.);
#1790=VECTOR('',#6408,1.09999999999999);
#1791=VECTOR('',#6423,1.10000000000001);
#1792=VECTOR('',#6428,10.);
#1793=VECTOR('',#6435,10.);
#1794=VECTOR('',#6440,10.);
#1795=VECTOR('',#6445,10.);
#1796=VECTOR('',#6448,10.);
#1797=VECTOR('',#6449,10.);
#1798=VECTOR('',#6450,10.);
#1799=VECTOR('',#6453,10.);
#1800=VECTOR('',#6454,10.);
#1801=VECTOR('',#6457,10.);
#1802=VECTOR('',#6464,10.);
#1803=VECTOR('',#6469,10.);
#1804=VECTOR('',#6474,10.);
#1805=VECTOR('',#6477,10.);
#1806=VECTOR('',#6478,10.);
#1807=VECTOR('',#6479,10.);
#1808=VECTOR('',#6482,10.);
#1809=VECTOR('',#6483,10.);
#1810=VECTOR('',#6486,10.);
#1811=VECTOR('',#6493,10.);
#1812=VECTOR('',#6498,10.);
#1813=VECTOR('',#6503,10.);
#1814=VECTOR('',#6506,10.);
#1815=VECTOR('',#6507,10.);
#1816=VECTOR('',#6508,10.);
#1817=VECTOR('',#6511,10.);
#1818=VECTOR('',#6512,10.);
#1819=VECTOR('',#6525,1.09999999999999);
#1820=VECTOR('',#6530,10.);
#1821=VECTOR('',#6537,10.);
#1822=VECTOR('',#6542,10.);
#1823=VECTOR('',#6547,10.);
#1824=VECTOR('',#6550,10.);
#1825=VECTOR('',#6551,10.);
#1826=VECTOR('',#6552,10.);
#1827=VECTOR('',#6555,10.);
#1828=VECTOR('',#6556,10.);
#1829=VECTOR('',#6559,10.);
#1830=VECTOR('',#6566,10.);
#1831=VECTOR('',#6571,10.);
#1832=VECTOR('',#6576,10.);
#1833=VECTOR('',#6579,10.);
#1834=VECTOR('',#6580,10.);
#1835=VECTOR('',#6581,10.);
#1836=VECTOR('',#6584,10.);
#1837=VECTOR('',#6585,10.);
#1838=VECTOR('',#6588,10.);
#1839=VECTOR('',#6595,10.);
#1840=VECTOR('',#6600,10.);
#1841=VECTOR('',#6605,10.);
#1842=VECTOR('',#6608,10.);
#1843=VECTOR('',#6609,10.);
#1844=VECTOR('',#6610,10.);
#1845=VECTOR('',#6613,10.);
#1846=VECTOR('',#6614,10.);
#1847=VECTOR('',#6617,10.);
#1848=VECTOR('',#6624,10.);
#1849=VECTOR('',#6629,10.);
#1850=VECTOR('',#6634,10.);
#1851=VECTOR('',#6637,10.);
#1852=VECTOR('',#6638,10.);
#1853=VECTOR('',#6639,10.);
#1854=VECTOR('',#6642,10.);
#1855=VECTOR('',#6643,10.);
#1856=VECTOR('',#6646,10.);
#1857=VECTOR('',#6653,10.);
#1858=VECTOR('',#6658,10.);
#1859=VECTOR('',#6663,10.);
#1860=VECTOR('',#6666,10.);
#1861=VECTOR('',#6667,10.);
#1862=VECTOR('',#6668,10.);
#1863=VECTOR('',#6671,10.);
#1864=VECTOR('',#6672,10.);
#1865=VECTOR('',#6685,1.09999999999999);
#1866=VECTOR('',#6690,10.);
#1867=VECTOR('',#6697,10.);
#1868=VECTOR('',#6702,10.);
#1869=VECTOR('',#6707,10.);
#1870=VECTOR('',#6710,10.);
#1871=VECTOR('',#6711,10.);
#1872=VECTOR('',#6712,10.);
#1873=VECTOR('',#6715,10.);
#1874=VECTOR('',#6716,10.);
#1875=VECTOR('',#6719,10.);
#1876=VECTOR('',#6726,10.);
#1877=VECTOR('',#6731,10.);
#1878=VECTOR('',#6736,10.);
#1879=VECTOR('',#6739,10.);
#1880=VECTOR('',#6740,10.);
#1881=VECTOR('',#6741,10.);
#1882=VECTOR('',#6744,10.);
#1883=VECTOR('',#6745,10.);
#1884=VECTOR('',#6748,10.);
#1885=VECTOR('',#6755,10.);
#1886=VECTOR('',#6760,10.);
#1887=VECTOR('',#6765,10.);
#1888=VECTOR('',#6768,10.);
#1889=VECTOR('',#6769,10.);
#1890=VECTOR('',#6770,10.);
#1891=VECTOR('',#6773,10.);
#1892=VECTOR('',#6774,10.);
#1893=VECTOR('',#6777,10.);
#1894=VECTOR('',#6784,10.);
#1895=VECTOR('',#6789,10.);
#1896=VECTOR('',#6794,10.);
#1897=VECTOR('',#6797,10.);
#1898=VECTOR('',#6798,10.);
#1899=VECTOR('',#6799,10.);
#1900=VECTOR('',#6802,10.);
#1901=VECTOR('',#6803,10.);
#1902=VECTOR('',#6806,10.);
#1903=VECTOR('',#6813,10.);
#1904=VECTOR('',#6818,10.);
#1905=VECTOR('',#6823,10.);
#1906=VECTOR('',#6826,10.);
#1907=VECTOR('',#6827,10.);
#1908=VECTOR('',#6828,10.);
#1909=VECTOR('',#6831,10.);
#1910=VECTOR('',#6832,10.);
#1911=VECTOR('',#6835,10.);
#1912=VECTOR('',#6842,10.);
#1913=VECTOR('',#6847,10.);
#1914=VECTOR('',#6852,10.);
#1915=VECTOR('',#6855,10.);
#1916=VECTOR('',#6856,10.);
#1917=VECTOR('',#6857,10.);
#1918=VECTOR('',#6860,10.);
#1919=VECTOR('',#6861,10.);
#1920=VECTOR('',#6864,10.);
#1921=VECTOR('',#6871,10.);
#1922=VECTOR('',#6876,10.);
#1923=VECTOR('',#6881,10.);
#1924=VECTOR('',#6884,10.);
#1925=VECTOR('',#6885,10.);
#1926=VECTOR('',#6886,10.);
#1927=VECTOR('',#6889,10.);
#1928=VECTOR('',#6890,10.);
#1929=VECTOR('',#6893,10.);
#1930=VECTOR('',#6900,10.);
#1931=VECTOR('',#6905,10.);
#1932=VECTOR('',#6910,10.);
#1933=VECTOR('',#6913,10.);
#1934=VECTOR('',#6914,10.);
#1935=VECTOR('',#6915,10.);
#1936=VECTOR('',#6918,10.);
#1937=VECTOR('',#6919,10.);
#1938=VECTOR('',#6922,10.);
#1939=VECTOR('',#6925,10.);
#1940=VECTOR('',#6930,10.);
#1941=VECTOR('',#6933,10.);
#1942=VECTOR('',#6936,10.);
#1943=VECTOR('',#6941,10.);
#1944=VECTOR('',#6944,10.);
#1945=VECTOR('',#6947,10.);
#1946=VECTOR('',#6948,10.);
#1947=VECTOR('',#6949,10.);
#1948=VECTOR('',#6952,10.);
#1949=VECTOR('',#6955,10.);
#1950=VECTOR('',#6958,10.);
#1951=VECTOR('',#6963,10.);
#1952=VECTOR('',#6966,10.);
#1953=VECTOR('',#6969,10.);
#1954=VECTOR('',#6972,10.);
#1955=VECTOR('',#6975,10.);
#1956=VECTOR('',#6978,10.);
#1957=VECTOR('',#6981,10.);
#1958=VECTOR('',#6984,10.);
#1959=VECTOR('',#6987,10.);
#1960=VECTOR('',#6988,10.);
#1961=VECTOR('',#6989,10.);
#1962=VECTOR('',#6994,10.);
#1963=VECTOR('',#6995,10.);
#1964=VECTOR('',#6996,10.);
#1965=VECTOR('',#6997,10.);
#1966=VECTOR('',#6998,10.);
#1967=VECTOR('',#6999,10.);
#1968=VECTOR('',#7000,10.);
#1969=VECTOR('',#7001,10.);
#1970=VECTOR('',#7002,10.);
#1971=VECTOR('',#7003,10.);
#1972=VECTOR('',#7004,10.);
#1973=VECTOR('',#7005,10.);
#1974=VECTOR('',#7006,10.);
#1975=VECTOR('',#7007,10.);
#1976=VECTOR('',#7008,10.);
#1977=VECTOR('',#7009,10.);
#1978=VECTOR('',#7010,10.);
#1979=VECTOR('',#7011,10.);
#1980=VECTOR('',#7012,10.);
#1981=VECTOR('',#7013,10.);
#1982=VECTOR('',#7014,10.);
#1983=VECTOR('',#7015,10.);
#1984=VECTOR('',#7016,10.);
#1985=VECTOR('',#7017,10.);
#1986=VECTOR('',#7018,10.);
#1987=VECTOR('',#7019,10.);
#1988=VECTOR('',#7020,10.);
#1989=VECTOR('',#7021,10.);
#1990=VECTOR('',#7022,10.);
#1991=VECTOR('',#7023,10.);
#1992=VECTOR('',#7024,10.);
#1993=VECTOR('',#7025,10.);
#1994=VECTOR('',#7026,10.);
#1995=VECTOR('',#7027,10.);
#1996=VECTOR('',#7028,10.);
#1997=VECTOR('',#7029,10.);
#1998=VECTOR('',#7030,10.);
#1999=VECTOR('',#7031,10.);
#2000=VECTOR('',#7032,10.);
#2001=VECTOR('',#7033,10.);
#2002=VECTOR('',#7034,10.);
#2003=VECTOR('',#7035,10.);
#2004=VECTOR('',#7036,10.);
#2005=VECTOR('',#7037,10.);
#2006=VECTOR('',#7038,10.);
#2007=VECTOR('',#7039,10.);
#2008=VECTOR('',#7040,10.);
#2009=VECTOR('',#7041,10.);
#2010=VECTOR('',#7042,10.);
#2011=VECTOR('',#7043,10.);
#2012=VECTOR('',#7044,10.);
#2013=VECTOR('',#7045,10.);
#2014=VECTOR('',#7048,10.);
#2015=VECTOR('',#7049,10.);
#2016=VECTOR('',#7050,10.);
#2017=VECTOR('',#7051,10.);
#2018=VECTOR('',#7052,10.);
#2019=VECTOR('',#7053,10.);
#2020=VECTOR('',#7054,10.);
#2021=VECTOR('',#7055,10.);
#2022=VECTOR('',#7058,10.);
#2023=VECTOR('',#7059,10.);
#2024=VECTOR('',#7060,10.);
#2025=VECTOR('',#7061,10.);
#2026=VECTOR('',#7064,10.);
#2027=VECTOR('',#7065,10.);
#2028=VECTOR('',#7066,10.);
#2029=VECTOR('',#7067,10.);
#2030=VECTOR('',#7076,10.);
#2031=VECTOR('',#7083,10.);
#2032=VECTOR('',#7092,10.);
#2033=VECTOR('',#7105,10.);
#2034=VECTOR('',#7112,10.);
#2035=VECTOR('',#7121,10.);
#2036=VECTOR('',#7126,10.);
#2037=VECTOR('',#7133,10.);
#2038=VECTOR('',#7142,10.);
#2039=VECTOR('',#7147,10.);
#2040=VECTOR('',#7154,10.);
#2041=VECTOR('',#7163,10.);
#2042=VECTOR('',#7172,10.);
#2043=VECTOR('',#7179,10.);
#2044=VECTOR('',#7188,10.);
#2045=VECTOR('',#7193,10.);
#2046=VECTOR('',#7200,10.);
#2047=VECTOR('',#7209,10.);
#2048=VECTOR('',#7214,10.);
#2049=VECTOR('',#7221,10.);
#2050=VECTOR('',#7230,10.);
#2051=VECTOR('',#7235,10.);
#2052=VECTOR('',#7242,10.);
#2053=VECTOR('',#7251,10.);
#2054=VECTOR('',#7256,10.);
#2055=VECTOR('',#7263,10.);
#2056=VECTOR('',#7272,10.);
#2057=VECTOR('',#7281,10.);
#2058=VECTOR('',#7288,10.);
#2059=VECTOR('',#7297,10.);
#2060=VECTOR('',#7302,10.);
#2061=VECTOR('',#7309,10.);
#2062=VECTOR('',#7318,10.);
#2063=VECTOR('',#7323,10.);
#2064=VECTOR('',#7330,10.);
#2065=VECTOR('',#7339,10.);
#2066=VECTOR('',#7344,10.);
#2067=VECTOR('',#7351,10.);
#2068=VECTOR('',#7360,10.);
#2069=VECTOR('',#7365,10.);
#2070=VECTOR('',#7372,10.);
#2071=VECTOR('',#7381,10.);
#2072=VECTOR('',#7386,10.);
#2073=VECTOR('',#7393,10.);
#2074=VECTOR('',#7402,10.);
#2075=VECTOR('',#7407,10.);
#2076=VECTOR('',#7414,10.);
#2077=VECTOR('',#7423,10.);
#2078=VECTOR('',#7428,10.);
#2079=VECTOR('',#7435,10.);
#2080=VECTOR('',#7444,10.);
#2081=VECTOR('',#7505,10.);
#2082=VECTOR('',#7516,10.);
#2083=VECTOR('',#7527,10.);
#2084=VECTOR('',#7538,10.);
#2085=VECTOR('',#7555,10.);
#2086=VECTOR('',#7566,10.);
#2087=VECTOR('',#7577,10.);
#2088=VECTOR('',#7588,10.);
#2089=VECTOR('',#7589,10.);
#2090=VECTOR('',#7592,10.);
#2091=VECTOR('',#7595,10.);
#2092=VECTOR('',#7598,10.);
#2093=VECTOR('',#7601,10.);
#2094=VECTOR('',#7604,10.);
#2095=VECTOR('',#7607,10.);
#2096=VECTOR('',#7610,10.);
#2097=VECTOR('',#7613,10.);
#2098=VECTOR('',#7616,10.);
#2099=VECTOR('',#7619,10.);
#2100=VECTOR('',#7624,10.);
#2101=VECTOR('',#7625,10.);
#2102=VERTEX_POINT('',#7668);
#2103=VERTEX_POINT('',#7669);
#2104=VERTEX_POINT('',#7671);
#2105=VERTEX_POINT('',#7673);
#2106=VERTEX_POINT('',#7677);
#2107=VERTEX_POINT('',#7678);
#2108=VERTEX_POINT('',#7707);
#2109=VERTEX_POINT('',#7709);
#2110=VERTEX_POINT('',#7713);
#2111=VERTEX_POINT('',#7714);
#2112=VERTEX_POINT('',#7719);
#2113=VERTEX_POINT('',#7720);
#2114=VERTEX_POINT('',#7725);
#2115=VERTEX_POINT('',#7726);
#2116=VERTEX_POINT('',#7731);
#2117=VERTEX_POINT('',#7732);
#2118=VERTEX_POINT('',#7737);
#2119=VERTEX_POINT('',#7738);
#2120=VERTEX_POINT('',#7743);
#2121=VERTEX_POINT('',#7744);
#2122=VERTEX_POINT('',#7749);
#2123=VERTEX_POINT('',#7750);
#2124=VERTEX_POINT('',#7755);
#2125=VERTEX_POINT('',#7756);
#2126=VERTEX_POINT('',#7761);
#2127=VERTEX_POINT('',#7762);
#2128=VERTEX_POINT('',#7767);
#2129=VERTEX_POINT('',#7768);
#2130=VERTEX_POINT('',#7773);
#2131=VERTEX_POINT('',#7774);
#2132=VERTEX_POINT('',#7779);
#2133=VERTEX_POINT('',#7780);
#2134=VERTEX_POINT('',#7785);
#2135=VERTEX_POINT('',#7786);
#2136=VERTEX_POINT('',#7791);
#2137=VERTEX_POINT('',#7792);
#2138=VERTEX_POINT('',#7797);
#2139=VERTEX_POINT('',#7798);
#2140=VERTEX_POINT('',#7803);
#2141=VERTEX_POINT('',#7804);
#2142=VERTEX_POINT('',#7809);
#2143=VERTEX_POINT('',#7810);
#2144=VERTEX_POINT('',#7815);
#2145=VERTEX_POINT('',#7816);
#2146=VERTEX_POINT('',#7821);
#2147=VERTEX_POINT('',#7822);
#2148=VERTEX_POINT('',#7827);
#2149=VERTEX_POINT('',#7828);
#2150=VERTEX_POINT('',#7833);
#2151=VERTEX_POINT('',#7834);
#2152=VERTEX_POINT('',#7839);
#2153=VERTEX_POINT('',#7840);
#2154=VERTEX_POINT('',#7845);
#2155=VERTEX_POINT('',#7846);
#2156=VERTEX_POINT('',#7851);
#2157=VERTEX_POINT('',#7852);
#2158=VERTEX_POINT('',#7857);
#2159=VERTEX_POINT('',#7859);
#2160=VERTEX_POINT('',#7866);
#2161=VERTEX_POINT('',#7868);
#2162=VERTEX_POINT('',#7875);
#2163=VERTEX_POINT('',#7877);
#2164=VERTEX_POINT('',#7881);
#2165=VERTEX_POINT('',#7885);
#2166=VERTEX_POINT('',#7889);
#2167=VERTEX_POINT('',#7893);
#2168=VERTEX_POINT('',#7897);
#2169=VERTEX_POINT('',#7901);
#2170=VERTEX_POINT('',#7905);
#2171=VERTEX_POINT('',#7909);
#2172=VERTEX_POINT('',#7913);
#2173=VERTEX_POINT('',#7917);
#2174=VERTEX_POINT('',#7921);
#2175=VERTEX_POINT('',#7925);
#2176=VERTEX_POINT('',#7929);
#2177=VERTEX_POINT('',#7933);
#2178=VERTEX_POINT('',#7937);
#2179=VERTEX_POINT('',#7938);
#2180=VERTEX_POINT('',#7940);
#2181=VERTEX_POINT('',#7942);
#2182=VERTEX_POINT('',#7945);
#2183=VERTEX_POINT('',#7946);
#2184=VERTEX_POINT('',#7948);
#2185=VERTEX_POINT('',#7950);
#2186=VERTEX_POINT('',#7953);
#2187=VERTEX_POINT('',#7955);
#2188=VERTEX_POINT('',#7956);
#2189=VERTEX_POINT('',#7958);
#2190=VERTEX_POINT('',#7960);
#2191=VERTEX_POINT('',#7963);
#2192=VERTEX_POINT('',#7965);
#2193=VERTEX_POINT('',#7966);
#2194=VERTEX_POINT('',#7968);
#2195=VERTEX_POINT('',#7970);
#2196=VERTEX_POINT('',#7973);
#2197=VERTEX_POINT('',#7974);
#2198=VERTEX_POINT('',#7976);
#2199=VERTEX_POINT('',#7978);
#2200=VERTEX_POINT('',#7981);
#2201=VERTEX_POINT('',#7983);
#2202=VERTEX_POINT('',#7984);
#2203=VERTEX_POINT('',#7986);
#2204=VERTEX_POINT('',#7988);
#2205=VERTEX_POINT('',#7991);
#2206=VERTEX_POINT('',#7992);
#2207=VERTEX_POINT('',#7994);
#2208=VERTEX_POINT('',#7996);
#2209=VERTEX_POINT('',#7999);
#2210=VERTEX_POINT('',#8000);
#2211=VERTEX_POINT('',#8002);
#2212=VERTEX_POINT('',#8004);
#2213=VERTEX_POINT('',#8007);
#2214=VERTEX_POINT('',#8008);
#2215=VERTEX_POINT('',#8010);
#2216=VERTEX_POINT('',#8012);
#2217=VERTEX_POINT('',#8015);
#2218=VERTEX_POINT('',#8016);
#2219=VERTEX_POINT('',#8018);
#2220=VERTEX_POINT('',#8020);
#2221=VERTEX_POINT('',#8023);
#2222=VERTEX_POINT('',#8024);
#2223=VERTEX_POINT('',#8026);
#2224=VERTEX_POINT('',#8028);
#2225=VERTEX_POINT('',#8031);
#2226=VERTEX_POINT('',#8032);
#2227=VERTEX_POINT('',#8034);
#2228=VERTEX_POINT('',#8036);
#2229=VERTEX_POINT('',#8039);
#2230=VERTEX_POINT('',#8040);
#2231=VERTEX_POINT('',#8042);
#2232=VERTEX_POINT('',#8044);
#2233=VERTEX_POINT('',#8047);
#2234=VERTEX_POINT('',#8048);
#2235=VERTEX_POINT('',#8050);
#2236=VERTEX_POINT('',#8052);
#2237=VERTEX_POINT('',#8055);
#2238=VERTEX_POINT('',#8056);
#2239=VERTEX_POINT('',#8058);
#2240=VERTEX_POINT('',#8060);
#2241=VERTEX_POINT('',#8063);
#2242=VERTEX_POINT('',#8064);
#2243=VERTEX_POINT('',#8066);
#2244=VERTEX_POINT('',#8068);
#2245=VERTEX_POINT('',#8071);
#2246=VERTEX_POINT('',#8072);
#2247=VERTEX_POINT('',#8074);
#2248=VERTEX_POINT('',#8076);
#2249=VERTEX_POINT('',#8079);
#2250=VERTEX_POINT('',#8080);
#2251=VERTEX_POINT('',#8082);
#2252=VERTEX_POINT('',#8084);
#2253=VERTEX_POINT('',#8087);
#2254=VERTEX_POINT('',#8089);
#2255=VERTEX_POINT('',#8092);
#2256=VERTEX_POINT('',#8093);
#2257=VERTEX_POINT('',#8098);
#2258=VERTEX_POINT('',#8102);
#2259=VERTEX_POINT('',#8108);
#2260=VERTEX_POINT('',#8110);
#2261=VERTEX_POINT('',#8114);
#2262=VERTEX_POINT('',#8118);
#2263=VERTEX_POINT('',#8119);
#2264=VERTEX_POINT('',#8124);
#2265=VERTEX_POINT('',#8125);
#2266=VERTEX_POINT('',#8130);
#2267=VERTEX_POINT('',#8131);
#2268=VERTEX_POINT('',#8136);
#2269=VERTEX_POINT('',#8140);
#2270=VERTEX_POINT('',#8146);
#2271=VERTEX_POINT('',#8148);
#2272=VERTEX_POINT('',#8152);
#2273=VERTEX_POINT('',#8156);
#2274=VERTEX_POINT('',#8157);
#2275=VERTEX_POINT('',#8162);
#2276=VERTEX_POINT('',#8163);
#2277=VERTEX_POINT('',#8168);
#2278=VERTEX_POINT('',#8169);
#2279=VERTEX_POINT('',#8174);
#2280=VERTEX_POINT('',#8175);
#2281=VERTEX_POINT('',#8180);
#2282=VERTEX_POINT('',#8181);
#2283=VERTEX_POINT('',#8186);
#2284=VERTEX_POINT('',#8190);
#2285=VERTEX_POINT('',#8196);
#2286=VERTEX_POINT('',#8198);
#2287=VERTEX_POINT('',#8202);
#2288=VERTEX_POINT('',#8206);
#2289=VERTEX_POINT('',#8207);
#2290=VERTEX_POINT('',#8212);
#2291=VERTEX_POINT('',#8216);
#2292=VERTEX_POINT('',#8222);
#2293=VERTEX_POINT('',#8224);
#2294=VERTEX_POINT('',#8228);
#2295=VERTEX_POINT('',#8232);
#2296=VERTEX_POINT('',#8233);
#2297=VERTEX_POINT('',#8238);
#2298=VERTEX_POINT('',#8242);
#2299=VERTEX_POINT('',#8248);
#2300=VERTEX_POINT('',#8250);
#2301=VERTEX_POINT('',#8254);
#2302=VERTEX_POINT('',#8258);
#2303=VERTEX_POINT('',#8259);
#2304=VERTEX_POINT('',#8264);
#2305=VERTEX_POINT('',#8265);
#2306=VERTEX_POINT('',#8270);
#2307=VERTEX_POINT('',#8271);
#2308=VERTEX_POINT('',#8276);
#2309=VERTEX_POINT('',#8280);
#2310=VERTEX_POINT('',#8286);
#2311=VERTEX_POINT('',#8288);
#2312=VERTEX_POINT('',#8292);
#2313=VERTEX_POINT('',#8296);
#2314=VERTEX_POINT('',#8297);
#2315=VERTEX_POINT('',#8302);
#2316=VERTEX_POINT('',#8306);
#2317=VERTEX_POINT('',#8312);
#2318=VERTEX_POINT('',#8314);
#2319=VERTEX_POINT('',#8318);
#2320=VERTEX_POINT('',#8322);
#2321=VERTEX_POINT('',#8323);
#2322=VERTEX_POINT('',#8328);
#2323=VERTEX_POINT('',#8332);
#2324=VERTEX_POINT('',#8338);
#2325=VERTEX_POINT('',#8340);
#2326=VERTEX_POINT('',#8344);
#2327=VERTEX_POINT('',#8348);
#2328=VERTEX_POINT('',#8349);
#2329=VERTEX_POINT('',#8354);
#2330=VERTEX_POINT('',#8358);
#2331=VERTEX_POINT('',#8364);
#2332=VERTEX_POINT('',#8366);
#2333=VERTEX_POINT('',#8370);
#2334=VERTEX_POINT('',#8374);
#2335=VERTEX_POINT('',#8375);
#2336=VERTEX_POINT('',#8380);
#2337=VERTEX_POINT('',#8384);
#2338=VERTEX_POINT('',#8390);
#2339=VERTEX_POINT('',#8392);
#2340=VERTEX_POINT('',#8396);
#2341=VERTEX_POINT('',#8400);
#2342=VERTEX_POINT('',#8401);
#2343=VERTEX_POINT('',#8406);
#2344=VERTEX_POINT('',#8407);
#2345=VERTEX_POINT('',#8412);
#2346=VERTEX_POINT('',#8413);
#2347=VERTEX_POINT('',#8418);
#2348=VERTEX_POINT('',#8422);
#2349=VERTEX_POINT('',#8428);
#2350=VERTEX_POINT('',#8430);
#2351=VERTEX_POINT('',#8434);
#2352=VERTEX_POINT('',#8438);
#2353=VERTEX_POINT('',#8439);
#2354=VERTEX_POINT('',#8444);
#2355=VERTEX_POINT('',#8448);
#2356=VERTEX_POINT('',#8454);
#2357=VERTEX_POINT('',#8456);
#2358=VERTEX_POINT('',#8460);
#2359=VERTEX_POINT('',#8464);
#2360=VERTEX_POINT('',#8465);
#2361=VERTEX_POINT('',#8470);
#2362=VERTEX_POINT('',#8474);
#2363=VERTEX_POINT('',#8480);
#2364=VERTEX_POINT('',#8482);
#2365=VERTEX_POINT('',#8486);
#2366=VERTEX_POINT('',#8490);
#2367=VERTEX_POINT('',#8491);
#2368=VERTEX_POINT('',#8496);
#2369=VERTEX_POINT('',#8500);
#2370=VERTEX_POINT('',#8506);
#2371=VERTEX_POINT('',#8508);
#2372=VERTEX_POINT('',#8512);
#2373=VERTEX_POINT('',#8516);
#2374=VERTEX_POINT('',#8517);
#2375=VERTEX_POINT('',#8522);
#2376=VERTEX_POINT('',#8526);
#2377=VERTEX_POINT('',#8532);
#2378=VERTEX_POINT('',#8534);
#2379=VERTEX_POINT('',#8538);
#2380=VERTEX_POINT('',#8542);
#2381=VERTEX_POINT('',#8543);
#2382=VERTEX_POINT('',#8548);
#2383=VERTEX_POINT('',#8552);
#2384=VERTEX_POINT('',#8558);
#2385=VERTEX_POINT('',#8560);
#2386=VERTEX_POINT('',#8564);
#2387=VERTEX_POINT('',#8568);
#2388=VERTEX_POINT('',#8569);
#2389=VERTEX_POINT('',#8574);
#2390=VERTEX_POINT('',#8578);
#2391=VERTEX_POINT('',#8584);
#2392=VERTEX_POINT('',#8586);
#2393=VERTEX_POINT('',#8590);
#2394=VERTEX_POINT('',#8594);
#2395=VERTEX_POINT('',#8595);
#2396=VERTEX_POINT('',#8600);
#2397=VERTEX_POINT('',#8604);
#2398=VERTEX_POINT('',#8610);
#2399=VERTEX_POINT('',#8612);
#2400=VERTEX_POINT('',#8616);
#2401=VERTEX_POINT('',#8620);
#2402=VERTEX_POINT('',#8621);
#2403=VERTEX_POINT('',#8623);
#2404=VERTEX_POINT('',#8628);
#2405=VERTEX_POINT('',#8633);
#2406=VERTEX_POINT('',#8641);
#2407=VERTEX_POINT('',#8642);
#2408=VERTEX_POINT('',#8644);
#2409=VERTEX_POINT('',#8646);
#2410=VERTEX_POINT('',#8648);
#2411=VERTEX_POINT('',#8650);
#2412=VERTEX_POINT('',#8652);
#2413=VERTEX_POINT('',#8654);
#2414=VERTEX_POINT('',#8656);
#2415=VERTEX_POINT('',#8658);
#2416=VERTEX_POINT('',#8660);
#2417=VERTEX_POINT('',#8662);
#2418=VERTEX_POINT('',#8664);
#2419=VERTEX_POINT('',#8666);
#2420=VERTEX_POINT('',#8668);
#2421=VERTEX_POINT('',#8670);
#2422=VERTEX_POINT('',#8672);
#2423=VERTEX_POINT('',#8674);
#2424=VERTEX_POINT('',#8676);
#2425=VERTEX_POINT('',#8678);
#2426=VERTEX_POINT('',#8680);
#2427=VERTEX_POINT('',#8682);
#2428=VERTEX_POINT('',#8684);
#2429=VERTEX_POINT('',#8686);
#2430=VERTEX_POINT('',#8688);
#2431=VERTEX_POINT('',#8690);
#2432=VERTEX_POINT('',#8692);
#2433=VERTEX_POINT('',#8694);
#2434=VERTEX_POINT('',#8696);
#2435=VERTEX_POINT('',#8698);
#2436=VERTEX_POINT('',#8701);
#2437=VERTEX_POINT('',#8703);
#2438=VERTEX_POINT('',#8705);
#2439=VERTEX_POINT('',#8706);
#2440=VERTEX_POINT('',#8708);
#2441=VERTEX_POINT('',#8710);
#2442=VERTEX_POINT('',#8713);
#2443=VERTEX_POINT('',#8714);
#2444=VERTEX_POINT('',#8716);
#2445=VERTEX_POINT('',#8718);
#2446=VERTEX_POINT('',#8721);
#2447=VERTEX_POINT('',#8722);
#2448=VERTEX_POINT('',#8724);
#2449=VERTEX_POINT('',#8726);
#2450=VERTEX_POINT('',#8729);
#2451=VERTEX_POINT('',#8730);
#2452=VERTEX_POINT('',#8732);
#2453=VERTEX_POINT('',#8734);
#2454=VERTEX_POINT('',#8737);
#2455=VERTEX_POINT('',#8738);
#2456=VERTEX_POINT('',#8740);
#2457=VERTEX_POINT('',#8742);
#2458=VERTEX_POINT('',#8745);
#2459=VERTEX_POINT('',#8746);
#2460=VERTEX_POINT('',#8748);
#2461=VERTEX_POINT('',#8750);
#2462=VERTEX_POINT('',#8753);
#2463=VERTEX_POINT('',#8754);
#2464=VERTEX_POINT('',#8756);
#2465=VERTEX_POINT('',#8758);
#2466=VERTEX_POINT('',#8761);
#2467=VERTEX_POINT('',#8762);
#2468=VERTEX_POINT('',#8764);
#2469=VERTEX_POINT('',#8766);
#2470=VERTEX_POINT('',#8769);
#2471=VERTEX_POINT('',#8770);
#2472=VERTEX_POINT('',#8772);
#2473=VERTEX_POINT('',#8774);
#2474=VERTEX_POINT('',#8777);
#2475=VERTEX_POINT('',#8778);
#2476=VERTEX_POINT('',#8780);
#2477=VERTEX_POINT('',#8782);
#2478=VERTEX_POINT('',#8785);
#2479=VERTEX_POINT('',#8786);
#2480=VERTEX_POINT('',#8788);
#2481=VERTEX_POINT('',#8790);
#2482=VERTEX_POINT('',#8793);
#2483=VERTEX_POINT('',#8794);
#2484=VERTEX_POINT('',#8796);
#2485=VERTEX_POINT('',#8798);
#2486=VERTEX_POINT('',#8801);
#2487=VERTEX_POINT('',#8802);
#2488=VERTEX_POINT('',#8804);
#2489=VERTEX_POINT('',#8806);
#2490=VERTEX_POINT('',#8809);
#2491=VERTEX_POINT('',#8811);
#2492=VERTEX_POINT('',#8812);
#2493=VERTEX_POINT('',#8814);
#2494=VERTEX_POINT('',#8816);
#2495=VERTEX_POINT('',#8819);
#2496=VERTEX_POINT('',#8820);
#2497=VERTEX_POINT('',#8822);
#2498=VERTEX_POINT('',#8824);
#2499=VERTEX_POINT('',#8827);
#2500=VERTEX_POINT('',#8829);
#2501=VERTEX_POINT('',#8830);
#2502=VERTEX_POINT('',#8832);
#2503=VERTEX_POINT('',#8834);
#2504=VERTEX_POINT('',#8837);
#2505=VERTEX_POINT('',#8839);
#2506=VERTEX_POINT('',#8840);
#2507=VERTEX_POINT('',#8842);
#2508=VERTEX_POINT('',#8844);
#2509=VERTEX_POINT('',#8850);
#2510=VERTEX_POINT('',#8867);
#2511=VERTEX_POINT('',#8880);
#2512=VERTEX_POINT('',#8893);
#2513=VERTEX_POINT('',#8908);
#2514=VERTEX_POINT('',#8921);
#2515=VERTEX_POINT('',#8934);
#2516=VERTEX_POINT('',#8947);
#2517=VERTEX_POINT('',#8960);
#2518=VERTEX_POINT('',#8975);
#2519=VERTEX_POINT('',#8988);
#2520=VERTEX_POINT('',#9001);
#2521=VERTEX_POINT('',#9014);
#2522=VERTEX_POINT('',#9027);
#2523=VERTEX_POINT('',#9040);
#2524=VERTEX_POINT('',#9053);
#2525=VERTEX_POINT('',#9066);
#2526=VERTEX_POINT('',#9135);
#2527=VERTEX_POINT('',#9139);
#2528=VERTEX_POINT('',#9143);
#2529=VERTEX_POINT('',#9147);
#2530=VERTEX_POINT('',#9151);
#2531=VERTEX_POINT('',#9155);
#2532=VERTEX_POINT('',#9159);
#2533=VERTEX_POINT('',#9163);
#2534=VERTEX_POINT('',#9167);
#2535=VERTEX_POINT('',#9171);
#2536=VERTEX_POINT('',#9175);
#2537=VERTEX_POINT('',#9179);
#2538=VERTEX_POINT('',#9183);
#2539=VERTEX_POINT('',#9187);
#2540=EDGE_CURVE('',#2102,#2103,#1176,.T.);
#2541=EDGE_CURVE('',#2103,#2104,#1024,.T.);
#2542=EDGE_CURVE('',#2104,#2105,#1177,.T.);
#2543=EDGE_CURVE('',#2102,#2105,#1025,.T.);
#2544=EDGE_CURVE('',#2106,#2107,#330,.T.);
#2545=EDGE_CURVE('',#2107,#2108,#1178,.T.);
#2546=EDGE_CURVE('',#2108,#2109,#188,.T.);
#2547=EDGE_CURVE('',#2109,#2106,#1179,.T.);
#2548=EDGE_CURVE('',#2110,#2111,#189,.T.);
#2549=EDGE_CURVE('',#2111,#2109,#190,.T.);
#2550=EDGE_CURVE('',#2108,#2110,#191,.T.);
#2551=EDGE_CURVE('',#2112,#2113,#192,.T.);
#2552=EDGE_CURVE('',#2113,#2111,#1180,.T.);
#2553=EDGE_CURVE('',#2110,#2112,#1181,.T.);
#2554=EDGE_CURVE('',#2114,#2115,#193,.T.);
#2555=EDGE_CURVE('',#2115,#2113,#194,.T.);
#2556=EDGE_CURVE('',#2112,#2114,#195,.T.);
#2557=EDGE_CURVE('',#2116,#2117,#196,.T.);
#2558=EDGE_CURVE('',#2117,#2115,#1182,.T.);
#2559=EDGE_CURVE('',#2114,#2116,#1183,.T.);
#2560=EDGE_CURVE('',#2118,#2119,#197,.T.);
#2561=EDGE_CURVE('',#2119,#2117,#198,.T.);
#2562=EDGE_CURVE('',#2116,#2118,#199,.T.);
#2563=EDGE_CURVE('',#2120,#2121,#200,.T.);
#2564=EDGE_CURVE('',#2121,#2119,#1184,.T.);
#2565=EDGE_CURVE('',#2118,#2120,#1185,.T.);
#2566=EDGE_CURVE('',#2122,#2123,#201,.T.);
#2567=EDGE_CURVE('',#2123,#2121,#202,.T.);
#2568=EDGE_CURVE('',#2120,#2122,#203,.T.);
#2569=EDGE_CURVE('',#2124,#2125,#204,.T.);
#2570=EDGE_CURVE('',#2125,#2123,#205,.T.);
#2571=EDGE_CURVE('',#2122,#2124,#206,.T.);
#2572=EDGE_CURVE('',#2126,#2127,#207,.T.);
#2573=EDGE_CURVE('',#2127,#2125,#1186,.T.);
#2574=EDGE_CURVE('',#2124,#2126,#1187,.T.);
#2575=EDGE_CURVE('',#2128,#2129,#208,.T.);
#2576=EDGE_CURVE('',#2129,#2127,#209,.T.);
#2577=EDGE_CURVE('',#2126,#2128,#210,.T.);
#2578=EDGE_CURVE('',#2130,#2131,#211,.T.);
#2579=EDGE_CURVE('',#2131,#2129,#1188,.T.);
#2580=EDGE_CURVE('',#2128,#2130,#1189,.T.);
#2581=EDGE_CURVE('',#2132,#2133,#212,.T.);
#2582=EDGE_CURVE('',#2133,#2131,#213,.T.);
#2583=EDGE_CURVE('',#2130,#2132,#214,.T.);
#2584=EDGE_CURVE('',#2134,#2135,#215,.T.);
#2585=EDGE_CURVE('',#2135,#2133,#1190,.T.);
#2586=EDGE_CURVE('',#2132,#2134,#1191,.T.);
#2587=EDGE_CURVE('',#2136,#2137,#216,.T.);
#2588=EDGE_CURVE('',#2137,#2135,#217,.T.);
#2589=EDGE_CURVE('',#2134,#2136,#218,.T.);
#2590=EDGE_CURVE('',#2138,#2139,#219,.T.);
#2591=EDGE_CURVE('',#2139,#2137,#1192,.T.);
#2592=EDGE_CURVE('',#2136,#2138,#1193,.T.);
#2593=EDGE_CURVE('',#2140,#2141,#220,.T.);
#2594=EDGE_CURVE('',#2141,#2139,#221,.T.);
#2595=EDGE_CURVE('',#2138,#2140,#222,.T.);
#2596=EDGE_CURVE('',#2142,#2143,#223,.T.);
#2597=EDGE_CURVE('',#2143,#2141,#1194,.T.);
#2598=EDGE_CURVE('',#2140,#2142,#1195,.T.);
#2599=EDGE_CURVE('',#2144,#2145,#224,.T.);
#2600=EDGE_CURVE('',#2145,#2143,#225,.T.);
#2601=EDGE_CURVE('',#2142,#2144,#226,.T.);
#2602=EDGE_CURVE('',#2146,#2147,#227,.T.);
#2603=EDGE_CURVE('',#2147,#2145,#1196,.T.);
#2604=EDGE_CURVE('',#2144,#2146,#1197,.T.);
#2605=EDGE_CURVE('',#2148,#2149,#228,.T.);
#2606=EDGE_CURVE('',#2149,#2147,#229,.T.);
#2607=EDGE_CURVE('',#2146,#2148,#230,.T.);
#2608=EDGE_CURVE('',#2150,#2151,#231,.T.);
#2609=EDGE_CURVE('',#2151,#2149,#1198,.T.);
#2610=EDGE_CURVE('',#2148,#2150,#1199,.T.);
#2611=EDGE_CURVE('',#2152,#2153,#232,.T.);
#2612=EDGE_CURVE('',#2153,#2151,#233,.T.);
#2613=EDGE_CURVE('',#2150,#2152,#234,.T.);
#2614=EDGE_CURVE('',#2154,#2155,#235,.T.);
#2615=EDGE_CURVE('',#2155,#2153,#1200,.T.);
#2616=EDGE_CURVE('',#2152,#2154,#1201,.T.);
#2617=EDGE_CURVE('',#2156,#2157,#236,.T.);
#2618=EDGE_CURVE('',#2157,#2155,#237,.T.);
#2619=EDGE_CURVE('',#2154,#2156,#238,.T.);
#2620=EDGE_CURVE('',#2158,#2157,#1202,.T.);
#2621=EDGE_CURVE('',#2156,#2159,#1203,.T.);
#2622=EDGE_CURVE('',#2159,#2158,#1026,.T.);
#2623=EDGE_CURVE('',#2103,#2107,#1204,.T.);
#2624=EDGE_CURVE('',#2106,#2104,#1205,.T.);
#2625=EDGE_CURVE('',#2160,#2158,#1206,.T.);
#2626=EDGE_CURVE('',#2159,#2161,#1207,.T.);
#2627=EDGE_CURVE('',#2161,#2160,#1027,.T.);
#2628=EDGE_CURVE('',#2105,#2160,#1208,.T.);
#2629=EDGE_CURVE('',#2161,#2102,#1209,.T.);
#2630=EDGE_CURVE('',#2141,#2162,#1210,.T.);
#2631=EDGE_CURVE('',#2163,#2162,#239,.T.);
#2632=EDGE_CURVE('',#2163,#2139,#1211,.T.);
#2633=EDGE_CURVE('',#2164,#2143,#1212,.T.);
#2634=EDGE_CURVE('',#2162,#2164,#1213,.T.);
#2635=EDGE_CURVE('',#2145,#2165,#1214,.T.);
#2636=EDGE_CURVE('',#2164,#2165,#240,.T.);
#2637=EDGE_CURVE('',#2166,#2147,#1215,.T.);
#2638=EDGE_CURVE('',#2165,#2166,#1216,.T.);
#2639=EDGE_CURVE('',#2149,#2167,#1217,.T.);
#2640=EDGE_CURVE('',#2166,#2167,#241,.T.);
#2641=EDGE_CURVE('',#2168,#2151,#1218,.T.);
#2642=EDGE_CURVE('',#2167,#2168,#1219,.T.);
#2643=EDGE_CURVE('',#2153,#2169,#1220,.T.);
#2644=EDGE_CURVE('',#2168,#2169,#242,.T.);
#2645=EDGE_CURVE('',#2170,#2155,#1221,.T.);
#2646=EDGE_CURVE('',#2169,#2170,#1222,.T.);
#2647=EDGE_CURVE('',#2157,#2171,#1223,.T.);
#2648=EDGE_CURVE('',#2170,#2171,#243,.T.);
#2649=EDGE_CURVE('',#2158,#2172,#1224,.T.);
#2650=EDGE_CURVE('',#2171,#2172,#1225,.T.);
#2651=EDGE_CURVE('',#2160,#2173,#1226,.T.);
#2652=EDGE_CURVE('',#2172,#2173,#1227,.T.);
#2653=EDGE_CURVE('',#2105,#2174,#1228,.T.);
#2654=EDGE_CURVE('',#2173,#2174,#1229,.T.);
#2655=EDGE_CURVE('',#2104,#2175,#1230,.T.);
#2656=EDGE_CURVE('',#2174,#2175,#1231,.T.);
#2657=EDGE_CURVE('',#2106,#2176,#1232,.T.);
#2658=EDGE_CURVE('',#2175,#2176,#1233,.T.);
#2659=EDGE_CURVE('',#2177,#2109,#1234,.T.);
#2660=EDGE_CURVE('',#2176,#2177,#1235,.T.);
#2661=EDGE_CURVE('',#2178,#2179,#1236,.T.);
#2662=EDGE_CURVE('',#2180,#2178,#1237,.T.);
#2663=EDGE_CURVE('',#2181,#2180,#1238,.T.);
#2664=EDGE_CURVE('',#2179,#2181,#1239,.T.);
#2665=EDGE_CURVE('',#2182,#2183,#1240,.T.);
#2666=EDGE_CURVE('',#2184,#2182,#1241,.T.);
#2667=EDGE_CURVE('',#2185,#2184,#1242,.T.);
#2668=EDGE_CURVE('',#2183,#2185,#1243,.T.);
#2669=EDGE_CURVE('',#2186,#2186,#244,.T.);
#2670=EDGE_CURVE('',#2187,#2188,#1244,.T.);
#2671=EDGE_CURVE('',#2189,#2187,#1245,.T.);
#2672=EDGE_CURVE('',#2190,#2189,#1246,.T.);
#2673=EDGE_CURVE('',#2188,#2190,#1247,.T.);
#2674=EDGE_CURVE('',#2191,#2191,#245,.T.);
#2675=EDGE_CURVE('',#2192,#2193,#1248,.T.);
#2676=EDGE_CURVE('',#2194,#2192,#1249,.T.);
#2677=EDGE_CURVE('',#2195,#2194,#1250,.T.);
#2678=EDGE_CURVE('',#2193,#2195,#1251,.T.);
#2679=EDGE_CURVE('',#2196,#2197,#1252,.T.);
#2680=EDGE_CURVE('',#2198,#2196,#1253,.T.);
#2681=EDGE_CURVE('',#2199,#2198,#1254,.T.);
#2682=EDGE_CURVE('',#2197,#2199,#1255,.T.);
#2683=EDGE_CURVE('',#2200,#2200,#246,.T.);
#2684=EDGE_CURVE('',#2201,#2202,#1256,.T.);
#2685=EDGE_CURVE('',#2203,#2201,#1257,.T.);
#2686=EDGE_CURVE('',#2204,#2203,#1258,.T.);
#2687=EDGE_CURVE('',#2202,#2204,#1259,.T.);
#2688=EDGE_CURVE('',#2205,#2206,#1260,.T.);
#2689=EDGE_CURVE('',#2207,#2205,#1261,.T.);
#2690=EDGE_CURVE('',#2208,#2207,#1262,.T.);
#2691=EDGE_CURVE('',#2206,#2208,#1263,.T.);
#2692=EDGE_CURVE('',#2209,#2210,#1264,.T.);
#2693=EDGE_CURVE('',#2211,#2209,#1265,.T.);
#2694=EDGE_CURVE('',#2212,#2211,#1266,.T.);
#2695=EDGE_CURVE('',#2210,#2212,#1267,.T.);
#2696=EDGE_CURVE('',#2213,#2214,#1268,.T.);
#2697=EDGE_CURVE('',#2215,#2213,#1269,.T.);
#2698=EDGE_CURVE('',#2216,#2215,#1270,.T.);
#2699=EDGE_CURVE('',#2214,#2216,#1271,.T.);
#2700=EDGE_CURVE('',#2217,#2218,#1272,.T.);
#2701=EDGE_CURVE('',#2219,#2217,#1273,.T.);
#2702=EDGE_CURVE('',#2220,#2219,#1274,.T.);
#2703=EDGE_CURVE('',#2218,#2220,#1275,.T.);
#2704=EDGE_CURVE('',#2221,#2222,#1276,.T.);
#2705=EDGE_CURVE('',#2223,#2221,#1277,.T.);
#2706=EDGE_CURVE('',#2224,#2223,#1278,.T.);
#2707=EDGE_CURVE('',#2222,#2224,#1279,.T.);
#2708=EDGE_CURVE('',#2225,#2226,#1280,.T.);
#2709=EDGE_CURVE('',#2227,#2225,#1281,.T.);
#2710=EDGE_CURVE('',#2228,#2227,#1282,.T.);
#2711=EDGE_CURVE('',#2226,#2228,#1283,.T.);
#2712=EDGE_CURVE('',#2229,#2230,#1284,.T.);
#2713=EDGE_CURVE('',#2231,#2229,#1285,.T.);
#2714=EDGE_CURVE('',#2232,#2231,#1286,.T.);
#2715=EDGE_CURVE('',#2230,#2232,#1287,.T.);
#2716=EDGE_CURVE('',#2233,#2234,#1288,.T.);
#2717=EDGE_CURVE('',#2235,#2233,#1289,.T.);
#2718=EDGE_CURVE('',#2236,#2235,#1290,.T.);
#2719=EDGE_CURVE('',#2234,#2236,#1291,.T.);
#2720=EDGE_CURVE('',#2237,#2238,#1292,.T.);
#2721=EDGE_CURVE('',#2239,#2237,#1293,.T.);
#2722=EDGE_CURVE('',#2240,#2239,#1294,.T.);
#2723=EDGE_CURVE('',#2238,#2240,#1295,.T.);
#2724=EDGE_CURVE('',#2241,#2242,#1296,.T.);
#2725=EDGE_CURVE('',#2243,#2241,#1297,.T.);
#2726=EDGE_CURVE('',#2244,#2243,#1298,.T.);
#2727=EDGE_CURVE('',#2242,#2244,#1299,.T.);
#2728=EDGE_CURVE('',#2245,#2246,#1300,.T.);
#2729=EDGE_CURVE('',#2247,#2245,#1301,.T.);
#2730=EDGE_CURVE('',#2248,#2247,#1302,.T.);
#2731=EDGE_CURVE('',#2246,#2248,#1303,.T.);
#2732=EDGE_CURVE('',#2249,#2250,#1304,.T.);
#2733=EDGE_CURVE('',#2251,#2249,#1305,.T.);
#2734=EDGE_CURVE('',#2252,#2251,#1306,.T.);
#2735=EDGE_CURVE('',#2250,#2252,#1307,.T.);
#2736=EDGE_CURVE('',#2253,#2253,#247,.T.);
#2737=EDGE_CURVE('',#2254,#2254,#248,.T.);
#2738=EDGE_CURVE('',#2255,#2256,#1308,.T.);
#2739=EDGE_CURVE('',#2256,#2178,#1028,.T.);
#2740=EDGE_CURVE('',#2179,#2255,#1029,.T.);
#2741=EDGE_CURVE('',#2256,#2257,#1309,.T.);
#2742=EDGE_CURVE('',#2180,#2257,#1030,.T.);
#2743=EDGE_CURVE('',#2258,#2255,#1310,.T.);
#2744=EDGE_CURVE('',#2181,#2258,#1031,.T.);
#2745=EDGE_CURVE('',#2257,#2258,#1311,.T.);
#2746=EDGE_CURVE('',#2256,#2259,#1312,.T.);
#2747=EDGE_CURVE('',#2260,#2259,#1313,.T.);
#2748=EDGE_CURVE('',#2257,#2260,#1314,.T.);
#2749=EDGE_CURVE('',#2255,#2261,#1315,.T.);
#2750=EDGE_CURVE('',#2259,#2261,#1316,.T.);
#2751=EDGE_CURVE('',#2262,#2263,#249,.T.);
#2752=EDGE_CURVE('',#2263,#2254,#250,.T.);
#2753=EDGE_CURVE('',#2263,#2262,#251,.T.);
#2754=EDGE_CURVE('',#2264,#2265,#252,.T.);
#2755=EDGE_CURVE('',#2264,#2262,#1317,.T.);
#2756=EDGE_CURVE('',#2265,#2264,#253,.T.);
#2757=EDGE_CURVE('',#2266,#2267,#1318,.T.);
#2758=EDGE_CURVE('',#2267,#2182,#1032,.T.);
#2759=EDGE_CURVE('',#2183,#2266,#1033,.T.);
#2760=EDGE_CURVE('',#2267,#2268,#1319,.T.);
#2761=EDGE_CURVE('',#2184,#2268,#1034,.T.);
#2762=EDGE_CURVE('',#2269,#2266,#1320,.T.);
#2763=EDGE_CURVE('',#2185,#2269,#1035,.T.);
#2764=EDGE_CURVE('',#2268,#2269,#1321,.T.);
#2765=EDGE_CURVE('',#2267,#2270,#1322,.T.);
#2766=EDGE_CURVE('',#2271,#2270,#1323,.T.);
#2767=EDGE_CURVE('',#2268,#2271,#1324,.F.);
#2768=EDGE_CURVE('',#2266,#2272,#1325,.T.);
#2769=EDGE_CURVE('',#2270,#2272,#1326,.T.);
#2770=EDGE_CURVE('',#2273,#2274,#254,.T.);
#2771=EDGE_CURVE('',#2274,#2253,#255,.T.);
#2772=EDGE_CURVE('',#2274,#2273,#256,.T.);
#2773=EDGE_CURVE('',#2275,#2276,#257,.T.);
#2774=EDGE_CURVE('',#2275,#2273,#1327,.T.);
#2775=EDGE_CURVE('',#2276,#2275,#258,.T.);
#2776=EDGE_CURVE('',#2277,#2278,#259,.T.);
#2777=EDGE_CURVE('',#2278,#2186,#260,.T.);
#2778=EDGE_CURVE('',#2278,#2277,#261,.T.);
#2779=EDGE_CURVE('',#2279,#2280,#262,.T.);
#2780=EDGE_CURVE('',#2279,#2277,#1328,.T.);
#2781=EDGE_CURVE('',#2280,#2279,#263,.T.);
#2782=EDGE_CURVE('',#2281,#2282,#1329,.T.);
#2783=EDGE_CURVE('',#2282,#2249,#1036,.T.);
#2784=EDGE_CURVE('',#2250,#2281,#1037,.T.);
#2785=EDGE_CURVE('',#2282,#2283,#1330,.T.);
#2786=EDGE_CURVE('',#2251,#2283,#1038,.T.);
#2787=EDGE_CURVE('',#2284,#2281,#1331,.T.);
#2788=EDGE_CURVE('',#2252,#2284,#1039,.T.);
#2789=EDGE_CURVE('',#2283,#2284,#1332,.T.);
#2790=EDGE_CURVE('',#2282,#2285,#1333,.T.);
#2791=EDGE_CURVE('',#2286,#2285,#1334,.T.);
#2792=EDGE_CURVE('',#2283,#2286,#1335,.T.);
#2793=EDGE_CURVE('',#2281,#2287,#1336,.T.);
#2794=EDGE_CURVE('',#2285,#2287,#1337,.T.);
#2795=EDGE_CURVE('',#2288,#2289,#1338,.T.);
#2796=EDGE_CURVE('',#2289,#2187,#1040,.T.);
#2797=EDGE_CURVE('',#2188,#2288,#1041,.T.);
#2798=EDGE_CURVE('',#2289,#2290,#1339,.T.);
#2799=EDGE_CURVE('',#2189,#2290,#1042,.T.);
#2800=EDGE_CURVE('',#2291,#2288,#1340,.T.);
#2801=EDGE_CURVE('',#2190,#2291,#1043,.T.);
#2802=EDGE_CURVE('',#2290,#2291,#1341,.T.);
#2803=EDGE_CURVE('',#2289,#2292,#1342,.T.);
#2804=EDGE_CURVE('',#2293,#2292,#1343,.T.);
#2805=EDGE_CURVE('',#2290,#2293,#1344,.T.);
#2806=EDGE_CURVE('',#2288,#2294,#1345,.T.);
#2807=EDGE_CURVE('',#2292,#2294,#1346,.T.);
#2808=EDGE_CURVE('',#2295,#2296,#1347,.T.);
#2809=EDGE_CURVE('',#2296,#2245,#1044,.T.);
#2810=EDGE_CURVE('',#2246,#2295,#1045,.T.);
#2811=EDGE_CURVE('',#2296,#2297,#1348,.T.);
#2812=EDGE_CURVE('',#2247,#2297,#1046,.T.);
#2813=EDGE_CURVE('',#2298,#2295,#1349,.T.);
#2814=EDGE_CURVE('',#2248,#2298,#1047,.T.);
#2815=EDGE_CURVE('',#2297,#2298,#1350,.T.);
#2816=EDGE_CURVE('',#2296,#2299,#1351,.T.);
#2817=EDGE_CURVE('',#2300,#2299,#1352,.T.);
#2818=EDGE_CURVE('',#2297,#2300,#1353,.T.);
#2819=EDGE_CURVE('',#2295,#2301,#1354,.T.);
#2820=EDGE_CURVE('',#2299,#2301,#1355,.T.);
#2821=EDGE_CURVE('',#2302,#2303,#264,.T.);
#2822=EDGE_CURVE('',#2303,#2191,#265,.T.);
#2823=EDGE_CURVE('',#2303,#2302,#266,.T.);
#2824=EDGE_CURVE('',#2304,#2305,#267,.T.);
#2825=EDGE_CURVE('',#2304,#2302,#1356,.T.);
#2826=EDGE_CURVE('',#2305,#2304,#268,.T.);
#2827=EDGE_CURVE('',#2306,#2307,#1357,.T.);
#2828=EDGE_CURVE('',#2307,#2241,#1048,.T.);
#2829=EDGE_CURVE('',#2242,#2306,#1049,.T.);
#2830=EDGE_CURVE('',#2307,#2308,#1358,.T.);
#2831=EDGE_CURVE('',#2243,#2308,#1050,.T.);
#2832=EDGE_CURVE('',#2309,#2306,#1359,.T.);
#2833=EDGE_CURVE('',#2244,#2309,#1051,.T.);
#2834=EDGE_CURVE('',#2308,#2309,#1360,.T.);
#2835=EDGE_CURVE('',#2307,#2310,#1361,.T.);
#2836=EDGE_CURVE('',#2311,#2310,#1362,.T.);
#2837=EDGE_CURVE('',#2308,#2311,#1363,.F.);
#2838=EDGE_CURVE('',#2306,#2312,#1364,.T.);
#2839=EDGE_CURVE('',#2310,#2312,#1365,.T.);
#2840=EDGE_CURVE('',#2313,#2314,#1366,.T.);
#2841=EDGE_CURVE('',#2314,#2192,#1052,.T.);
#2842=EDGE_CURVE('',#2193,#2313,#1053,.T.);
#2843=EDGE_CURVE('',#2314,#2315,#1367,.T.);
#2844=EDGE_CURVE('',#2194,#2315,#1054,.T.);
#2845=EDGE_CURVE('',#2316,#2313,#1368,.T.);
#2846=EDGE_CURVE('',#2195,#2316,#1055,.T.);
#2847=EDGE_CURVE('',#2315,#2316,#1369,.T.);
#2848=EDGE_CURVE('',#2314,#2317,#1370,.T.);
#2849=EDGE_CURVE('',#2318,#2317,#1371,.T.);
#2850=EDGE_CURVE('',#2315,#2318,#1372,.T.);
#2851=EDGE_CURVE('',#2313,#2319,#1373,.T.);
#2852=EDGE_CURVE('',#2317,#2319,#1374,.T.);
#2853=EDGE_CURVE('',#2320,#2321,#1375,.T.);
#2854=EDGE_CURVE('',#2321,#2237,#1056,.T.);
#2855=EDGE_CURVE('',#2238,#2320,#1057,.T.);
#2856=EDGE_CURVE('',#2321,#2322,#1376,.T.);
#2857=EDGE_CURVE('',#2239,#2322,#1058,.T.);
#2858=EDGE_CURVE('',#2323,#2320,#1377,.T.);
#2859=EDGE_CURVE('',#2240,#2323,#1059,.T.);
#2860=EDGE_CURVE('',#2322,#2323,#1378,.T.);
#2861=EDGE_CURVE('',#2321,#2324,#1379,.T.);
#2862=EDGE_CURVE('',#2325,#2324,#1380,.T.);
#2863=EDGE_CURVE('',#2322,#2325,#1381,.T.);
#2864=EDGE_CURVE('',#2320,#2326,#1382,.T.);
#2865=EDGE_CURVE('',#2324,#2326,#1383,.T.);
#2866=EDGE_CURVE('',#2327,#2328,#1384,.T.);
#2867=EDGE_CURVE('',#2328,#2196,#1060,.T.);
#2868=EDGE_CURVE('',#2197,#2327,#1061,.T.);
#2869=EDGE_CURVE('',#2328,#2329,#1385,.T.);
#2870=EDGE_CURVE('',#2198,#2329,#1062,.T.);
#2871=EDGE_CURVE('',#2330,#2327,#1386,.T.);
#2872=EDGE_CURVE('',#2199,#2330,#1063,.T.);
#2873=EDGE_CURVE('',#2329,#2330,#1387,.T.);
#2874=EDGE_CURVE('',#2328,#2331,#1388,.T.);
#2875=EDGE_CURVE('',#2332,#2331,#1389,.T.);
#2876=EDGE_CURVE('',#2329,#2332,#1390,.T.);
#2877=EDGE_CURVE('',#2327,#2333,#1391,.T.);
#2878=EDGE_CURVE('',#2331,#2333,#1392,.T.);
#2879=EDGE_CURVE('',#2334,#2335,#1393,.T.);
#2880=EDGE_CURVE('',#2335,#2233,#1064,.T.);
#2881=EDGE_CURVE('',#2234,#2334,#1065,.T.);
#2882=EDGE_CURVE('',#2335,#2336,#1394,.T.);
#2883=EDGE_CURVE('',#2235,#2336,#1066,.T.);
#2884=EDGE_CURVE('',#2337,#2334,#1395,.T.);
#2885=EDGE_CURVE('',#2236,#2337,#1067,.T.);
#2886=EDGE_CURVE('',#2336,#2337,#1396,.T.);
#2887=EDGE_CURVE('',#2335,#2338,#1397,.T.);
#2888=EDGE_CURVE('',#2339,#2338,#1398,.T.);
#2889=EDGE_CURVE('',#2336,#2339,#1399,.T.);
#2890=EDGE_CURVE('',#2334,#2340,#1400,.T.);
#2891=EDGE_CURVE('',#2338,#2340,#1401,.T.);
#2892=EDGE_CURVE('',#2341,#2342,#269,.T.);
#2893=EDGE_CURVE('',#2342,#2200,#270,.T.);
#2894=EDGE_CURVE('',#2342,#2341,#271,.T.);
#2895=EDGE_CURVE('',#2343,#2344,#272,.T.);
#2896=EDGE_CURVE('',#2343,#2341,#1402,.T.);
#2897=EDGE_CURVE('',#2344,#2343,#273,.T.);
#2898=EDGE_CURVE('',#2345,#2346,#1403,.T.);
#2899=EDGE_CURVE('',#2346,#2229,#1068,.T.);
#2900=EDGE_CURVE('',#2230,#2345,#1069,.T.);
#2901=EDGE_CURVE('',#2346,#2347,#1404,.T.);
#2902=EDGE_CURVE('',#2231,#2347,#1070,.T.);
#2903=EDGE_CURVE('',#2348,#2345,#1405,.T.);
#2904=EDGE_CURVE('',#2232,#2348,#1071,.T.);
#2905=EDGE_CURVE('',#2347,#2348,#1406,.T.);
#2906=EDGE_CURVE('',#2346,#2349,#1407,.T.);
#2907=EDGE_CURVE('',#2350,#2349,#1408,.T.);
#2908=EDGE_CURVE('',#2347,#2350,#1409,.T.);
#2909=EDGE_CURVE('',#2345,#2351,#1410,.T.);
#2910=EDGE_CURVE('',#2349,#2351,#1411,.T.);
#2911=EDGE_CURVE('',#2352,#2353,#1412,.T.);
#2912=EDGE_CURVE('',#2353,#2201,#1072,.T.);
#2913=EDGE_CURVE('',#2202,#2352,#1073,.T.);
#2914=EDGE_CURVE('',#2353,#2354,#1413,.T.);
#2915=EDGE_CURVE('',#2203,#2354,#1074,.T.);
#2916=EDGE_CURVE('',#2355,#2352,#1414,.T.);
#2917=EDGE_CURVE('',#2204,#2355,#1075,.T.);
#2918=EDGE_CURVE('',#2354,#2355,#1415,.T.);
#2919=EDGE_CURVE('',#2353,#2356,#1416,.T.);
#2920=EDGE_CURVE('',#2357,#2356,#1417,.T.);
#2921=EDGE_CURVE('',#2354,#2357,#1418,.T.);
#2922=EDGE_CURVE('',#2352,#2358,#1419,.T.);
#2923=EDGE_CURVE('',#2356,#2358,#1420,.T.);
#2924=EDGE_CURVE('',#2359,#2360,#1421,.T.);
#2925=EDGE_CURVE('',#2360,#2225,#1076,.T.);
#2926=EDGE_CURVE('',#2226,#2359,#1077,.T.);
#2927=EDGE_CURVE('',#2360,#2361,#1422,.T.);
#2928=EDGE_CURVE('',#2227,#2361,#1078,.T.);
#2929=EDGE_CURVE('',#2362,#2359,#1423,.T.);
#2930=EDGE_CURVE('',#2228,#2362,#1079,.T.);
#2931=EDGE_CURVE('',#2361,#2362,#1424,.T.);
#2932=EDGE_CURVE('',#2360,#2363,#1425,.T.);
#2933=EDGE_CURVE('',#2364,#2363,#1426,.T.);
#2934=EDGE_CURVE('',#2361,#2364,#1427,.T.);
#2935=EDGE_CURVE('',#2359,#2365,#1428,.T.);
#2936=EDGE_CURVE('',#2363,#2365,#1429,.T.);
#2937=EDGE_CURVE('',#2366,#2367,#1430,.T.);
#2938=EDGE_CURVE('',#2367,#2205,#1080,.T.);
#2939=EDGE_CURVE('',#2206,#2366,#1081,.T.);
#2940=EDGE_CURVE('',#2367,#2368,#1431,.T.);
#2941=EDGE_CURVE('',#2207,#2368,#1082,.T.);
#2942=EDGE_CURVE('',#2369,#2366,#1432,.T.);
#2943=EDGE_CURVE('',#2208,#2369,#1083,.T.);
#2944=EDGE_CURVE('',#2368,#2369,#1433,.T.);
#2945=EDGE_CURVE('',#2367,#2370,#1434,.T.);
#2946=EDGE_CURVE('',#2371,#2370,#1435,.T.);
#2947=EDGE_CURVE('',#2368,#2371,#1436,.T.);
#2948=EDGE_CURVE('',#2366,#2372,#1437,.T.);
#2949=EDGE_CURVE('',#2370,#2372,#1438,.T.);
#2950=EDGE_CURVE('',#2373,#2374,#1439,.T.);
#2951=EDGE_CURVE('',#2374,#2221,#1084,.T.);
#2952=EDGE_CURVE('',#2222,#2373,#1085,.T.);
#2953=EDGE_CURVE('',#2374,#2375,#1440,.T.);
#2954=EDGE_CURVE('',#2223,#2375,#1086,.T.);
#2955=EDGE_CURVE('',#2376,#2373,#1441,.T.);
#2956=EDGE_CURVE('',#2224,#2376,#1087,.T.);
#2957=EDGE_CURVE('',#2375,#2376,#1442,.T.);
#2958=EDGE_CURVE('',#2374,#2377,#1443,.T.);
#2959=EDGE_CURVE('',#2378,#2377,#1444,.T.);
#2960=EDGE_CURVE('',#2375,#2378,#1445,.T.);
#2961=EDGE_CURVE('',#2373,#2379,#1446,.T.);
#2962=EDGE_CURVE('',#2377,#2379,#1447,.T.);
#2963=EDGE_CURVE('',#2380,#2381,#1448,.T.);
#2964=EDGE_CURVE('',#2381,#2209,#1088,.T.);
#2965=EDGE_CURVE('',#2210,#2380,#1089,.T.);
#2966=EDGE_CURVE('',#2381,#2382,#1449,.T.);
#2967=EDGE_CURVE('',#2211,#2382,#1090,.T.);
#2968=EDGE_CURVE('',#2383,#2380,#1450,.T.);
#2969=EDGE_CURVE('',#2212,#2383,#1091,.T.);
#2970=EDGE_CURVE('',#2382,#2383,#1451,.T.);
#2971=EDGE_CURVE('',#2381,#2384,#1452,.T.);
#2972=EDGE_CURVE('',#2385,#2384,#1453,.T.);
#2973=EDGE_CURVE('',#2382,#2385,#1454,.T.);
#2974=EDGE_CURVE('',#2380,#2386,#1455,.T.);
#2975=EDGE_CURVE('',#2384,#2386,#1456,.T.);
#2976=EDGE_CURVE('',#2387,#2388,#1457,.T.);
#2977=EDGE_CURVE('',#2388,#2217,#1092,.T.);
#2978=EDGE_CURVE('',#2218,#2387,#1093,.T.);
#2979=EDGE_CURVE('',#2388,#2389,#1458,.T.);
#2980=EDGE_CURVE('',#2219,#2389,#1094,.T.);
#2981=EDGE_CURVE('',#2390,#2387,#1459,.T.);
#2982=EDGE_CURVE('',#2220,#2390,#1095,.T.);
#2983=EDGE_CURVE('',#2389,#2390,#1460,.T.);
#2984=EDGE_CURVE('',#2388,#2391,#1461,.T.);
#2985=EDGE_CURVE('',#2392,#2391,#1462,.T.);
#2986=EDGE_CURVE('',#2389,#2392,#1463,.T.);
#2987=EDGE_CURVE('',#2387,#2393,#1464,.T.);
#2988=EDGE_CURVE('',#2391,#2393,#1465,.T.);
#2989=EDGE_CURVE('',#2394,#2395,#1466,.T.);
#2990=EDGE_CURVE('',#2395,#2213,#1096,.T.);
#2991=EDGE_CURVE('',#2214,#2394,#1097,.T.);
#2992=EDGE_CURVE('',#2395,#2396,#1467,.T.);
#2993=EDGE_CURVE('',#2215,#2396,#1098,.T.);
#2994=EDGE_CURVE('',#2397,#2394,#1468,.T.);
#2995=EDGE_CURVE('',#2216,#2397,#1099,.T.);
#2996=EDGE_CURVE('',#2396,#2397,#1469,.T.);
#2997=EDGE_CURVE('',#2395,#2398,#1470,.T.);
#2998=EDGE_CURVE('',#2399,#2398,#1471,.T.);
#2999=EDGE_CURVE('',#2396,#2399,#1472,.T.);
#3000=EDGE_CURVE('',#2394,#2400,#1473,.T.);
#3001=EDGE_CURVE('',#2398,#2400,#1474,.T.);
#3002=EDGE_CURVE('',#2401,#2402,#1475,.T.);
#3003=EDGE_CURVE('',#2402,#2403,#1100,.T.);
#3004=EDGE_CURVE('',#2403,#2260,#1476,.T.);
#3005=EDGE_CURVE('',#2401,#2260,#1101,.T.);
#3006=EDGE_CURVE('',#2402,#2404,#1477,.T.);
#3007=EDGE_CURVE('',#2404,#2261,#1102,.T.);
#3008=EDGE_CURVE('',#2261,#2403,#1478,.T.);
#3009=EDGE_CURVE('',#2404,#2405,#1479,.T.);
#3010=EDGE_CURVE('',#2405,#2259,#1103,.T.);
#3011=EDGE_CURVE('',#2405,#2401,#1480,.T.);
#3012=EDGE_CURVE('',#2258,#2403,#1481,.F.);
#3013=EDGE_CURVE('',#2406,#2407,#1482,.T.);
#3014=EDGE_CURVE('',#2408,#2406,#1483,.T.);
#3015=EDGE_CURVE('',#2409,#2408,#1484,.T.);
#3016=EDGE_CURVE('',#2410,#2409,#274,.T.);
#3017=EDGE_CURVE('',#2411,#2410,#1485,.T.);
#3018=EDGE_CURVE('',#2412,#2411,#275,.T.);
#3019=EDGE_CURVE('',#2413,#2412,#1486,.T.);
#3020=EDGE_CURVE('',#2414,#2413,#276,.T.);
#3021=EDGE_CURVE('',#2415,#2414,#1487,.T.);
#3022=EDGE_CURVE('',#2416,#2415,#277,.T.);
#3023=EDGE_CURVE('',#2417,#2416,#278,.T.);
#3024=EDGE_CURVE('',#2418,#2417,#1488,.T.);
#3025=EDGE_CURVE('',#2419,#2418,#279,.T.);
#3026=EDGE_CURVE('',#2420,#2419,#1489,.T.);
#3027=EDGE_CURVE('',#2421,#2420,#280,.T.);
#3028=EDGE_CURVE('',#2422,#2421,#1490,.T.);
#3029=EDGE_CURVE('',#2423,#2422,#281,.T.);
#3030=EDGE_CURVE('',#2424,#2423,#1491,.T.);
#3031=EDGE_CURVE('',#2425,#2424,#282,.T.);
#3032=EDGE_CURVE('',#2426,#2425,#1492,.T.);
#3033=EDGE_CURVE('',#2427,#2426,#283,.T.);
#3034=EDGE_CURVE('',#2428,#2427,#1493,.T.);
#3035=EDGE_CURVE('',#2429,#2428,#284,.T.);
#3036=EDGE_CURVE('',#2430,#2429,#1494,.T.);
#3037=EDGE_CURVE('',#2431,#2430,#285,.T.);
#3038=EDGE_CURVE('',#2432,#2431,#1495,.T.);
#3039=EDGE_CURVE('',#2433,#2432,#286,.T.);
#3040=EDGE_CURVE('',#2434,#2433,#1496,.T.);
#3041=EDGE_CURVE('',#2435,#2434,#1497,.T.);
#3042=EDGE_CURVE('',#2407,#2435,#1498,.T.);
#3043=EDGE_CURVE('',#2436,#2436,#287,.T.);
#3044=EDGE_CURVE('',#2437,#2437,#288,.T.);
#3045=EDGE_CURVE('',#2438,#2439,#1499,.T.);
#3046=EDGE_CURVE('',#2440,#2438,#1500,.T.);
#3047=EDGE_CURVE('',#2441,#2440,#1501,.T.);
#3048=EDGE_CURVE('',#2439,#2441,#1502,.T.);
#3049=EDGE_CURVE('',#2442,#2443,#1503,.T.);
#3050=EDGE_CURVE('',#2444,#2442,#1504,.T.);
#3051=EDGE_CURVE('',#2445,#2444,#1505,.T.);
#3052=EDGE_CURVE('',#2443,#2445,#1506,.T.);
#3053=EDGE_CURVE('',#2446,#2447,#1507,.T.);
#3054=EDGE_CURVE('',#2448,#2446,#1508,.T.);
#3055=EDGE_CURVE('',#2449,#2448,#1509,.T.);
#3056=EDGE_CURVE('',#2447,#2449,#1510,.T.);
#3057=EDGE_CURVE('',#2450,#2451,#1511,.T.);
#3058=EDGE_CURVE('',#2452,#2450,#1512,.T.);
#3059=EDGE_CURVE('',#2453,#2452,#1513,.T.);
#3060=EDGE_CURVE('',#2451,#2453,#1514,.T.);
#3061=EDGE_CURVE('',#2454,#2455,#1515,.T.);
#3062=EDGE_CURVE('',#2456,#2454,#1516,.T.);
#3063=EDGE_CURVE('',#2457,#2456,#1517,.T.);
#3064=EDGE_CURVE('',#2455,#2457,#1518,.T.);
#3065=EDGE_CURVE('',#2458,#2459,#1519,.T.);
#3066=EDGE_CURVE('',#2460,#2458,#1520,.T.);
#3067=EDGE_CURVE('',#2461,#2460,#1521,.T.);
#3068=EDGE_CURVE('',#2459,#2461,#1522,.T.);
#3069=EDGE_CURVE('',#2462,#2463,#1523,.T.);
#3070=EDGE_CURVE('',#2464,#2462,#1524,.T.);
#3071=EDGE_CURVE('',#2465,#2464,#1525,.T.);
#3072=EDGE_CURVE('',#2463,#2465,#1526,.T.);
#3073=EDGE_CURVE('',#2466,#2467,#1527,.T.);
#3074=EDGE_CURVE('',#2468,#2466,#1528,.T.);
#3075=EDGE_CURVE('',#2469,#2468,#1529,.T.);
#3076=EDGE_CURVE('',#2467,#2469,#1530,.T.);
#3077=EDGE_CURVE('',#2470,#2471,#1531,.T.);
#3078=EDGE_CURVE('',#2472,#2470,#1532,.T.);
#3079=EDGE_CURVE('',#2473,#2472,#1533,.T.);
#3080=EDGE_CURVE('',#2471,#2473,#1534,.T.);
#3081=EDGE_CURVE('',#2474,#2475,#1535,.T.);
#3082=EDGE_CURVE('',#2476,#2474,#1536,.T.);
#3083=EDGE_CURVE('',#2477,#2476,#1537,.T.);
#3084=EDGE_CURVE('',#2475,#2477,#1538,.T.);
#3085=EDGE_CURVE('',#2478,#2479,#1539,.T.);
#3086=EDGE_CURVE('',#2480,#2478,#1540,.T.);
#3087=EDGE_CURVE('',#2481,#2480,#1541,.T.);
#3088=EDGE_CURVE('',#2479,#2481,#1542,.T.);
#3089=EDGE_CURVE('',#2482,#2483,#1543,.T.);
#3090=EDGE_CURVE('',#2484,#2482,#1544,.T.);
#3091=EDGE_CURVE('',#2485,#2484,#1545,.T.);
#3092=EDGE_CURVE('',#2483,#2485,#1546,.T.);
#3093=EDGE_CURVE('',#2486,#2487,#1547,.T.);
#3094=EDGE_CURVE('',#2488,#2486,#1548,.T.);
#3095=EDGE_CURVE('',#2489,#2488,#1549,.T.);
#3096=EDGE_CURVE('',#2487,#2489,#1550,.T.);
#3097=EDGE_CURVE('',#2490,#2490,#289,.T.);
#3098=EDGE_CURVE('',#2491,#2492,#1551,.T.);
#3099=EDGE_CURVE('',#2493,#2491,#1552,.T.);
#3100=EDGE_CURVE('',#2494,#2493,#1553,.T.);
#3101=EDGE_CURVE('',#2492,#2494,#1554,.T.);
#3102=EDGE_CURVE('',#2495,#2496,#1555,.T.);
#3103=EDGE_CURVE('',#2497,#2495,#1556,.T.);
#3104=EDGE_CURVE('',#2498,#2497,#1557,.T.);
#3105=EDGE_CURVE('',#2496,#2498,#1558,.T.);
#3106=EDGE_CURVE('',#2499,#2499,#290,.T.);
#3107=EDGE_CURVE('',#2500,#2501,#1559,.T.);
#3108=EDGE_CURVE('',#2502,#2500,#1560,.T.);
#3109=EDGE_CURVE('',#2503,#2502,#1561,.T.);
#3110=EDGE_CURVE('',#2501,#2503,#1562,.T.);
#3111=EDGE_CURVE('',#2504,#2504,#291,.T.);
#3112=EDGE_CURVE('',#2505,#2506,#1563,.T.);
#3113=EDGE_CURVE('',#2507,#2505,#1564,.T.);
#3114=EDGE_CURVE('',#2508,#2507,#1565,.T.);
#3115=EDGE_CURVE('',#2506,#2508,#1566,.T.);
#3116=EDGE_CURVE('',#2436,#2265,#292,.T.);
#3117=EDGE_CURVE('',#2506,#2509,#1104,.T.);
#3118=EDGE_CURVE('',#2509,#2271,#1567,.T.);
#3119=EDGE_CURVE('',#2505,#2271,#1105,.T.);
#3120=EDGE_CURVE('',#2508,#2272,#1106,.T.);
#3121=EDGE_CURVE('',#2272,#2509,#1568,.T.);
#3122=EDGE_CURVE('',#2507,#2270,#1107,.T.);
#3123=EDGE_CURVE('',#2269,#2509,#1569,.T.);
#3124=EDGE_CURVE('',#2437,#2276,#293,.T.);
#3125=EDGE_CURVE('',#2504,#2280,#294,.T.);
#3126=EDGE_CURVE('',#2439,#2510,#1108,.T.);
#3127=EDGE_CURVE('',#2510,#2286,#1570,.T.);
#3128=EDGE_CURVE('',#2438,#2286,#1109,.T.);
#3129=EDGE_CURVE('',#2441,#2287,#1110,.T.);
#3130=EDGE_CURVE('',#2287,#2510,#1571,.T.);
#3131=EDGE_CURVE('',#2440,#2285,#1111,.T.);
#3132=EDGE_CURVE('',#2284,#2510,#1572,.F.);
#3133=EDGE_CURVE('',#2501,#2511,#1112,.T.);
#3134=EDGE_CURVE('',#2511,#2293,#1573,.T.);
#3135=EDGE_CURVE('',#2500,#2293,#1113,.T.);
#3136=EDGE_CURVE('',#2503,#2294,#1114,.T.);
#3137=EDGE_CURVE('',#2294,#2511,#1574,.T.);
#3138=EDGE_CURVE('',#2502,#2292,#1115,.T.);
#3139=EDGE_CURVE('',#2291,#2511,#1575,.F.);
#3140=EDGE_CURVE('',#2443,#2512,#1116,.T.);
#3141=EDGE_CURVE('',#2512,#2300,#1576,.T.);
#3142=EDGE_CURVE('',#2442,#2300,#1117,.T.);
#3143=EDGE_CURVE('',#2445,#2301,#1118,.T.);
#3144=EDGE_CURVE('',#2301,#2512,#1577,.T.);
#3145=EDGE_CURVE('',#2444,#2299,#1119,.T.);
#3146=EDGE_CURVE('',#2298,#2512,#1578,.F.);
#3147=EDGE_CURVE('',#2499,#2305,#295,.T.);
#3148=EDGE_CURVE('',#2447,#2513,#1120,.T.);
#3149=EDGE_CURVE('',#2513,#2311,#1579,.T.);
#3150=EDGE_CURVE('',#2446,#2311,#1121,.T.);
#3151=EDGE_CURVE('',#2449,#2312,#1122,.T.);
#3152=EDGE_CURVE('',#2312,#2513,#1580,.T.);
#3153=EDGE_CURVE('',#2448,#2310,#1123,.T.);
#3154=EDGE_CURVE('',#2309,#2513,#1581,.T.);
#3155=EDGE_CURVE('',#2496,#2514,#1124,.T.);
#3156=EDGE_CURVE('',#2514,#2318,#1582,.T.);
#3157=EDGE_CURVE('',#2495,#2318,#1125,.T.);
#3158=EDGE_CURVE('',#2498,#2319,#1126,.T.);
#3159=EDGE_CURVE('',#2319,#2514,#1583,.T.);
#3160=EDGE_CURVE('',#2497,#2317,#1127,.T.);
#3161=EDGE_CURVE('',#2316,#2514,#1584,.F.);
#3162=EDGE_CURVE('',#2451,#2515,#1128,.T.);
#3163=EDGE_CURVE('',#2515,#2325,#1585,.T.);
#3164=EDGE_CURVE('',#2450,#2325,#1129,.T.);
#3165=EDGE_CURVE('',#2453,#2326,#1130,.T.);
#3166=EDGE_CURVE('',#2326,#2515,#1586,.T.);
#3167=EDGE_CURVE('',#2452,#2324,#1131,.T.);
#3168=EDGE_CURVE('',#2323,#2515,#1587,.F.);
#3169=EDGE_CURVE('',#2492,#2516,#1132,.T.);
#3170=EDGE_CURVE('',#2516,#2332,#1588,.T.);
#3171=EDGE_CURVE('',#2491,#2332,#1133,.T.);
#3172=EDGE_CURVE('',#2494,#2333,#1134,.T.);
#3173=EDGE_CURVE('',#2333,#2516,#1589,.T.);
#3174=EDGE_CURVE('',#2493,#2331,#1135,.T.);
#3175=EDGE_CURVE('',#2330,#2516,#1590,.F.);
#3176=EDGE_CURVE('',#2455,#2517,#1136,.T.);
#3177=EDGE_CURVE('',#2517,#2339,#1591,.T.);
#3178=EDGE_CURVE('',#2454,#2339,#1137,.T.);
#3179=EDGE_CURVE('',#2457,#2340,#1138,.T.);
#3180=EDGE_CURVE('',#2340,#2517,#1592,.T.);
#3181=EDGE_CURVE('',#2456,#2338,#1139,.T.);
#3182=EDGE_CURVE('',#2337,#2517,#1593,.F.);
#3183=EDGE_CURVE('',#2490,#2344,#296,.T.);
#3184=EDGE_CURVE('',#2459,#2518,#1140,.T.);
#3185=EDGE_CURVE('',#2518,#2350,#1594,.T.);
#3186=EDGE_CURVE('',#2458,#2350,#1141,.T.);
#3187=EDGE_CURVE('',#2461,#2351,#1142,.T.);
#3188=EDGE_CURVE('',#2351,#2518,#1595,.T.);
#3189=EDGE_CURVE('',#2460,#2349,#1143,.T.);
#3190=EDGE_CURVE('',#2348,#2518,#1596,.F.);
#3191=EDGE_CURVE('',#2487,#2519,#1144,.T.);
#3192=EDGE_CURVE('',#2519,#2357,#1597,.T.);
#3193=EDGE_CURVE('',#2486,#2357,#1145,.T.);
#3194=EDGE_CURVE('',#2489,#2358,#1146,.T.);
#3195=EDGE_CURVE('',#2358,#2519,#1598,.T.);
#3196=EDGE_CURVE('',#2488,#2356,#1147,.T.);
#3197=EDGE_CURVE('',#2355,#2519,#1599,.F.);
#3198=EDGE_CURVE('',#2463,#2520,#1148,.T.);
#3199=EDGE_CURVE('',#2520,#2364,#1600,.T.);
#3200=EDGE_CURVE('',#2462,#2364,#1149,.T.);
#3201=EDGE_CURVE('',#2465,#2365,#1150,.T.);
#3202=EDGE_CURVE('',#2365,#2520,#1601,.T.);
#3203=EDGE_CURVE('',#2464,#2363,#1151,.T.);
#3204=EDGE_CURVE('',#2362,#2520,#1602,.F.);
#3205=EDGE_CURVE('',#2483,#2521,#1152,.T.);
#3206=EDGE_CURVE('',#2521,#2371,#1603,.T.);
#3207=EDGE_CURVE('',#2482,#2371,#1153,.T.);
#3208=EDGE_CURVE('',#2485,#2372,#1154,.T.);
#3209=EDGE_CURVE('',#2372,#2521,#1604,.T.);
#3210=EDGE_CURVE('',#2484,#2370,#1155,.T.);
#3211=EDGE_CURVE('',#2369,#2521,#1605,.F.);
#3212=EDGE_CURVE('',#2467,#2522,#1156,.T.);
#3213=EDGE_CURVE('',#2522,#2378,#1606,.T.);
#3214=EDGE_CURVE('',#2466,#2378,#1157,.T.);
#3215=EDGE_CURVE('',#2469,#2379,#1158,.T.);
#3216=EDGE_CURVE('',#2379,#2522,#1607,.T.);
#3217=EDGE_CURVE('',#2468,#2377,#1159,.T.);
#3218=EDGE_CURVE('',#2376,#2522,#1608,.F.);
#3219=EDGE_CURVE('',#2479,#2523,#1160,.T.);
#3220=EDGE_CURVE('',#2523,#2385,#1609,.T.);
#3221=EDGE_CURVE('',#2478,#2385,#1161,.T.);
#3222=EDGE_CURVE('',#2481,#2386,#1162,.T.);
#3223=EDGE_CURVE('',#2386,#2523,#1610,.T.);
#3224=EDGE_CURVE('',#2480,#2384,#1163,.T.);
#3225=EDGE_CURVE('',#2383,#2523,#1611,.F.);
#3226=EDGE_CURVE('',#2471,#2524,#1164,.T.);
#3227=EDGE_CURVE('',#2524,#2392,#1612,.T.);
#3228=EDGE_CURVE('',#2470,#2392,#1165,.T.);
#3229=EDGE_CURVE('',#2473,#2393,#1166,.T.);
#3230=EDGE_CURVE('',#2393,#2524,#1613,.T.);
#3231=EDGE_CURVE('',#2472,#2391,#1167,.T.);
#3232=EDGE_CURVE('',#2390,#2524,#1614,.F.);
#3233=EDGE_CURVE('',#2475,#2525,#1168,.T.);
#3234=EDGE_CURVE('',#2525,#2399,#1615,.T.);
#3235=EDGE_CURVE('',#2474,#2399,#1169,.T.);
#3236=EDGE_CURVE('',#2477,#2400,#1170,.T.);
#3237=EDGE_CURVE('',#2400,#2525,#1616,.T.);
#3238=EDGE_CURVE('',#2476,#2398,#1171,.T.);
#3239=EDGE_CURVE('',#2397,#2525,#1617,.F.);
#3240=EDGE_CURVE('',#2407,#2174,#1172,.T.);
#3241=EDGE_CURVE('',#2406,#2175,#1173,.T.);
#3242=EDGE_CURVE('',#2435,#2173,#1174,.T.);
#3243=EDGE_CURVE('',#2176,#2408,#331,.T.);
#3244=EDGE_CURVE('',#2434,#2172,#1175,.T.);
#3245=EDGE_CURVE('',#2433,#2171,#297,.T.);
#3246=EDGE_CURVE('',#2432,#2170,#298,.T.);
#3247=EDGE_CURVE('',#2431,#2169,#299,.T.);
#3248=EDGE_CURVE('',#2430,#2168,#300,.T.);
#3249=EDGE_CURVE('',#2429,#2167,#301,.T.);
#3250=EDGE_CURVE('',#2428,#2166,#302,.T.);
#3251=EDGE_CURVE('',#2427,#2165,#303,.T.);
#3252=EDGE_CURVE('',#2426,#2164,#304,.T.);
#3253=EDGE_CURVE('',#2425,#2162,#305,.T.);
#3254=EDGE_CURVE('',#2424,#2163,#306,.T.);
#3255=EDGE_CURVE('',#2423,#2526,#307,.T.);
#3256=EDGE_CURVE('',#2526,#2163,#1618,.T.);
#3257=EDGE_CURVE('',#2422,#2527,#308,.T.);
#3258=EDGE_CURVE('',#2527,#2526,#309,.T.);
#3259=EDGE_CURVE('',#2421,#2528,#310,.T.);
#3260=EDGE_CURVE('',#2528,#2527,#1619,.T.);
#3261=EDGE_CURVE('',#2420,#2529,#311,.T.);
#3262=EDGE_CURVE('',#2529,#2528,#312,.T.);
#3263=EDGE_CURVE('',#2419,#2530,#313,.T.);
#3264=EDGE_CURVE('',#2530,#2529,#1620,.T.);
#3265=EDGE_CURVE('',#2418,#2531,#314,.T.);
#3266=EDGE_CURVE('',#2531,#2530,#315,.T.);
#3267=EDGE_CURVE('',#2417,#2532,#316,.T.);
#3268=EDGE_CURVE('',#2532,#2531,#1621,.T.);
#3269=EDGE_CURVE('',#2416,#2533,#317,.T.);
#3270=EDGE_CURVE('',#2533,#2532,#318,.T.);
#3271=EDGE_CURVE('',#2415,#2534,#319,.T.);
#3272=EDGE_CURVE('',#2534,#2533,#320,.T.);
#3273=EDGE_CURVE('',#2414,#2535,#321,.T.);
#3274=EDGE_CURVE('',#2535,#2534,#1622,.T.);
#3275=EDGE_CURVE('',#2413,#2536,#322,.T.);
#3276=EDGE_CURVE('',#2536,#2535,#323,.T.);
#3277=EDGE_CURVE('',#2412,#2537,#324,.T.);
#3278=EDGE_CURVE('',#2537,#2536,#1623,.T.);
#3279=EDGE_CURVE('',#2411,#2538,#325,.T.);
#3280=EDGE_CURVE('',#2538,#2537,#326,.T.);
#3281=EDGE_CURVE('',#2410,#2539,#327,.T.);
#3282=EDGE_CURVE('',#2539,#2538,#1624,.T.);
#3283=EDGE_CURVE('',#2409,#2177,#328,.T.);
#3284=EDGE_CURVE('',#2177,#2539,#329,.T.);
#3285=EDGE_CURVE('',#2133,#2528,#1625,.T.);
#3286=EDGE_CURVE('',#2529,#2131,#1626,.T.);
#3287=EDGE_CURVE('',#2129,#2530,#1627,.T.);
#3288=EDGE_CURVE('',#2531,#2127,#1628,.T.);
#3289=EDGE_CURVE('',#2125,#2532,#1629,.T.);
#3290=EDGE_CURVE('',#2123,#2533,#1630,.T.);
#3291=EDGE_CURVE('',#2534,#2121,#1631,.T.);
#3292=EDGE_CURVE('',#2119,#2535,#1632,.T.);
#3293=EDGE_CURVE('',#2536,#2117,#1633,.T.);
#3294=EDGE_CURVE('',#2115,#2537,#1634,.T.);
#3295=EDGE_CURVE('',#2538,#2113,#1635,.T.);
#3296=EDGE_CURVE('',#2111,#2539,#1636,.T.);
#3297=EDGE_CURVE('',#2137,#2526,#1637,.T.);
#3298=EDGE_CURVE('',#2527,#2135,#1638,.T.);
#3299=ORIENTED_EDGE('',*,*,#2540,.T.);
#3300=ORIENTED_EDGE('',*,*,#2541,.T.);
#3301=ORIENTED_EDGE('',*,*,#2542,.T.);
#3302=ORIENTED_EDGE('',*,*,#2543,.F.);
#3303=ORIENTED_EDGE('',*,*,#2544,.T.);
#3304=ORIENTED_EDGE('',*,*,#2545,.T.);
#3305=ORIENTED_EDGE('',*,*,#2546,.T.);
#3306=ORIENTED_EDGE('',*,*,#2547,.T.);
#3307=ORIENTED_EDGE('',*,*,#2548,.T.);
#3308=ORIENTED_EDGE('',*,*,#2549,.T.);
#3309=ORIENTED_EDGE('',*,*,#2546,.F.);
#3310=ORIENTED_EDGE('',*,*,#2550,.T.);
#3311=ORIENTED_EDGE('',*,*,#2551,.T.);
#3312=ORIENTED_EDGE('',*,*,#2552,.T.);
#3313=ORIENTED_EDGE('',*,*,#2548,.F.);
#3314=ORIENTED_EDGE('',*,*,#2553,.T.);
#3315=ORIENTED_EDGE('',*,*,#2554,.T.);
#3316=ORIENTED_EDGE('',*,*,#2555,.T.);
#3317=ORIENTED_EDGE('',*,*,#2551,.F.);
#3318=ORIENTED_EDGE('',*,*,#2556,.T.);
#3319=ORIENTED_EDGE('',*,*,#2557,.T.);
#3320=ORIENTED_EDGE('',*,*,#2558,.T.);
#3321=ORIENTED_EDGE('',*,*,#2554,.F.);
#3322=ORIENTED_EDGE('',*,*,#2559,.T.);
#3323=ORIENTED_EDGE('',*,*,#2560,.T.);
#3324=ORIENTED_EDGE('',*,*,#2561,.T.);
#3325=ORIENTED_EDGE('',*,*,#2557,.F.);
#3326=ORIENTED_EDGE('',*,*,#2562,.T.);
#3327=ORIENTED_EDGE('',*,*,#2563,.T.);
#3328=ORIENTED_EDGE('',*,*,#2564,.T.);
#3329=ORIENTED_EDGE('',*,*,#2560,.F.);
#3330=ORIENTED_EDGE('',*,*,#2565,.T.);
#3331=ORIENTED_EDGE('',*,*,#2566,.T.);
#3332=ORIENTED_EDGE('',*,*,#2567,.T.);
#3333=ORIENTED_EDGE('',*,*,#2563,.F.);
#3334=ORIENTED_EDGE('',*,*,#2568,.T.);
#3335=ORIENTED_EDGE('',*,*,#2569,.T.);
#3336=ORIENTED_EDGE('',*,*,#2570,.T.);
#3337=ORIENTED_EDGE('',*,*,#2566,.F.);
#3338=ORIENTED_EDGE('',*,*,#2571,.T.);
#3339=ORIENTED_EDGE('',*,*,#2572,.T.);
#3340=ORIENTED_EDGE('',*,*,#2573,.T.);
#3341=ORIENTED_EDGE('',*,*,#2569,.F.);
#3342=ORIENTED_EDGE('',*,*,#2574,.T.);
#3343=ORIENTED_EDGE('',*,*,#2575,.T.);
#3344=ORIENTED_EDGE('',*,*,#2576,.T.);
#3345=ORIENTED_EDGE('',*,*,#2572,.F.);
#3346=ORIENTED_EDGE('',*,*,#2577,.T.);
#3347=ORIENTED_EDGE('',*,*,#2578,.T.);
#3348=ORIENTED_EDGE('',*,*,#2579,.T.);
#3349=ORIENTED_EDGE('',*,*,#2575,.F.);
#3350=ORIENTED_EDGE('',*,*,#2580,.T.);
#3351=ORIENTED_EDGE('',*,*,#2581,.T.);
#3352=ORIENTED_EDGE('',*,*,#2582,.T.);
#3353=ORIENTED_EDGE('',*,*,#2578,.F.);
#3354=ORIENTED_EDGE('',*,*,#2583,.T.);
#3355=ORIENTED_EDGE('',*,*,#2584,.T.);
#3356=ORIENTED_EDGE('',*,*,#2585,.T.);
#3357=ORIENTED_EDGE('',*,*,#2581,.F.);
#3358=ORIENTED_EDGE('',*,*,#2586,.T.);
#3359=ORIENTED_EDGE('',*,*,#2587,.T.);
#3360=ORIENTED_EDGE('',*,*,#2588,.T.);
#3361=ORIENTED_EDGE('',*,*,#2584,.F.);
#3362=ORIENTED_EDGE('',*,*,#2589,.T.);
#3363=ORIENTED_EDGE('',*,*,#2590,.T.);
#3364=ORIENTED_EDGE('',*,*,#2591,.T.);
#3365=ORIENTED_EDGE('',*,*,#2587,.F.);
#3366=ORIENTED_EDGE('',*,*,#2592,.T.);
#3367=ORIENTED_EDGE('',*,*,#2593,.T.);
#3368=ORIENTED_EDGE('',*,*,#2594,.T.);
#3369=ORIENTED_EDGE('',*,*,#2590,.F.);
#3370=ORIENTED_EDGE('',*,*,#2595,.T.);
#3371=ORIENTED_EDGE('',*,*,#2596,.T.);
#3372=ORIENTED_EDGE('',*,*,#2597,.T.);
#3373=ORIENTED_EDGE('',*,*,#2593,.F.);
#3374=ORIENTED_EDGE('',*,*,#2598,.T.);
#3375=ORIENTED_EDGE('',*,*,#2599,.T.);
#3376=ORIENTED_EDGE('',*,*,#2600,.T.);
#3377=ORIENTED_EDGE('',*,*,#2596,.F.);
#3378=ORIENTED_EDGE('',*,*,#2601,.T.);
#3379=ORIENTED_EDGE('',*,*,#2602,.T.);
#3380=ORIENTED_EDGE('',*,*,#2603,.T.);
#3381=ORIENTED_EDGE('',*,*,#2599,.F.);
#3382=ORIENTED_EDGE('',*,*,#2604,.T.);
#3383=ORIENTED_EDGE('',*,*,#2605,.T.);
#3384=ORIENTED_EDGE('',*,*,#2606,.T.);
#3385=ORIENTED_EDGE('',*,*,#2602,.F.);
#3386=ORIENTED_EDGE('',*,*,#2607,.T.);
#3387=ORIENTED_EDGE('',*,*,#2608,.T.);
#3388=ORIENTED_EDGE('',*,*,#2609,.T.);
#3389=ORIENTED_EDGE('',*,*,#2605,.F.);
#3390=ORIENTED_EDGE('',*,*,#2610,.T.);
#3391=ORIENTED_EDGE('',*,*,#2611,.T.);
#3392=ORIENTED_EDGE('',*,*,#2612,.T.);
#3393=ORIENTED_EDGE('',*,*,#2608,.F.);
#3394=ORIENTED_EDGE('',*,*,#2613,.T.);
#3395=ORIENTED_EDGE('',*,*,#2614,.T.);
#3396=ORIENTED_EDGE('',*,*,#2615,.T.);
#3397=ORIENTED_EDGE('',*,*,#2611,.F.);
#3398=ORIENTED_EDGE('',*,*,#2616,.T.);
#3399=ORIENTED_EDGE('',*,*,#2617,.T.);
#3400=ORIENTED_EDGE('',*,*,#2618,.T.);
#3401=ORIENTED_EDGE('',*,*,#2614,.F.);
#3402=ORIENTED_EDGE('',*,*,#2619,.T.);
#3403=ORIENTED_EDGE('',*,*,#2620,.T.);
#3404=ORIENTED_EDGE('',*,*,#2617,.F.);
#3405=ORIENTED_EDGE('',*,*,#2621,.T.);
#3406=ORIENTED_EDGE('',*,*,#2622,.T.);
#3407=ORIENTED_EDGE('',*,*,#2623,.T.);
#3408=ORIENTED_EDGE('',*,*,#2544,.F.);
#3409=ORIENTED_EDGE('',*,*,#2624,.T.);
#3410=ORIENTED_EDGE('',*,*,#2541,.F.);
#3411=ORIENTED_EDGE('',*,*,#2625,.T.);
#3412=ORIENTED_EDGE('',*,*,#2622,.F.);
#3413=ORIENTED_EDGE('',*,*,#2626,.T.);
#3414=ORIENTED_EDGE('',*,*,#2627,.T.);
#3415=ORIENTED_EDGE('',*,*,#2628,.T.);
#3416=ORIENTED_EDGE('',*,*,#2627,.F.);
#3417=ORIENTED_EDGE('',*,*,#2629,.T.);
#3418=ORIENTED_EDGE('',*,*,#2543,.T.);
#3419=ORIENTED_EDGE('',*,*,#2594,.F.);
#3420=ORIENTED_EDGE('',*,*,#2630,.T.);
#3421=ORIENTED_EDGE('',*,*,#2631,.F.);
#3422=ORIENTED_EDGE('',*,*,#2632,.T.);
#3423=ORIENTED_EDGE('',*,*,#2597,.F.);
#3424=ORIENTED_EDGE('',*,*,#2633,.F.);
#3425=ORIENTED_EDGE('',*,*,#2634,.F.);
#3426=ORIENTED_EDGE('',*,*,#2630,.F.);
#3427=ORIENTED_EDGE('',*,*,#2600,.F.);
#3428=ORIENTED_EDGE('',*,*,#2635,.T.);
#3429=ORIENTED_EDGE('',*,*,#2636,.F.);
#3430=ORIENTED_EDGE('',*,*,#2633,.T.);
#3431=ORIENTED_EDGE('',*,*,#2603,.F.);
#3432=ORIENTED_EDGE('',*,*,#2637,.F.);
#3433=ORIENTED_EDGE('',*,*,#2638,.F.);
#3434=ORIENTED_EDGE('',*,*,#2635,.F.);
#3435=ORIENTED_EDGE('',*,*,#2606,.F.);
#3436=ORIENTED_EDGE('',*,*,#2639,.T.);
#3437=ORIENTED_EDGE('',*,*,#2640,.F.);
#3438=ORIENTED_EDGE('',*,*,#2637,.T.);
#3439=ORIENTED_EDGE('',*,*,#2609,.F.);
#3440=ORIENTED_EDGE('',*,*,#2641,.F.);
#3441=ORIENTED_EDGE('',*,*,#2642,.F.);
#3442=ORIENTED_EDGE('',*,*,#2639,.F.);
#3443=ORIENTED_EDGE('',*,*,#2612,.F.);
#3444=ORIENTED_EDGE('',*,*,#2643,.T.);
#3445=ORIENTED_EDGE('',*,*,#2644,.F.);
#3446=ORIENTED_EDGE('',*,*,#2641,.T.);
#3447=ORIENTED_EDGE('',*,*,#2615,.F.);
#3448=ORIENTED_EDGE('',*,*,#2645,.F.);
#3449=ORIENTED_EDGE('',*,*,#2646,.F.);
#3450=ORIENTED_EDGE('',*,*,#2643,.F.);
#3451=ORIENTED_EDGE('',*,*,#2618,.F.);
#3452=ORIENTED_EDGE('',*,*,#2647,.T.);
#3453=ORIENTED_EDGE('',*,*,#2648,.F.);
#3454=ORIENTED_EDGE('',*,*,#2645,.T.);
#3455=ORIENTED_EDGE('',*,*,#2620,.F.);
#3456=ORIENTED_EDGE('',*,*,#2649,.T.);
#3457=ORIENTED_EDGE('',*,*,#2650,.F.);
#3458=ORIENTED_EDGE('',*,*,#2647,.F.);
#3459=ORIENTED_EDGE('',*,*,#2625,.F.);
#3460=ORIENTED_EDGE('',*,*,#2651,.T.);
#3461=ORIENTED_EDGE('',*,*,#2652,.F.);
#3462=ORIENTED_EDGE('',*,*,#2649,.F.);
#3463=ORIENTED_EDGE('',*,*,#2628,.F.);
#3464=ORIENTED_EDGE('',*,*,#2653,.T.);
#3465=ORIENTED_EDGE('',*,*,#2654,.F.);
#3466=ORIENTED_EDGE('',*,*,#2651,.F.);
#3467=ORIENTED_EDGE('',*,*,#2542,.F.);
#3468=ORIENTED_EDGE('',*,*,#2655,.T.);
#3469=ORIENTED_EDGE('',*,*,#2656,.F.);
#3470=ORIENTED_EDGE('',*,*,#2653,.F.);
#3471=ORIENTED_EDGE('',*,*,#2624,.F.);
#3472=ORIENTED_EDGE('',*,*,#2657,.T.);
#3473=ORIENTED_EDGE('',*,*,#2658,.F.);
#3474=ORIENTED_EDGE('',*,*,#2655,.F.);
#3475=ORIENTED_EDGE('',*,*,#2547,.F.);
#3476=ORIENTED_EDGE('',*,*,#2659,.F.);
#3477=ORIENTED_EDGE('',*,*,#2660,.F.);
#3478=ORIENTED_EDGE('',*,*,#2657,.F.);
#3479=ORIENTED_EDGE('',*,*,#2545,.F.);
#3480=ORIENTED_EDGE('',*,*,#2623,.F.);
#3481=ORIENTED_EDGE('',*,*,#2540,.F.);
#3482=ORIENTED_EDGE('',*,*,#2629,.F.);
#3483=ORIENTED_EDGE('',*,*,#2626,.F.);
#3484=ORIENTED_EDGE('',*,*,#2621,.F.);
#3485=ORIENTED_EDGE('',*,*,#2619,.F.);
#3486=ORIENTED_EDGE('',*,*,#2616,.F.);
#3487=ORIENTED_EDGE('',*,*,#2613,.F.);
#3488=ORIENTED_EDGE('',*,*,#2610,.F.);
#3489=ORIENTED_EDGE('',*,*,#2607,.F.);
#3490=ORIENTED_EDGE('',*,*,#2604,.F.);
#3491=ORIENTED_EDGE('',*,*,#2601,.F.);
#3492=ORIENTED_EDGE('',*,*,#2598,.F.);
#3493=ORIENTED_EDGE('',*,*,#2595,.F.);
#3494=ORIENTED_EDGE('',*,*,#2592,.F.);
#3495=ORIENTED_EDGE('',*,*,#2589,.F.);
#3496=ORIENTED_EDGE('',*,*,#2586,.F.);
#3497=ORIENTED_EDGE('',*,*,#2583,.F.);
#3498=ORIENTED_EDGE('',*,*,#2580,.F.);
#3499=ORIENTED_EDGE('',*,*,#2577,.F.);
#3500=ORIENTED_EDGE('',*,*,#2574,.F.);
#3501=ORIENTED_EDGE('',*,*,#2571,.F.);
#3502=ORIENTED_EDGE('',*,*,#2568,.F.);
#3503=ORIENTED_EDGE('',*,*,#2565,.F.);
#3504=ORIENTED_EDGE('',*,*,#2562,.F.);
#3505=ORIENTED_EDGE('',*,*,#2559,.F.);
#3506=ORIENTED_EDGE('',*,*,#2556,.F.);
#3507=ORIENTED_EDGE('',*,*,#2553,.F.);
#3508=ORIENTED_EDGE('',*,*,#2550,.F.);
#3509=ORIENTED_EDGE('',*,*,#2661,.F.);
#3510=ORIENTED_EDGE('',*,*,#2662,.F.);
#3511=ORIENTED_EDGE('',*,*,#2663,.F.);
#3512=ORIENTED_EDGE('',*,*,#2664,.F.);
#3513=ORIENTED_EDGE('',*,*,#2665,.F.);
#3514=ORIENTED_EDGE('',*,*,#2666,.F.);
#3515=ORIENTED_EDGE('',*,*,#2667,.F.);
#3516=ORIENTED_EDGE('',*,*,#2668,.F.);
#3517=ORIENTED_EDGE('',*,*,#2669,.F.);
#3518=ORIENTED_EDGE('',*,*,#2670,.F.);
#3519=ORIENTED_EDGE('',*,*,#2671,.F.);
#3520=ORIENTED_EDGE('',*,*,#2672,.F.);
#3521=ORIENTED_EDGE('',*,*,#2673,.F.);
#3522=ORIENTED_EDGE('',*,*,#2674,.F.);
#3523=ORIENTED_EDGE('',*,*,#2675,.F.);
#3524=ORIENTED_EDGE('',*,*,#2676,.F.);
#3525=ORIENTED_EDGE('',*,*,#2677,.F.);
#3526=ORIENTED_EDGE('',*,*,#2678,.F.);
#3527=ORIENTED_EDGE('',*,*,#2679,.F.);
#3528=ORIENTED_EDGE('',*,*,#2680,.F.);
#3529=ORIENTED_EDGE('',*,*,#2681,.F.);
#3530=ORIENTED_EDGE('',*,*,#2682,.F.);
#3531=ORIENTED_EDGE('',*,*,#2683,.F.);
#3532=ORIENTED_EDGE('',*,*,#2684,.F.);
#3533=ORIENTED_EDGE('',*,*,#2685,.F.);
#3534=ORIENTED_EDGE('',*,*,#2686,.F.);
#3535=ORIENTED_EDGE('',*,*,#2687,.F.);
#3536=ORIENTED_EDGE('',*,*,#2688,.F.);
#3537=ORIENTED_EDGE('',*,*,#2689,.F.);
#3538=ORIENTED_EDGE('',*,*,#2690,.F.);
#3539=ORIENTED_EDGE('',*,*,#2691,.F.);
#3540=ORIENTED_EDGE('',*,*,#2692,.F.);
#3541=ORIENTED_EDGE('',*,*,#2693,.F.);
#3542=ORIENTED_EDGE('',*,*,#2694,.F.);
#3543=ORIENTED_EDGE('',*,*,#2695,.F.);
#3544=ORIENTED_EDGE('',*,*,#2696,.F.);
#3545=ORIENTED_EDGE('',*,*,#2697,.F.);
#3546=ORIENTED_EDGE('',*,*,#2698,.F.);
#3547=ORIENTED_EDGE('',*,*,#2699,.F.);
#3548=ORIENTED_EDGE('',*,*,#2700,.F.);
#3549=ORIENTED_EDGE('',*,*,#2701,.F.);
#3550=ORIENTED_EDGE('',*,*,#2702,.F.);
#3551=ORIENTED_EDGE('',*,*,#2703,.F.);
#3552=ORIENTED_EDGE('',*,*,#2704,.F.);
#3553=ORIENTED_EDGE('',*,*,#2705,.F.);
#3554=ORIENTED_EDGE('',*,*,#2706,.F.);
#3555=ORIENTED_EDGE('',*,*,#2707,.F.);
#3556=ORIENTED_EDGE('',*,*,#2708,.F.);
#3557=ORIENTED_EDGE('',*,*,#2709,.F.);
#3558=ORIENTED_EDGE('',*,*,#2710,.F.);
#3559=ORIENTED_EDGE('',*,*,#2711,.F.);
#3560=ORIENTED_EDGE('',*,*,#2712,.F.);
#3561=ORIENTED_EDGE('',*,*,#2713,.F.);
#3562=ORIENTED_EDGE('',*,*,#2714,.F.);
#3563=ORIENTED_EDGE('',*,*,#2715,.F.);
#3564=ORIENTED_EDGE('',*,*,#2716,.F.);
#3565=ORIENTED_EDGE('',*,*,#2717,.F.);
#3566=ORIENTED_EDGE('',*,*,#2718,.F.);
#3567=ORIENTED_EDGE('',*,*,#2719,.F.);
#3568=ORIENTED_EDGE('',*,*,#2720,.F.);
#3569=ORIENTED_EDGE('',*,*,#2721,.F.);
#3570=ORIENTED_EDGE('',*,*,#2722,.F.);
#3571=ORIENTED_EDGE('',*,*,#2723,.F.);
#3572=ORIENTED_EDGE('',*,*,#2724,.F.);
#3573=ORIENTED_EDGE('',*,*,#2725,.F.);
#3574=ORIENTED_EDGE('',*,*,#2726,.F.);
#3575=ORIENTED_EDGE('',*,*,#2727,.F.);
#3576=ORIENTED_EDGE('',*,*,#2728,.F.);
#3577=ORIENTED_EDGE('',*,*,#2729,.F.);
#3578=ORIENTED_EDGE('',*,*,#2730,.F.);
#3579=ORIENTED_EDGE('',*,*,#2731,.F.);
#3580=ORIENTED_EDGE('',*,*,#2732,.F.);
#3581=ORIENTED_EDGE('',*,*,#2733,.F.);
#3582=ORIENTED_EDGE('',*,*,#2734,.F.);
#3583=ORIENTED_EDGE('',*,*,#2735,.F.);
#3584=ORIENTED_EDGE('',*,*,#2736,.F.);
#3585=ORIENTED_EDGE('',*,*,#2737,.F.);
#3586=ORIENTED_EDGE('',*,*,#2738,.T.);
#3587=ORIENTED_EDGE('',*,*,#2739,.T.);
#3588=ORIENTED_EDGE('',*,*,#2661,.T.);
#3589=ORIENTED_EDGE('',*,*,#2740,.T.);
#3590=ORIENTED_EDGE('',*,*,#2662,.T.);
#3591=ORIENTED_EDGE('',*,*,#2739,.F.);
#3592=ORIENTED_EDGE('',*,*,#2741,.T.);
#3593=ORIENTED_EDGE('',*,*,#2742,.F.);
#3594=ORIENTED_EDGE('',*,*,#2743,.T.);
#3595=ORIENTED_EDGE('',*,*,#2740,.F.);
#3596=ORIENTED_EDGE('',*,*,#2664,.T.);
#3597=ORIENTED_EDGE('',*,*,#2744,.T.);
#3598=ORIENTED_EDGE('',*,*,#2745,.T.);
#3599=ORIENTED_EDGE('',*,*,#2744,.F.);
#3600=ORIENTED_EDGE('',*,*,#2663,.T.);
#3601=ORIENTED_EDGE('',*,*,#2742,.T.);
#3602=ORIENTED_EDGE('',*,*,#2741,.F.);
#3603=ORIENTED_EDGE('',*,*,#2746,.T.);
#3604=ORIENTED_EDGE('',*,*,#2747,.F.);
#3605=ORIENTED_EDGE('',*,*,#2748,.F.);
#3606=ORIENTED_EDGE('',*,*,#2738,.F.);
#3607=ORIENTED_EDGE('',*,*,#2749,.T.);
#3608=ORIENTED_EDGE('',*,*,#2750,.F.);
#3609=ORIENTED_EDGE('',*,*,#2746,.F.);
#3610=ORIENTED_EDGE('',*,*,#2751,.T.);
#3611=ORIENTED_EDGE('',*,*,#2752,.T.);
#3612=ORIENTED_EDGE('',*,*,#2737,.T.);
#3613=ORIENTED_EDGE('',*,*,#2752,.F.);
#3614=ORIENTED_EDGE('',*,*,#2753,.T.);
#3615=ORIENTED_EDGE('',*,*,#2754,.F.);
#3616=ORIENTED_EDGE('',*,*,#2755,.T.);
#3617=ORIENTED_EDGE('',*,*,#2753,.F.);
#3618=ORIENTED_EDGE('',*,*,#2751,.F.);
#3619=ORIENTED_EDGE('',*,*,#2755,.F.);
#3620=ORIENTED_EDGE('',*,*,#2756,.F.);
#3621=ORIENTED_EDGE('',*,*,#2757,.T.);
#3622=ORIENTED_EDGE('',*,*,#2758,.T.);
#3623=ORIENTED_EDGE('',*,*,#2665,.T.);
#3624=ORIENTED_EDGE('',*,*,#2759,.T.);
#3625=ORIENTED_EDGE('',*,*,#2666,.T.);
#3626=ORIENTED_EDGE('',*,*,#2758,.F.);
#3627=ORIENTED_EDGE('',*,*,#2760,.T.);
#3628=ORIENTED_EDGE('',*,*,#2761,.F.);
#3629=ORIENTED_EDGE('',*,*,#2762,.T.);
#3630=ORIENTED_EDGE('',*,*,#2759,.F.);
#3631=ORIENTED_EDGE('',*,*,#2668,.T.);
#3632=ORIENTED_EDGE('',*,*,#2763,.T.);
#3633=ORIENTED_EDGE('',*,*,#2764,.T.);
#3634=ORIENTED_EDGE('',*,*,#2763,.F.);
#3635=ORIENTED_EDGE('',*,*,#2667,.T.);
#3636=ORIENTED_EDGE('',*,*,#2761,.T.);
#3637=ORIENTED_EDGE('',*,*,#2760,.F.);
#3638=ORIENTED_EDGE('',*,*,#2765,.T.);
#3639=ORIENTED_EDGE('',*,*,#2766,.F.);
#3640=ORIENTED_EDGE('',*,*,#2767,.F.);
#3641=ORIENTED_EDGE('',*,*,#2757,.F.);
#3642=ORIENTED_EDGE('',*,*,#2768,.T.);
#3643=ORIENTED_EDGE('',*,*,#2769,.F.);
#3644=ORIENTED_EDGE('',*,*,#2765,.F.);
#3645=ORIENTED_EDGE('',*,*,#2770,.T.);
#3646=ORIENTED_EDGE('',*,*,#2771,.T.);
#3647=ORIENTED_EDGE('',*,*,#2736,.T.);
#3648=ORIENTED_EDGE('',*,*,#2771,.F.);
#3649=ORIENTED_EDGE('',*,*,#2772,.T.);
#3650=ORIENTED_EDGE('',*,*,#2773,.F.);
#3651=ORIENTED_EDGE('',*,*,#2774,.T.);
#3652=ORIENTED_EDGE('',*,*,#2772,.F.);
#3653=ORIENTED_EDGE('',*,*,#2770,.F.);
#3654=ORIENTED_EDGE('',*,*,#2774,.F.);
#3655=ORIENTED_EDGE('',*,*,#2775,.F.);
#3656=ORIENTED_EDGE('',*,*,#2776,.T.);
#3657=ORIENTED_EDGE('',*,*,#2777,.T.);
#3658=ORIENTED_EDGE('',*,*,#2669,.T.);
#3659=ORIENTED_EDGE('',*,*,#2777,.F.);
#3660=ORIENTED_EDGE('',*,*,#2778,.T.);
#3661=ORIENTED_EDGE('',*,*,#2779,.F.);
#3662=ORIENTED_EDGE('',*,*,#2780,.T.);
#3663=ORIENTED_EDGE('',*,*,#2778,.F.);
#3664=ORIENTED_EDGE('',*,*,#2776,.F.);
#3665=ORIENTED_EDGE('',*,*,#2780,.F.);
#3666=ORIENTED_EDGE('',*,*,#2781,.F.);
#3667=ORIENTED_EDGE('',*,*,#2782,.T.);
#3668=ORIENTED_EDGE('',*,*,#2783,.T.);
#3669=ORIENTED_EDGE('',*,*,#2732,.T.);
#3670=ORIENTED_EDGE('',*,*,#2784,.T.);
#3671=ORIENTED_EDGE('',*,*,#2733,.T.);
#3672=ORIENTED_EDGE('',*,*,#2783,.F.);
#3673=ORIENTED_EDGE('',*,*,#2785,.T.);
#3674=ORIENTED_EDGE('',*,*,#2786,.F.);
#3675=ORIENTED_EDGE('',*,*,#2787,.T.);
#3676=ORIENTED_EDGE('',*,*,#2784,.F.);
#3677=ORIENTED_EDGE('',*,*,#2735,.T.);
#3678=ORIENTED_EDGE('',*,*,#2788,.T.);
#3679=ORIENTED_EDGE('',*,*,#2789,.T.);
#3680=ORIENTED_EDGE('',*,*,#2788,.F.);
#3681=ORIENTED_EDGE('',*,*,#2734,.T.);
#3682=ORIENTED_EDGE('',*,*,#2786,.T.);
#3683=ORIENTED_EDGE('',*,*,#2785,.F.);
#3684=ORIENTED_EDGE('',*,*,#2790,.T.);
#3685=ORIENTED_EDGE('',*,*,#2791,.F.);
#3686=ORIENTED_EDGE('',*,*,#2792,.F.);
#3687=ORIENTED_EDGE('',*,*,#2782,.F.);
#3688=ORIENTED_EDGE('',*,*,#2793,.T.);
#3689=ORIENTED_EDGE('',*,*,#2794,.F.);
#3690=ORIENTED_EDGE('',*,*,#2790,.F.);
#3691=ORIENTED_EDGE('',*,*,#2795,.T.);
#3692=ORIENTED_EDGE('',*,*,#2796,.T.);
#3693=ORIENTED_EDGE('',*,*,#2670,.T.);
#3694=ORIENTED_EDGE('',*,*,#2797,.T.);
#3695=ORIENTED_EDGE('',*,*,#2671,.T.);
#3696=ORIENTED_EDGE('',*,*,#2796,.F.);
#3697=ORIENTED_EDGE('',*,*,#2798,.T.);
#3698=ORIENTED_EDGE('',*,*,#2799,.F.);
#3699=ORIENTED_EDGE('',*,*,#2800,.T.);
#3700=ORIENTED_EDGE('',*,*,#2797,.F.);
#3701=ORIENTED_EDGE('',*,*,#2673,.T.);
#3702=ORIENTED_EDGE('',*,*,#2801,.T.);
#3703=ORIENTED_EDGE('',*,*,#2802,.T.);
#3704=ORIENTED_EDGE('',*,*,#2801,.F.);
#3705=ORIENTED_EDGE('',*,*,#2672,.T.);
#3706=ORIENTED_EDGE('',*,*,#2799,.T.);
#3707=ORIENTED_EDGE('',*,*,#2798,.F.);
#3708=ORIENTED_EDGE('',*,*,#2803,.T.);
#3709=ORIENTED_EDGE('',*,*,#2804,.F.);
#3710=ORIENTED_EDGE('',*,*,#2805,.F.);
#3711=ORIENTED_EDGE('',*,*,#2795,.F.);
#3712=ORIENTED_EDGE('',*,*,#2806,.T.);
#3713=ORIENTED_EDGE('',*,*,#2807,.F.);
#3714=ORIENTED_EDGE('',*,*,#2803,.F.);
#3715=ORIENTED_EDGE('',*,*,#2808,.T.);
#3716=ORIENTED_EDGE('',*,*,#2809,.T.);
#3717=ORIENTED_EDGE('',*,*,#2728,.T.);
#3718=ORIENTED_EDGE('',*,*,#2810,.T.);
#3719=ORIENTED_EDGE('',*,*,#2729,.T.);
#3720=ORIENTED_EDGE('',*,*,#2809,.F.);
#3721=ORIENTED_EDGE('',*,*,#2811,.T.);
#3722=ORIENTED_EDGE('',*,*,#2812,.F.);
#3723=ORIENTED_EDGE('',*,*,#2813,.T.);
#3724=ORIENTED_EDGE('',*,*,#2810,.F.);
#3725=ORIENTED_EDGE('',*,*,#2731,.T.);
#3726=ORIENTED_EDGE('',*,*,#2814,.T.);
#3727=ORIENTED_EDGE('',*,*,#2815,.T.);
#3728=ORIENTED_EDGE('',*,*,#2814,.F.);
#3729=ORIENTED_EDGE('',*,*,#2730,.T.);
#3730=ORIENTED_EDGE('',*,*,#2812,.T.);
#3731=ORIENTED_EDGE('',*,*,#2811,.F.);
#3732=ORIENTED_EDGE('',*,*,#2816,.T.);
#3733=ORIENTED_EDGE('',*,*,#2817,.F.);
#3734=ORIENTED_EDGE('',*,*,#2818,.F.);
#3735=ORIENTED_EDGE('',*,*,#2808,.F.);
#3736=ORIENTED_EDGE('',*,*,#2819,.T.);
#3737=ORIENTED_EDGE('',*,*,#2820,.F.);
#3738=ORIENTED_EDGE('',*,*,#2816,.F.);
#3739=ORIENTED_EDGE('',*,*,#2821,.T.);
#3740=ORIENTED_EDGE('',*,*,#2822,.T.);
#3741=ORIENTED_EDGE('',*,*,#2674,.T.);
#3742=ORIENTED_EDGE('',*,*,#2822,.F.);
#3743=ORIENTED_EDGE('',*,*,#2823,.T.);
#3744=ORIENTED_EDGE('',*,*,#2824,.F.);
#3745=ORIENTED_EDGE('',*,*,#2825,.T.);
#3746=ORIENTED_EDGE('',*,*,#2823,.F.);
#3747=ORIENTED_EDGE('',*,*,#2821,.F.);
#3748=ORIENTED_EDGE('',*,*,#2825,.F.);
#3749=ORIENTED_EDGE('',*,*,#2826,.F.);
#3750=ORIENTED_EDGE('',*,*,#2827,.T.);
#3751=ORIENTED_EDGE('',*,*,#2828,.T.);
#3752=ORIENTED_EDGE('',*,*,#2724,.T.);
#3753=ORIENTED_EDGE('',*,*,#2829,.T.);
#3754=ORIENTED_EDGE('',*,*,#2725,.T.);
#3755=ORIENTED_EDGE('',*,*,#2828,.F.);
#3756=ORIENTED_EDGE('',*,*,#2830,.T.);
#3757=ORIENTED_EDGE('',*,*,#2831,.F.);
#3758=ORIENTED_EDGE('',*,*,#2832,.T.);
#3759=ORIENTED_EDGE('',*,*,#2829,.F.);
#3760=ORIENTED_EDGE('',*,*,#2727,.T.);
#3761=ORIENTED_EDGE('',*,*,#2833,.T.);
#3762=ORIENTED_EDGE('',*,*,#2834,.T.);
#3763=ORIENTED_EDGE('',*,*,#2833,.F.);
#3764=ORIENTED_EDGE('',*,*,#2726,.T.);
#3765=ORIENTED_EDGE('',*,*,#2831,.T.);
#3766=ORIENTED_EDGE('',*,*,#2830,.F.);
#3767=ORIENTED_EDGE('',*,*,#2835,.T.);
#3768=ORIENTED_EDGE('',*,*,#2836,.F.);
#3769=ORIENTED_EDGE('',*,*,#2837,.F.);
#3770=ORIENTED_EDGE('',*,*,#2827,.F.);
#3771=ORIENTED_EDGE('',*,*,#2838,.T.);
#3772=ORIENTED_EDGE('',*,*,#2839,.F.);
#3773=ORIENTED_EDGE('',*,*,#2835,.F.);
#3774=ORIENTED_EDGE('',*,*,#2840,.T.);
#3775=ORIENTED_EDGE('',*,*,#2841,.T.);
#3776=ORIENTED_EDGE('',*,*,#2675,.T.);
#3777=ORIENTED_EDGE('',*,*,#2842,.T.);
#3778=ORIENTED_EDGE('',*,*,#2676,.T.);
#3779=ORIENTED_EDGE('',*,*,#2841,.F.);
#3780=ORIENTED_EDGE('',*,*,#2843,.T.);
#3781=ORIENTED_EDGE('',*,*,#2844,.F.);
#3782=ORIENTED_EDGE('',*,*,#2845,.T.);
#3783=ORIENTED_EDGE('',*,*,#2842,.F.);
#3784=ORIENTED_EDGE('',*,*,#2678,.T.);
#3785=ORIENTED_EDGE('',*,*,#2846,.T.);
#3786=ORIENTED_EDGE('',*,*,#2847,.T.);
#3787=ORIENTED_EDGE('',*,*,#2846,.F.);
#3788=ORIENTED_EDGE('',*,*,#2677,.T.);
#3789=ORIENTED_EDGE('',*,*,#2844,.T.);
#3790=ORIENTED_EDGE('',*,*,#2843,.F.);
#3791=ORIENTED_EDGE('',*,*,#2848,.T.);
#3792=ORIENTED_EDGE('',*,*,#2849,.F.);
#3793=ORIENTED_EDGE('',*,*,#2850,.F.);
#3794=ORIENTED_EDGE('',*,*,#2840,.F.);
#3795=ORIENTED_EDGE('',*,*,#2851,.T.);
#3796=ORIENTED_EDGE('',*,*,#2852,.F.);
#3797=ORIENTED_EDGE('',*,*,#2848,.F.);
#3798=ORIENTED_EDGE('',*,*,#2853,.T.);
#3799=ORIENTED_EDGE('',*,*,#2854,.T.);
#3800=ORIENTED_EDGE('',*,*,#2720,.T.);
#3801=ORIENTED_EDGE('',*,*,#2855,.T.);
#3802=ORIENTED_EDGE('',*,*,#2721,.T.);
#3803=ORIENTED_EDGE('',*,*,#2854,.F.);
#3804=ORIENTED_EDGE('',*,*,#2856,.T.);
#3805=ORIENTED_EDGE('',*,*,#2857,.F.);
#3806=ORIENTED_EDGE('',*,*,#2858,.T.);
#3807=ORIENTED_EDGE('',*,*,#2855,.F.);
#3808=ORIENTED_EDGE('',*,*,#2723,.T.);
#3809=ORIENTED_EDGE('',*,*,#2859,.T.);
#3810=ORIENTED_EDGE('',*,*,#2860,.T.);
#3811=ORIENTED_EDGE('',*,*,#2859,.F.);
#3812=ORIENTED_EDGE('',*,*,#2722,.T.);
#3813=ORIENTED_EDGE('',*,*,#2857,.T.);
#3814=ORIENTED_EDGE('',*,*,#2856,.F.);
#3815=ORIENTED_EDGE('',*,*,#2861,.T.);
#3816=ORIENTED_EDGE('',*,*,#2862,.F.);
#3817=ORIENTED_EDGE('',*,*,#2863,.F.);
#3818=ORIENTED_EDGE('',*,*,#2853,.F.);
#3819=ORIENTED_EDGE('',*,*,#2864,.T.);
#3820=ORIENTED_EDGE('',*,*,#2865,.F.);
#3821=ORIENTED_EDGE('',*,*,#2861,.F.);
#3822=ORIENTED_EDGE('',*,*,#2866,.T.);
#3823=ORIENTED_EDGE('',*,*,#2867,.T.);
#3824=ORIENTED_EDGE('',*,*,#2679,.T.);
#3825=ORIENTED_EDGE('',*,*,#2868,.T.);
#3826=ORIENTED_EDGE('',*,*,#2680,.T.);
#3827=ORIENTED_EDGE('',*,*,#2867,.F.);
#3828=ORIENTED_EDGE('',*,*,#2869,.T.);
#3829=ORIENTED_EDGE('',*,*,#2870,.F.);
#3830=ORIENTED_EDGE('',*,*,#2871,.T.);
#3831=ORIENTED_EDGE('',*,*,#2868,.F.);
#3832=ORIENTED_EDGE('',*,*,#2682,.T.);
#3833=ORIENTED_EDGE('',*,*,#2872,.T.);
#3834=ORIENTED_EDGE('',*,*,#2873,.T.);
#3835=ORIENTED_EDGE('',*,*,#2872,.F.);
#3836=ORIENTED_EDGE('',*,*,#2681,.T.);
#3837=ORIENTED_EDGE('',*,*,#2870,.T.);
#3838=ORIENTED_EDGE('',*,*,#2869,.F.);
#3839=ORIENTED_EDGE('',*,*,#2874,.T.);
#3840=ORIENTED_EDGE('',*,*,#2875,.F.);
#3841=ORIENTED_EDGE('',*,*,#2876,.F.);
#3842=ORIENTED_EDGE('',*,*,#2866,.F.);
#3843=ORIENTED_EDGE('',*,*,#2877,.T.);
#3844=ORIENTED_EDGE('',*,*,#2878,.F.);
#3845=ORIENTED_EDGE('',*,*,#2874,.F.);
#3846=ORIENTED_EDGE('',*,*,#2879,.T.);
#3847=ORIENTED_EDGE('',*,*,#2880,.T.);
#3848=ORIENTED_EDGE('',*,*,#2716,.T.);
#3849=ORIENTED_EDGE('',*,*,#2881,.T.);
#3850=ORIENTED_EDGE('',*,*,#2717,.T.);
#3851=ORIENTED_EDGE('',*,*,#2880,.F.);
#3852=ORIENTED_EDGE('',*,*,#2882,.T.);
#3853=ORIENTED_EDGE('',*,*,#2883,.F.);
#3854=ORIENTED_EDGE('',*,*,#2884,.T.);
#3855=ORIENTED_EDGE('',*,*,#2881,.F.);
#3856=ORIENTED_EDGE('',*,*,#2719,.T.);
#3857=ORIENTED_EDGE('',*,*,#2885,.T.);
#3858=ORIENTED_EDGE('',*,*,#2886,.T.);
#3859=ORIENTED_EDGE('',*,*,#2885,.F.);
#3860=ORIENTED_EDGE('',*,*,#2718,.T.);
#3861=ORIENTED_EDGE('',*,*,#2883,.T.);
#3862=ORIENTED_EDGE('',*,*,#2882,.F.);
#3863=ORIENTED_EDGE('',*,*,#2887,.T.);
#3864=ORIENTED_EDGE('',*,*,#2888,.F.);
#3865=ORIENTED_EDGE('',*,*,#2889,.F.);
#3866=ORIENTED_EDGE('',*,*,#2879,.F.);
#3867=ORIENTED_EDGE('',*,*,#2890,.T.);
#3868=ORIENTED_EDGE('',*,*,#2891,.F.);
#3869=ORIENTED_EDGE('',*,*,#2887,.F.);
#3870=ORIENTED_EDGE('',*,*,#2892,.T.);
#3871=ORIENTED_EDGE('',*,*,#2893,.T.);
#3872=ORIENTED_EDGE('',*,*,#2683,.T.);
#3873=ORIENTED_EDGE('',*,*,#2893,.F.);
#3874=ORIENTED_EDGE('',*,*,#2894,.T.);
#3875=ORIENTED_EDGE('',*,*,#2895,.F.);
#3876=ORIENTED_EDGE('',*,*,#2896,.T.);
#3877=ORIENTED_EDGE('',*,*,#2894,.F.);
#3878=ORIENTED_EDGE('',*,*,#2892,.F.);
#3879=ORIENTED_EDGE('',*,*,#2896,.F.);
#3880=ORIENTED_EDGE('',*,*,#2897,.F.);
#3881=ORIENTED_EDGE('',*,*,#2898,.T.);
#3882=ORIENTED_EDGE('',*,*,#2899,.T.);
#3883=ORIENTED_EDGE('',*,*,#2712,.T.);
#3884=ORIENTED_EDGE('',*,*,#2900,.T.);
#3885=ORIENTED_EDGE('',*,*,#2713,.T.);
#3886=ORIENTED_EDGE('',*,*,#2899,.F.);
#3887=ORIENTED_EDGE('',*,*,#2901,.T.);
#3888=ORIENTED_EDGE('',*,*,#2902,.F.);
#3889=ORIENTED_EDGE('',*,*,#2903,.T.);
#3890=ORIENTED_EDGE('',*,*,#2900,.F.);
#3891=ORIENTED_EDGE('',*,*,#2715,.T.);
#3892=ORIENTED_EDGE('',*,*,#2904,.T.);
#3893=ORIENTED_EDGE('',*,*,#2905,.T.);
#3894=ORIENTED_EDGE('',*,*,#2904,.F.);
#3895=ORIENTED_EDGE('',*,*,#2714,.T.);
#3896=ORIENTED_EDGE('',*,*,#2902,.T.);
#3897=ORIENTED_EDGE('',*,*,#2901,.F.);
#3898=ORIENTED_EDGE('',*,*,#2906,.T.);
#3899=ORIENTED_EDGE('',*,*,#2907,.F.);
#3900=ORIENTED_EDGE('',*,*,#2908,.F.);
#3901=ORIENTED_EDGE('',*,*,#2898,.F.);
#3902=ORIENTED_EDGE('',*,*,#2909,.T.);
#3903=ORIENTED_EDGE('',*,*,#2910,.F.);
#3904=ORIENTED_EDGE('',*,*,#2906,.F.);
#3905=ORIENTED_EDGE('',*,*,#2911,.T.);
#3906=ORIENTED_EDGE('',*,*,#2912,.T.);
#3907=ORIENTED_EDGE('',*,*,#2684,.T.);
#3908=ORIENTED_EDGE('',*,*,#2913,.T.);
#3909=ORIENTED_EDGE('',*,*,#2685,.T.);
#3910=ORIENTED_EDGE('',*,*,#2912,.F.);
#3911=ORIENTED_EDGE('',*,*,#2914,.T.);
#3912=ORIENTED_EDGE('',*,*,#2915,.F.);
#3913=ORIENTED_EDGE('',*,*,#2916,.T.);
#3914=ORIENTED_EDGE('',*,*,#2913,.F.);
#3915=ORIENTED_EDGE('',*,*,#2687,.T.);
#3916=ORIENTED_EDGE('',*,*,#2917,.T.);
#3917=ORIENTED_EDGE('',*,*,#2918,.T.);
#3918=ORIENTED_EDGE('',*,*,#2917,.F.);
#3919=ORIENTED_EDGE('',*,*,#2686,.T.);
#3920=ORIENTED_EDGE('',*,*,#2915,.T.);
#3921=ORIENTED_EDGE('',*,*,#2914,.F.);
#3922=ORIENTED_EDGE('',*,*,#2919,.T.);
#3923=ORIENTED_EDGE('',*,*,#2920,.F.);
#3924=ORIENTED_EDGE('',*,*,#2921,.F.);
#3925=ORIENTED_EDGE('',*,*,#2911,.F.);
#3926=ORIENTED_EDGE('',*,*,#2922,.T.);
#3927=ORIENTED_EDGE('',*,*,#2923,.F.);
#3928=ORIENTED_EDGE('',*,*,#2919,.F.);
#3929=ORIENTED_EDGE('',*,*,#2924,.T.);
#3930=ORIENTED_EDGE('',*,*,#2925,.T.);
#3931=ORIENTED_EDGE('',*,*,#2708,.T.);
#3932=ORIENTED_EDGE('',*,*,#2926,.T.);
#3933=ORIENTED_EDGE('',*,*,#2709,.T.);
#3934=ORIENTED_EDGE('',*,*,#2925,.F.);
#3935=ORIENTED_EDGE('',*,*,#2927,.T.);
#3936=ORIENTED_EDGE('',*,*,#2928,.F.);
#3937=ORIENTED_EDGE('',*,*,#2929,.T.);
#3938=ORIENTED_EDGE('',*,*,#2926,.F.);
#3939=ORIENTED_EDGE('',*,*,#2711,.T.);
#3940=ORIENTED_EDGE('',*,*,#2930,.T.);
#3941=ORIENTED_EDGE('',*,*,#2931,.T.);
#3942=ORIENTED_EDGE('',*,*,#2930,.F.);
#3943=ORIENTED_EDGE('',*,*,#2710,.T.);
#3944=ORIENTED_EDGE('',*,*,#2928,.T.);
#3945=ORIENTED_EDGE('',*,*,#2927,.F.);
#3946=ORIENTED_EDGE('',*,*,#2932,.T.);
#3947=ORIENTED_EDGE('',*,*,#2933,.F.);
#3948=ORIENTED_EDGE('',*,*,#2934,.F.);
#3949=ORIENTED_EDGE('',*,*,#2924,.F.);
#3950=ORIENTED_EDGE('',*,*,#2935,.T.);
#3951=ORIENTED_EDGE('',*,*,#2936,.F.);
#3952=ORIENTED_EDGE('',*,*,#2932,.F.);
#3953=ORIENTED_EDGE('',*,*,#2937,.T.);
#3954=ORIENTED_EDGE('',*,*,#2938,.T.);
#3955=ORIENTED_EDGE('',*,*,#2688,.T.);
#3956=ORIENTED_EDGE('',*,*,#2939,.T.);
#3957=ORIENTED_EDGE('',*,*,#2689,.T.);
#3958=ORIENTED_EDGE('',*,*,#2938,.F.);
#3959=ORIENTED_EDGE('',*,*,#2940,.T.);
#3960=ORIENTED_EDGE('',*,*,#2941,.F.);
#3961=ORIENTED_EDGE('',*,*,#2942,.T.);
#3962=ORIENTED_EDGE('',*,*,#2939,.F.);
#3963=ORIENTED_EDGE('',*,*,#2691,.T.);
#3964=ORIENTED_EDGE('',*,*,#2943,.T.);
#3965=ORIENTED_EDGE('',*,*,#2944,.T.);
#3966=ORIENTED_EDGE('',*,*,#2943,.F.);
#3967=ORIENTED_EDGE('',*,*,#2690,.T.);
#3968=ORIENTED_EDGE('',*,*,#2941,.T.);
#3969=ORIENTED_EDGE('',*,*,#2940,.F.);
#3970=ORIENTED_EDGE('',*,*,#2945,.T.);
#3971=ORIENTED_EDGE('',*,*,#2946,.F.);
#3972=ORIENTED_EDGE('',*,*,#2947,.F.);
#3973=ORIENTED_EDGE('',*,*,#2937,.F.);
#3974=ORIENTED_EDGE('',*,*,#2948,.T.);
#3975=ORIENTED_EDGE('',*,*,#2949,.F.);
#3976=ORIENTED_EDGE('',*,*,#2945,.F.);
#3977=ORIENTED_EDGE('',*,*,#2950,.T.);
#3978=ORIENTED_EDGE('',*,*,#2951,.T.);
#3979=ORIENTED_EDGE('',*,*,#2704,.T.);
#3980=ORIENTED_EDGE('',*,*,#2952,.T.);
#3981=ORIENTED_EDGE('',*,*,#2705,.T.);
#3982=ORIENTED_EDGE('',*,*,#2951,.F.);
#3983=ORIENTED_EDGE('',*,*,#2953,.T.);
#3984=ORIENTED_EDGE('',*,*,#2954,.F.);
#3985=ORIENTED_EDGE('',*,*,#2955,.T.);
#3986=ORIENTED_EDGE('',*,*,#2952,.F.);
#3987=ORIENTED_EDGE('',*,*,#2707,.T.);
#3988=ORIENTED_EDGE('',*,*,#2956,.T.);
#3989=ORIENTED_EDGE('',*,*,#2957,.T.);
#3990=ORIENTED_EDGE('',*,*,#2956,.F.);
#3991=ORIENTED_EDGE('',*,*,#2706,.T.);
#3992=ORIENTED_EDGE('',*,*,#2954,.T.);
#3993=ORIENTED_EDGE('',*,*,#2953,.F.);
#3994=ORIENTED_EDGE('',*,*,#2958,.T.);
#3995=ORIENTED_EDGE('',*,*,#2959,.F.);
#3996=ORIENTED_EDGE('',*,*,#2960,.F.);
#3997=ORIENTED_EDGE('',*,*,#2950,.F.);
#3998=ORIENTED_EDGE('',*,*,#2961,.T.);
#3999=ORIENTED_EDGE('',*,*,#2962,.F.);
#4000=ORIENTED_EDGE('',*,*,#2958,.F.);
#4001=ORIENTED_EDGE('',*,*,#2963,.T.);
#4002=ORIENTED_EDGE('',*,*,#2964,.T.);
#4003=ORIENTED_EDGE('',*,*,#2692,.T.);
#4004=ORIENTED_EDGE('',*,*,#2965,.T.);
#4005=ORIENTED_EDGE('',*,*,#2693,.T.);
#4006=ORIENTED_EDGE('',*,*,#2964,.F.);
#4007=ORIENTED_EDGE('',*,*,#2966,.T.);
#4008=ORIENTED_EDGE('',*,*,#2967,.F.);
#4009=ORIENTED_EDGE('',*,*,#2968,.T.);
#4010=ORIENTED_EDGE('',*,*,#2965,.F.);
#4011=ORIENTED_EDGE('',*,*,#2695,.T.);
#4012=ORIENTED_EDGE('',*,*,#2969,.T.);
#4013=ORIENTED_EDGE('',*,*,#2970,.T.);
#4014=ORIENTED_EDGE('',*,*,#2969,.F.);
#4015=ORIENTED_EDGE('',*,*,#2694,.T.);
#4016=ORIENTED_EDGE('',*,*,#2967,.T.);
#4017=ORIENTED_EDGE('',*,*,#2966,.F.);
#4018=ORIENTED_EDGE('',*,*,#2971,.T.);
#4019=ORIENTED_EDGE('',*,*,#2972,.F.);
#4020=ORIENTED_EDGE('',*,*,#2973,.F.);
#4021=ORIENTED_EDGE('',*,*,#2963,.F.);
#4022=ORIENTED_EDGE('',*,*,#2974,.T.);
#4023=ORIENTED_EDGE('',*,*,#2975,.F.);
#4024=ORIENTED_EDGE('',*,*,#2971,.F.);
#4025=ORIENTED_EDGE('',*,*,#2976,.T.);
#4026=ORIENTED_EDGE('',*,*,#2977,.T.);
#4027=ORIENTED_EDGE('',*,*,#2700,.T.);
#4028=ORIENTED_EDGE('',*,*,#2978,.T.);
#4029=ORIENTED_EDGE('',*,*,#2701,.T.);
#4030=ORIENTED_EDGE('',*,*,#2977,.F.);
#4031=ORIENTED_EDGE('',*,*,#2979,.T.);
#4032=ORIENTED_EDGE('',*,*,#2980,.F.);
#4033=ORIENTED_EDGE('',*,*,#2981,.T.);
#4034=ORIENTED_EDGE('',*,*,#2978,.F.);
#4035=ORIENTED_EDGE('',*,*,#2703,.T.);
#4036=ORIENTED_EDGE('',*,*,#2982,.T.);
#4037=ORIENTED_EDGE('',*,*,#2983,.T.);
#4038=ORIENTED_EDGE('',*,*,#2982,.F.);
#4039=ORIENTED_EDGE('',*,*,#2702,.T.);
#4040=ORIENTED_EDGE('',*,*,#2980,.T.);
#4041=ORIENTED_EDGE('',*,*,#2979,.F.);
#4042=ORIENTED_EDGE('',*,*,#2984,.T.);
#4043=ORIENTED_EDGE('',*,*,#2985,.F.);
#4044=ORIENTED_EDGE('',*,*,#2986,.F.);
#4045=ORIENTED_EDGE('',*,*,#2976,.F.);
#4046=ORIENTED_EDGE('',*,*,#2987,.T.);
#4047=ORIENTED_EDGE('',*,*,#2988,.F.);
#4048=ORIENTED_EDGE('',*,*,#2984,.F.);
#4049=ORIENTED_EDGE('',*,*,#2989,.T.);
#4050=ORIENTED_EDGE('',*,*,#2990,.T.);
#4051=ORIENTED_EDGE('',*,*,#2696,.T.);
#4052=ORIENTED_EDGE('',*,*,#2991,.T.);
#4053=ORIENTED_EDGE('',*,*,#2697,.T.);
#4054=ORIENTED_EDGE('',*,*,#2990,.F.);
#4055=ORIENTED_EDGE('',*,*,#2992,.T.);
#4056=ORIENTED_EDGE('',*,*,#2993,.F.);
#4057=ORIENTED_EDGE('',*,*,#2994,.T.);
#4058=ORIENTED_EDGE('',*,*,#2991,.F.);
#4059=ORIENTED_EDGE('',*,*,#2699,.T.);
#4060=ORIENTED_EDGE('',*,*,#2995,.T.);
#4061=ORIENTED_EDGE('',*,*,#2996,.T.);
#4062=ORIENTED_EDGE('',*,*,#2995,.F.);
#4063=ORIENTED_EDGE('',*,*,#2698,.T.);
#4064=ORIENTED_EDGE('',*,*,#2993,.T.);
#4065=ORIENTED_EDGE('',*,*,#2992,.F.);
#4066=ORIENTED_EDGE('',*,*,#2997,.T.);
#4067=ORIENTED_EDGE('',*,*,#2998,.F.);
#4068=ORIENTED_EDGE('',*,*,#2999,.F.);
#4069=ORIENTED_EDGE('',*,*,#2989,.F.);
#4070=ORIENTED_EDGE('',*,*,#3000,.T.);
#4071=ORIENTED_EDGE('',*,*,#3001,.F.);
#4072=ORIENTED_EDGE('',*,*,#2997,.F.);
#4073=ORIENTED_EDGE('',*,*,#3002,.T.);
#4074=ORIENTED_EDGE('',*,*,#3003,.T.);
#4075=ORIENTED_EDGE('',*,*,#3004,.T.);
#4076=ORIENTED_EDGE('',*,*,#3005,.F.);
#4077=ORIENTED_EDGE('',*,*,#3006,.T.);
#4078=ORIENTED_EDGE('',*,*,#3007,.T.);
#4079=ORIENTED_EDGE('',*,*,#3008,.T.);
#4080=ORIENTED_EDGE('',*,*,#3003,.F.);
#4081=ORIENTED_EDGE('',*,*,#3009,.T.);
#4082=ORIENTED_EDGE('',*,*,#3010,.T.);
#4083=ORIENTED_EDGE('',*,*,#2750,.T.);
#4084=ORIENTED_EDGE('',*,*,#3007,.F.);
#4085=ORIENTED_EDGE('',*,*,#2747,.T.);
#4086=ORIENTED_EDGE('',*,*,#3010,.F.);
#4087=ORIENTED_EDGE('',*,*,#3011,.T.);
#4088=ORIENTED_EDGE('',*,*,#3005,.T.);
#4089=ORIENTED_EDGE('',*,*,#2745,.F.);
#4090=ORIENTED_EDGE('',*,*,#2748,.T.);
#4091=ORIENTED_EDGE('',*,*,#3004,.F.);
#4092=ORIENTED_EDGE('',*,*,#3012,.F.);
#4093=ORIENTED_EDGE('',*,*,#3013,.F.);
#4094=ORIENTED_EDGE('',*,*,#3014,.F.);
#4095=ORIENTED_EDGE('',*,*,#3015,.F.);
#4096=ORIENTED_EDGE('',*,*,#3016,.F.);
#4097=ORIENTED_EDGE('',*,*,#3017,.F.);
#4098=ORIENTED_EDGE('',*,*,#3018,.F.);
#4099=ORIENTED_EDGE('',*,*,#3019,.F.);
#4100=ORIENTED_EDGE('',*,*,#3020,.F.);
#4101=ORIENTED_EDGE('',*,*,#3021,.F.);
#4102=ORIENTED_EDGE('',*,*,#3022,.F.);
#4103=ORIENTED_EDGE('',*,*,#3023,.F.);
#4104=ORIENTED_EDGE('',*,*,#3024,.F.);
#4105=ORIENTED_EDGE('',*,*,#3025,.F.);
#4106=ORIENTED_EDGE('',*,*,#3026,.F.);
#4107=ORIENTED_EDGE('',*,*,#3027,.F.);
#4108=ORIENTED_EDGE('',*,*,#3028,.F.);
#4109=ORIENTED_EDGE('',*,*,#3029,.F.);
#4110=ORIENTED_EDGE('',*,*,#3030,.F.);
#4111=ORIENTED_EDGE('',*,*,#3031,.F.);
#4112=ORIENTED_EDGE('',*,*,#3032,.F.);
#4113=ORIENTED_EDGE('',*,*,#3033,.F.);
#4114=ORIENTED_EDGE('',*,*,#3034,.F.);
#4115=ORIENTED_EDGE('',*,*,#3035,.F.);
#4116=ORIENTED_EDGE('',*,*,#3036,.F.);
#4117=ORIENTED_EDGE('',*,*,#3037,.F.);
#4118=ORIENTED_EDGE('',*,*,#3038,.F.);
#4119=ORIENTED_EDGE('',*,*,#3039,.F.);
#4120=ORIENTED_EDGE('',*,*,#3040,.F.);
#4121=ORIENTED_EDGE('',*,*,#3041,.F.);
#4122=ORIENTED_EDGE('',*,*,#3042,.F.);
#4123=ORIENTED_EDGE('',*,*,#3043,.F.);
#4124=ORIENTED_EDGE('',*,*,#3044,.F.);
#4125=ORIENTED_EDGE('',*,*,#3045,.F.);
#4126=ORIENTED_EDGE('',*,*,#3046,.F.);
#4127=ORIENTED_EDGE('',*,*,#3047,.F.);
#4128=ORIENTED_EDGE('',*,*,#3048,.F.);
#4129=ORIENTED_EDGE('',*,*,#3049,.F.);
#4130=ORIENTED_EDGE('',*,*,#3050,.F.);
#4131=ORIENTED_EDGE('',*,*,#3051,.F.);
#4132=ORIENTED_EDGE('',*,*,#3052,.F.);
#4133=ORIENTED_EDGE('',*,*,#3053,.F.);
#4134=ORIENTED_EDGE('',*,*,#3054,.F.);
#4135=ORIENTED_EDGE('',*,*,#3055,.F.);
#4136=ORIENTED_EDGE('',*,*,#3056,.F.);
#4137=ORIENTED_EDGE('',*,*,#3057,.F.);
#4138=ORIENTED_EDGE('',*,*,#3058,.F.);
#4139=ORIENTED_EDGE('',*,*,#3059,.F.);
#4140=ORIENTED_EDGE('',*,*,#3060,.F.);
#4141=ORIENTED_EDGE('',*,*,#3061,.F.);
#4142=ORIENTED_EDGE('',*,*,#3062,.F.);
#4143=ORIENTED_EDGE('',*,*,#3063,.F.);
#4144=ORIENTED_EDGE('',*,*,#3064,.F.);
#4145=ORIENTED_EDGE('',*,*,#3065,.F.);
#4146=ORIENTED_EDGE('',*,*,#3066,.F.);
#4147=ORIENTED_EDGE('',*,*,#3067,.F.);
#4148=ORIENTED_EDGE('',*,*,#3068,.F.);
#4149=ORIENTED_EDGE('',*,*,#3069,.F.);
#4150=ORIENTED_EDGE('',*,*,#3070,.F.);
#4151=ORIENTED_EDGE('',*,*,#3071,.F.);
#4152=ORIENTED_EDGE('',*,*,#3072,.F.);
#4153=ORIENTED_EDGE('',*,*,#3073,.F.);
#4154=ORIENTED_EDGE('',*,*,#3074,.F.);
#4155=ORIENTED_EDGE('',*,*,#3075,.F.);
#4156=ORIENTED_EDGE('',*,*,#3076,.F.);
#4157=ORIENTED_EDGE('',*,*,#3077,.F.);
#4158=ORIENTED_EDGE('',*,*,#3078,.F.);
#4159=ORIENTED_EDGE('',*,*,#3079,.F.);
#4160=ORIENTED_EDGE('',*,*,#3080,.F.);
#4161=ORIENTED_EDGE('',*,*,#3081,.F.);
#4162=ORIENTED_EDGE('',*,*,#3082,.F.);
#4163=ORIENTED_EDGE('',*,*,#3083,.F.);
#4164=ORIENTED_EDGE('',*,*,#3084,.F.);
#4165=ORIENTED_EDGE('',*,*,#3085,.F.);
#4166=ORIENTED_EDGE('',*,*,#3086,.F.);
#4167=ORIENTED_EDGE('',*,*,#3087,.F.);
#4168=ORIENTED_EDGE('',*,*,#3088,.F.);
#4169=ORIENTED_EDGE('',*,*,#3089,.F.);
#4170=ORIENTED_EDGE('',*,*,#3090,.F.);
#4171=ORIENTED_EDGE('',*,*,#3091,.F.);
#4172=ORIENTED_EDGE('',*,*,#3092,.F.);
#4173=ORIENTED_EDGE('',*,*,#3093,.F.);
#4174=ORIENTED_EDGE('',*,*,#3094,.F.);
#4175=ORIENTED_EDGE('',*,*,#3095,.F.);
#4176=ORIENTED_EDGE('',*,*,#3096,.F.);
#4177=ORIENTED_EDGE('',*,*,#3097,.F.);
#4178=ORIENTED_EDGE('',*,*,#3098,.F.);
#4179=ORIENTED_EDGE('',*,*,#3099,.F.);
#4180=ORIENTED_EDGE('',*,*,#3100,.F.);
#4181=ORIENTED_EDGE('',*,*,#3101,.F.);
#4182=ORIENTED_EDGE('',*,*,#3102,.F.);
#4183=ORIENTED_EDGE('',*,*,#3103,.F.);
#4184=ORIENTED_EDGE('',*,*,#3104,.F.);
#4185=ORIENTED_EDGE('',*,*,#3105,.F.);
#4186=ORIENTED_EDGE('',*,*,#3106,.F.);
#4187=ORIENTED_EDGE('',*,*,#3107,.F.);
#4188=ORIENTED_EDGE('',*,*,#3108,.F.);
#4189=ORIENTED_EDGE('',*,*,#3109,.F.);
#4190=ORIENTED_EDGE('',*,*,#3110,.F.);
#4191=ORIENTED_EDGE('',*,*,#3111,.F.);
#4192=ORIENTED_EDGE('',*,*,#3112,.F.);
#4193=ORIENTED_EDGE('',*,*,#3113,.F.);
#4194=ORIENTED_EDGE('',*,*,#3114,.F.);
#4195=ORIENTED_EDGE('',*,*,#3115,.F.);
#4196=ORIENTED_EDGE('',*,*,#3002,.F.);
#4197=ORIENTED_EDGE('',*,*,#3011,.F.);
#4198=ORIENTED_EDGE('',*,*,#3009,.F.);
#4199=ORIENTED_EDGE('',*,*,#3006,.F.);
#4200=ORIENTED_EDGE('',*,*,#3043,.T.);
#4201=ORIENTED_EDGE('',*,*,#3116,.T.);
#4202=ORIENTED_EDGE('',*,*,#2756,.T.);
#4203=ORIENTED_EDGE('',*,*,#2754,.T.);
#4204=ORIENTED_EDGE('',*,*,#3116,.F.);
#4205=ORIENTED_EDGE('',*,*,#3112,.T.);
#4206=ORIENTED_EDGE('',*,*,#3117,.T.);
#4207=ORIENTED_EDGE('',*,*,#3118,.T.);
#4208=ORIENTED_EDGE('',*,*,#3119,.F.);
#4209=ORIENTED_EDGE('',*,*,#3115,.T.);
#4210=ORIENTED_EDGE('',*,*,#3120,.T.);
#4211=ORIENTED_EDGE('',*,*,#3121,.T.);
#4212=ORIENTED_EDGE('',*,*,#3117,.F.);
#4213=ORIENTED_EDGE('',*,*,#3114,.T.);
#4214=ORIENTED_EDGE('',*,*,#3122,.T.);
#4215=ORIENTED_EDGE('',*,*,#2769,.T.);
#4216=ORIENTED_EDGE('',*,*,#3120,.F.);
#4217=ORIENTED_EDGE('',*,*,#2766,.T.);
#4218=ORIENTED_EDGE('',*,*,#3122,.F.);
#4219=ORIENTED_EDGE('',*,*,#3113,.T.);
#4220=ORIENTED_EDGE('',*,*,#3119,.T.);
#4221=ORIENTED_EDGE('',*,*,#2764,.F.);
#4222=ORIENTED_EDGE('',*,*,#2767,.T.);
#4223=ORIENTED_EDGE('',*,*,#3118,.F.);
#4224=ORIENTED_EDGE('',*,*,#3123,.F.);
#4225=ORIENTED_EDGE('',*,*,#3044,.T.);
#4226=ORIENTED_EDGE('',*,*,#3124,.T.);
#4227=ORIENTED_EDGE('',*,*,#2775,.T.);
#4228=ORIENTED_EDGE('',*,*,#2773,.T.);
#4229=ORIENTED_EDGE('',*,*,#3124,.F.);
#4230=ORIENTED_EDGE('',*,*,#3111,.T.);
#4231=ORIENTED_EDGE('',*,*,#3125,.T.);
#4232=ORIENTED_EDGE('',*,*,#2781,.T.);
#4233=ORIENTED_EDGE('',*,*,#2779,.T.);
#4234=ORIENTED_EDGE('',*,*,#3125,.F.);
#4235=ORIENTED_EDGE('',*,*,#3045,.T.);
#4236=ORIENTED_EDGE('',*,*,#3126,.T.);
#4237=ORIENTED_EDGE('',*,*,#3127,.T.);
#4238=ORIENTED_EDGE('',*,*,#3128,.F.);
#4239=ORIENTED_EDGE('',*,*,#3048,.T.);
#4240=ORIENTED_EDGE('',*,*,#3129,.T.);
#4241=ORIENTED_EDGE('',*,*,#3130,.T.);
#4242=ORIENTED_EDGE('',*,*,#3126,.F.);
#4243=ORIENTED_EDGE('',*,*,#3047,.T.);
#4244=ORIENTED_EDGE('',*,*,#3131,.T.);
#4245=ORIENTED_EDGE('',*,*,#2794,.T.);
#4246=ORIENTED_EDGE('',*,*,#3129,.F.);
#4247=ORIENTED_EDGE('',*,*,#2791,.T.);
#4248=ORIENTED_EDGE('',*,*,#3131,.F.);
#4249=ORIENTED_EDGE('',*,*,#3046,.T.);
#4250=ORIENTED_EDGE('',*,*,#3128,.T.);
#4251=ORIENTED_EDGE('',*,*,#2789,.F.);
#4252=ORIENTED_EDGE('',*,*,#2792,.T.);
#4253=ORIENTED_EDGE('',*,*,#3127,.F.);
#4254=ORIENTED_EDGE('',*,*,#3132,.F.);
#4255=ORIENTED_EDGE('',*,*,#3107,.T.);
#4256=ORIENTED_EDGE('',*,*,#3133,.T.);
#4257=ORIENTED_EDGE('',*,*,#3134,.T.);
#4258=ORIENTED_EDGE('',*,*,#3135,.F.);
#4259=ORIENTED_EDGE('',*,*,#3110,.T.);
#4260=ORIENTED_EDGE('',*,*,#3136,.T.);
#4261=ORIENTED_EDGE('',*,*,#3137,.T.);
#4262=ORIENTED_EDGE('',*,*,#3133,.F.);
#4263=ORIENTED_EDGE('',*,*,#3109,.T.);
#4264=ORIENTED_EDGE('',*,*,#3138,.T.);
#4265=ORIENTED_EDGE('',*,*,#2807,.T.);
#4266=ORIENTED_EDGE('',*,*,#3136,.F.);
#4267=ORIENTED_EDGE('',*,*,#2804,.T.);
#4268=ORIENTED_EDGE('',*,*,#3138,.F.);
#4269=ORIENTED_EDGE('',*,*,#3108,.T.);
#4270=ORIENTED_EDGE('',*,*,#3135,.T.);
#4271=ORIENTED_EDGE('',*,*,#2802,.F.);
#4272=ORIENTED_EDGE('',*,*,#2805,.T.);
#4273=ORIENTED_EDGE('',*,*,#3134,.F.);
#4274=ORIENTED_EDGE('',*,*,#3139,.F.);
#4275=ORIENTED_EDGE('',*,*,#3049,.T.);
#4276=ORIENTED_EDGE('',*,*,#3140,.T.);
#4277=ORIENTED_EDGE('',*,*,#3141,.T.);
#4278=ORIENTED_EDGE('',*,*,#3142,.F.);
#4279=ORIENTED_EDGE('',*,*,#3052,.T.);
#4280=ORIENTED_EDGE('',*,*,#3143,.T.);
#4281=ORIENTED_EDGE('',*,*,#3144,.T.);
#4282=ORIENTED_EDGE('',*,*,#3140,.F.);
#4283=ORIENTED_EDGE('',*,*,#3051,.T.);
#4284=ORIENTED_EDGE('',*,*,#3145,.T.);
#4285=ORIENTED_EDGE('',*,*,#2820,.T.);
#4286=ORIENTED_EDGE('',*,*,#3143,.F.);
#4287=ORIENTED_EDGE('',*,*,#2817,.T.);
#4288=ORIENTED_EDGE('',*,*,#3145,.F.);
#4289=ORIENTED_EDGE('',*,*,#3050,.T.);
#4290=ORIENTED_EDGE('',*,*,#3142,.T.);
#4291=ORIENTED_EDGE('',*,*,#2815,.F.);
#4292=ORIENTED_EDGE('',*,*,#2818,.T.);
#4293=ORIENTED_EDGE('',*,*,#3141,.F.);
#4294=ORIENTED_EDGE('',*,*,#3146,.F.);
#4295=ORIENTED_EDGE('',*,*,#3106,.T.);
#4296=ORIENTED_EDGE('',*,*,#3147,.T.);
#4297=ORIENTED_EDGE('',*,*,#2826,.T.);
#4298=ORIENTED_EDGE('',*,*,#2824,.T.);
#4299=ORIENTED_EDGE('',*,*,#3147,.F.);
#4300=ORIENTED_EDGE('',*,*,#3053,.T.);
#4301=ORIENTED_EDGE('',*,*,#3148,.T.);
#4302=ORIENTED_EDGE('',*,*,#3149,.T.);
#4303=ORIENTED_EDGE('',*,*,#3150,.F.);
#4304=ORIENTED_EDGE('',*,*,#3056,.T.);
#4305=ORIENTED_EDGE('',*,*,#3151,.T.);
#4306=ORIENTED_EDGE('',*,*,#3152,.T.);
#4307=ORIENTED_EDGE('',*,*,#3148,.F.);
#4308=ORIENTED_EDGE('',*,*,#3055,.T.);
#4309=ORIENTED_EDGE('',*,*,#3153,.T.);
#4310=ORIENTED_EDGE('',*,*,#2839,.T.);
#4311=ORIENTED_EDGE('',*,*,#3151,.F.);
#4312=ORIENTED_EDGE('',*,*,#2836,.T.);
#4313=ORIENTED_EDGE('',*,*,#3153,.F.);
#4314=ORIENTED_EDGE('',*,*,#3054,.T.);
#4315=ORIENTED_EDGE('',*,*,#3150,.T.);
#4316=ORIENTED_EDGE('',*,*,#2834,.F.);
#4317=ORIENTED_EDGE('',*,*,#2837,.T.);
#4318=ORIENTED_EDGE('',*,*,#3149,.F.);
#4319=ORIENTED_EDGE('',*,*,#3154,.F.);
#4320=ORIENTED_EDGE('',*,*,#3102,.T.);
#4321=ORIENTED_EDGE('',*,*,#3155,.T.);
#4322=ORIENTED_EDGE('',*,*,#3156,.T.);
#4323=ORIENTED_EDGE('',*,*,#3157,.F.);
#4324=ORIENTED_EDGE('',*,*,#3105,.T.);
#4325=ORIENTED_EDGE('',*,*,#3158,.T.);
#4326=ORIENTED_EDGE('',*,*,#3159,.T.);
#4327=ORIENTED_EDGE('',*,*,#3155,.F.);
#4328=ORIENTED_EDGE('',*,*,#3104,.T.);
#4329=ORIENTED_EDGE('',*,*,#3160,.T.);
#4330=ORIENTED_EDGE('',*,*,#2852,.T.);
#4331=ORIENTED_EDGE('',*,*,#3158,.F.);
#4332=ORIENTED_EDGE('',*,*,#2849,.T.);
#4333=ORIENTED_EDGE('',*,*,#3160,.F.);
#4334=ORIENTED_EDGE('',*,*,#3103,.T.);
#4335=ORIENTED_EDGE('',*,*,#3157,.T.);
#4336=ORIENTED_EDGE('',*,*,#2847,.F.);
#4337=ORIENTED_EDGE('',*,*,#2850,.T.);
#4338=ORIENTED_EDGE('',*,*,#3156,.F.);
#4339=ORIENTED_EDGE('',*,*,#3161,.F.);
#4340=ORIENTED_EDGE('',*,*,#3057,.T.);
#4341=ORIENTED_EDGE('',*,*,#3162,.T.);
#4342=ORIENTED_EDGE('',*,*,#3163,.T.);
#4343=ORIENTED_EDGE('',*,*,#3164,.F.);
#4344=ORIENTED_EDGE('',*,*,#3060,.T.);
#4345=ORIENTED_EDGE('',*,*,#3165,.T.);
#4346=ORIENTED_EDGE('',*,*,#3166,.T.);
#4347=ORIENTED_EDGE('',*,*,#3162,.F.);
#4348=ORIENTED_EDGE('',*,*,#3059,.T.);
#4349=ORIENTED_EDGE('',*,*,#3167,.T.);
#4350=ORIENTED_EDGE('',*,*,#2865,.T.);
#4351=ORIENTED_EDGE('',*,*,#3165,.F.);
#4352=ORIENTED_EDGE('',*,*,#2862,.T.);
#4353=ORIENTED_EDGE('',*,*,#3167,.F.);
#4354=ORIENTED_EDGE('',*,*,#3058,.T.);
#4355=ORIENTED_EDGE('',*,*,#3164,.T.);
#4356=ORIENTED_EDGE('',*,*,#2860,.F.);
#4357=ORIENTED_EDGE('',*,*,#2863,.T.);
#4358=ORIENTED_EDGE('',*,*,#3163,.F.);
#4359=ORIENTED_EDGE('',*,*,#3168,.F.);
#4360=ORIENTED_EDGE('',*,*,#3098,.T.);
#4361=ORIENTED_EDGE('',*,*,#3169,.T.);
#4362=ORIENTED_EDGE('',*,*,#3170,.T.);
#4363=ORIENTED_EDGE('',*,*,#3171,.F.);
#4364=ORIENTED_EDGE('',*,*,#3101,.T.);
#4365=ORIENTED_EDGE('',*,*,#3172,.T.);
#4366=ORIENTED_EDGE('',*,*,#3173,.T.);
#4367=ORIENTED_EDGE('',*,*,#3169,.F.);
#4368=ORIENTED_EDGE('',*,*,#3100,.T.);
#4369=ORIENTED_EDGE('',*,*,#3174,.T.);
#4370=ORIENTED_EDGE('',*,*,#2878,.T.);
#4371=ORIENTED_EDGE('',*,*,#3172,.F.);
#4372=ORIENTED_EDGE('',*,*,#2875,.T.);
#4373=ORIENTED_EDGE('',*,*,#3174,.F.);
#4374=ORIENTED_EDGE('',*,*,#3099,.T.);
#4375=ORIENTED_EDGE('',*,*,#3171,.T.);
#4376=ORIENTED_EDGE('',*,*,#2873,.F.);
#4377=ORIENTED_EDGE('',*,*,#2876,.T.);
#4378=ORIENTED_EDGE('',*,*,#3170,.F.);
#4379=ORIENTED_EDGE('',*,*,#3175,.F.);
#4380=ORIENTED_EDGE('',*,*,#3061,.T.);
#4381=ORIENTED_EDGE('',*,*,#3176,.T.);
#4382=ORIENTED_EDGE('',*,*,#3177,.T.);
#4383=ORIENTED_EDGE('',*,*,#3178,.F.);
#4384=ORIENTED_EDGE('',*,*,#3064,.T.);
#4385=ORIENTED_EDGE('',*,*,#3179,.T.);
#4386=ORIENTED_EDGE('',*,*,#3180,.T.);
#4387=ORIENTED_EDGE('',*,*,#3176,.F.);
#4388=ORIENTED_EDGE('',*,*,#3063,.T.);
#4389=ORIENTED_EDGE('',*,*,#3181,.T.);
#4390=ORIENTED_EDGE('',*,*,#2891,.T.);
#4391=ORIENTED_EDGE('',*,*,#3179,.F.);
#4392=ORIENTED_EDGE('',*,*,#2888,.T.);
#4393=ORIENTED_EDGE('',*,*,#3181,.F.);
#4394=ORIENTED_EDGE('',*,*,#3062,.T.);
#4395=ORIENTED_EDGE('',*,*,#3178,.T.);
#4396=ORIENTED_EDGE('',*,*,#2886,.F.);
#4397=ORIENTED_EDGE('',*,*,#2889,.T.);
#4398=ORIENTED_EDGE('',*,*,#3177,.F.);
#4399=ORIENTED_EDGE('',*,*,#3182,.F.);
#4400=ORIENTED_EDGE('',*,*,#3097,.T.);
#4401=ORIENTED_EDGE('',*,*,#3183,.T.);
#4402=ORIENTED_EDGE('',*,*,#2897,.T.);
#4403=ORIENTED_EDGE('',*,*,#2895,.T.);
#4404=ORIENTED_EDGE('',*,*,#3183,.F.);
#4405=ORIENTED_EDGE('',*,*,#3065,.T.);
#4406=ORIENTED_EDGE('',*,*,#3184,.T.);
#4407=ORIENTED_EDGE('',*,*,#3185,.T.);
#4408=ORIENTED_EDGE('',*,*,#3186,.F.);
#4409=ORIENTED_EDGE('',*,*,#3068,.T.);
#4410=ORIENTED_EDGE('',*,*,#3187,.T.);
#4411=ORIENTED_EDGE('',*,*,#3188,.T.);
#4412=ORIENTED_EDGE('',*,*,#3184,.F.);
#4413=ORIENTED_EDGE('',*,*,#3067,.T.);
#4414=ORIENTED_EDGE('',*,*,#3189,.T.);
#4415=ORIENTED_EDGE('',*,*,#2910,.T.);
#4416=ORIENTED_EDGE('',*,*,#3187,.F.);
#4417=ORIENTED_EDGE('',*,*,#2907,.T.);
#4418=ORIENTED_EDGE('',*,*,#3189,.F.);
#4419=ORIENTED_EDGE('',*,*,#3066,.T.);
#4420=ORIENTED_EDGE('',*,*,#3186,.T.);
#4421=ORIENTED_EDGE('',*,*,#2905,.F.);
#4422=ORIENTED_EDGE('',*,*,#2908,.T.);
#4423=ORIENTED_EDGE('',*,*,#3185,.F.);
#4424=ORIENTED_EDGE('',*,*,#3190,.F.);
#4425=ORIENTED_EDGE('',*,*,#3093,.T.);
#4426=ORIENTED_EDGE('',*,*,#3191,.T.);
#4427=ORIENTED_EDGE('',*,*,#3192,.T.);
#4428=ORIENTED_EDGE('',*,*,#3193,.F.);
#4429=ORIENTED_EDGE('',*,*,#3096,.T.);
#4430=ORIENTED_EDGE('',*,*,#3194,.T.);
#4431=ORIENTED_EDGE('',*,*,#3195,.T.);
#4432=ORIENTED_EDGE('',*,*,#3191,.F.);
#4433=ORIENTED_EDGE('',*,*,#3095,.T.);
#4434=ORIENTED_EDGE('',*,*,#3196,.T.);
#4435=ORIENTED_EDGE('',*,*,#2923,.T.);
#4436=ORIENTED_EDGE('',*,*,#3194,.F.);
#4437=ORIENTED_EDGE('',*,*,#2920,.T.);
#4438=ORIENTED_EDGE('',*,*,#3196,.F.);
#4439=ORIENTED_EDGE('',*,*,#3094,.T.);
#4440=ORIENTED_EDGE('',*,*,#3193,.T.);
#4441=ORIENTED_EDGE('',*,*,#2918,.F.);
#4442=ORIENTED_EDGE('',*,*,#2921,.T.);
#4443=ORIENTED_EDGE('',*,*,#3192,.F.);
#4444=ORIENTED_EDGE('',*,*,#3197,.F.);
#4445=ORIENTED_EDGE('',*,*,#3069,.T.);
#4446=ORIENTED_EDGE('',*,*,#3198,.T.);
#4447=ORIENTED_EDGE('',*,*,#3199,.T.);
#4448=ORIENTED_EDGE('',*,*,#3200,.F.);
#4449=ORIENTED_EDGE('',*,*,#3072,.T.);
#4450=ORIENTED_EDGE('',*,*,#3201,.T.);
#4451=ORIENTED_EDGE('',*,*,#3202,.T.);
#4452=ORIENTED_EDGE('',*,*,#3198,.F.);
#4453=ORIENTED_EDGE('',*,*,#3071,.T.);
#4454=ORIENTED_EDGE('',*,*,#3203,.T.);
#4455=ORIENTED_EDGE('',*,*,#2936,.T.);
#4456=ORIENTED_EDGE('',*,*,#3201,.F.);
#4457=ORIENTED_EDGE('',*,*,#2933,.T.);
#4458=ORIENTED_EDGE('',*,*,#3203,.F.);
#4459=ORIENTED_EDGE('',*,*,#3070,.T.);
#4460=ORIENTED_EDGE('',*,*,#3200,.T.);
#4461=ORIENTED_EDGE('',*,*,#2931,.F.);
#4462=ORIENTED_EDGE('',*,*,#2934,.T.);
#4463=ORIENTED_EDGE('',*,*,#3199,.F.);
#4464=ORIENTED_EDGE('',*,*,#3204,.F.);
#4465=ORIENTED_EDGE('',*,*,#3089,.T.);
#4466=ORIENTED_EDGE('',*,*,#3205,.T.);
#4467=ORIENTED_EDGE('',*,*,#3206,.T.);
#4468=ORIENTED_EDGE('',*,*,#3207,.F.);
#4469=ORIENTED_EDGE('',*,*,#3092,.T.);
#4470=ORIENTED_EDGE('',*,*,#3208,.T.);
#4471=ORIENTED_EDGE('',*,*,#3209,.T.);
#4472=ORIENTED_EDGE('',*,*,#3205,.F.);
#4473=ORIENTED_EDGE('',*,*,#3091,.T.);
#4474=ORIENTED_EDGE('',*,*,#3210,.T.);
#4475=ORIENTED_EDGE('',*,*,#2949,.T.);
#4476=ORIENTED_EDGE('',*,*,#3208,.F.);
#4477=ORIENTED_EDGE('',*,*,#2946,.T.);
#4478=ORIENTED_EDGE('',*,*,#3210,.F.);
#4479=ORIENTED_EDGE('',*,*,#3090,.T.);
#4480=ORIENTED_EDGE('',*,*,#3207,.T.);
#4481=ORIENTED_EDGE('',*,*,#2944,.F.);
#4482=ORIENTED_EDGE('',*,*,#2947,.T.);
#4483=ORIENTED_EDGE('',*,*,#3206,.F.);
#4484=ORIENTED_EDGE('',*,*,#3211,.F.);
#4485=ORIENTED_EDGE('',*,*,#3073,.T.);
#4486=ORIENTED_EDGE('',*,*,#3212,.T.);
#4487=ORIENTED_EDGE('',*,*,#3213,.T.);
#4488=ORIENTED_EDGE('',*,*,#3214,.F.);
#4489=ORIENTED_EDGE('',*,*,#3076,.T.);
#4490=ORIENTED_EDGE('',*,*,#3215,.T.);
#4491=ORIENTED_EDGE('',*,*,#3216,.T.);
#4492=ORIENTED_EDGE('',*,*,#3212,.F.);
#4493=ORIENTED_EDGE('',*,*,#3075,.T.);
#4494=ORIENTED_EDGE('',*,*,#3217,.T.);
#4495=ORIENTED_EDGE('',*,*,#2962,.T.);
#4496=ORIENTED_EDGE('',*,*,#3215,.F.);
#4497=ORIENTED_EDGE('',*,*,#2959,.T.);
#4498=ORIENTED_EDGE('',*,*,#3217,.F.);
#4499=ORIENTED_EDGE('',*,*,#3074,.T.);
#4500=ORIENTED_EDGE('',*,*,#3214,.T.);
#4501=ORIENTED_EDGE('',*,*,#2957,.F.);
#4502=ORIENTED_EDGE('',*,*,#2960,.T.);
#4503=ORIENTED_EDGE('',*,*,#3213,.F.);
#4504=ORIENTED_EDGE('',*,*,#3218,.F.);
#4505=ORIENTED_EDGE('',*,*,#3085,.T.);
#4506=ORIENTED_EDGE('',*,*,#3219,.T.);
#4507=ORIENTED_EDGE('',*,*,#3220,.T.);
#4508=ORIENTED_EDGE('',*,*,#3221,.F.);
#4509=ORIENTED_EDGE('',*,*,#3088,.T.);
#4510=ORIENTED_EDGE('',*,*,#3222,.T.);
#4511=ORIENTED_EDGE('',*,*,#3223,.T.);
#4512=ORIENTED_EDGE('',*,*,#3219,.F.);
#4513=ORIENTED_EDGE('',*,*,#3087,.T.);
#4514=ORIENTED_EDGE('',*,*,#3224,.T.);
#4515=ORIENTED_EDGE('',*,*,#2975,.T.);
#4516=ORIENTED_EDGE('',*,*,#3222,.F.);
#4517=ORIENTED_EDGE('',*,*,#2972,.T.);
#4518=ORIENTED_EDGE('',*,*,#3224,.F.);
#4519=ORIENTED_EDGE('',*,*,#3086,.T.);
#4520=ORIENTED_EDGE('',*,*,#3221,.T.);
#4521=ORIENTED_EDGE('',*,*,#2970,.F.);
#4522=ORIENTED_EDGE('',*,*,#2973,.T.);
#4523=ORIENTED_EDGE('',*,*,#3220,.F.);
#4524=ORIENTED_EDGE('',*,*,#3225,.F.);
#4525=ORIENTED_EDGE('',*,*,#3077,.T.);
#4526=ORIENTED_EDGE('',*,*,#3226,.T.);
#4527=ORIENTED_EDGE('',*,*,#3227,.T.);
#4528=ORIENTED_EDGE('',*,*,#3228,.F.);
#4529=ORIENTED_EDGE('',*,*,#3080,.T.);
#4530=ORIENTED_EDGE('',*,*,#3229,.T.);
#4531=ORIENTED_EDGE('',*,*,#3230,.T.);
#4532=ORIENTED_EDGE('',*,*,#3226,.F.);
#4533=ORIENTED_EDGE('',*,*,#3079,.T.);
#4534=ORIENTED_EDGE('',*,*,#3231,.T.);
#4535=ORIENTED_EDGE('',*,*,#2988,.T.);
#4536=ORIENTED_EDGE('',*,*,#3229,.F.);
#4537=ORIENTED_EDGE('',*,*,#2985,.T.);
#4538=ORIENTED_EDGE('',*,*,#3231,.F.);
#4539=ORIENTED_EDGE('',*,*,#3078,.T.);
#4540=ORIENTED_EDGE('',*,*,#3228,.T.);
#4541=ORIENTED_EDGE('',*,*,#2983,.F.);
#4542=ORIENTED_EDGE('',*,*,#2986,.T.);
#4543=ORIENTED_EDGE('',*,*,#3227,.F.);
#4544=ORIENTED_EDGE('',*,*,#3232,.F.);
#4545=ORIENTED_EDGE('',*,*,#3081,.T.);
#4546=ORIENTED_EDGE('',*,*,#3233,.T.);
#4547=ORIENTED_EDGE('',*,*,#3234,.T.);
#4548=ORIENTED_EDGE('',*,*,#3235,.F.);
#4549=ORIENTED_EDGE('',*,*,#3084,.T.);
#4550=ORIENTED_EDGE('',*,*,#3236,.T.);
#4551=ORIENTED_EDGE('',*,*,#3237,.T.);
#4552=ORIENTED_EDGE('',*,*,#3233,.F.);
#4553=ORIENTED_EDGE('',*,*,#3083,.T.);
#4554=ORIENTED_EDGE('',*,*,#3238,.T.);
#4555=ORIENTED_EDGE('',*,*,#3001,.T.);
#4556=ORIENTED_EDGE('',*,*,#3236,.F.);
#4557=ORIENTED_EDGE('',*,*,#2998,.T.);
#4558=ORIENTED_EDGE('',*,*,#3238,.F.);
#4559=ORIENTED_EDGE('',*,*,#3082,.T.);
#4560=ORIENTED_EDGE('',*,*,#3235,.T.);
#4561=ORIENTED_EDGE('',*,*,#2996,.F.);
#4562=ORIENTED_EDGE('',*,*,#2999,.T.);
#4563=ORIENTED_EDGE('',*,*,#3234,.F.);
#4564=ORIENTED_EDGE('',*,*,#3239,.F.);
#4565=ORIENTED_EDGE('',*,*,#3013,.T.);
#4566=ORIENTED_EDGE('',*,*,#3240,.T.);
#4567=ORIENTED_EDGE('',*,*,#2656,.T.);
#4568=ORIENTED_EDGE('',*,*,#3241,.F.);
#4569=ORIENTED_EDGE('',*,*,#3042,.T.);
#4570=ORIENTED_EDGE('',*,*,#3242,.T.);
#4571=ORIENTED_EDGE('',*,*,#2654,.T.);
#4572=ORIENTED_EDGE('',*,*,#3240,.F.);
#4573=ORIENTED_EDGE('',*,*,#2658,.T.);
#4574=ORIENTED_EDGE('',*,*,#3243,.T.);
#4575=ORIENTED_EDGE('',*,*,#3014,.T.);
#4576=ORIENTED_EDGE('',*,*,#3241,.T.);
#4577=ORIENTED_EDGE('',*,*,#3041,.T.);
#4578=ORIENTED_EDGE('',*,*,#3244,.T.);
#4579=ORIENTED_EDGE('',*,*,#2652,.T.);
#4580=ORIENTED_EDGE('',*,*,#3242,.F.);
#4581=ORIENTED_EDGE('',*,*,#3040,.T.);
#4582=ORIENTED_EDGE('',*,*,#3245,.T.);
#4583=ORIENTED_EDGE('',*,*,#2650,.T.);
#4584=ORIENTED_EDGE('',*,*,#3244,.F.);
#4585=ORIENTED_EDGE('',*,*,#3246,.T.);
#4586=ORIENTED_EDGE('',*,*,#2648,.T.);
#4587=ORIENTED_EDGE('',*,*,#3245,.F.);
#4588=ORIENTED_EDGE('',*,*,#3039,.T.);
#4589=ORIENTED_EDGE('',*,*,#3247,.T.);
#4590=ORIENTED_EDGE('',*,*,#2646,.T.);
#4591=ORIENTED_EDGE('',*,*,#3246,.F.);
#4592=ORIENTED_EDGE('',*,*,#3038,.T.);
#4593=ORIENTED_EDGE('',*,*,#3248,.T.);
#4594=ORIENTED_EDGE('',*,*,#2644,.T.);
#4595=ORIENTED_EDGE('',*,*,#3247,.F.);
#4596=ORIENTED_EDGE('',*,*,#3037,.T.);
#4597=ORIENTED_EDGE('',*,*,#3249,.T.);
#4598=ORIENTED_EDGE('',*,*,#2642,.T.);
#4599=ORIENTED_EDGE('',*,*,#3248,.F.);
#4600=ORIENTED_EDGE('',*,*,#3036,.T.);
#4601=ORIENTED_EDGE('',*,*,#3250,.T.);
#4602=ORIENTED_EDGE('',*,*,#2640,.T.);
#4603=ORIENTED_EDGE('',*,*,#3249,.F.);
#4604=ORIENTED_EDGE('',*,*,#3035,.T.);
#4605=ORIENTED_EDGE('',*,*,#3251,.T.);
#4606=ORIENTED_EDGE('',*,*,#2638,.T.);
#4607=ORIENTED_EDGE('',*,*,#3250,.F.);
#4608=ORIENTED_EDGE('',*,*,#3034,.T.);
#4609=ORIENTED_EDGE('',*,*,#3252,.T.);
#4610=ORIENTED_EDGE('',*,*,#2636,.T.);
#4611=ORIENTED_EDGE('',*,*,#3251,.F.);
#4612=ORIENTED_EDGE('',*,*,#3033,.T.);
#4613=ORIENTED_EDGE('',*,*,#3253,.T.);
#4614=ORIENTED_EDGE('',*,*,#2634,.T.);
#4615=ORIENTED_EDGE('',*,*,#3252,.F.);
#4616=ORIENTED_EDGE('',*,*,#3032,.T.);
#4617=ORIENTED_EDGE('',*,*,#3254,.T.);
#4618=ORIENTED_EDGE('',*,*,#2631,.T.);
#4619=ORIENTED_EDGE('',*,*,#3253,.F.);
#4620=ORIENTED_EDGE('',*,*,#3031,.T.);
#4621=ORIENTED_EDGE('',*,*,#3255,.T.);
#4622=ORIENTED_EDGE('',*,*,#3256,.T.);
#4623=ORIENTED_EDGE('',*,*,#3254,.F.);
#4624=ORIENTED_EDGE('',*,*,#3030,.T.);
#4625=ORIENTED_EDGE('',*,*,#3257,.T.);
#4626=ORIENTED_EDGE('',*,*,#3258,.T.);
#4627=ORIENTED_EDGE('',*,*,#3255,.F.);
#4628=ORIENTED_EDGE('',*,*,#3029,.T.);
#4629=ORIENTED_EDGE('',*,*,#3259,.T.);
#4630=ORIENTED_EDGE('',*,*,#3260,.T.);
#4631=ORIENTED_EDGE('',*,*,#3257,.F.);
#4632=ORIENTED_EDGE('',*,*,#3028,.T.);
#4633=ORIENTED_EDGE('',*,*,#3261,.T.);
#4634=ORIENTED_EDGE('',*,*,#3262,.T.);
#4635=ORIENTED_EDGE('',*,*,#3259,.F.);
#4636=ORIENTED_EDGE('',*,*,#3027,.T.);
#4637=ORIENTED_EDGE('',*,*,#3263,.T.);
#4638=ORIENTED_EDGE('',*,*,#3264,.T.);
#4639=ORIENTED_EDGE('',*,*,#3261,.F.);
#4640=ORIENTED_EDGE('',*,*,#3026,.T.);
#4641=ORIENTED_EDGE('',*,*,#3265,.T.);
#4642=ORIENTED_EDGE('',*,*,#3266,.T.);
#4643=ORIENTED_EDGE('',*,*,#3263,.F.);
#4644=ORIENTED_EDGE('',*,*,#3025,.T.);
#4645=ORIENTED_EDGE('',*,*,#3267,.T.);
#4646=ORIENTED_EDGE('',*,*,#3268,.T.);
#4647=ORIENTED_EDGE('',*,*,#3265,.F.);
#4648=ORIENTED_EDGE('',*,*,#3024,.T.);
#4649=ORIENTED_EDGE('',*,*,#3269,.T.);
#4650=ORIENTED_EDGE('',*,*,#3270,.T.);
#4651=ORIENTED_EDGE('',*,*,#3267,.F.);
#4652=ORIENTED_EDGE('',*,*,#3023,.T.);
#4653=ORIENTED_EDGE('',*,*,#3271,.T.);
#4654=ORIENTED_EDGE('',*,*,#3272,.T.);
#4655=ORIENTED_EDGE('',*,*,#3269,.F.);
#4656=ORIENTED_EDGE('',*,*,#3022,.T.);
#4657=ORIENTED_EDGE('',*,*,#3273,.T.);
#4658=ORIENTED_EDGE('',*,*,#3274,.T.);
#4659=ORIENTED_EDGE('',*,*,#3271,.F.);
#4660=ORIENTED_EDGE('',*,*,#3021,.T.);
#4661=ORIENTED_EDGE('',*,*,#3275,.T.);
#4662=ORIENTED_EDGE('',*,*,#3276,.T.);
#4663=ORIENTED_EDGE('',*,*,#3273,.F.);
#4664=ORIENTED_EDGE('',*,*,#3020,.T.);
#4665=ORIENTED_EDGE('',*,*,#3277,.T.);
#4666=ORIENTED_EDGE('',*,*,#3278,.T.);
#4667=ORIENTED_EDGE('',*,*,#3275,.F.);
#4668=ORIENTED_EDGE('',*,*,#3019,.T.);
#4669=ORIENTED_EDGE('',*,*,#3279,.T.);
#4670=ORIENTED_EDGE('',*,*,#3280,.T.);
#4671=ORIENTED_EDGE('',*,*,#3277,.F.);
#4672=ORIENTED_EDGE('',*,*,#3018,.T.);
#4673=ORIENTED_EDGE('',*,*,#3281,.T.);
#4674=ORIENTED_EDGE('',*,*,#3282,.T.);
#4675=ORIENTED_EDGE('',*,*,#3279,.F.);
#4676=ORIENTED_EDGE('',*,*,#3017,.T.);
#4677=ORIENTED_EDGE('',*,*,#3283,.T.);
#4678=ORIENTED_EDGE('',*,*,#3284,.T.);
#4679=ORIENTED_EDGE('',*,*,#3281,.F.);
#4680=ORIENTED_EDGE('',*,*,#3016,.T.);
#4681=ORIENTED_EDGE('',*,*,#3243,.F.);
#4682=ORIENTED_EDGE('',*,*,#2660,.T.);
#4683=ORIENTED_EDGE('',*,*,#3283,.F.);
#4684=ORIENTED_EDGE('',*,*,#3015,.T.);
#4685=ORIENTED_EDGE('',*,*,#2582,.F.);
#4686=ORIENTED_EDGE('',*,*,#3285,.T.);
#4687=ORIENTED_EDGE('',*,*,#3262,.F.);
#4688=ORIENTED_EDGE('',*,*,#3286,.T.);
#4689=ORIENTED_EDGE('',*,*,#2579,.F.);
#4690=ORIENTED_EDGE('',*,*,#3286,.F.);
#4691=ORIENTED_EDGE('',*,*,#3264,.F.);
#4692=ORIENTED_EDGE('',*,*,#3287,.F.);
#4693=ORIENTED_EDGE('',*,*,#2576,.F.);
#4694=ORIENTED_EDGE('',*,*,#3287,.T.);
#4695=ORIENTED_EDGE('',*,*,#3266,.F.);
#4696=ORIENTED_EDGE('',*,*,#3288,.T.);
#4697=ORIENTED_EDGE('',*,*,#2573,.F.);
#4698=ORIENTED_EDGE('',*,*,#3288,.F.);
#4699=ORIENTED_EDGE('',*,*,#3268,.F.);
#4700=ORIENTED_EDGE('',*,*,#3289,.F.);
#4701=ORIENTED_EDGE('',*,*,#2570,.F.);
#4702=ORIENTED_EDGE('',*,*,#3289,.T.);
#4703=ORIENTED_EDGE('',*,*,#3270,.F.);
#4704=ORIENTED_EDGE('',*,*,#3290,.F.);
#4705=ORIENTED_EDGE('',*,*,#2567,.F.);
#4706=ORIENTED_EDGE('',*,*,#3290,.T.);
#4707=ORIENTED_EDGE('',*,*,#3272,.F.);
#4708=ORIENTED_EDGE('',*,*,#3291,.T.);
#4709=ORIENTED_EDGE('',*,*,#2564,.F.);
#4710=ORIENTED_EDGE('',*,*,#3291,.F.);
#4711=ORIENTED_EDGE('',*,*,#3274,.F.);
#4712=ORIENTED_EDGE('',*,*,#3292,.F.);
#4713=ORIENTED_EDGE('',*,*,#2561,.F.);
#4714=ORIENTED_EDGE('',*,*,#3292,.T.);
#4715=ORIENTED_EDGE('',*,*,#3276,.F.);
#4716=ORIENTED_EDGE('',*,*,#3293,.T.);
#4717=ORIENTED_EDGE('',*,*,#2558,.F.);
#4718=ORIENTED_EDGE('',*,*,#3293,.F.);
#4719=ORIENTED_EDGE('',*,*,#3278,.F.);
#4720=ORIENTED_EDGE('',*,*,#3294,.F.);
#4721=ORIENTED_EDGE('',*,*,#2555,.F.);
#4722=ORIENTED_EDGE('',*,*,#3294,.T.);
#4723=ORIENTED_EDGE('',*,*,#3280,.F.);
#4724=ORIENTED_EDGE('',*,*,#3295,.T.);
#4725=ORIENTED_EDGE('',*,*,#2552,.F.);
#4726=ORIENTED_EDGE('',*,*,#3295,.F.);
#4727=ORIENTED_EDGE('',*,*,#3282,.F.);
#4728=ORIENTED_EDGE('',*,*,#3296,.F.);
#4729=ORIENTED_EDGE('',*,*,#2549,.F.);
#4730=ORIENTED_EDGE('',*,*,#3296,.T.);
#4731=ORIENTED_EDGE('',*,*,#3284,.F.);
#4732=ORIENTED_EDGE('',*,*,#2659,.T.);
#4733=ORIENTED_EDGE('',*,*,#2588,.F.);
#4734=ORIENTED_EDGE('',*,*,#3297,.T.);
#4735=ORIENTED_EDGE('',*,*,#3258,.F.);
#4736=ORIENTED_EDGE('',*,*,#3298,.T.);
#4737=ORIENTED_EDGE('',*,*,#2591,.F.);
#4738=ORIENTED_EDGE('',*,*,#2632,.F.);
#4739=ORIENTED_EDGE('',*,*,#3256,.F.);
#4740=ORIENTED_EDGE('',*,*,#3297,.F.);
#4741=ORIENTED_EDGE('',*,*,#2743,.F.);
#4742=ORIENTED_EDGE('',*,*,#3012,.T.);
#4743=ORIENTED_EDGE('',*,*,#3008,.F.);
#4744=ORIENTED_EDGE('',*,*,#2749,.F.);
#4745=ORIENTED_EDGE('',*,*,#2762,.F.);
#4746=ORIENTED_EDGE('',*,*,#3123,.T.);
#4747=ORIENTED_EDGE('',*,*,#3121,.F.);
#4748=ORIENTED_EDGE('',*,*,#2768,.F.);
#4749=ORIENTED_EDGE('',*,*,#2787,.F.);
#4750=ORIENTED_EDGE('',*,*,#3132,.T.);
#4751=ORIENTED_EDGE('',*,*,#3130,.F.);
#4752=ORIENTED_EDGE('',*,*,#2793,.F.);
#4753=ORIENTED_EDGE('',*,*,#2800,.F.);
#4754=ORIENTED_EDGE('',*,*,#3139,.T.);
#4755=ORIENTED_EDGE('',*,*,#3137,.F.);
#4756=ORIENTED_EDGE('',*,*,#2806,.F.);
#4757=ORIENTED_EDGE('',*,*,#2813,.F.);
#4758=ORIENTED_EDGE('',*,*,#3146,.T.);
#4759=ORIENTED_EDGE('',*,*,#3144,.F.);
#4760=ORIENTED_EDGE('',*,*,#2819,.F.);
#4761=ORIENTED_EDGE('',*,*,#2832,.F.);
#4762=ORIENTED_EDGE('',*,*,#3154,.T.);
#4763=ORIENTED_EDGE('',*,*,#3152,.F.);
#4764=ORIENTED_EDGE('',*,*,#2838,.F.);
#4765=ORIENTED_EDGE('',*,*,#2845,.F.);
#4766=ORIENTED_EDGE('',*,*,#3161,.T.);
#4767=ORIENTED_EDGE('',*,*,#3159,.F.);
#4768=ORIENTED_EDGE('',*,*,#2851,.F.);
#4769=ORIENTED_EDGE('',*,*,#2858,.F.);
#4770=ORIENTED_EDGE('',*,*,#3168,.T.);
#4771=ORIENTED_EDGE('',*,*,#3166,.F.);
#4772=ORIENTED_EDGE('',*,*,#2864,.F.);
#4773=ORIENTED_EDGE('',*,*,#2871,.F.);
#4774=ORIENTED_EDGE('',*,*,#3175,.T.);
#4775=ORIENTED_EDGE('',*,*,#3173,.F.);
#4776=ORIENTED_EDGE('',*,*,#2877,.F.);
#4777=ORIENTED_EDGE('',*,*,#2884,.F.);
#4778=ORIENTED_EDGE('',*,*,#3182,.T.);
#4779=ORIENTED_EDGE('',*,*,#3180,.F.);
#4780=ORIENTED_EDGE('',*,*,#2890,.F.);
#4781=ORIENTED_EDGE('',*,*,#2903,.F.);
#4782=ORIENTED_EDGE('',*,*,#3190,.T.);
#4783=ORIENTED_EDGE('',*,*,#3188,.F.);
#4784=ORIENTED_EDGE('',*,*,#2909,.F.);
#4785=ORIENTED_EDGE('',*,*,#2916,.F.);
#4786=ORIENTED_EDGE('',*,*,#3197,.T.);
#4787=ORIENTED_EDGE('',*,*,#3195,.F.);
#4788=ORIENTED_EDGE('',*,*,#2922,.F.);
#4789=ORIENTED_EDGE('',*,*,#2929,.F.);
#4790=ORIENTED_EDGE('',*,*,#3204,.T.);
#4791=ORIENTED_EDGE('',*,*,#3202,.F.);
#4792=ORIENTED_EDGE('',*,*,#2935,.F.);
#4793=ORIENTED_EDGE('',*,*,#2942,.F.);
#4794=ORIENTED_EDGE('',*,*,#3211,.T.);
#4795=ORIENTED_EDGE('',*,*,#3209,.F.);
#4796=ORIENTED_EDGE('',*,*,#2948,.F.);
#4797=ORIENTED_EDGE('',*,*,#2955,.F.);
#4798=ORIENTED_EDGE('',*,*,#3218,.T.);
#4799=ORIENTED_EDGE('',*,*,#3216,.F.);
#4800=ORIENTED_EDGE('',*,*,#2961,.F.);
#4801=ORIENTED_EDGE('',*,*,#2968,.F.);
#4802=ORIENTED_EDGE('',*,*,#3225,.T.);
#4803=ORIENTED_EDGE('',*,*,#3223,.F.);
#4804=ORIENTED_EDGE('',*,*,#2974,.F.);
#4805=ORIENTED_EDGE('',*,*,#2981,.F.);
#4806=ORIENTED_EDGE('',*,*,#3232,.T.);
#4807=ORIENTED_EDGE('',*,*,#3230,.F.);
#4808=ORIENTED_EDGE('',*,*,#2987,.F.);
#4809=ORIENTED_EDGE('',*,*,#2994,.F.);
#4810=ORIENTED_EDGE('',*,*,#3239,.T.);
#4811=ORIENTED_EDGE('',*,*,#3237,.F.);
#4812=ORIENTED_EDGE('',*,*,#3000,.F.);
#4813=ORIENTED_EDGE('',*,*,#2585,.F.);
#4814=ORIENTED_EDGE('',*,*,#3298,.F.);
#4815=ORIENTED_EDGE('',*,*,#3260,.F.);
#4816=ORIENTED_EDGE('',*,*,#3285,.F.);
#4817=CYLINDRICAL_SURFACE('',#5350,0.25);
#4818=CYLINDRICAL_SURFACE('',#5353,0.25);
#4819=CYLINDRICAL_SURFACE('',#5359,0.25);
#4820=CYLINDRICAL_SURFACE('',#5365,0.25);
#4821=CYLINDRICAL_SURFACE('',#5371,0.25);
#4822=CYLINDRICAL_SURFACE('',#5381,0.25);
#4823=CYLINDRICAL_SURFACE('',#5387,0.25);
#4824=CYLINDRICAL_SURFACE('',#5393,0.25);
#4825=CYLINDRICAL_SURFACE('',#5399,0.25);
#4826=CYLINDRICAL_SURFACE('',#5405,0.25);
#4827=CYLINDRICAL_SURFACE('',#5411,0.25);
#4828=CYLINDRICAL_SURFACE('',#5417,0.25);
#4829=CYLINDRICAL_SURFACE('',#5423,0.25);
#4830=CYLINDRICAL_SURFACE('',#5429,0.25);
#4831=CYLINDRICAL_SURFACE('',#5431,0.25);
#4832=CYLINDRICAL_SURFACE('',#5432,0.25);
#4833=CYLINDRICAL_SURFACE('',#5434,0.25);
#4834=CYLINDRICAL_SURFACE('',#5435,1.);
#4835=CYLINDRICAL_SURFACE('',#5438,1.);
#4836=CYLINDRICAL_SURFACE('',#5441,1.);
#4837=CYLINDRICAL_SURFACE('',#5444,1.);
#4838=CYLINDRICAL_SURFACE('',#5447,1.);
#4839=CYLINDRICAL_SURFACE('',#5461,0.25);
#4840=CYLINDRICAL_SURFACE('',#5464,0.25);
#4841=CYLINDRICAL_SURFACE('',#5466,0.25);
#4842=CYLINDRICAL_SURFACE('',#5468,0.25);
#4843=CYLINDRICAL_SURFACE('',#5475,1.09999999999999);
#4844=CYLINDRICAL_SURFACE('',#5478,0.25);
#4845=CYLINDRICAL_SURFACE('',#5481,0.25);
#4846=CYLINDRICAL_SURFACE('',#5483,0.25);
#4847=CYLINDRICAL_SURFACE('',#5485,0.25);
#4848=CYLINDRICAL_SURFACE('',#5492,1.09999999999999);
#4849=CYLINDRICAL_SURFACE('',#5499,1.10000000000001);
#4850=CYLINDRICAL_SURFACE('',#5502,0.25);
#4851=CYLINDRICAL_SURFACE('',#5505,0.25);
#4852=CYLINDRICAL_SURFACE('',#5507,0.25);
#4853=CYLINDRICAL_SURFACE('',#5509,0.25);
#4854=CYLINDRICAL_SURFACE('',#5512,0.25);
#4855=CYLINDRICAL_SURFACE('',#5515,0.25);
#4856=CYLINDRICAL_SURFACE('',#5517,0.25);
#4857=CYLINDRICAL_SURFACE('',#5519,0.25);
#4858=CYLINDRICAL_SURFACE('',#5522,0.25);
#4859=CYLINDRICAL_SURFACE('',#5525,0.25);
#4860=CYLINDRICAL_SURFACE('',#5527,0.25);
#4861=CYLINDRICAL_SURFACE('',#5529,0.25);
#4862=CYLINDRICAL_SURFACE('',#5536,1.09999999999999);
#4863=CYLINDRICAL_SURFACE('',#5539,0.25);
#4864=CYLINDRICAL_SURFACE('',#5542,0.25);
#4865=CYLINDRICAL_SURFACE('',#5544,0.25);
#4866=CYLINDRICAL_SURFACE('',#5546,0.25);
#4867=CYLINDRICAL_SURFACE('',#5549,0.25);
#4868=CYLINDRICAL_SURFACE('',#5552,0.25);
#4869=CYLINDRICAL_SURFACE('',#5554,0.25);
#4870=CYLINDRICAL_SURFACE('',#5556,0.25);
#4871=CYLINDRICAL_SURFACE('',#5559,0.25);
#4872=CYLINDRICAL_SURFACE('',#5562,0.25);
#4873=CYLINDRICAL_SURFACE('',#5564,0.25);
#4874=CYLINDRICAL_SURFACE('',#5566,0.25);
#4875=CYLINDRICAL_SURFACE('',#5569,0.25);
#4876=CYLINDRICAL_SURFACE('',#5572,0.25);
#4877=CYLINDRICAL_SURFACE('',#5574,0.25);
#4878=CYLINDRICAL_SURFACE('',#5576,0.25);
#4879=CYLINDRICAL_SURFACE('',#5579,0.25);
#4880=CYLINDRICAL_SURFACE('',#5582,0.25);
#4881=CYLINDRICAL_SURFACE('',#5584,0.25);
#4882=CYLINDRICAL_SURFACE('',#5586,0.25);
#4883=CYLINDRICAL_SURFACE('',#5593,1.09999999999999);
#4884=CYLINDRICAL_SURFACE('',#5596,0.25);
#4885=CYLINDRICAL_SURFACE('',#5599,0.25);
#4886=CYLINDRICAL_SURFACE('',#5601,0.25);
#4887=CYLINDRICAL_SURFACE('',#5603,0.25);
#4888=CYLINDRICAL_SURFACE('',#5606,0.25);
#4889=CYLINDRICAL_SURFACE('',#5609,0.25);
#4890=CYLINDRICAL_SURFACE('',#5611,0.25);
#4891=CYLINDRICAL_SURFACE('',#5613,0.25);
#4892=CYLINDRICAL_SURFACE('',#5616,0.25);
#4893=CYLINDRICAL_SURFACE('',#5619,0.25);
#4894=CYLINDRICAL_SURFACE('',#5621,0.25);
#4895=CYLINDRICAL_SURFACE('',#5623,0.25);
#4896=CYLINDRICAL_SURFACE('',#5626,0.25);
#4897=CYLINDRICAL_SURFACE('',#5629,0.25);
#4898=CYLINDRICAL_SURFACE('',#5631,0.25);
#4899=CYLINDRICAL_SURFACE('',#5633,0.25);
#4900=CYLINDRICAL_SURFACE('',#5636,0.25);
#4901=CYLINDRICAL_SURFACE('',#5639,0.25);
#4902=CYLINDRICAL_SURFACE('',#5641,0.25);
#4903=CYLINDRICAL_SURFACE('',#5643,0.25);
#4904=CYLINDRICAL_SURFACE('',#5646,0.25);
#4905=CYLINDRICAL_SURFACE('',#5649,0.25);
#4906=CYLINDRICAL_SURFACE('',#5651,0.25);
#4907=CYLINDRICAL_SURFACE('',#5653,0.25);
#4908=CYLINDRICAL_SURFACE('',#5656,0.25);
#4909=CYLINDRICAL_SURFACE('',#5659,0.25);
#4910=CYLINDRICAL_SURFACE('',#5661,0.25);
#4911=CYLINDRICAL_SURFACE('',#5663,0.25);
#4912=CYLINDRICAL_SURFACE('',#5666,0.25);
#4913=CYLINDRICAL_SURFACE('',#5669,0.25);
#4914=CYLINDRICAL_SURFACE('',#5671,0.25);
#4915=CYLINDRICAL_SURFACE('',#5673,0.25);
#4916=CYLINDRICAL_SURFACE('',#5676,0.25);
#4917=CYLINDRICAL_SURFACE('',#5679,0.25);
#4918=CYLINDRICAL_SURFACE('',#5681,0.25);
#4919=CYLINDRICAL_SURFACE('',#5683,0.25);
#4920=CYLINDRICAL_SURFACE('',#5706,0.25);
#4921=CYLINDRICAL_SURFACE('',#5709,0.25);
#4922=CYLINDRICAL_SURFACE('',#5711,0.25);
#4923=CYLINDRICAL_SURFACE('',#5713,0.25);
#4924=CYLINDRICAL_SURFACE('',#5719,0.25);
#4925=CYLINDRICAL_SURFACE('',#5722,0.25);
#4926=CYLINDRICAL_SURFACE('',#5724,0.25);
#4927=CYLINDRICAL_SURFACE('',#5726,0.25);
#4928=CYLINDRICAL_SURFACE('',#5728,0.25);
#4929=CYLINDRICAL_SURFACE('',#5731,0.25);
#4930=CYLINDRICAL_SURFACE('',#5733,0.25);
#4931=CYLINDRICAL_SURFACE('',#5735,0.25);
#4932=CYLINDRICAL_SURFACE('',#5737,0.25);
#4933=CYLINDRICAL_SURFACE('',#5740,0.25);
#4934=CYLINDRICAL_SURFACE('',#5742,0.25);
#4935=CYLINDRICAL_SURFACE('',#5744,0.25);
#4936=CYLINDRICAL_SURFACE('',#5748,0.25);
#4937=CYLINDRICAL_SURFACE('',#5751,0.25);
#4938=CYLINDRICAL_SURFACE('',#5753,0.25);
#4939=CYLINDRICAL_SURFACE('',#5755,0.25);
#4940=CYLINDRICAL_SURFACE('',#5757,0.25);
#4941=CYLINDRICAL_SURFACE('',#5760,0.25);
#4942=CYLINDRICAL_SURFACE('',#5762,0.25);
#4943=CYLINDRICAL_SURFACE('',#5764,0.25);
#4944=CYLINDRICAL_SURFACE('',#5766,0.25);
#4945=CYLINDRICAL_SURFACE('',#5769,0.25);
#4946=CYLINDRICAL_SURFACE('',#5771,0.25);
#4947=CYLINDRICAL_SURFACE('',#5773,0.25);
#4948=CYLINDRICAL_SURFACE('',#5775,0.25);
#4949=CYLINDRICAL_SURFACE('',#5778,0.25);
#4950=CYLINDRICAL_SURFACE('',#5780,0.25);
#4951=CYLINDRICAL_SURFACE('',#5782,0.25);
#4952=CYLINDRICAL_SURFACE('',#5784,0.25);
#4953=CYLINDRICAL_SURFACE('',#5787,0.25);
#4954=CYLINDRICAL_SURFACE('',#5789,0.25);
#4955=CYLINDRICAL_SURFACE('',#5791,0.25);
#4956=CYLINDRICAL_SURFACE('',#5795,0.25);
#4957=CYLINDRICAL_SURFACE('',#5798,0.25);
#4958=CYLINDRICAL_SURFACE('',#5800,0.25);
#4959=CYLINDRICAL_SURFACE('',#5802,0.25);
#4960=CYLINDRICAL_SURFACE('',#5804,0.25);
#4961=CYLINDRICAL_SURFACE('',#5807,0.25);
#4962=CYLINDRICAL_SURFACE('',#5809,0.25);
#4963=CYLINDRICAL_SURFACE('',#5811,0.25);
#4964=CYLINDRICAL_SURFACE('',#5813,0.25);
#4965=CYLINDRICAL_SURFACE('',#5816,0.25);
#4966=CYLINDRICAL_SURFACE('',#5818,0.25);
#4967=CYLINDRICAL_SURFACE('',#5820,0.25);
#4968=CYLINDRICAL_SURFACE('',#5822,0.25);
#4969=CYLINDRICAL_SURFACE('',#5825,0.25);
#4970=CYLINDRICAL_SURFACE('',#5827,0.25);
#4971=CYLINDRICAL_SURFACE('',#5829,0.25);
#4972=CYLINDRICAL_SURFACE('',#5831,0.25);
#4973=CYLINDRICAL_SURFACE('',#5834,0.25);
#4974=CYLINDRICAL_SURFACE('',#5836,0.25);
#4975=CYLINDRICAL_SURFACE('',#5838,0.25);
#4976=CYLINDRICAL_SURFACE('',#5840,0.25);
#4977=CYLINDRICAL_SURFACE('',#5843,0.25);
#4978=CYLINDRICAL_SURFACE('',#5845,0.25);
#4979=CYLINDRICAL_SURFACE('',#5847,0.25);
#4980=CYLINDRICAL_SURFACE('',#5849,0.25);
#4981=CYLINDRICAL_SURFACE('',#5852,0.25);
#4982=CYLINDRICAL_SURFACE('',#5854,0.25);
#4983=CYLINDRICAL_SURFACE('',#5856,0.25);
#4984=CYLINDRICAL_SURFACE('',#5858,0.25);
#4985=CYLINDRICAL_SURFACE('',#5861,0.25);
#4986=CYLINDRICAL_SURFACE('',#5863,0.25);
#4987=CYLINDRICAL_SURFACE('',#5865,0.25);
#4988=CYLINDRICAL_SURFACE('',#5867,0.25);
#4989=CYLINDRICAL_SURFACE('',#5870,0.25);
#4990=CYLINDRICAL_SURFACE('',#5872,0.25);
#4991=CYLINDRICAL_SURFACE('',#5873,0.25);
#4992=CYLINDRICAL_SURFACE('',#5875,0.25);
#4993=CYLINDRICAL_SURFACE('',#5879,0.25);
#4994=CYLINDRICAL_SURFACE('',#5883,0.25);
#4995=CYLINDRICAL_SURFACE('',#5887,0.25);
#4996=CYLINDRICAL_SURFACE('',#5891,0.25);
#4997=CYLINDRICAL_SURFACE('',#5895,0.25);
#4998=CYLINDRICAL_SURFACE('',#5900,0.25);
#4999=CYLINDRICAL_SURFACE('',#5905,0.25);
#5000=CYLINDRICAL_SURFACE('',#5910,0.25);
#5001=CYLINDRICAL_SURFACE('',#5918,0.25);
#5002=CYLINDRICAL_SURFACE('',#5923,0.25);
#5003=CYLINDRICAL_SURFACE('',#5928,0.25);
#5004=CYLINDRICAL_SURFACE('',#5933,0.25);
#5005=CYLINDRICAL_SURFACE('',#5934,1.);
#5006=CYLINDRICAL_SURFACE('',#5936,1.);
#5007=CYLINDRICAL_SURFACE('',#5938,1.);
#5008=CYLINDRICAL_SURFACE('',#5939,1.);
#5009=CYLINDRICAL_SURFACE('',#5941,1.);
#5010=CYLINDRICAL_SURFACE('',#5943,1.);
#5011=CYLINDRICAL_SURFACE('',#5945,1.);
#5012=CYLINDRICAL_SURFACE('',#5946,1.);
#5013=ADVANCED_FACE('',(#332),#4817,.T.);
#5014=ADVANCED_FACE('',(#333),#4818,.T.);
#5015=ADVANCED_FACE('',(#334),#152,.T.);
#5016=ADVANCED_FACE('',(#335),#4819,.T.);
#5017=ADVANCED_FACE('',(#336),#153,.T.);
#5018=ADVANCED_FACE('',(#337),#4820,.T.);
#5019=ADVANCED_FACE('',(#338),#154,.T.);
#5020=ADVANCED_FACE('',(#339),#4821,.T.);
#5021=ADVANCED_FACE('',(#340),#155,.T.);
#5022=ADVANCED_FACE('',(#341),#156,.T.);
#5023=ADVANCED_FACE('',(#342),#4822,.T.);
#5024=ADVANCED_FACE('',(#343),#157,.T.);
#5025=ADVANCED_FACE('',(#344),#4823,.T.);
#5026=ADVANCED_FACE('',(#345),#158,.T.);
#5027=ADVANCED_FACE('',(#346),#4824,.T.);
#5028=ADVANCED_FACE('',(#347),#159,.T.);
#5029=ADVANCED_FACE('',(#348),#4825,.T.);
#5030=ADVANCED_FACE('',(#349),#160,.T.);
#5031=ADVANCED_FACE('',(#350),#4826,.T.);
#5032=ADVANCED_FACE('',(#351),#161,.T.);
#5033=ADVANCED_FACE('',(#352),#4827,.T.);
#5034=ADVANCED_FACE('',(#353),#162,.T.);
#5035=ADVANCED_FACE('',(#354),#4828,.T.);
#5036=ADVANCED_FACE('',(#355),#163,.T.);
#5037=ADVANCED_FACE('',(#356),#4829,.T.);
#5038=ADVANCED_FACE('',(#357),#164,.T.);
#5039=ADVANCED_FACE('',(#358),#4830,.T.);
#5040=ADVANCED_FACE('',(#359),#4831,.T.);
#5041=ADVANCED_FACE('',(#360),#4832,.T.);
#5042=ADVANCED_FACE('',(#361),#4833,.T.);
#5043=ADVANCED_FACE('',(#362),#4834,.F.);
#5044=ADVANCED_FACE('',(#363),#61,.T.);
#5045=ADVANCED_FACE('',(#364),#4835,.T.);
#5046=ADVANCED_FACE('',(#365),#62,.T.);
#5047=ADVANCED_FACE('',(#366),#4836,.F.);
#5048=ADVANCED_FACE('',(#367),#63,.T.);
#5049=ADVANCED_FACE('',(#368),#4837,.T.);
#5050=ADVANCED_FACE('',(#369),#64,.T.);
#5051=ADVANCED_FACE('',(#370),#4838,.T.);
#5052=ADVANCED_FACE('',(#371),#65,.T.);
#5053=ADVANCED_FACE('',(#372),#66,.T.);
#5054=ADVANCED_FACE('',(#373),#67,.T.);
#5055=ADVANCED_FACE('',(#374),#68,.T.);
#5056=ADVANCED_FACE('',(#375),#69,.T.);
#5057=ADVANCED_FACE('',(#376),#70,.T.);
#5058=ADVANCED_FACE('',(#377,#15,#16,#17,#18,#19,#20,#21,#22,#23,#24,#25,
#26,#27,#28,#29,#30,#31,#32,#33,#34,#35,#36,#37),#71,.F.);
#5059=ADVANCED_FACE('',(#378),#4839,.T.);
#5060=ADVANCED_FACE('',(#379),#4840,.T.);
#5061=ADVANCED_FACE('',(#380),#4841,.T.);
#5062=ADVANCED_FACE('',(#381),#4842,.T.);
#5063=ADVANCED_FACE('',(#382),#72,.T.);
#5064=ADVANCED_FACE('',(#383),#73,.T.);
#5065=ADVANCED_FACE('',(#384),#165,.T.);
#5066=ADVANCED_FACE('',(#385),#4843,.F.);
#5067=ADVANCED_FACE('',(#386),#4844,.T.);
#5068=ADVANCED_FACE('',(#387),#4845,.T.);
#5069=ADVANCED_FACE('',(#388),#4846,.T.);
#5070=ADVANCED_FACE('',(#389),#4847,.T.);
#5071=ADVANCED_FACE('',(#390),#74,.T.);
#5072=ADVANCED_FACE('',(#391),#75,.T.);
#5073=ADVANCED_FACE('',(#392),#166,.T.);
#5074=ADVANCED_FACE('',(#393),#4848,.F.);
#5075=ADVANCED_FACE('',(#394),#167,.T.);
#5076=ADVANCED_FACE('',(#395),#4849,.F.);
#5077=ADVANCED_FACE('',(#396),#4850,.T.);
#5078=ADVANCED_FACE('',(#397),#4851,.T.);
#5079=ADVANCED_FACE('',(#398),#4852,.T.);
#5080=ADVANCED_FACE('',(#399),#4853,.T.);
#5081=ADVANCED_FACE('',(#400),#76,.T.);
#5082=ADVANCED_FACE('',(#401),#77,.T.);
#5083=ADVANCED_FACE('',(#402),#4854,.T.);
#5084=ADVANCED_FACE('',(#403),#4855,.T.);
#5085=ADVANCED_FACE('',(#404),#4856,.T.);
#5086=ADVANCED_FACE('',(#405),#4857,.T.);
#5087=ADVANCED_FACE('',(#406),#78,.T.);
#5088=ADVANCED_FACE('',(#407),#79,.T.);
#5089=ADVANCED_FACE('',(#408),#4858,.T.);
#5090=ADVANCED_FACE('',(#409),#4859,.T.);
#5091=ADVANCED_FACE('',(#410),#4860,.T.);
#5092=ADVANCED_FACE('',(#411),#4861,.T.);
#5093=ADVANCED_FACE('',(#412),#80,.T.);
#5094=ADVANCED_FACE('',(#413),#81,.T.);
#5095=ADVANCED_FACE('',(#414),#168,.T.);
#5096=ADVANCED_FACE('',(#415),#4862,.F.);
#5097=ADVANCED_FACE('',(#416),#4863,.T.);
#5098=ADVANCED_FACE('',(#417),#4864,.T.);
#5099=ADVANCED_FACE('',(#418),#4865,.T.);
#5100=ADVANCED_FACE('',(#419),#4866,.T.);
#5101=ADVANCED_FACE('',(#420),#82,.T.);
#5102=ADVANCED_FACE('',(#421),#83,.T.);
#5103=ADVANCED_FACE('',(#422),#4867,.T.);
#5104=ADVANCED_FACE('',(#423),#4868,.T.);
#5105=ADVANCED_FACE('',(#424),#4869,.T.);
#5106=ADVANCED_FACE('',(#425),#4870,.T.);
#5107=ADVANCED_FACE('',(#426),#84,.T.);
#5108=ADVANCED_FACE('',(#427),#85,.T.);
#5109=ADVANCED_FACE('',(#428),#4871,.T.);
#5110=ADVANCED_FACE('',(#429),#4872,.T.);
#5111=ADVANCED_FACE('',(#430),#4873,.T.);
#5112=ADVANCED_FACE('',(#431),#4874,.T.);
#5113=ADVANCED_FACE('',(#432),#86,.T.);
#5114=ADVANCED_FACE('',(#433),#87,.T.);
#5115=ADVANCED_FACE('',(#434),#4875,.T.);
#5116=ADVANCED_FACE('',(#435),#4876,.T.);
#5117=ADVANCED_FACE('',(#436),#4877,.T.);
#5118=ADVANCED_FACE('',(#437),#4878,.T.);
#5119=ADVANCED_FACE('',(#438),#88,.T.);
#5120=ADVANCED_FACE('',(#439),#89,.T.);
#5121=ADVANCED_FACE('',(#440),#4879,.T.);
#5122=ADVANCED_FACE('',(#441),#4880,.T.);
#5123=ADVANCED_FACE('',(#442),#4881,.T.);
#5124=ADVANCED_FACE('',(#443),#4882,.T.);
#5125=ADVANCED_FACE('',(#444),#90,.T.);
#5126=ADVANCED_FACE('',(#445),#91,.T.);
#5127=ADVANCED_FACE('',(#446),#169,.T.);
#5128=ADVANCED_FACE('',(#447),#4883,.F.);
#5129=ADVANCED_FACE('',(#448),#4884,.T.);
#5130=ADVANCED_FACE('',(#449),#4885,.T.);
#5131=ADVANCED_FACE('',(#450),#4886,.T.);
#5132=ADVANCED_FACE('',(#451),#4887,.T.);
#5133=ADVANCED_FACE('',(#452),#92,.T.);
#5134=ADVANCED_FACE('',(#453),#93,.T.);
#5135=ADVANCED_FACE('',(#454),#4888,.T.);
#5136=ADVANCED_FACE('',(#455),#4889,.T.);
#5137=ADVANCED_FACE('',(#456),#4890,.T.);
#5138=ADVANCED_FACE('',(#457),#4891,.T.);
#5139=ADVANCED_FACE('',(#458),#94,.T.);
#5140=ADVANCED_FACE('',(#459),#95,.T.);
#5141=ADVANCED_FACE('',(#460),#4892,.T.);
#5142=ADVANCED_FACE('',(#461),#4893,.T.);
#5143=ADVANCED_FACE('',(#462),#4894,.T.);
#5144=ADVANCED_FACE('',(#463),#4895,.T.);
#5145=ADVANCED_FACE('',(#464),#96,.T.);
#5146=ADVANCED_FACE('',(#465),#97,.T.);
#5147=ADVANCED_FACE('',(#466),#4896,.T.);
#5148=ADVANCED_FACE('',(#467),#4897,.T.);
#5149=ADVANCED_FACE('',(#468),#4898,.T.);
#5150=ADVANCED_FACE('',(#469),#4899,.T.);
#5151=ADVANCED_FACE('',(#470),#98,.T.);
#5152=ADVANCED_FACE('',(#471),#99,.T.);
#5153=ADVANCED_FACE('',(#472),#4900,.T.);
#5154=ADVANCED_FACE('',(#473),#4901,.T.);
#5155=ADVANCED_FACE('',(#474),#4902,.T.);
#5156=ADVANCED_FACE('',(#475),#4903,.T.);
#5157=ADVANCED_FACE('',(#476),#100,.T.);
#5158=ADVANCED_FACE('',(#477),#101,.T.);
#5159=ADVANCED_FACE('',(#478),#4904,.T.);
#5160=ADVANCED_FACE('',(#479),#4905,.T.);
#5161=ADVANCED_FACE('',(#480),#4906,.T.);
#5162=ADVANCED_FACE('',(#481),#4907,.T.);
#5163=ADVANCED_FACE('',(#482),#102,.T.);
#5164=ADVANCED_FACE('',(#483),#103,.T.);
#5165=ADVANCED_FACE('',(#484),#4908,.T.);
#5166=ADVANCED_FACE('',(#485),#4909,.T.);
#5167=ADVANCED_FACE('',(#486),#4910,.T.);
#5168=ADVANCED_FACE('',(#487),#4911,.T.);
#5169=ADVANCED_FACE('',(#488),#104,.T.);
#5170=ADVANCED_FACE('',(#489),#105,.T.);
#5171=ADVANCED_FACE('',(#490),#4912,.T.);
#5172=ADVANCED_FACE('',(#491),#4913,.T.);
#5173=ADVANCED_FACE('',(#492),#4914,.T.);
#5174=ADVANCED_FACE('',(#493),#4915,.T.);
#5175=ADVANCED_FACE('',(#494),#106,.T.);
#5176=ADVANCED_FACE('',(#495),#107,.T.);
#5177=ADVANCED_FACE('',(#496),#4916,.T.);
#5178=ADVANCED_FACE('',(#497),#4917,.T.);
#5179=ADVANCED_FACE('',(#498),#4918,.T.);
#5180=ADVANCED_FACE('',(#499),#4919,.T.);
#5181=ADVANCED_FACE('',(#500),#108,.T.);
#5182=ADVANCED_FACE('',(#501,#38,#39,#40,#41,#42,#43,#44,#45,#46,#47,#48,
#49,#50,#51,#52,#53,#54,#55,#56,#57,#58,#59,#60),#109,.T.);
#5183=ADVANCED_FACE('',(#502),#170,.T.);
#5184=ADVANCED_FACE('',(#503),#4920,.T.);
#5185=ADVANCED_FACE('',(#504),#4921,.T.);
#5186=ADVANCED_FACE('',(#505),#4922,.T.);
#5187=ADVANCED_FACE('',(#506),#4923,.T.);
#5188=ADVANCED_FACE('',(#507),#110,.T.);
#5189=ADVANCED_FACE('',(#508),#171,.T.);
#5190=ADVANCED_FACE('',(#509),#172,.T.);
#5191=ADVANCED_FACE('',(#510),#4924,.T.);
#5192=ADVANCED_FACE('',(#511),#4925,.T.);
#5193=ADVANCED_FACE('',(#512),#4926,.T.);
#5194=ADVANCED_FACE('',(#513),#4927,.T.);
#5195=ADVANCED_FACE('',(#514),#111,.T.);
#5196=ADVANCED_FACE('',(#515),#4928,.T.);
#5197=ADVANCED_FACE('',(#516),#4929,.T.);
#5198=ADVANCED_FACE('',(#517),#4930,.T.);
#5199=ADVANCED_FACE('',(#518),#4931,.T.);
#5200=ADVANCED_FACE('',(#519),#112,.T.);
#5201=ADVANCED_FACE('',(#520),#4932,.T.);
#5202=ADVANCED_FACE('',(#521),#4933,.T.);
#5203=ADVANCED_FACE('',(#522),#4934,.T.);
#5204=ADVANCED_FACE('',(#523),#4935,.T.);
#5205=ADVANCED_FACE('',(#524),#113,.T.);
#5206=ADVANCED_FACE('',(#525),#173,.T.);
#5207=ADVANCED_FACE('',(#526),#4936,.T.);
#5208=ADVANCED_FACE('',(#527),#4937,.T.);
#5209=ADVANCED_FACE('',(#528),#4938,.T.);
#5210=ADVANCED_FACE('',(#529),#4939,.T.);
#5211=ADVANCED_FACE('',(#530),#114,.T.);
#5212=ADVANCED_FACE('',(#531),#4940,.T.);
#5213=ADVANCED_FACE('',(#532),#4941,.T.);
#5214=ADVANCED_FACE('',(#533),#4942,.T.);
#5215=ADVANCED_FACE('',(#534),#4943,.T.);
#5216=ADVANCED_FACE('',(#535),#115,.T.);
#5217=ADVANCED_FACE('',(#536),#4944,.T.);
#5218=ADVANCED_FACE('',(#537),#4945,.T.);
#5219=ADVANCED_FACE('',(#538),#4946,.T.);
#5220=ADVANCED_FACE('',(#539),#4947,.T.);
#5221=ADVANCED_FACE('',(#540),#116,.T.);
#5222=ADVANCED_FACE('',(#541),#4948,.T.);
#5223=ADVANCED_FACE('',(#542),#4949,.T.);
#5224=ADVANCED_FACE('',(#543),#4950,.T.);
#5225=ADVANCED_FACE('',(#544),#4951,.T.);
#5226=ADVANCED_FACE('',(#545),#117,.T.);
#5227=ADVANCED_FACE('',(#546),#4952,.T.);
#5228=ADVANCED_FACE('',(#547),#4953,.T.);
#5229=ADVANCED_FACE('',(#548),#4954,.T.);
#5230=ADVANCED_FACE('',(#549),#4955,.T.);
#5231=ADVANCED_FACE('',(#550),#118,.T.);
#5232=ADVANCED_FACE('',(#551),#174,.T.);
#5233=ADVANCED_FACE('',(#552),#4956,.T.);
#5234=ADVANCED_FACE('',(#553),#4957,.T.);
#5235=ADVANCED_FACE('',(#554),#4958,.T.);
#5236=ADVANCED_FACE('',(#555),#4959,.T.);
#5237=ADVANCED_FACE('',(#556),#119,.T.);
#5238=ADVANCED_FACE('',(#557),#4960,.T.);
#5239=ADVANCED_FACE('',(#558),#4961,.T.);
#5240=ADVANCED_FACE('',(#559),#4962,.T.);
#5241=ADVANCED_FACE('',(#560),#4963,.T.);
#5242=ADVANCED_FACE('',(#561),#120,.T.);
#5243=ADVANCED_FACE('',(#562),#4964,.T.);
#5244=ADVANCED_FACE('',(#563),#4965,.T.);
#5245=ADVANCED_FACE('',(#564),#4966,.T.);
#5246=ADVANCED_FACE('',(#565),#4967,.T.);
#5247=ADVANCED_FACE('',(#566),#121,.T.);
#5248=ADVANCED_FACE('',(#567),#4968,.T.);
#5249=ADVANCED_FACE('',(#568),#4969,.T.);
#5250=ADVANCED_FACE('',(#569),#4970,.T.);
#5251=ADVANCED_FACE('',(#570),#4971,.T.);
#5252=ADVANCED_FACE('',(#571),#122,.T.);
#5253=ADVANCED_FACE('',(#572),#4972,.T.);
#5254=ADVANCED_FACE('',(#573),#4973,.T.);
#5255=ADVANCED_FACE('',(#574),#4974,.T.);
#5256=ADVANCED_FACE('',(#575),#4975,.T.);
#5257=ADVANCED_FACE('',(#576),#123,.T.);
#5258=ADVANCED_FACE('',(#577),#4976,.T.);
#5259=ADVANCED_FACE('',(#578),#4977,.T.);
#5260=ADVANCED_FACE('',(#579),#4978,.T.);
#5261=ADVANCED_FACE('',(#580),#4979,.T.);
#5262=ADVANCED_FACE('',(#581),#124,.T.);
#5263=ADVANCED_FACE('',(#582),#4980,.T.);
#5264=ADVANCED_FACE('',(#583),#4981,.T.);
#5265=ADVANCED_FACE('',(#584),#4982,.T.);
#5266=ADVANCED_FACE('',(#585),#4983,.T.);
#5267=ADVANCED_FACE('',(#586),#125,.T.);
#5268=ADVANCED_FACE('',(#587),#4984,.T.);
#5269=ADVANCED_FACE('',(#588),#4985,.T.);
#5270=ADVANCED_FACE('',(#589),#4986,.T.);
#5271=ADVANCED_FACE('',(#590),#4987,.T.);
#5272=ADVANCED_FACE('',(#591),#126,.T.);
#5273=ADVANCED_FACE('',(#592),#4988,.T.);
#5274=ADVANCED_FACE('',(#593),#4989,.T.);
#5275=ADVANCED_FACE('',(#594),#4990,.T.);
#5276=ADVANCED_FACE('',(#595),#4991,.T.);
#5277=ADVANCED_FACE('',(#596),#4992,.T.);
#5278=ADVANCED_FACE('',(#597),#175,.T.);
#5279=ADVANCED_FACE('',(#598),#4993,.T.);
#5280=ADVANCED_FACE('',(#599),#176,.T.);
#5281=ADVANCED_FACE('',(#600),#4994,.T.);
#5282=ADVANCED_FACE('',(#601),#177,.T.);
#5283=ADVANCED_FACE('',(#602),#4995,.T.);
#5284=ADVANCED_FACE('',(#603),#178,.T.);
#5285=ADVANCED_FACE('',(#604),#4996,.T.);
#5286=ADVANCED_FACE('',(#605),#179,.T.);
#5287=ADVANCED_FACE('',(#606),#4997,.T.);
#5288=ADVANCED_FACE('',(#607),#180,.T.);
#5289=ADVANCED_FACE('',(#608),#4998,.T.);
#5290=ADVANCED_FACE('',(#609),#181,.T.);
#5291=ADVANCED_FACE('',(#610),#4999,.T.);
#5292=ADVANCED_FACE('',(#611),#182,.T.);
#5293=ADVANCED_FACE('',(#612),#5000,.T.);
#5294=ADVANCED_FACE('',(#613),#183,.T.);
#5295=ADVANCED_FACE('',(#614),#184,.T.);
#5296=ADVANCED_FACE('',(#615),#5001,.T.);
#5297=ADVANCED_FACE('',(#616),#185,.T.);
#5298=ADVANCED_FACE('',(#617),#5002,.T.);
#5299=ADVANCED_FACE('',(#618),#186,.T.);
#5300=ADVANCED_FACE('',(#619),#5003,.T.);
#5301=ADVANCED_FACE('',(#620),#187,.T.);
#5302=ADVANCED_FACE('',(#621),#5004,.T.);
#5303=ADVANCED_FACE('',(#622),#5005,.T.);
#5304=ADVANCED_FACE('',(#623),#127,.T.);
#5305=ADVANCED_FACE('',(#624),#5006,.F.);
#5306=ADVANCED_FACE('',(#625),#128,.T.);
#5307=ADVANCED_FACE('',(#626),#5007,.T.);
#5308=ADVANCED_FACE('',(#627),#5008,.F.);
#5309=ADVANCED_FACE('',(#628),#129,.T.);
#5310=ADVANCED_FACE('',(#629),#5009,.T.);
#5311=ADVANCED_FACE('',(#630),#130,.T.);
#5312=ADVANCED_FACE('',(#631),#5010,.F.);
#5313=ADVANCED_FACE('',(#632),#131,.T.);
#5314=ADVANCED_FACE('',(#633),#5011,.T.);
#5315=ADVANCED_FACE('',(#634),#5012,.T.);
#5316=ADVANCED_FACE('',(#635),#132,.T.);
#5317=ADVANCED_FACE('',(#636),#133,.T.);
#5318=ADVANCED_FACE('',(#637),#134,.T.);
#5319=ADVANCED_FACE('',(#638),#135,.T.);
#5320=ADVANCED_FACE('',(#639),#136,.T.);
#5321=ADVANCED_FACE('',(#640),#137,.T.);
#5322=ADVANCED_FACE('',(#641),#138,.T.);
#5323=ADVANCED_FACE('',(#642),#139,.T.);
#5324=ADVANCED_FACE('',(#643),#140,.T.);
#5325=ADVANCED_FACE('',(#644),#141,.T.);
#5326=ADVANCED_FACE('',(#645),#142,.T.);
#5327=ADVANCED_FACE('',(#646),#143,.T.);
#5328=ADVANCED_FACE('',(#647),#144,.T.);
#5329=ADVANCED_FACE('',(#648),#145,.T.);
#5330=ADVANCED_FACE('',(#649),#146,.T.);
#5331=ADVANCED_FACE('',(#650),#147,.T.);
#5332=ADVANCED_FACE('',(#651),#148,.T.);
#5333=ADVANCED_FACE('',(#652),#149,.T.);
#5334=ADVANCED_FACE('',(#653),#150,.T.);
#5335=ADVANCED_FACE('',(#654),#151,.T.);
#5336=CLOSED_SHELL('',(#5013,#5014,#5015,#5016,#5017,#5018,#5019,#5020,
#5021,#5022,#5023,#5024,#5025,#5026,#5027,#5028,#5029,#5030,#5031,#5032,
#5033,#5034,#5035,#5036,#5037,#5038,#5039,#5040,#5041,#5042,#5043,#5044,
#5045,#5046,#5047,#5048,#5049,#5050,#5051,#5052,#5053,#5054,#5055,#5056,
#5057,#5058,#5059,#5060,#5061,#5062,#5063,#5064,#5065,#5066,#5067,#5068,
#5069,#5070,#5071,#5072,#5073,#5074,#5075,#5076,#5077,#5078,#5079,#5080,
#5081,#5082,#5083,#5084,#5085,#5086,#5087,#5088,#5089,#5090,#5091,#5092,
#5093,#5094,#5095,#5096,#5097,#5098,#5099,#5100,#5101,#5102,#5103,#5104,
#5105,#5106,#5107,#5108,#5109,#5110,#5111,#5112,#5113,#5114,#5115,#5116,
#5117,#5118,#5119,#5120,#5121,#5122,#5123,#5124,#5125,#5126,#5127,#5128,
#5129,#5130,#5131,#5132,#5133,#5134,#5135,#5136,#5137,#5138,#5139,#5140,
#5141,#5142,#5143,#5144,#5145,#5146,#5147,#5148,#5149,#5150,#5151,#5152,
#5153,#5154,#5155,#5156,#5157,#5158,#5159,#5160,#5161,#5162,#5163,#5164,
#5165,#5166,#5167,#5168,#5169,#5170,#5171,#5172,#5173,#5174,#5175,#5176,
#5177,#5178,#5179,#5180,#5181,#5182,#5183,#5184,#5185,#5186,#5187,#5188,
#5189,#5190,#5191,#5192,#5193,#5194,#5195,#5196,#5197,#5198,#5199,#5200,
#5201,#5202,#5203,#5204,#5205,#5206,#5207,#5208,#5209,#5210,#5211,#5212,
#5213,#5214,#5215,#5216,#5217,#5218,#5219,#5220,#5221,#5222,#5223,#5224,
#5225,#5226,#5227,#5228,#5229,#5230,#5231,#5232,#5233,#5234,#5235,#5236,
#5237,#5238,#5239,#5240,#5241,#5242,#5243,#5244,#5245,#5246,#5247,#5248,
#5249,#5250,#5251,#5252,#5253,#5254,#5255,#5256,#5257,#5258,#5259,#5260,
#5261,#5262,#5263,#5264,#5265,#5266,#5267,#5268,#5269,#5270,#5271,#5272,
#5273,#5274,#5275,#5276,#5277,#5278,#5279,#5280,#5281,#5282,#5283,#5284,
#5285,#5286,#5287,#5288,#5289,#5290,#5291,#5292,#5293,#5294,#5295,#5296,
#5297,#5298,#5299,#5300,#5301,#5302,#5303,#5304,#5305,#5306,#5307,#5308,
#5309,#5310,#5311,#5312,#5313,#5314,#5315,#5316,#5317,#5318,#5319,#5320,
#5321,#5322,#5323,#5324,#5325,#5326,#5327,#5328,#5329,#5330,#5331,#5332,
#5333,#5334,#5335));
#5337=DERIVED_UNIT_ELEMENT(#5339,1.);
#5338=DERIVED_UNIT_ELEMENT(#9246,-3.);
#5339=(
MASS_UNIT()
NAMED_UNIT(*)
SI_UNIT(.KILO.,.GRAM.)
);
#5340=DERIVED_UNIT((#5337,#5338));
#5341=MEASURE_REPRESENTATION_ITEM('density measure',
POSITIVE_RATIO_MEASURE(7850.),#5340);
#5342=PROPERTY_DEFINITION_REPRESENTATION(#5347,#5344);
#5343=PROPERTY_DEFINITION_REPRESENTATION(#5348,#5345);
#5344=REPRESENTATION('material name',(#5346),#9243);
#5345=REPRESENTATION('density',(#5341),#9243);
#5346=DESCRIPTIVE_REPRESENTATION_ITEM('Steel','Steel');
#5347=PROPERTY_DEFINITION('material property','material name',#9253);
#5348=PROPERTY_DEFINITION('material property','density of part',#9253);
#5349=AXIS2_PLACEMENT_3D('',#7666,#5967,#5968);
#5350=AXIS2_PLACEMENT_3D('',#7667,#5969,#5970);
#5351=AXIS2_PLACEMENT_3D('',#7672,#5972,#5973);
#5352=AXIS2_PLACEMENT_3D('',#7675,#5975,#5976);
#5353=AXIS2_PLACEMENT_3D('',#7676,#5977,#5978);
#5354=AXIS2_PLACEMENT_3D('',#7710,#5980,#5981);
#5355=AXIS2_PLACEMENT_3D('',#7712,#5983,#5984);
#5356=AXIS2_PLACEMENT_3D('',#7715,#5985,#5986);
#5357=AXIS2_PLACEMENT_3D('',#7716,#5987,#5988);
#5358=AXIS2_PLACEMENT_3D('',#7717,#5989,#5990);
#5359=AXIS2_PLACEMENT_3D('',#7718,#5991,#5992);
#5360=AXIS2_PLACEMENT_3D('',#7721,#5993,#5994);
#5361=AXIS2_PLACEMENT_3D('',#7724,#5997,#5998);
#5362=AXIS2_PLACEMENT_3D('',#7727,#5999,#6000);
#5363=AXIS2_PLACEMENT_3D('',#7728,#6001,#6002);
#5364=AXIS2_PLACEMENT_3D('',#7729,#6003,#6004);
#5365=AXIS2_PLACEMENT_3D('',#7730,#6005,#6006);
#5366=AXIS2_PLACEMENT_3D('',#7733,#6007,#6008);
#5367=AXIS2_PLACEMENT_3D('',#7736,#6011,#6012);
#5368=AXIS2_PLACEMENT_3D('',#7739,#6013,#6014);
#5369=AXIS2_PLACEMENT_3D('',#7740,#6015,#6016);
#5370=AXIS2_PLACEMENT_3D('',#7741,#6017,#6018);
#5371=AXIS2_PLACEMENT_3D('',#7742,#6019,#6020);
#5372=AXIS2_PLACEMENT_3D('',#7745,#6021,#6022);
#5373=AXIS2_PLACEMENT_3D('',#7748,#6025,#6026);
#5374=AXIS2_PLACEMENT_3D('',#7751,#6027,#6028);
#5375=AXIS2_PLACEMENT_3D('',#7752,#6029,#6030);
#5376=AXIS2_PLACEMENT_3D('',#7753,#6031,#6032);
#5377=AXIS2_PLACEMENT_3D('',#7754,#6033,#6034);
#5378=AXIS2_PLACEMENT_3D('',#7757,#6035,#6036);
#5379=AXIS2_PLACEMENT_3D('',#7758,#6037,#6038);
#5380=AXIS2_PLACEMENT_3D('',#7759,#6039,#6040);
#5381=AXIS2_PLACEMENT_3D('',#7760,#6041,#6042);
#5382=AXIS2_PLACEMENT_3D('',#7763,#6043,#6044);
#5383=AXIS2_PLACEMENT_3D('',#7766,#6047,#6048);
#5384=AXIS2_PLACEMENT_3D('',#7769,#6049,#6050);
#5385=AXIS2_PLACEMENT_3D('',#7770,#6051,#6052);
#5386=AXIS2_PLACEMENT_3D('',#7771,#6053,#6054);
#5387=AXIS2_PLACEMENT_3D('',#7772,#6055,#6056);
#5388=AXIS2_PLACEMENT_3D('',#7775,#6057,#6058);
#5389=AXIS2_PLACEMENT_3D('',#7778,#6061,#6062);
#5390=AXIS2_PLACEMENT_3D('',#7781,#6063,#6064);
#5391=AXIS2_PLACEMENT_3D('',#7782,#6065,#6066);
#5392=AXIS2_PLACEMENT_3D('',#7783,#6067,#6068);
#5393=AXIS2_PLACEMENT_3D('',#7784,#6069,#6070);
#5394=AXIS2_PLACEMENT_3D('',#7787,#6071,#6072);
#5395=AXIS2_PLACEMENT_3D('',#7790,#6075,#6076);
#5396=AXIS2_PLACEMENT_3D('',#7793,#6077,#6078);
#5397=AXIS2_PLACEMENT_3D('',#7794,#6079,#6080);
#5398=AXIS2_PLACEMENT_3D('',#7795,#6081,#6082);
#5399=AXIS2_PLACEMENT_3D('',#7796,#6083,#6084);
#5400=AXIS2_PLACEMENT_3D('',#7799,#6085,#6086);
#5401=AXIS2_PLACEMENT_3D('',#7802,#6089,#6090);
#5402=AXIS2_PLACEMENT_3D('',#7805,#6091,#6092);
#5403=AXIS2_PLACEMENT_3D('',#7806,#6093,#6094);
#5404=AXIS2_PLACEMENT_3D('',#7807,#6095,#6096);
#5405=AXIS2_PLACEMENT_3D('',#7808,#6097,#6098);
#5406=AXIS2_PLACEMENT_3D('',#7811,#6099,#6100);
#5407=AXIS2_PLACEMENT_3D('',#7814,#6103,#6104);
#5408=AXIS2_PLACEMENT_3D('',#7817,#6105,#6106);
#5409=AXIS2_PLACEMENT_3D('',#7818,#6107,#6108);
#5410=AXIS2_PLACEMENT_3D('',#7819,#6109,#6110);
#5411=AXIS2_PLACEMENT_3D('',#7820,#6111,#6112);
#5412=AXIS2_PLACEMENT_3D('',#7823,#6113,#6114);
#5413=AXIS2_PLACEMENT_3D('',#7826,#6117,#6118);
#5414=AXIS2_PLACEMENT_3D('',#7829,#6119,#6120);
#5415=AXIS2_PLACEMENT_3D('',#7830,#6121,#6122);
#5416=AXIS2_PLACEMENT_3D('',#7831,#6123,#6124);
#5417=AXIS2_PLACEMENT_3D('',#7832,#6125,#6126);
#5418=AXIS2_PLACEMENT_3D('',#7835,#6127,#6128);
#5419=AXIS2_PLACEMENT_3D('',#7838,#6131,#6132);
#5420=AXIS2_PLACEMENT_3D('',#7841,#6133,#6134);
#5421=AXIS2_PLACEMENT_3D('',#7842,#6135,#6136);
#5422=AXIS2_PLACEMENT_3D('',#7843,#6137,#6138);
#5423=AXIS2_PLACEMENT_3D('',#7844,#6139,#6140);
#5424=AXIS2_PLACEMENT_3D('',#7847,#6141,#6142);
#5425=AXIS2_PLACEMENT_3D('',#7850,#6145,#6146);
#5426=AXIS2_PLACEMENT_3D('',#7853,#6147,#6148);
#5427=AXIS2_PLACEMENT_3D('',#7854,#6149,#6150);
#5428=AXIS2_PLACEMENT_3D('',#7855,#6151,#6152);
#5429=AXIS2_PLACEMENT_3D('',#7856,#6153,#6154);
#5430=AXIS2_PLACEMENT_3D('',#7861,#6157,#6158);
#5431=AXIS2_PLACEMENT_3D('',#7862,#6159,#6160);
#5432=AXIS2_PLACEMENT_3D('',#7865,#6163,#6164);
#5433=AXIS2_PLACEMENT_3D('',#7870,#6167,#6168);
#5434=AXIS2_PLACEMENT_3D('',#7871,#6169,#6170);
#5435=AXIS2_PLACEMENT_3D('',#7874,#6173,#6174);
#5436=AXIS2_PLACEMENT_3D('',#7878,#6176,#6177);
#5437=AXIS2_PLACEMENT_3D('',#7880,#6179,#6180);
#5438=AXIS2_PLACEMENT_3D('',#7884,#6183,#6184);
#5439=AXIS2_PLACEMENT_3D('',#7887,#6186,#6187);
#5440=AXIS2_PLACEMENT_3D('',#7888,#6188,#6189);
#5441=AXIS2_PLACEMENT_3D('',#7892,#6192,#6193);
#5442=AXIS2_PLACEMENT_3D('',#7895,#6195,#6196);
#5443=AXIS2_PLACEMENT_3D('',#7896,#6197,#6198);
#5444=AXIS2_PLACEMENT_3D('',#7900,#6201,#6202);
#5445=AXIS2_PLACEMENT_3D('',#7903,#6204,#6205);
#5446=AXIS2_PLACEMENT_3D('',#7904,#6206,#6207);
#5447=AXIS2_PLACEMENT_3D('',#7908,#6210,#6211);
#5448=AXIS2_PLACEMENT_3D('',#7911,#6213,#6214);
#5449=AXIS2_PLACEMENT_3D('',#7912,#6215,#6216);
#5450=AXIS2_PLACEMENT_3D('',#7916,#6219,#6220);
#5451=AXIS2_PLACEMENT_3D('',#7920,#6223,#6224);
#5452=AXIS2_PLACEMENT_3D('',#7924,#6227,#6228);
#5453=AXIS2_PLACEMENT_3D('',#7928,#6231,#6232);
#5454=AXIS2_PLACEMENT_3D('',#7932,#6235,#6236);
#5455=AXIS2_PLACEMENT_3D('',#7936,#6239,#6240);
#5456=AXIS2_PLACEMENT_3D('',#7954,#6249,#6250);
#5457=AXIS2_PLACEMENT_3D('',#7964,#6255,#6256);
#5458=AXIS2_PLACEMENT_3D('',#7982,#6265,#6266);
#5459=AXIS2_PLACEMENT_3D('',#8088,#6319,#6320);
#5460=AXIS2_PLACEMENT_3D('',#8090,#6321,#6322);
#5461=AXIS2_PLACEMENT_3D('',#8091,#6323,#6324);
#5462=AXIS2_PLACEMENT_3D('',#8095,#6326,#6327);
#5463=AXIS2_PLACEMENT_3D('',#8096,#6328,#6329);
#5464=AXIS2_PLACEMENT_3D('',#8097,#6330,#6331);
#5465=AXIS2_PLACEMENT_3D('',#8100,#6333,#6334);
#5466=AXIS2_PLACEMENT_3D('',#8101,#6335,#6336);
#5467=AXIS2_PLACEMENT_3D('',#8104,#6338,#6339);
#5468=AXIS2_PLACEMENT_3D('',#8105,#6340,#6341);
#5469=AXIS2_PLACEMENT_3D('',#8107,#6343,#6344);
#5470=AXIS2_PLACEMENT_3D('',#8113,#6348,#6349);
#5471=AXIS2_PLACEMENT_3D('',#8117,#6352,#6353);
#5472=AXIS2_PLACEMENT_3D('',#8120,#6354,#6355);
#5473=AXIS2_PLACEMENT_3D('',#8121,#6356,#6357);
#5474=AXIS2_PLACEMENT_3D('',#8122,#6358,#6359);
#5475=AXIS2_PLACEMENT_3D('',#8123,#6360,#6361);
#5476=AXIS2_PLACEMENT_3D('',#8126,#6362,#6363);
#5477=AXIS2_PLACEMENT_3D('',#8128,#6365,#6366);
#5478=AXIS2_PLACEMENT_3D('',#8129,#6367,#6368);
#5479=AXIS2_PLACEMENT_3D('',#8133,#6370,#6371);
#5480=AXIS2_PLACEMENT_3D('',#8134,#6372,#6373);
#5481=AXIS2_PLACEMENT_3D('',#8135,#6374,#6375);
#5482=AXIS2_PLACEMENT_3D('',#8138,#6377,#6378);
#5483=AXIS2_PLACEMENT_3D('',#8139,#6379,#6380);
#5484=AXIS2_PLACEMENT_3D('',#8142,#6382,#6383);
#5485=AXIS2_PLACEMENT_3D('',#8143,#6384,#6385);
#5486=AXIS2_PLACEMENT_3D('',#8145,#6387,#6388);
#5487=AXIS2_PLACEMENT_3D('',#8151,#6392,#6393);
#5488=AXIS2_PLACEMENT_3D('',#8155,#6396,#6397);
#5489=AXIS2_PLACEMENT_3D('',#8158,#6398,#6399);
#5490=AXIS2_PLACEMENT_3D('',#8159,#6400,#6401);
#5491=AXIS2_PLACEMENT_3D('',#8160,#6402,#6403);
#5492=AXIS2_PLACEMENT_3D('',#8161,#6404,#6405);
#5493=AXIS2_PLACEMENT_3D('',#8164,#6406,#6407);
#5494=AXIS2_PLACEMENT_3D('',#8166,#6409,#6410);
#5495=AXIS2_PLACEMENT_3D('',#8167,#6411,#6412);
#5496=AXIS2_PLACEMENT_3D('',#8170,#6413,#6414);
#5497=AXIS2_PLACEMENT_3D('',#8171,#6415,#6416);
#5498=AXIS2_PLACEMENT_3D('',#8172,#6417,#6418);
#5499=AXIS2_PLACEMENT_3D('',#8173,#6419,#6420);
#5500=AXIS2_PLACEMENT_3D('',#8176,#6421,#6422);
#5501=AXIS2_PLACEMENT_3D('',#8178,#6424,#6425);
#5502=AXIS2_PLACEMENT_3D('',#8179,#6426,#6427);
#5503=AXIS2_PLACEMENT_3D('',#8183,#6429,#6430);
#5504=AXIS2_PLACEMENT_3D('',#8184,#6431,#6432);
#5505=AXIS2_PLACEMENT_3D('',#8185,#6433,#6434);
#5506=AXIS2_PLACEMENT_3D('',#8188,#6436,#6437);
#5507=AXIS2_PLACEMENT_3D('',#8189,#6438,#6439);
#5508=AXIS2_PLACEMENT_3D('',#8192,#6441,#6442);
#5509=AXIS2_PLACEMENT_3D('',#8193,#6443,#6444);
#5510=AXIS2_PLACEMENT_3D('',#8195,#6446,#6447);
#5511=AXIS2_PLACEMENT_3D('',#8201,#6451,#6452);
#5512=AXIS2_PLACEMENT_3D('',#8205,#6455,#6456);
#5513=AXIS2_PLACEMENT_3D('',#8209,#6458,#6459);
#5514=AXIS2_PLACEMENT_3D('',#8210,#6460,#6461);
#5515=AXIS2_PLACEMENT_3D('',#8211,#6462,#6463);
#5516=AXIS2_PLACEMENT_3D('',#8214,#6465,#6466);
#5517=AXIS2_PLACEMENT_3D('',#8215,#6467,#6468);
#5518=AXIS2_PLACEMENT_3D('',#8218,#6470,#6471);
#5519=AXIS2_PLACEMENT_3D('',#8219,#6472,#6473);
#5520=AXIS2_PLACEMENT_3D('',#8221,#6475,#6476);
#5521=AXIS2_PLACEMENT_3D('',#8227,#6480,#6481);
#5522=AXIS2_PLACEMENT_3D('',#8231,#6484,#6485);
#5523=AXIS2_PLACEMENT_3D('',#8235,#6487,#6488);
#5524=AXIS2_PLACEMENT_3D('',#8236,#6489,#6490);
#5525=AXIS2_PLACEMENT_3D('',#8237,#6491,#6492);
#5526=AXIS2_PLACEMENT_3D('',#8240,#6494,#6495);
#5527=AXIS2_PLACEMENT_3D('',#8241,#6496,#6497);
#5528=AXIS2_PLACEMENT_3D('',#8244,#6499,#6500);
#5529=AXIS2_PLACEMENT_3D('',#8245,#6501,#6502);
#5530=AXIS2_PLACEMENT_3D('',#8247,#6504,#6505);
#5531=AXIS2_PLACEMENT_3D('',#8253,#6509,#6510);
#5532=AXIS2_PLACEMENT_3D('',#8257,#6513,#6514);
#5533=AXIS2_PLACEMENT_3D('',#8260,#6515,#6516);
#5534=AXIS2_PLACEMENT_3D('',#8261,#6517,#6518);
#5535=AXIS2_PLACEMENT_3D('',#8262,#6519,#6520);
#5536=AXIS2_PLACEMENT_3D('',#8263,#6521,#6522);
#5537=AXIS2_PLACEMENT_3D('',#8266,#6523,#6524);
#5538=AXIS2_PLACEMENT_3D('',#8268,#6526,#6527);
#5539=AXIS2_PLACEMENT_3D('',#8269,#6528,#6529);
#5540=AXIS2_PLACEMENT_3D('',#8273,#6531,#6532);
#5541=AXIS2_PLACEMENT_3D('',#8274,#6533,#6534);
#5542=AXIS2_PLACEMENT_3D('',#8275,#6535,#6536);
#5543=AXIS2_PLACEMENT_3D('',#8278,#6538,#6539);
#5544=AXIS2_PLACEMENT_3D('',#8279,#6540,#6541);
#5545=AXIS2_PLACEMENT_3D('',#8282,#6543,#6544);
#5546=AXIS2_PLACEMENT_3D('',#8283,#6545,#6546);
#5547=AXIS2_PLACEMENT_3D('',#8285,#6548,#6549);
#5548=AXIS2_PLACEMENT_3D('',#8291,#6553,#6554);
#5549=AXIS2_PLACEMENT_3D('',#8295,#6557,#6558);
#5550=AXIS2_PLACEMENT_3D('',#8299,#6560,#6561);
#5551=AXIS2_PLACEMENT_3D('',#8300,#6562,#6563);
#5552=AXIS2_PLACEMENT_3D('',#8301,#6564,#6565);
#5553=AXIS2_PLACEMENT_3D('',#8304,#6567,#6568);
#5554=AXIS2_PLACEMENT_3D('',#8305,#6569,#6570);
#5555=AXIS2_PLACEMENT_3D('',#8308,#6572,#6573);
#5556=AXIS2_PLACEMENT_3D('',#8309,#6574,#6575);
#5557=AXIS2_PLACEMENT_3D('',#8311,#6577,#6578);
#5558=AXIS2_PLACEMENT_3D('',#8317,#6582,#6583);
#5559=AXIS2_PLACEMENT_3D('',#8321,#6586,#6587);
#5560=AXIS2_PLACEMENT_3D('',#8325,#6589,#6590);
#5561=AXIS2_PLACEMENT_3D('',#8326,#6591,#6592);
#5562=AXIS2_PLACEMENT_3D('',#8327,#6593,#6594);
#5563=AXIS2_PLACEMENT_3D('',#8330,#6596,#6597);
#5564=AXIS2_PLACEMENT_3D('',#8331,#6598,#6599);
#5565=AXIS2_PLACEMENT_3D('',#8334,#6601,#6602);
#5566=AXIS2_PLACEMENT_3D('',#8335,#6603,#6604);
#5567=AXIS2_PLACEMENT_3D('',#8337,#6606,#6607);
#5568=AXIS2_PLACEMENT_3D('',#8343,#6611,#6612);
#5569=AXIS2_PLACEMENT_3D('',#8347,#6615,#6616);
#5570=AXIS2_PLACEMENT_3D('',#8351,#6618,#6619);
#5571=AXIS2_PLACEMENT_3D('',#8352,#6620,#6621);
#5572=AXIS2_PLACEMENT_3D('',#8353,#6622,#6623);
#5573=AXIS2_PLACEMENT_3D('',#8356,#6625,#6626);
#5574=AXIS2_PLACEMENT_3D('',#8357,#6627,#6628);
#5575=AXIS2_PLACEMENT_3D('',#8360,#6630,#6631);
#5576=AXIS2_PLACEMENT_3D('',#8361,#6632,#6633);
#5577=AXIS2_PLACEMENT_3D('',#8363,#6635,#6636);
#5578=AXIS2_PLACEMENT_3D('',#8369,#6640,#6641);
#5579=AXIS2_PLACEMENT_3D('',#8373,#6644,#6645);
#5580=AXIS2_PLACEMENT_3D('',#8377,#6647,#6648);
#5581=AXIS2_PLACEMENT_3D('',#8378,#6649,#6650);
#5582=AXIS2_PLACEMENT_3D('',#8379,#6651,#6652);
#5583=AXIS2_PLACEMENT_3D('',#8382,#6654,#6655);
#5584=AXIS2_PLACEMENT_3D('',#8383,#6656,#6657);
#5585=AXIS2_PLACEMENT_3D('',#8386,#6659,#6660);
#5586=AXIS2_PLACEMENT_3D('',#8387,#6661,#6662);
#5587=AXIS2_PLACEMENT_3D('',#8389,#6664,#6665);
#5588=AXIS2_PLACEMENT_3D('',#8395,#6669,#6670);
#5589=AXIS2_PLACEMENT_3D('',#8399,#6673,#6674);
#5590=AXIS2_PLACEMENT_3D('',#8402,#6675,#6676);
#5591=AXIS2_PLACEMENT_3D('',#8403,#6677,#6678);
#5592=AXIS2_PLACEMENT_3D('',#8404,#6679,#6680);
#5593=AXIS2_PLACEMENT_3D('',#8405,#6681,#6682);
#5594=AXIS2_PLACEMENT_3D('',#8408,#6683,#6684);
#5595=AXIS2_PLACEMENT_3D('',#8410,#6686,#6687);
#5596=AXIS2_PLACEMENT_3D('',#8411,#6688,#6689);
#5597=AXIS2_PLACEMENT_3D('',#8415,#6691,#6692);
#5598=AXIS2_PLACEMENT_3D('',#8416,#6693,#6694);
#5599=AXIS2_PLACEMENT_3D('',#8417,#6695,#6696);
#5600=AXIS2_PLACEMENT_3D('',#8420,#6698,#6699);
#5601=AXIS2_PLACEMENT_3D('',#8421,#6700,#6701);
#5602=AXIS2_PLACEMENT_3D('',#8424,#6703,#6704);
#5603=AXIS2_PLACEMENT_3D('',#8425,#6705,#6706);
#5604=AXIS2_PLACEMENT_3D('',#8427,#6708,#6709);
#5605=AXIS2_PLACEMENT_3D('',#8433,#6713,#6714);
#5606=AXIS2_PLACEMENT_3D('',#8437,#6717,#6718);
#5607=AXIS2_PLACEMENT_3D('',#8441,#6720,#6721);
#5608=AXIS2_PLACEMENT_3D('',#8442,#6722,#6723);
#5609=AXIS2_PLACEMENT_3D('',#8443,#6724,#6725);
#5610=AXIS2_PLACEMENT_3D('',#8446,#6727,#6728);
#5611=AXIS2_PLACEMENT_3D('',#8447,#6729,#6730);
#5612=AXIS2_PLACEMENT_3D('',#8450,#6732,#6733);
#5613=AXIS2_PLACEMENT_3D('',#8451,#6734,#6735);
#5614=AXIS2_PLACEMENT_3D('',#8453,#6737,#6738);
#5615=AXIS2_PLACEMENT_3D('',#8459,#6742,#6743);
#5616=AXIS2_PLACEMENT_3D('',#8463,#6746,#6747);
#5617=AXIS2_PLACEMENT_3D('',#8467,#6749,#6750);
#5618=AXIS2_PLACEMENT_3D('',#8468,#6751,#6752);
#5619=AXIS2_PLACEMENT_3D('',#8469,#6753,#6754);
#5620=AXIS2_PLACEMENT_3D('',#8472,#6756,#6757);
#5621=AXIS2_PLACEMENT_3D('',#8473,#6758,#6759);
#5622=AXIS2_PLACEMENT_3D('',#8476,#6761,#6762);
#5623=AXIS2_PLACEMENT_3D('',#8477,#6763,#6764);
#5624=AXIS2_PLACEMENT_3D('',#8479,#6766,#6767);
#5625=AXIS2_PLACEMENT_3D('',#8485,#6771,#6772);
#5626=AXIS2_PLACEMENT_3D('',#8489,#6775,#6776);
#5627=AXIS2_PLACEMENT_3D('',#8493,#6778,#6779);
#5628=AXIS2_PLACEMENT_3D('',#8494,#6780,#6781);
#5629=AXIS2_PLACEMENT_3D('',#8495,#6782,#6783);
#5630=AXIS2_PLACEMENT_3D('',#8498,#6785,#6786);
#5631=AXIS2_PLACEMENT_3D('',#8499,#6787,#6788);
#5632=AXIS2_PLACEMENT_3D('',#8502,#6790,#6791);
#5633=AXIS2_PLACEMENT_3D('',#8503,#6792,#6793);
#5634=AXIS2_PLACEMENT_3D('',#8505,#6795,#6796);
#5635=AXIS2_PLACEMENT_3D('',#8511,#6800,#6801);
#5636=AXIS2_PLACEMENT_3D('',#8515,#6804,#6805);
#5637=AXIS2_PLACEMENT_3D('',#8519,#6807,#6808);
#5638=AXIS2_PLACEMENT_3D('',#8520,#6809,#6810);
#5639=AXIS2_PLACEMENT_3D('',#8521,#6811,#6812);
#5640=AXIS2_PLACEMENT_3D('',#8524,#6814,#6815);
#5641=AXIS2_PLACEMENT_3D('',#8525,#6816,#6817);
#5642=AXIS2_PLACEMENT_3D('',#8528,#6819,#6820);
#5643=AXIS2_PLACEMENT_3D('',#8529,#6821,#6822);
#5644=AXIS2_PLACEMENT_3D('',#8531,#6824,#6825);
#5645=AXIS2_PLACEMENT_3D('',#8537,#6829,#6830);
#5646=AXIS2_PLACEMENT_3D('',#8541,#6833,#6834);
#5647=AXIS2_PLACEMENT_3D('',#8545,#6836,#6837);
#5648=AXIS2_PLACEMENT_3D('',#8546,#6838,#6839);
#5649=AXIS2_PLACEMENT_3D('',#8547,#6840,#6841);
#5650=AXIS2_PLACEMENT_3D('',#8550,#6843,#6844);
#5651=AXIS2_PLACEMENT_3D('',#8551,#6845,#6846);
#5652=AXIS2_PLACEMENT_3D('',#8554,#6848,#6849);
#5653=AXIS2_PLACEMENT_3D('',#8555,#6850,#6851);
#5654=AXIS2_PLACEMENT_3D('',#8557,#6853,#6854);
#5655=AXIS2_PLACEMENT_3D('',#8563,#6858,#6859);
#5656=AXIS2_PLACEMENT_3D('',#8567,#6862,#6863);
#5657=AXIS2_PLACEMENT_3D('',#8571,#6865,#6866);
#5658=AXIS2_PLACEMENT_3D('',#8572,#6867,#6868);
#5659=AXIS2_PLACEMENT_3D('',#8573,#6869,#6870);
#5660=AXIS2_PLACEMENT_3D('',#8576,#6872,#6873);
#5661=AXIS2_PLACEMENT_3D('',#8577,#6874,#6875);
#5662=AXIS2_PLACEMENT_3D('',#8580,#6877,#6878);
#5663=AXIS2_PLACEMENT_3D('',#8581,#6879,#6880);
#5664=AXIS2_PLACEMENT_3D('',#8583,#6882,#6883);
#5665=AXIS2_PLACEMENT_3D('',#8589,#6887,#6888);
#5666=AXIS2_PLACEMENT_3D('',#8593,#6891,#6892);
#5667=AXIS2_PLACEMENT_3D('',#8597,#6894,#6895);
#5668=AXIS2_PLACEMENT_3D('',#8598,#6896,#6897);
#5669=AXIS2_PLACEMENT_3D('',#8599,#6898,#6899);
#5670=AXIS2_PLACEMENT_3D('',#8602,#6901,#6902);
#5671=AXIS2_PLACEMENT_3D('',#8603,#6903,#6904);
#5672=AXIS2_PLACEMENT_3D('',#8606,#6906,#6907);
#5673=AXIS2_PLACEMENT_3D('',#8607,#6908,#6909);
#5674=AXIS2_PLACEMENT_3D('',#8609,#6911,#6912);
#5675=AXIS2_PLACEMENT_3D('',#8615,#6916,#6917);
#5676=AXIS2_PLACEMENT_3D('',#8619,#6920,#6921);
#5677=AXIS2_PLACEMENT_3D('',#8624,#6923,#6924);
#5678=AXIS2_PLACEMENT_3D('',#8626,#6926,#6927);
#5679=AXIS2_PLACEMENT_3D('',#8627,#6928,#6929);
#5680=AXIS2_PLACEMENT_3D('',#8630,#6931,#6932);
#5681=AXIS2_PLACEMENT_3D('',#8632,#6934,#6935);
#5682=AXIS2_PLACEMENT_3D('',#8635,#6937,#6938);
#5683=AXIS2_PLACEMENT_3D('',#8636,#6939,#6940);
#5684=AXIS2_PLACEMENT_3D('',#8638,#6942,#6943);
#5685=AXIS2_PLACEMENT_3D('',#8640,#6945,#6946);
#5686=AXIS2_PLACEMENT_3D('',#8649,#6950,#6951);
#5687=AXIS2_PLACEMENT_3D('',#8653,#6953,#6954);
#5688=AXIS2_PLACEMENT_3D('',#8657,#6956,#6957);
#5689=AXIS2_PLACEMENT_3D('',#8661,#6959,#6960);
#5690=AXIS2_PLACEMENT_3D('',#8663,#6961,#6962);
#5691=AXIS2_PLACEMENT_3D('',#8667,#6964,#6965);
#5692=AXIS2_PLACEMENT_3D('',#8671,#6967,#6968);
#5693=AXIS2_PLACEMENT_3D('',#8675,#6970,#6971);
#5694=AXIS2_PLACEMENT_3D('',#8679,#6973,#6974);
#5695=AXIS2_PLACEMENT_3D('',#8683,#6976,#6977);
#5696=AXIS2_PLACEMENT_3D('',#8687,#6979,#6980);
#5697=AXIS2_PLACEMENT_3D('',#8691,#6982,#6983);
#5698=AXIS2_PLACEMENT_3D('',#8695,#6985,#6986);
#5699=AXIS2_PLACEMENT_3D('',#8702,#6990,#6991);
#5700=AXIS2_PLACEMENT_3D('',#8704,#6992,#6993);
#5701=AXIS2_PLACEMENT_3D('',#8810,#7046,#7047);
#5702=AXIS2_PLACEMENT_3D('',#8828,#7056,#7057);
#5703=AXIS2_PLACEMENT_3D('',#8838,#7062,#7063);
#5704=AXIS2_PLACEMENT_3D('',#8847,#7068,#7069);
#5705=AXIS2_PLACEMENT_3D('',#8848,#7070,#7071);
#5706=AXIS2_PLACEMENT_3D('',#8849,#7072,#7073);
#5707=AXIS2_PLACEMENT_3D('',#8851,#7074,#7075);
#5708=AXIS2_PLACEMENT_3D('',#8853,#7077,#7078);
#5709=AXIS2_PLACEMENT_3D('',#8854,#7079,#7080);
#5710=AXIS2_PLACEMENT_3D('',#8855,#7081,#7082);
#5711=AXIS2_PLACEMENT_3D('',#8857,#7084,#7085);
#5712=AXIS2_PLACEMENT_3D('',#8858,#7086,#7087);
#5713=AXIS2_PLACEMENT_3D('',#8859,#7088,#7089);
#5714=AXIS2_PLACEMENT_3D('',#8860,#7090,#7091);
#5715=AXIS2_PLACEMENT_3D('',#8862,#7093,#7094);
#5716=AXIS2_PLACEMENT_3D('',#8863,#7095,#7096);
#5717=AXIS2_PLACEMENT_3D('',#8864,#7097,#7098);
#5718=AXIS2_PLACEMENT_3D('',#8865,#7099,#7100);
#5719=AXIS2_PLACEMENT_3D('',#8866,#7101,#7102);
#5720=AXIS2_PLACEMENT_3D('',#8868,#7103,#7104);
#5721=AXIS2_PLACEMENT_3D('',#8870,#7106,#7107);
#5722=AXIS2_PLACEMENT_3D('',#8871,#7108,#7109);
#5723=AXIS2_PLACEMENT_3D('',#8872,#7110,#7111);
#5724=AXIS2_PLACEMENT_3D('',#8874,#7113,#7114);
#5725=AXIS2_PLACEMENT_3D('',#8875,#7115,#7116);
#5726=AXIS2_PLACEMENT_3D('',#8876,#7117,#7118);
#5727=AXIS2_PLACEMENT_3D('',#8877,#7119,#7120);
#5728=AXIS2_PLACEMENT_3D('',#8879,#7122,#7123);
#5729=AXIS2_PLACEMENT_3D('',#8881,#7124,#7125);
#5730=AXIS2_PLACEMENT_3D('',#8883,#7127,#7128);
#5731=AXIS2_PLACEMENT_3D('',#8884,#7129,#7130);
#5732=AXIS2_PLACEMENT_3D('',#8885,#7131,#7132);
#5733=AXIS2_PLACEMENT_3D('',#8887,#7134,#7135);
#5734=AXIS2_PLACEMENT_3D('',#8888,#7136,#7137);
#5735=AXIS2_PLACEMENT_3D('',#8889,#7138,#7139);
#5736=AXIS2_PLACEMENT_3D('',#8890,#7140,#7141);
#5737=AXIS2_PLACEMENT_3D('',#8892,#7143,#7144);
#5738=AXIS2_PLACEMENT_3D('',#8894,#7145,#7146);
#5739=AXIS2_PLACEMENT_3D('',#8896,#7148,#7149);
#5740=AXIS2_PLACEMENT_3D('',#8897,#7150,#7151);
#5741=AXIS2_PLACEMENT_3D('',#8898,#7152,#7153);
#5742=AXIS2_PLACEMENT_3D('',#8900,#7155,#7156);
#5743=AXIS2_PLACEMENT_3D('',#8901,#7157,#7158);
#5744=AXIS2_PLACEMENT_3D('',#8902,#7159,#7160);
#5745=AXIS2_PLACEMENT_3D('',#8903,#7161,#7162);
#5746=AXIS2_PLACEMENT_3D('',#8905,#7164,#7165);
#5747=AXIS2_PLACEMENT_3D('',#8906,#7166,#7167);
#5748=AXIS2_PLACEMENT_3D('',#8907,#7168,#7169);
#5749=AXIS2_PLACEMENT_3D('',#8909,#7170,#7171);
#5750=AXIS2_PLACEMENT_3D('',#8911,#7173,#7174);
#5751=AXIS2_PLACEMENT_3D('',#8912,#7175,#7176);
#5752=AXIS2_PLACEMENT_3D('',#8913,#7177,#7178);
#5753=AXIS2_PLACEMENT_3D('',#8915,#7180,#7181);
#5754=AXIS2_PLACEMENT_3D('',#8916,#7182,#7183);
#5755=AXIS2_PLACEMENT_3D('',#8917,#7184,#7185);
#5756=AXIS2_PLACEMENT_3D('',#8918,#7186,#7187);
#5757=AXIS2_PLACEMENT_3D('',#8920,#7189,#7190);
#5758=AXIS2_PLACEMENT_3D('',#8922,#7191,#7192);
#5759=AXIS2_PLACEMENT_3D('',#8924,#7194,#7195);
#5760=AXIS2_PLACEMENT_3D('',#8925,#7196,#7197);
#5761=AXIS2_PLACEMENT_3D('',#8926,#7198,#7199);
#5762=AXIS2_PLACEMENT_3D('',#8928,#7201,#7202);
#5763=AXIS2_PLACEMENT_3D('',#8929,#7203,#7204);
#5764=AXIS2_PLACEMENT_3D('',#8930,#7205,#7206);
#5765=AXIS2_PLACEMENT_3D('',#8931,#7207,#7208);
#5766=AXIS2_PLACEMENT_3D('',#8933,#7210,#7211);
#5767=AXIS2_PLACEMENT_3D('',#8935,#7212,#7213);
#5768=AXIS2_PLACEMENT_3D('',#8937,#7215,#7216);
#5769=AXIS2_PLACEMENT_3D('',#8938,#7217,#7218);
#5770=AXIS2_PLACEMENT_3D('',#8939,#7219,#7220);
#5771=AXIS2_PLACEMENT_3D('',#8941,#7222,#7223);
#5772=AXIS2_PLACEMENT_3D('',#8942,#7224,#7225);
#5773=AXIS2_PLACEMENT_3D('',#8943,#7226,#7227);
#5774=AXIS2_PLACEMENT_3D('',#8944,#7228,#7229);
#5775=AXIS2_PLACEMENT_3D('',#8946,#7231,#7232);
#5776=AXIS2_PLACEMENT_3D('',#8948,#7233,#7234);
#5777=AXIS2_PLACEMENT_3D('',#8950,#7236,#7237);
#5778=AXIS2_PLACEMENT_3D('',#8951,#7238,#7239);
#5779=AXIS2_PLACEMENT_3D('',#8952,#7240,#7241);
#5780=AXIS2_PLACEMENT_3D('',#8954,#7243,#7244);
#5781=AXIS2_PLACEMENT_3D('',#8955,#7245,#7246);
#5782=AXIS2_PLACEMENT_3D('',#8956,#7247,#7248);
#5783=AXIS2_PLACEMENT_3D('',#8957,#7249,#7250);
#5784=AXIS2_PLACEMENT_3D('',#8959,#7252,#7253);
#5785=AXIS2_PLACEMENT_3D('',#8961,#7254,#7255);
#5786=AXIS2_PLACEMENT_3D('',#8963,#7257,#7258);
#5787=AXIS2_PLACEMENT_3D('',#8964,#7259,#7260);
#5788=AXIS2_PLACEMENT_3D('',#8965,#7261,#7262);
#5789=AXIS2_PLACEMENT_3D('',#8967,#7264,#7265);
#5790=AXIS2_PLACEMENT_3D('',#8968,#7266,#7267);
#5791=AXIS2_PLACEMENT_3D('',#8969,#7268,#7269);
#5792=AXIS2_PLACEMENT_3D('',#8970,#7270,#7271);
#5793=AXIS2_PLACEMENT_3D('',#8972,#7273,#7274);
#5794=AXIS2_PLACEMENT_3D('',#8973,#7275,#7276);
#5795=AXIS2_PLACEMENT_3D('',#8974,#7277,#7278);
#5796=AXIS2_PLACEMENT_3D('',#8976,#7279,#7280);
#5797=AXIS2_PLACEMENT_3D('',#8978,#7282,#7283);
#5798=AXIS2_PLACEMENT_3D('',#8979,#7284,#7285);
#5799=AXIS2_PLACEMENT_3D('',#8980,#7286,#7287);
#5800=AXIS2_PLACEMENT_3D('',#8982,#7289,#7290);
#5801=AXIS2_PLACEMENT_3D('',#8983,#7291,#7292);
#5802=AXIS2_PLACEMENT_3D('',#8984,#7293,#7294);
#5803=AXIS2_PLACEMENT_3D('',#8985,#7295,#7296);
#5804=AXIS2_PLACEMENT_3D('',#8987,#7298,#7299);
#5805=AXIS2_PLACEMENT_3D('',#8989,#7300,#7301);
#5806=AXIS2_PLACEMENT_3D('',#8991,#7303,#7304);
#5807=AXIS2_PLACEMENT_3D('',#8992,#7305,#7306);
#5808=AXIS2_PLACEMENT_3D('',#8993,#7307,#7308);
#5809=AXIS2_PLACEMENT_3D('',#8995,#7310,#7311);
#5810=AXIS2_PLACEMENT_3D('',#8996,#7312,#7313);
#5811=AXIS2_PLACEMENT_3D('',#8997,#7314,#7315);
#5812=AXIS2_PLACEMENT_3D('',#8998,#7316,#7317);
#5813=AXIS2_PLACEMENT_3D('',#9000,#7319,#7320);
#5814=AXIS2_PLACEMENT_3D('',#9002,#7321,#7322);
#5815=AXIS2_PLACEMENT_3D('',#9004,#7324,#7325);
#5816=AXIS2_PLACEMENT_3D('',#9005,#7326,#7327);
#5817=AXIS2_PLACEMENT_3D('',#9006,#7328,#7329);
#5818=AXIS2_PLACEMENT_3D('',#9008,#7331,#7332);
#5819=AXIS2_PLACEMENT_3D('',#9009,#7333,#7334);
#5820=AXIS2_PLACEMENT_3D('',#9010,#7335,#7336);
#5821=AXIS2_PLACEMENT_3D('',#9011,#7337,#7338);
#5822=AXIS2_PLACEMENT_3D('',#9013,#7340,#7341);
#5823=AXIS2_PLACEMENT_3D('',#9015,#7342,#7343);
#5824=AXIS2_PLACEMENT_3D('',#9017,#7345,#7346);
#5825=AXIS2_PLACEMENT_3D('',#9018,#7347,#7348);
#5826=AXIS2_PLACEMENT_3D('',#9019,#7349,#7350);
#5827=AXIS2_PLACEMENT_3D('',#9021,#7352,#7353);
#5828=AXIS2_PLACEMENT_3D('',#9022,#7354,#7355);
#5829=AXIS2_PLACEMENT_3D('',#9023,#7356,#7357);
#5830=AXIS2_PLACEMENT_3D('',#9024,#7358,#7359);
#5831=AXIS2_PLACEMENT_3D('',#9026,#7361,#7362);
#5832=AXIS2_PLACEMENT_3D('',#9028,#7363,#7364);
#5833=AXIS2_PLACEMENT_3D('',#9030,#7366,#7367);
#5834=AXIS2_PLACEMENT_3D('',#9031,#7368,#7369);
#5835=AXIS2_PLACEMENT_3D('',#9032,#7370,#7371);
#5836=AXIS2_PLACEMENT_3D('',#9034,#7373,#7374);
#5837=AXIS2_PLACEMENT_3D('',#9035,#7375,#7376);
#5838=AXIS2_PLACEMENT_3D('',#9036,#7377,#7378);
#5839=AXIS2_PLACEMENT_3D('',#9037,#7379,#7380);
#5840=AXIS2_PLACEMENT_3D('',#9039,#7382,#7383);
#5841=AXIS2_PLACEMENT_3D('',#9041,#7384,#7385);
#5842=AXIS2_PLACEMENT_3D('',#9043,#7387,#7388);
#5843=AXIS2_PLACEMENT_3D('',#9044,#7389,#7390);
#5844=AXIS2_PLACEMENT_3D('',#9045,#7391,#7392);
#5845=AXIS2_PLACEMENT_3D('',#9047,#7394,#7395);
#5846=AXIS2_PLACEMENT_3D('',#9048,#7396,#7397);
#5847=AXIS2_PLACEMENT_3D('',#9049,#7398,#7399);
#5848=AXIS2_PLACEMENT_3D('',#9050,#7400,#7401);
#5849=AXIS2_PLACEMENT_3D('',#9052,#7403,#7404);
#5850=AXIS2_PLACEMENT_3D('',#9054,#7405,#7406);
#5851=AXIS2_PLACEMENT_3D('',#9056,#7408,#7409);
#5852=AXIS2_PLACEMENT_3D('',#9057,#7410,#7411);
#5853=AXIS2_PLACEMENT_3D('',#9058,#7412,#7413);
#5854=AXIS2_PLACEMENT_3D('',#9060,#7415,#7416);
#5855=AXIS2_PLACEMENT_3D('',#9061,#7417,#7418);
#5856=AXIS2_PLACEMENT_3D('',#9062,#7419,#7420);
#5857=AXIS2_PLACEMENT_3D('',#9063,#7421,#7422);
#5858=AXIS2_PLACEMENT_3D('',#9065,#7424,#7425);
#5859=AXIS2_PLACEMENT_3D('',#9067,#7426,#7427);
#5860=AXIS2_PLACEMENT_3D('',#9069,#7429,#7430);
#5861=AXIS2_PLACEMENT_3D('',#9070,#7431,#7432);
#5862=AXIS2_PLACEMENT_3D('',#9071,#7433,#7434);
#5863=AXIS2_PLACEMENT_3D('',#9073,#7436,#7437);
#5864=AXIS2_PLACEMENT_3D('',#9074,#7438,#7439);
#5865=AXIS2_PLACEMENT_3D('',#9075,#7440,#7441);
#5866=AXIS2_PLACEMENT_3D('',#9076,#7442,#7443);
#5867=AXIS2_PLACEMENT_3D('',#9078,#7445,#7446);
#5868=AXIS2_PLACEMENT_3D('',#9079,#7447,#7448);
#5869=AXIS2_PLACEMENT_3D('',#9080,#7449,#7450);
#5870=AXIS2_PLACEMENT_3D('',#9081,#7451,#7452);
#5871=AXIS2_PLACEMENT_3D('',#9082,#7453,#7454);
#5872=AXIS2_PLACEMENT_3D('',#9083,#7455,#7456);
#5873=AXIS2_PLACEMENT_3D('',#9112,#7457,#7458);
#5874=AXIS2_PLACEMENT_3D('',#9113,#7459,#7460);
#5875=AXIS2_PLACEMENT_3D('',#9114,#7461,#7462);
#5876=AXIS2_PLACEMENT_3D('',#9115,#7463,#7464);
#5877=AXIS2_PLACEMENT_3D('',#9116,#7465,#7466);
#5878=AXIS2_PLACEMENT_3D('',#9117,#7467,#7468);
#5879=AXIS2_PLACEMENT_3D('',#9118,#7469,#7470);
#5880=AXIS2_PLACEMENT_3D('',#9119,#7471,#7472);
#5881=AXIS2_PLACEMENT_3D('',#9120,#7473,#7474);
#5882=AXIS2_PLACEMENT_3D('',#9121,#7475,#7476);
#5883=AXIS2_PLACEMENT_3D('',#9122,#7477,#7478);
#5884=AXIS2_PLACEMENT_3D('',#9123,#7479,#7480);
#5885=AXIS2_PLACEMENT_3D('',#9124,#7481,#7482);
#5886=AXIS2_PLACEMENT_3D('',#9125,#7483,#7484);
#5887=AXIS2_PLACEMENT_3D('',#9126,#7485,#7486);
#5888=AXIS2_PLACEMENT_3D('',#9127,#7487,#7488);
#5889=AXIS2_PLACEMENT_3D('',#9128,#7489,#7490);
#5890=AXIS2_PLACEMENT_3D('',#9129,#7491,#7492);
#5891=AXIS2_PLACEMENT_3D('',#9130,#7493,#7494);
#5892=AXIS2_PLACEMENT_3D('',#9131,#7495,#7496);
#5893=AXIS2_PLACEMENT_3D('',#9132,#7497,#7498);
#5894=AXIS2_PLACEMENT_3D('',#9133,#7499,#7500);
#5895=AXIS2_PLACEMENT_3D('',#9134,#7501,#7502);
#5896=AXIS2_PLACEMENT_3D('',#9136,#7503,#7504);
#5897=AXIS2_PLACEMENT_3D('',#9138,#7506,#7507);
#5898=AXIS2_PLACEMENT_3D('',#9140,#7508,#7509);
#5899=AXIS2_PLACEMENT_3D('',#9141,#7510,#7511);
#5900=AXIS2_PLACEMENT_3D('',#9142,#7512,#7513);
#5901=AXIS2_PLACEMENT_3D('',#9144,#7514,#7515);
#5902=AXIS2_PLACEMENT_3D('',#9146,#7517,#7518);
#5903=AXIS2_PLACEMENT_3D('',#9148,#7519,#7520);
#5904=AXIS2_PLACEMENT_3D('',#9149,#7521,#7522);
#5905=AXIS2_PLACEMENT_3D('',#9150,#7523,#7524);
#5906=AXIS2_PLACEMENT_3D('',#9152,#7525,#7526);
#5907=AXIS2_PLACEMENT_3D('',#9154,#7528,#7529);
#5908=AXIS2_PLACEMENT_3D('',#9156,#7530,#7531);
#5909=AXIS2_PLACEMENT_3D('',#9157,#7532,#7533);
#5910=AXIS2_PLACEMENT_3D('',#9158,#7534,#7535);
#5911=AXIS2_PLACEMENT_3D('',#9160,#7536,#7537);
#5912=AXIS2_PLACEMENT_3D('',#9162,#7539,#7540);
#5913=AXIS2_PLACEMENT_3D('',#9164,#7541,#7542);
#5914=AXIS2_PLACEMENT_3D('',#9165,#7543,#7544);
#5915=AXIS2_PLACEMENT_3D('',#9166,#7545,#7546);
#5916=AXIS2_PLACEMENT_3D('',#9168,#7547,#7548);
#5917=AXIS2_PLACEMENT_3D('',#9169,#7549,#7550);
#5918=AXIS2_PLACEMENT_3D('',#9170,#7551,#7552);
#5919=AXIS2_PLACEMENT_3D('',#9172,#7553,#7554);
#5920=AXIS2_PLACEMENT_3D('',#9174,#7556,#7557);
#5921=AXIS2_PLACEMENT_3D('',#9176,#7558,#7559);
#5922=AXIS2_PLACEMENT_3D('',#9177,#7560,#7561);
#5923=AXIS2_PLACEMENT_3D('',#9178,#7562,#7563);
#5924=AXIS2_PLACEMENT_3D('',#9180,#7564,#7565);
#5925=AXIS2_PLACEMENT_3D('',#9182,#7567,#7568);
#5926=AXIS2_PLACEMENT_3D('',#9184,#7569,#7570);
#5927=AXIS2_PLACEMENT_3D('',#9185,#7571,#7572);
#5928=AXIS2_PLACEMENT_3D('',#9186,#7573,#7574);
#5929=AXIS2_PLACEMENT_3D('',#9188,#7575,#7576);
#5930=AXIS2_PLACEMENT_3D('',#9190,#7578,#7579);
#5931=AXIS2_PLACEMENT_3D('',#9191,#7580,#7581);
#5932=AXIS2_PLACEMENT_3D('',#9192,#7582,#7583);
#5933=AXIS2_PLACEMENT_3D('',#9193,#7584,#7585);
#5934=AXIS2_PLACEMENT_3D('',#9194,#7586,#7587);
#5935=AXIS2_PLACEMENT_3D('',#9197,#7590,#7591);
#5936=AXIS2_PLACEMENT_3D('',#9199,#7593,#7594);
#5937=AXIS2_PLACEMENT_3D('',#9201,#7596,#7597);
#5938=AXIS2_PLACEMENT_3D('',#9203,#7599,#7600);
#5939=AXIS2_PLACEMENT_3D('',#9205,#7602,#7603);
#5940=AXIS2_PLACEMENT_3D('',#9207,#7605,#7606);
#5941=AXIS2_PLACEMENT_3D('',#9209,#7608,#7609);
#5942=AXIS2_PLACEMENT_3D('',#9211,#7611,#7612);
#5943=AXIS2_PLACEMENT_3D('',#9213,#7614,#7615);
#5944=AXIS2_PLACEMENT_3D('',#9215,#7617,#7618);
#5945=AXIS2_PLACEMENT_3D('',#9217,#7620,#7621);
#5946=AXIS2_PLACEMENT_3D('',#9218,#7622,#7623);
#5947=AXIS2_PLACEMENT_3D('',#9221,#7626,#7627);
#5948=AXIS2_PLACEMENT_3D('',#9222,#7628,#7629);
#5949=AXIS2_PLACEMENT_3D('',#9223,#7630,#7631);
#5950=AXIS2_PLACEMENT_3D('',#9224,#7632,#7633);
#5951=AXIS2_PLACEMENT_3D('',#9225,#7634,#7635);
#5952=AXIS2_PLACEMENT_3D('',#9226,#7636,#7637);
#5953=AXIS2_PLACEMENT_3D('',#9227,#7638,#7639);
#5954=AXIS2_PLACEMENT_3D('',#9228,#7640,#7641);
#5955=AXIS2_PLACEMENT_3D('',#9229,#7642,#7643);
#5956=AXIS2_PLACEMENT_3D('',#9230,#7644,#7645);
#5957=AXIS2_PLACEMENT_3D('',#9231,#7646,#7647);
#5958=AXIS2_PLACEMENT_3D('',#9232,#7648,#7649);
#5959=AXIS2_PLACEMENT_3D('',#9233,#7650,#7651);
#5960=AXIS2_PLACEMENT_3D('',#9234,#7652,#7653);
#5961=AXIS2_PLACEMENT_3D('',#9235,#7654,#7655);
#5962=AXIS2_PLACEMENT_3D('',#9236,#7656,#7657);
#5963=AXIS2_PLACEMENT_3D('',#9237,#7658,#7659);
#5964=AXIS2_PLACEMENT_3D('',#9238,#7660,#7661);
#5965=AXIS2_PLACEMENT_3D('',#9239,#7662,#7663);
#5966=AXIS2_PLACEMENT_3D('',#9240,#7664,#7665);
#5967=DIRECTION('axis',(0.,0.,1.));
#5968=DIRECTION('refdir',(1.,0.,0.));
#5969=DIRECTION('center_axis',(0.866024404652632,-0.50000173054306,0.));
#5970=DIRECTION('ref_axis',(-0.353554614272049,-0.612371729202938,-0.70710678118651));
#5971=DIRECTION('',(0.866024404652632,-0.50000173054306,0.));
#5972=DIRECTION('center_axis',(-0.965926369456932,-0.258817017963947,0.));
#5973=DIRECTION('ref_axis',(-0.258817017963947,0.965926369456932,0.));
#5974=DIRECTION('',(-0.866024404652632,0.50000173054306,0.));
#5975=DIRECTION('center_axis',(-0.946828704106662,0.321738100136895,0.));
#5976=DIRECTION('ref_axis',(-0.321738100136895,-0.946828704106662,0.));
#5977=DIRECTION('center_axis',(0.501580573337874,0.865110934187084,0.));
#5978=DIRECTION('ref_axis',(0.611725808042246,-0.354671024718681,-0.707106781186592));
#5979=DIRECTION('',(0.501580573337874,0.865110934187084,0.));
#5980=DIRECTION('center_axis',(-0.501580573337891,-0.865110934187074,0.));
#5981=DIRECTION('ref_axis',(0.,0.,-1.));
#5982=DIRECTION('',(-0.501580573337874,-0.865110934187084,0.));
#5983=DIRECTION('center_axis',(0.,0.,1.));
#5984=DIRECTION('ref_axis',(1.,0.,0.));
#5985=DIRECTION('center_axis',(0.866024404652613,-0.500001730543093,0.));
#5986=DIRECTION('ref_axis',(0.,0.,-1.));
#5987=DIRECTION('center_axis',(0.,0.,-1.));
#5988=DIRECTION('ref_axis',(0.966161989941521,0.257936056402049,0.));
#5989=DIRECTION('center_axis',(0.,0.,1.));
#5990=DIRECTION('ref_axis',(0.966161989941521,0.257936056402049,0.));
#5991=DIRECTION('center_axis',(-0.866024404652633,0.500001730543059,0.));
#5992=DIRECTION('ref_axis',(0.353554614271961,0.61237172920296,-0.707106781186535));
#5993=DIRECTION('center_axis',(0.866024404652639,-0.500001730543048,0.));
#5994=DIRECTION('ref_axis',(0.,0.,-1.));
#5995=DIRECTION('',(0.866024404652632,-0.500001730543059,0.));
#5996=DIRECTION('',(-0.866024404652632,0.500001730543059,0.));
#5997=DIRECTION('center_axis',(0.,0.,-1.));
#5998=DIRECTION('ref_axis',(-1.,0.,0.));
#5999=DIRECTION('center_axis',(0.,-1.,0.));
#6000=DIRECTION('ref_axis',(0.,0.,-1.));
#6001=DIRECTION('center_axis',(0.,0.,1.));
#6002=DIRECTION('ref_axis',(-0.866025903349045,-0.499999134727721,0.));
#6003=DIRECTION('center_axis',(0.,0.,-1.));
#6004=DIRECTION('ref_axis',(-0.866025903349046,-0.499999134727721,0.));
#6005=DIRECTION('center_axis',(0.,-1.,0.));
#6006=DIRECTION('ref_axis',(0.707106781186527,0.,-0.707106781186568));
#6007=DIRECTION('center_axis',(0.,-1.,0.));
#6008=DIRECTION('ref_axis',(0.,0.,-1.));
#6009=DIRECTION('',(0.,-1.,0.));
#6010=DIRECTION('',(0.,1.,0.));
#6011=DIRECTION('center_axis',(0.,0.,1.));
#6012=DIRECTION('ref_axis',(1.,0.,0.));
#6013=DIRECTION('center_axis',(1.,0.,0.));
#6014=DIRECTION('ref_axis',(0.,0.,-1.));
#6015=DIRECTION('center_axis',(0.,0.,-1.));
#6016=DIRECTION('ref_axis',(0.707106781186548,0.707106781186548,0.));
#6017=DIRECTION('center_axis',(0.,0.,1.));
#6018=DIRECTION('ref_axis',(0.707106781186548,0.707106781186548,0.));
#6019=DIRECTION('center_axis',(1.,0.,0.));
#6020=DIRECTION('ref_axis',(0.,0.707106781186553,-0.707106781186543));
#6021=DIRECTION('center_axis',(1.,0.,0.));
#6022=DIRECTION('ref_axis',(0.,0.,-1.));
#6023=DIRECTION('',(1.,0.,0.));
#6024=DIRECTION('',(-1.,0.,0.));
#6025=DIRECTION('center_axis',(0.,0.,-1.));
#6026=DIRECTION('ref_axis',(-1.,0.,0.));
#6027=DIRECTION('center_axis',(0.,-1.,0.));
#6028=DIRECTION('ref_axis',(0.,0.,-1.));
#6029=DIRECTION('center_axis',(0.,0.,1.));
#6030=DIRECTION('ref_axis',(-0.707106781186548,-0.707106781186548,0.));
#6031=DIRECTION('center_axis',(0.,0.,-1.));
#6032=DIRECTION('ref_axis',(-0.707106781186547,-0.707106781186547,0.));
#6033=DIRECTION('center_axis',(0.,0.,1.));
#6034=DIRECTION('ref_axis',(1.,0.,0.));
#6035=DIRECTION('center_axis',(1.,0.,0.));
#6036=DIRECTION('ref_axis',(0.,0.,-1.));
#6037=DIRECTION('center_axis',(0.,0.,-1.));
#6038=DIRECTION('ref_axis',(0.707106791723261,0.707106770649834,0.));
#6039=DIRECTION('center_axis',(0.,0.,1.));
#6040=DIRECTION('ref_axis',(0.707106791723261,0.707106770649834,0.));
#6041=DIRECTION('center_axis',(1.,0.,0.));
#6042=DIRECTION('ref_axis',(0.,0.707106781186553,-0.707106781186543));
#6043=DIRECTION('center_axis',(1.,0.,0.));
#6044=DIRECTION('ref_axis',(0.,0.,-1.));
#6045=DIRECTION('',(1.,0.,0.));
#6046=DIRECTION('',(-1.,0.,0.));
#6047=DIRECTION('center_axis',(0.,0.,-1.));
#6048=DIRECTION('ref_axis',(-1.,0.,0.));
#6049=DIRECTION('center_axis',(0.,-1.,0.));
#6050=DIRECTION('ref_axis',(0.,0.,-1.));
#6051=DIRECTION('center_axis',(0.,0.,1.));
#6052=DIRECTION('ref_axis',(-0.707106781186548,-0.707106781186548,0.));
#6053=DIRECTION('center_axis',(0.,0.,-1.));
#6054=DIRECTION('ref_axis',(-0.707106781186547,-0.707106781186547,0.));
#6055=DIRECTION('center_axis',(0.,-1.,0.));
#6056=DIRECTION('ref_axis',(0.707106781186578,0.,-0.707106781186517));
#6057=DIRECTION('center_axis',(0.,-1.,0.));
#6058=DIRECTION('ref_axis',(0.,0.,-1.));
#6059=DIRECTION('',(0.,-1.,0.));
#6060=DIRECTION('',(0.,1.,0.));
#6061=DIRECTION('center_axis',(0.,0.,1.));
#6062=DIRECTION('ref_axis',(1.,0.,0.));
#6063=DIRECTION('center_axis',(1.,0.,0.));
#6064=DIRECTION('ref_axis',(0.,0.,-1.));
#6065=DIRECTION('center_axis',(0.,0.,-1.));
#6066=DIRECTION('ref_axis',(0.707106781186548,0.707106781186548,0.));
#6067=DIRECTION('center_axis',(0.,0.,1.));
#6068=DIRECTION('ref_axis',(0.707106781186548,0.707106781186548,0.));
#6069=DIRECTION('center_axis',(1.,0.,0.));
#6070=DIRECTION('ref_axis',(0.,0.70710678118654,-0.707106781186555));
#6071=DIRECTION('center_axis',(1.,0.,0.));
#6072=DIRECTION('ref_axis',(0.,0.,-1.));
#6073=DIRECTION('',(1.,0.,0.));
#6074=DIRECTION('',(-1.,0.,0.));
#6075=DIRECTION('center_axis',(0.,0.,1.));
#6076=DIRECTION('ref_axis',(1.,0.,0.));
#6077=DIRECTION('center_axis',(0.,1.,0.));
#6078=DIRECTION('ref_axis',(0.,0.,-1.));
#6079=DIRECTION('center_axis',(0.,0.,-1.));
#6080=DIRECTION('ref_axis',(-0.707106781186545,0.70710678118655,0.));
#6081=DIRECTION('center_axis',(0.,0.,1.));
#6082=DIRECTION('ref_axis',(-0.707106781186545,0.70710678118655,0.));
#6083=DIRECTION('center_axis',(0.,1.,0.));
#6084=DIRECTION('ref_axis',(-0.707106781186578,0.,-0.707106781186517));
#6085=DIRECTION('center_axis',(0.,1.,0.));
#6086=DIRECTION('ref_axis',(0.,0.,-1.));
#6087=DIRECTION('',(0.,1.,0.));
#6088=DIRECTION('',(0.,-1.,0.));
#6089=DIRECTION('center_axis',(0.,0.,-1.));
#6090=DIRECTION('ref_axis',(-1.,0.,0.));
#6091=DIRECTION('center_axis',(0.999999978853445,0.000205652883664705,0.));
#6092=DIRECTION('ref_axis',(0.,0.,-1.));
#6093=DIRECTION('center_axis',(0.,0.,1.));
#6094=DIRECTION('ref_axis',(0.707179486723015,-0.707034068173644,0.));
#6095=DIRECTION('center_axis',(0.,0.,-1.));
#6096=DIRECTION('ref_axis',(0.707179486723015,-0.707034068173644,0.));
#6097=DIRECTION('center_axis',(0.999999978853445,0.000205652883661766,0.));
#6098=DIRECTION('ref_axis',(-0.000145418548609873,0.707106766233688,-0.707106781186535));
#6099=DIRECTION('center_axis',(0.999999978853445,0.000205652883664698,0.));
#6100=DIRECTION('ref_axis',(0.,0.,-1.));
#6101=DIRECTION('',(0.999999978853445,0.000205652883661766,0.));
#6102=DIRECTION('',(-0.999999978853445,-0.000205652883661766,0.));
#6103=DIRECTION('center_axis',(0.,0.,1.));
#6104=DIRECTION('ref_axis',(-0.707252184782284,0.706961347685066,0.));
#6105=DIRECTION('center_axis',(-0.000205652883664705,0.999999978853445,
0.));
#6106=DIRECTION('ref_axis',(0.,0.,-1.));
#6107=DIRECTION('center_axis',(0.,0.,-1.));
#6108=DIRECTION('ref_axis',(-0.707252184782287,0.706961347685064,0.));
#6109=DIRECTION('center_axis',(0.,0.,1.));
#6110=DIRECTION('ref_axis',(-0.707252184782287,0.706961347685064,0.));
#6111=DIRECTION('center_axis',(-0.000205652883658839,0.999999978853445,
0.));
#6112=DIRECTION('ref_axis',(-0.707106766233688,-0.000145418548609873,-0.707106781186535));
#6113=DIRECTION('center_axis',(-0.000205652883664676,0.999999978853445,
0.));
#6114=DIRECTION('ref_axis',(0.,0.,-1.));
#6115=DIRECTION('',(-0.000205652883658839,0.999999978853445,0.));
#6116=DIRECTION('',(0.000205652883658839,-0.999999978853445,0.));
#6117=DIRECTION('center_axis',(0.,0.,-1.));
#6118=DIRECTION('ref_axis',(0.707252184782283,-0.706961347685068,0.));
#6119=DIRECTION('center_axis',(0.999999978853445,0.000205652883664698,0.));
#6120=DIRECTION('ref_axis',(0.,0.,-1.));
#6121=DIRECTION('center_axis',(0.,0.,1.));
#6122=DIRECTION('ref_axis',(0.707252184782283,-0.706961347685068,0.));
#6123=DIRECTION('center_axis',(0.,0.,-1.));
#6124=DIRECTION('ref_axis',(0.707252184782283,-0.706961347685068,0.));
#6125=DIRECTION('center_axis',(0.999999978853446,0.000205652883660946,0.));
#6126=DIRECTION('ref_axis',(-0.000145418548609873,0.707106766233688,-0.707106781186535));
#6127=DIRECTION('center_axis',(0.999999978853445,0.000205652883629171,0.));
#6128=DIRECTION('ref_axis',(0.,0.,-1.));
#6129=DIRECTION('',(0.999999978853445,0.000205652883660946,0.));
#6130=DIRECTION('',(-0.999999978853445,-0.000205652883660946,0.));
#6131=DIRECTION('center_axis',(0.,0.,1.));
#6132=DIRECTION('ref_axis',(1.,0.,0.));
#6133=DIRECTION('center_axis',(1.03739772328024E-7,0.999999999999995,0.));
#6134=DIRECTION('ref_axis',(0.,0.,-1.));
#6135=DIRECTION('center_axis',(0.,0.,-1.));
#6136=DIRECTION('ref_axis',(-0.70717945004924,0.70703410485496,0.));
#6137=DIRECTION('center_axis',(0.,0.,1.));
#6138=DIRECTION('ref_axis',(-0.70717945004924,0.70703410485496,0.));
#6139=DIRECTION('center_axis',(-1.03739771019822E-7,-0.999999999999995,
0.));
#6140=DIRECTION('ref_axis',(-0.7071067811865,7.33551216133799E-8,-0.707106781186591));
#6141=DIRECTION('center_axis',(1.03739807855172E-7,0.999999999999995,0.));
#6142=DIRECTION('ref_axis',(0.,0.,-1.));
#6143=DIRECTION('',(1.03739771019822E-7,0.999999999999995,0.));
#6144=DIRECTION('',(-1.03739771019822E-7,-0.999999999999995,0.));
#6145=DIRECTION('center_axis',(0.,0.,1.));
#6146=DIRECTION('ref_axis',(1.,0.,0.));
#6147=DIRECTION('center_axis',(-0.999999513110067,-0.000986802731048838,
0.));
#6148=DIRECTION('ref_axis',(0.,0.,-1.));
#6149=DIRECTION('center_axis',(0.,0.,-1.));
#6150=DIRECTION('ref_axis',(-0.706757844317504,-0.707455545950185,0.));
#6151=DIRECTION('center_axis',(0.,0.,1.));
#6152=DIRECTION('ref_axis',(-0.706757844317504,-0.707455545950185,0.));
#6153=DIRECTION('center_axis',(0.999999513110067,0.000986802731045157,0.));
#6154=DIRECTION('ref_axis',(0.000697774902868327,-0.70710643690337,-0.707106781186552));
#6155=DIRECTION('',(-0.999999513110067,-0.000986802731045157,0.));
#6156=DIRECTION('',(0.999999513110067,0.000986802731045157,0.));
#6157=DIRECTION('center_axis',(-0.890184025774145,0.45560114163217,0.));
#6158=DIRECTION('ref_axis',(-0.45560114163217,-0.890184025774145,0.));
#6159=DIRECTION('center_axis',(0.500001904419099,0.866024304264767,0.));
#6160=DIRECTION('ref_axis',(0.612371658218067,-0.353554737220883,-0.707106781186496));
#6161=DIRECTION('',(0.500001904419099,0.866024304264767,0.));
#6162=DIRECTION('',(-0.500001904419099,-0.866024304264767,0.));
#6163=DIRECTION('center_axis',(0.584054481812595,-0.811714458584188,0.));
#6164=DIRECTION('ref_axis',(-0.573968798052031,-0.412988884672097,-0.707106781186551));
#6165=DIRECTION('',(-0.584054481812595,0.811714458584188,0.));
#6166=DIRECTION('',(0.584054481812595,-0.811714458584188,0.));
#6167=DIRECTION('center_axis',(-0.85806578039945,0.513539790578571,0.));
#6168=DIRECTION('ref_axis',(0.513539790578571,0.85806578039945,0.));
#6169=DIRECTION('center_axis',(0.991362593307637,-0.131149565726911,0.));
#6170=DIRECTION('ref_axis',(-0.0927367472751827,-0.700999212342507,-0.70710678118655));
#6171=DIRECTION('',(-0.991362593307637,0.131149565726911,0.));
#6172=DIRECTION('',(0.991362593307637,-0.131149565726911,0.));
#6173=DIRECTION('center_axis',(0.,0.,1.));
#6174=DIRECTION('ref_axis',(0.707179486723024,-0.707034068173635,0.));
#6175=DIRECTION('',(0.,0.,1.));
#6176=DIRECTION('center_axis',(0.,0.,-1.));
#6177=DIRECTION('ref_axis',(0.707179486723015,-0.707034068173644,0.));
#6178=DIRECTION('',(0.,0.,-1.));
#6179=DIRECTION('center_axis',(-0.000205652883661766,0.999999978853445,
0.));
#6180=DIRECTION('ref_axis',(-0.999999978853445,-0.000205652883661766,0.));
#6181=DIRECTION('',(0.,0.,-1.));
#6182=DIRECTION('',(-0.999999978853445,-0.000205652883661766,0.));
#6183=DIRECTION('center_axis',(0.,0.,1.));
#6184=DIRECTION('ref_axis',(-0.707252184782285,0.706961347685066,0.));
#6185=DIRECTION('',(0.,0.,1.));
#6186=DIRECTION('center_axis',(0.,0.,1.));
#6187=DIRECTION('ref_axis',(-0.707252184782287,0.706961347685064,0.));
#6188=DIRECTION('center_axis',(-0.999999978853445,-0.000205652883658839,
0.));
#6189=DIRECTION('ref_axis',(0.000205652883658839,-0.999999978853445,0.));
#6190=DIRECTION('',(0.,0.,-1.));
#6191=DIRECTION('',(0.000205652883658839,-0.999999978853445,0.));
#6192=DIRECTION('center_axis',(0.,0.,1.));
#6193=DIRECTION('ref_axis',(0.707252184782273,-0.706961347685078,0.));
#6194=DIRECTION('',(0.,0.,1.));
#6195=DIRECTION('center_axis',(0.,0.,-1.));
#6196=DIRECTION('ref_axis',(0.707252184782283,-0.706961347685068,0.));
#6197=DIRECTION('center_axis',(-0.000205652883660946,0.999999978853446,
0.));
#6198=DIRECTION('ref_axis',(-0.999999978853445,-0.000205652883660946,0.));
#6199=DIRECTION('',(0.,0.,-1.));
#6200=DIRECTION('',(-0.999999978853445,-0.000205652883660946,0.));
#6201=DIRECTION('center_axis',(0.,0.,1.));
#6202=DIRECTION('ref_axis',(-0.707179450049242,0.707034104854958,0.));
#6203=DIRECTION('',(0.,0.,1.));
#6204=DIRECTION('center_axis',(0.,0.,1.));
#6205=DIRECTION('ref_axis',(-0.70717945004924,0.70703410485496,0.));
#6206=DIRECTION('center_axis',(-0.999999999999995,1.03739771019822E-7,0.));
#6207=DIRECTION('ref_axis',(-1.03739771019822E-7,-0.999999999999995,0.));
#6208=DIRECTION('',(0.,0.,-1.));
#6209=DIRECTION('',(-1.03739771019822E-7,-0.999999999999995,0.));
#6210=DIRECTION('center_axis',(0.,0.,1.));
#6211=DIRECTION('ref_axis',(-0.706757844317504,-0.707455545950185,0.));
#6212=DIRECTION('',(0.,0.,1.));
#6213=DIRECTION('center_axis',(0.,0.,1.));
#6214=DIRECTION('ref_axis',(-0.706757844317504,-0.707455545950185,0.));
#6215=DIRECTION('center_axis',(0.000986802731045157,-0.999999513110067,
0.));
#6216=DIRECTION('ref_axis',(0.999999513110067,0.000986802731045157,0.));
#6217=DIRECTION('',(0.,0.,1.));
#6218=DIRECTION('',(0.999999513110067,0.000986802731045157,0.));
#6219=DIRECTION('center_axis',(-0.811714458584188,-0.584054481812595,0.));
#6220=DIRECTION('ref_axis',(0.584054481812595,-0.811714458584188,0.));
#6221=DIRECTION('',(0.,0.,1.));
#6222=DIRECTION('',(0.584054481812595,-0.811714458584188,0.));
#6223=DIRECTION('center_axis',(-0.131149565726911,-0.991362593307637,0.));
#6224=DIRECTION('ref_axis',(0.991362593307637,-0.131149565726911,0.));
#6225=DIRECTION('',(0.,0.,1.));
#6226=DIRECTION('',(0.991362593307637,-0.131149565726911,0.));
#6227=DIRECTION('center_axis',(-0.50000173054306,-0.866024404652632,0.));
#6228=DIRECTION('ref_axis',(0.866024404652632,-0.50000173054306,0.));
#6229=DIRECTION('',(0.,0.,1.));
#6230=DIRECTION('',(0.866024404652632,-0.50000173054306,0.));
#6231=DIRECTION('center_axis',(0.866024304264767,-0.500001904419099,0.));
#6232=DIRECTION('ref_axis',(0.500001904419099,0.866024304264767,0.));
#6233=DIRECTION('',(0.,0.,1.));
#6234=DIRECTION('',(0.500001904419099,0.866024304264767,0.));
#6235=DIRECTION('center_axis',(0.865110934187084,-0.501580573337874,0.));
#6236=DIRECTION('ref_axis',(0.501580573337874,0.865110934187084,0.));
#6237=DIRECTION('',(0.,0.,-1.));
#6238=DIRECTION('',(0.501580573337874,0.865110934187084,0.));
#6239=DIRECTION('center_axis',(0.,0.,1.));
#6240=DIRECTION('ref_axis',(1.,0.,0.));
#6241=DIRECTION('',(0.,-1.,0.));
#6242=DIRECTION('',(1.,0.,0.));
#6243=DIRECTION('',(0.,1.,0.));
#6244=DIRECTION('',(-1.,-6.34417782891661E-16,0.));
#6245=DIRECTION('',(0.866026010844226,-0.49999894854013,0.));
#6246=DIRECTION('',(0.499998712567855,0.866026147082459,0.));
#6247=DIRECTION('',(-0.866025774871826,0.49999935725724,0.));
#6248=DIRECTION('',(-0.499998476595765,-0.866026283320497,0.));
#6249=DIRECTION('center_axis',(0.,0.,-1.));
#6250=DIRECTION('ref_axis',(1.,0.,0.));
#6251=DIRECTION('',(0.,-1.,0.));
#6252=DIRECTION('',(1.,0.,0.));
#6253=DIRECTION('',(0.,1.,0.));
#6254=DIRECTION('',(-1.,0.,0.));
#6255=DIRECTION('center_axis',(0.,0.,-1.));
#6256=DIRECTION('ref_axis',(1.,0.,0.));
#6257=DIRECTION('',(-1.26883556578332E-15,-1.,0.));
#6258=DIRECTION('',(1.,0.,0.));
#6259=DIRECTION('',(0.,1.,0.));
#6260=DIRECTION('',(-1.,0.,0.));
#6261=DIRECTION('',(0.,-1.,0.));
#6262=DIRECTION('',(1.,0.,0.));
#6263=DIRECTION('',(0.,1.,0.));
#6264=DIRECTION('',(-1.,1.26883556578332E-15,0.));
#6265=DIRECTION('center_axis',(0.,0.,-1.));
#6266=DIRECTION('ref_axis',(1.,0.,0.));
#6267=DIRECTION('',(0.,-1.,0.));
#6268=DIRECTION('',(1.,0.,0.));
#6269=DIRECTION('',(0.,1.,0.));
#6270=DIRECTION('',(-1.,0.,0.));
#6271=DIRECTION('',(0.,-1.,0.));
#6272=DIRECTION('',(1.,0.,0.));
#6273=DIRECTION('',(0.,1.,0.));
#6274=DIRECTION('',(-1.,0.,0.));
#6275=DIRECTION('',(0.,-1.,0.));
#6276=DIRECTION('',(1.,0.,0.));
#6277=DIRECTION('',(0.,1.,0.));
#6278=DIRECTION('',(-1.,0.,0.));
#6279=DIRECTION('',(0.,-1.,0.));
#6280=DIRECTION('',(1.,0.,0.));
#6281=DIRECTION('',(0.,1.,0.));
#6282=DIRECTION('',(-1.,0.,0.));
#6283=DIRECTION('',(0.,-1.,0.));
#6284=DIRECTION('',(1.,0.,0.));
#6285=DIRECTION('',(0.,1.,0.));
#6286=DIRECTION('',(-1.,0.,0.));
#6287=DIRECTION('',(0.,-1.,0.));
#6288=DIRECTION('',(1.,0.,0.));
#6289=DIRECTION('',(0.,1.,0.));
#6290=DIRECTION('',(-1.,0.,0.));
#6291=DIRECTION('',(0.,-1.,0.));
#6292=DIRECTION('',(1.,0.,0.));
#6293=DIRECTION('',(0.,1.,0.));
#6294=DIRECTION('',(-1.,0.,0.));
#6295=DIRECTION('',(-1.26883556578332E-15,-1.,0.));
#6296=DIRECTION('',(1.,0.,0.));
#6297=DIRECTION('',(0.,1.,0.));
#6298=DIRECTION('',(-1.,0.,0.));
#6299=DIRECTION('',(0.,-1.,0.));
#6300=DIRECTION('',(1.,0.,0.));
#6301=DIRECTION('',(0.,1.,0.));
#6302=DIRECTION('',(-1.,-6.34417782891661E-16,0.));
#6303=DIRECTION('',(0.,-1.,0.));
#6304=DIRECTION('',(1.,0.,0.));
#6305=DIRECTION('',(0.,1.,0.));
#6306=DIRECTION('',(-1.,0.,0.));
#6307=DIRECTION('',(0.965925005699833,-0.25882210756382,0.));
#6308=DIRECTION('',(0.258822752257627,0.965924832952227,0.));
#6309=DIRECTION('',(-0.965925005699833,0.258822107563819,0.));
#6310=DIRECTION('',(-0.258822752257626,-0.965924832952227,0.));
#6311=DIRECTION('',(-1.26883556578332E-15,-1.,0.));
#6312=DIRECTION('',(1.,0.,0.));
#6313=DIRECTION('',(0.,1.,0.));
#6314=DIRECTION('',(-1.,0.,0.));
#6315=DIRECTION('',(1.26883556578332E-15,-1.,0.));
#6316=DIRECTION('',(1.,0.,0.));
#6317=DIRECTION('',(0.,1.,0.));
#6318=DIRECTION('',(-1.,0.,0.));
#6319=DIRECTION('center_axis',(0.,0.,-1.));
#6320=DIRECTION('ref_axis',(1.,0.,0.));
#6321=DIRECTION('center_axis',(0.,0.,-1.));
#6322=DIRECTION('ref_axis',(1.,0.,0.));
#6323=DIRECTION('center_axis',(0.,-1.,0.));
#6324=DIRECTION('ref_axis',(-0.707106781186527,0.,-0.707106781186568));
#6325=DIRECTION('',(0.,1.,0.));
#6326=DIRECTION('center_axis',(0.707106781186573,-0.707106781186522,0.));
#6327=DIRECTION('ref_axis',(0.707106781186522,0.707106781186573,0.));
#6328=DIRECTION('center_axis',(0.707106781186535,0.70710678118656,0.));
#6329=DIRECTION('ref_axis',(-0.70710678118656,0.707106781186535,0.));
#6330=DIRECTION('center_axis',(1.,0.,0.));
#6331=DIRECTION('ref_axis',(0.,-0.707106781186553,-0.707106781186543));
#6332=DIRECTION('',(-1.,0.,0.));
#6333=DIRECTION('center_axis',(-0.707106781186548,-0.707106781186548,0.));
#6334=DIRECTION('ref_axis',(0.707106781186548,-0.707106781186548,0.));
#6335=DIRECTION('center_axis',(-1.,-6.34417782891661E-16,0.));
#6336=DIRECTION('ref_axis',(0.,0.707106781186527,-0.707106781186568));
#6337=DIRECTION('',(1.,6.34417782891661E-16,0.));
#6338=DIRECTION('center_axis',(0.707106781186522,-0.707106781186573,0.));
#6339=DIRECTION('ref_axis',(0.707106781186573,0.707106781186522,0.));
#6340=DIRECTION('center_axis',(0.,1.,0.));
#6341=DIRECTION('ref_axis',(0.707106781186527,0.,-0.707106781186568));
#6342=DIRECTION('',(0.,-1.,0.));
#6343=DIRECTION('center_axis',(0.,-1.,0.));
#6344=DIRECTION('ref_axis',(1.,0.,0.));
#6345=DIRECTION('',(0.,0.,1.));
#6346=DIRECTION('',(1.,0.,0.));
#6347=DIRECTION('',(0.,0.,1.));
#6348=DIRECTION('center_axis',(-1.,0.,0.));
#6349=DIRECTION('ref_axis',(0.,-1.,0.));
#6350=DIRECTION('',(0.,0.,1.));
#6351=DIRECTION('',(0.,-1.,0.));
#6352=DIRECTION('center_axis',(0.,0.,-1.));
#6353=DIRECTION('ref_axis',(-1.,0.,0.));
#6354=DIRECTION('center_axis',(0.,0.,1.));
#6355=DIRECTION('ref_axis',(1.,0.,0.));
#6356=DIRECTION('center_axis',(0.,-1.,0.));
#6357=DIRECTION('ref_axis',(1.,0.,0.));
#6358=DIRECTION('center_axis',(0.,0.,1.));
#6359=DIRECTION('ref_axis',(1.,0.,0.));
#6360=DIRECTION('center_axis',(0.,0.,1.));
#6361=DIRECTION('ref_axis',(1.,0.,0.));
#6362=DIRECTION('center_axis',(0.,0.,-1.));
#6363=DIRECTION('ref_axis',(1.,0.,0.));
#6364=DIRECTION('',(0.,0.,-1.));
#6365=DIRECTION('center_axis',(0.,0.,-1.));
#6366=DIRECTION('ref_axis',(1.,0.,0.));
#6367=DIRECTION('center_axis',(0.866026010844226,-0.499998948540131,0.));
#6368=DIRECTION('ref_axis',(-0.353552647098858,-0.612372864951889,-0.707106781186552));
#6369=DIRECTION('',(-0.866026010844226,0.49999894854013,0.));
#6370=DIRECTION('center_axis',(0.965925476789439,0.258820349449373,0.));
#6371=DIRECTION('ref_axis',(-0.258820349449373,0.965925476789439,0.));
#6372=DIRECTION('center_axis',(-0.258820481045517,0.965925441528158,6.863313057637E-14));
#6373=DIRECTION('ref_axis',(-0.965925441528158,-0.258820481045517,-6.86331679782826E-14));
#6374=DIRECTION('center_axis',(0.499998712567855,0.866026147082459,0.));
#6375=DIRECTION('ref_axis',(0.612372961286903,-0.353552480241271,-0.707106781186516));
#6376=DIRECTION('',(-0.499998712567855,-0.866026147082459,0.));
#6377=DIRECTION('center_axis',(0.258820121517162,-0.965925537863992,-1.83902757212566E-14));
#6378=DIRECTION('ref_axis',(0.965925537863991,0.258820121517162,1.83902894114006E-14));
#6379=DIRECTION('center_axis',(-0.499998476595765,-0.866026283320497,0.));
#6380=DIRECTION('ref_axis',(-0.612373057621621,0.353552313383845,-0.707106781186603));
#6381=DIRECTION('',(0.499998476595765,0.866026283320497,0.));
#6382=DIRECTION('center_axis',(0.965925502602746,0.258820253113298,0.));
#6383=DIRECTION('ref_axis',(-0.258820253113298,0.965925502602746,0.));
#6384=DIRECTION('center_axis',(-0.866025774871826,0.49999935725724,0.));
#6385=DIRECTION('ref_axis',(0.353552936105497,0.612372698094213,-0.707106781186545));
#6386=DIRECTION('',(0.866025774871826,-0.49999935725724,0.));
#6387=DIRECTION('center_axis',(0.866026147082459,-0.499998712567855,0.));
#6388=DIRECTION('ref_axis',(0.499998712567855,0.866026147082459,0.));
#6389=DIRECTION('',(0.,0.,1.));
#6390=DIRECTION('',(0.499998712567855,0.866026147082459,0.));
#6391=DIRECTION('',(0.,0.,-1.));
#6392=DIRECTION('center_axis',(-0.499998948540131,-0.866026010844226,0.));
#6393=DIRECTION('ref_axis',(0.866026010844226,-0.49999894854013,0.));
#6394=DIRECTION('',(0.,0.,1.));
#6395=DIRECTION('',(0.866026010844226,-0.49999894854013,0.));
#6396=DIRECTION('center_axis',(0.,0.,-1.));
#6397=DIRECTION('ref_axis',(-1.,0.,0.));
#6398=DIRECTION('center_axis',(0.,0.,1.));
#6399=DIRECTION('ref_axis',(1.,0.,0.));
#6400=DIRECTION('center_axis',(0.,-1.,0.));
#6401=DIRECTION('ref_axis',(1.,0.,0.));
#6402=DIRECTION('center_axis',(0.,0.,1.));
#6403=DIRECTION('ref_axis',(1.,0.,0.));
#6404=DIRECTION('center_axis',(0.,0.,1.));
#6405=DIRECTION('ref_axis',(1.,0.,0.));
#6406=DIRECTION('center_axis',(0.,0.,-1.));
#6407=DIRECTION('ref_axis',(1.,0.,0.));
#6408=DIRECTION('',(0.,0.,-1.));
#6409=DIRECTION('center_axis',(0.,0.,-1.));
#6410=DIRECTION('ref_axis',(1.,0.,0.));
#6411=DIRECTION('center_axis',(0.,0.,-1.));
#6412=DIRECTION('ref_axis',(-1.,0.,0.));
#6413=DIRECTION('center_axis',(0.,0.,1.));
#6414=DIRECTION('ref_axis',(1.,0.,0.));
#6415=DIRECTION('center_axis',(0.,-1.,0.));
#6416=DIRECTION('ref_axis',(1.,0.,0.));
#6417=DIRECTION('center_axis',(0.,0.,1.));
#6418=DIRECTION('ref_axis',(1.,0.,0.));
#6419=DIRECTION('center_axis',(0.,0.,1.));
#6420=DIRECTION('ref_axis',(1.,0.,0.));
#6421=DIRECTION('center_axis',(0.,0.,-1.));
#6422=DIRECTION('ref_axis',(1.,0.,0.));
#6423=DIRECTION('',(0.,0.,-1.));
#6424=DIRECTION('center_axis',(0.,0.,-1.));
#6425=DIRECTION('ref_axis',(1.,0.,0.));
#6426=DIRECTION('center_axis',(1.26883556578332E-15,-1.,0.));
#6427=DIRECTION('ref_axis',(-0.707106781186527,0.,-0.707106781186568));
#6428=DIRECTION('',(-1.26883556578332E-15,1.,0.));
#6429=DIRECTION('center_axis',(0.707106781186548,-0.707106781186548,0.));
#6430=DIRECTION('ref_axis',(0.707106781186548,0.707106781186548,0.));
#6431=DIRECTION('center_axis',(0.707106781186522,0.707106781186573,0.));
#6432=DIRECTION('ref_axis',(-0.707106781186573,0.707106781186522,0.));
#6433=DIRECTION('center_axis',(1.,0.,0.));
#6434=DIRECTION('ref_axis',(0.,-0.707106781186527,-0.707106781186568));
#6435=DIRECTION('',(-1.,0.,0.));
#6436=DIRECTION('center_axis',(-0.707106781186497,-0.707106781186598,0.));
#6437=DIRECTION('ref_axis',(0.707106781186598,-0.707106781186497,0.));
#6438=DIRECTION('center_axis',(-1.,0.,0.));
#6439=DIRECTION('ref_axis',(0.,0.707106781186527,-0.707106781186568));
#6440=DIRECTION('',(1.,0.,0.));
#6441=DIRECTION('center_axis',(0.707106781186548,-0.707106781186548,0.));
#6442=DIRECTION('ref_axis',(0.707106781186548,0.707106781186548,0.));
#6443=DIRECTION('center_axis',(0.,1.,0.));
#6444=DIRECTION('ref_axis',(0.707106781186578,0.,-0.707106781186517));
#6445=DIRECTION('',(0.,-1.,0.));
#6446=DIRECTION('center_axis',(0.,-1.,0.));
#6447=DIRECTION('ref_axis',(1.,0.,0.));
#6448=DIRECTION('',(0.,0.,1.));
#6449=DIRECTION('',(1.,0.,0.));
#6450=DIRECTION('',(0.,0.,1.));
#6451=DIRECTION('center_axis',(-1.,-1.26883556578332E-15,0.));
#6452=DIRECTION('ref_axis',(1.26883556578332E-15,-1.,0.));
#6453=DIRECTION('',(0.,0.,1.));
#6454=DIRECTION('',(1.26883556578332E-15,-1.,0.));
#6455=DIRECTION('center_axis',(0.,-1.,0.));
#6456=DIRECTION('ref_axis',(-0.707106781186527,0.,-0.707106781186568));
#6457=DIRECTION('',(0.,1.,0.));
#6458=DIRECTION('center_axis',(0.707106781186573,-0.707106781186522,0.));
#6459=DIRECTION('ref_axis',(0.707106781186522,0.707106781186573,0.));
#6460=DIRECTION('center_axis',(0.707106781186573,0.707106781186522,0.));
#6461=DIRECTION('ref_axis',(-0.707106781186522,0.707106781186573,0.));
#6462=DIRECTION('center_axis',(1.,0.,0.));
#6463=DIRECTION('ref_axis',(0.,-0.707106781186578,-0.707106781186517));
#6464=DIRECTION('',(-1.,0.,0.));
#6465=DIRECTION('center_axis',(-0.707106781186585,-0.70710678118651,0.));
#6466=DIRECTION('ref_axis',(0.70710678118651,-0.707106781186585,0.));
#6467=DIRECTION('center_axis',(-1.,0.,0.));
#6468=DIRECTION('ref_axis',(0.,0.707106781186578,-0.707106781186517));
#6469=DIRECTION('',(1.,0.,0.));
#6470=DIRECTION('center_axis',(0.707106781186585,-0.70710678118651,0.));
#6471=DIRECTION('ref_axis',(0.70710678118651,0.707106781186585,0.));
#6472=DIRECTION('center_axis',(0.,1.,0.));
#6473=DIRECTION('ref_axis',(0.707106781186553,0.,-0.707106781186543));
#6474=DIRECTION('',(0.,-1.,0.));
#6475=DIRECTION('center_axis',(0.,-1.,0.));
#6476=DIRECTION('ref_axis',(1.,0.,0.));
#6477=DIRECTION('',(0.,0.,1.));
#6478=DIRECTION('',(1.,0.,0.));
#6479=DIRECTION('',(0.,0.,1.));
#6480=DIRECTION('center_axis',(-1.,0.,0.));
#6481=DIRECTION('ref_axis',(0.,-1.,0.));
#6482=DIRECTION('',(0.,0.,1.));
#6483=DIRECTION('',(0.,-1.,0.));
#6484=DIRECTION('center_axis',(-1.26883556578332E-15,-1.,0.));
#6485=DIRECTION('ref_axis',(-0.707106781186527,0.,-0.707106781186568));
#6486=DIRECTION('',(1.26883556578332E-15,1.,0.));
#6487=DIRECTION('center_axis',(0.707106781186548,-0.707106781186548,0.));
#6488=DIRECTION('ref_axis',(0.707106781186548,0.707106781186548,0.));
#6489=DIRECTION('center_axis',(0.707106781186535,0.70710678118656,0.));
#6490=DIRECTION('ref_axis',(-0.70710678118656,0.707106781186535,0.));
#6491=DIRECTION('center_axis',(1.,0.,0.));
#6492=DIRECTION('ref_axis',(0.,-0.707106781186553,-0.707106781186543));
#6493=DIRECTION('',(-1.,0.,0.));
#6494=DIRECTION('center_axis',(-0.707106781186548,-0.707106781186548,0.));
#6495=DIRECTION('ref_axis',(0.707106781186548,-0.707106781186548,0.));
#6496=DIRECTION('center_axis',(-1.,0.,0.));
#6497=DIRECTION('ref_axis',(0.,0.707106781186527,-0.707106781186568));
#6498=DIRECTION('',(1.,0.,0.));
#6499=DIRECTION('center_axis',(0.707106781186522,-0.707106781186573,0.));
#6500=DIRECTION('ref_axis',(0.707106781186573,0.707106781186522,0.));
#6501=DIRECTION('center_axis',(0.,1.,0.));
#6502=DIRECTION('ref_axis',(0.707106781186527,0.,-0.707106781186568));
#6503=DIRECTION('',(0.,-1.,0.));
#6504=DIRECTION('center_axis',(0.,-1.,0.));
#6505=DIRECTION('ref_axis',(1.,0.,0.));
#6506=DIRECTION('',(0.,0.,1.));
#6507=DIRECTION('',(1.,0.,0.));
#6508=DIRECTION('',(0.,0.,1.));
#6509=DIRECTION('center_axis',(-1.,1.26883556578332E-15,0.));
#6510=DIRECTION('ref_axis',(-1.26883556578332E-15,-1.,0.));
#6511=DIRECTION('',(0.,0.,1.));
#6512=DIRECTION('',(-1.26883556578332E-15,-1.,0.));
#6513=DIRECTION('center_axis',(0.,0.,-1.));
#6514=DIRECTION('ref_axis',(-1.,0.,0.));
#6515=DIRECTION('center_axis',(0.,0.,1.));
#6516=DIRECTION('ref_axis',(1.,0.,0.));
#6517=DIRECTION('center_axis',(0.,-1.,0.));
#6518=DIRECTION('ref_axis',(1.,0.,0.));
#6519=DIRECTION('center_axis',(0.,0.,1.));
#6520=DIRECTION('ref_axis',(1.,0.,0.));
#6521=DIRECTION('center_axis',(0.,0.,1.));
#6522=DIRECTION('ref_axis',(1.,0.,0.));
#6523=DIRECTION('center_axis',(0.,0.,-1.));
#6524=DIRECTION('ref_axis',(1.,0.,0.));
#6525=DIRECTION('',(0.,0.,-1.));
#6526=DIRECTION('center_axis',(0.,0.,-1.));
#6527=DIRECTION('ref_axis',(1.,0.,0.));
#6528=DIRECTION('center_axis',(0.965925005699833,-0.25882210756382,0.));
#6529=DIRECTION('ref_axis',(-0.183014867379349,-0.683012121648008,-0.707106781186552));
#6530=DIRECTION('',(-0.965925005699833,0.25882210756382,0.));
#6531=DIRECTION('center_axis',(0.866027155885608,0.499996965259475,0.));
#6532=DIRECTION('ref_axis',(-0.499996965259475,0.866027155885608,0.));
#6533=DIRECTION('center_axis',(-0.499996965259526,0.866027155885579,0.));
#6534=DIRECTION('ref_axis',(-0.866027155885578,-0.499996965259526,0.));
#6535=DIRECTION('center_axis',(0.258822752257627,0.965924832952227,0.));
#6536=DIRECTION('ref_axis',(0.68301199949702,-0.183015323246675,-0.707106781186546));
#6537=DIRECTION('',(-0.258822752257627,-0.965924832952227,0.));
#6538=DIRECTION('center_axis',(0.499996965259467,-0.866027155885613,0.));
#6539=DIRECTION('ref_axis',(0.866027155885613,0.499996965259467,0.));
#6540=DIRECTION('center_axis',(-0.258822752257626,-0.965924832952227,0.));
#6541=DIRECTION('ref_axis',(-0.683011999496967,0.183015323246687,-0.707106781186594));
#6542=DIRECTION('',(0.258822752257626,0.965924832952227,0.));
#6543=DIRECTION('center_axis',(0.866027155885596,0.499996965259497,0.));
#6544=DIRECTION('ref_axis',(-0.499996965259497,0.866027155885596,0.));
#6545=DIRECTION('center_axis',(-0.965925005699833,0.258822107563819,0.));
#6546=DIRECTION('ref_axis',(0.183014867379349,0.683012121648008,-0.707106781186551));
#6547=DIRECTION('',(0.965925005699833,-0.258822107563819,0.));
#6548=DIRECTION('center_axis',(0.965924832952227,-0.258822752257627,0.));
#6549=DIRECTION('ref_axis',(0.258822752257627,0.965924832952227,0.));
#6550=DIRECTION('',(0.,0.,1.));
#6551=DIRECTION('',(0.258822752257627,0.965924832952227,0.));
#6552=DIRECTION('',(0.,0.,-1.));
#6553=DIRECTION('center_axis',(-0.25882210756382,-0.965925005699833,0.));
#6554=DIRECTION('ref_axis',(0.965925005699833,-0.25882210756382,0.));
#6555=DIRECTION('',(0.,0.,1.));
#6556=DIRECTION('',(0.965925005699833,-0.25882210756382,0.));
#6557=DIRECTION('center_axis',(-1.26883556578332E-15,-1.,0.));
#6558=DIRECTION('ref_axis',(-0.707106781186578,0.,-0.707106781186517));
#6559=DIRECTION('',(1.26883556578332E-15,1.,0.));
#6560=DIRECTION('center_axis',(0.707106781186548,-0.707106781186548,0.));
#6561=DIRECTION('ref_axis',(0.707106781186548,0.707106781186548,0.));
#6562=DIRECTION('center_axis',(0.707106781186585,0.70710678118651,0.));
#6563=DIRECTION('ref_axis',(-0.70710678118651,0.707106781186585,0.));
#6564=DIRECTION('center_axis',(1.,0.,0.));
#6565=DIRECTION('ref_axis',(0.,-0.707106781186553,-0.707106781186543));
#6566=DIRECTION('',(-1.,0.,0.));
#6567=DIRECTION('center_axis',(-0.707106781186548,-0.707106781186548,0.));
#6568=DIRECTION('ref_axis',(0.707106781186548,-0.707106781186548,0.));
#6569=DIRECTION('center_axis',(-1.,0.,0.));
#6570=DIRECTION('ref_axis',(0.,0.707106781186578,-0.707106781186517));
#6571=DIRECTION('',(1.,0.,0.));
#6572=DIRECTION('center_axis',(0.707106781186548,-0.707106781186548,0.));
#6573=DIRECTION('ref_axis',(0.707106781186547,0.707106781186547,0.));
#6574=DIRECTION('center_axis',(0.,1.,0.));
#6575=DIRECTION('ref_axis',(0.707106781186527,0.,-0.707106781186568));
#6576=DIRECTION('',(0.,-1.,0.));
#6577=DIRECTION('center_axis',(0.,-1.,0.));
#6578=DIRECTION('ref_axis',(1.,0.,0.));
#6579=DIRECTION('',(0.,0.,1.));
#6580=DIRECTION('',(1.,0.,0.));
#6581=DIRECTION('',(0.,0.,1.));
#6582=DIRECTION('center_axis',(-1.,1.26883556578332E-15,0.));
#6583=DIRECTION('ref_axis',(-1.26883556578332E-15,-1.,0.));
#6584=DIRECTION('',(0.,0.,1.));
#6585=DIRECTION('',(-1.26883556578332E-15,-1.,0.));
#6586=DIRECTION('center_axis',(0.,-1.,0.));
#6587=DIRECTION('ref_axis',(-0.707106781186527,0.,-0.707106781186568));
#6588=DIRECTION('',(0.,1.,0.));
#6589=DIRECTION('center_axis',(0.707106781186573,-0.707106781186522,0.));
#6590=DIRECTION('ref_axis',(0.707106781186522,0.707106781186573,0.));
#6591=DIRECTION('center_axis',(0.707106781186522,0.707106781186573,0.));
#6592=DIRECTION('ref_axis',(-0.707106781186573,0.707106781186522,0.));
#6593=DIRECTION('center_axis',(1.,0.,0.));
#6594=DIRECTION('ref_axis',(0.,-0.707106781186527,-0.707106781186568));
#6595=DIRECTION('',(-1.,0.,0.));
#6596=DIRECTION('center_axis',(-0.707106781186522,-0.707106781186573,0.));
#6597=DIRECTION('ref_axis',(0.707106781186573,-0.707106781186522,0.));
#6598=DIRECTION('center_axis',(-1.,0.,0.));
#6599=DIRECTION('ref_axis',(0.,0.707106781186527,-0.707106781186568));
#6600=DIRECTION('',(1.,0.,0.));
#6601=DIRECTION('center_axis',(0.707106781186573,-0.707106781186522,0.));
#6602=DIRECTION('ref_axis',(0.707106781186522,0.707106781186573,0.));
#6603=DIRECTION('center_axis',(0.,1.,0.));
#6604=DIRECTION('ref_axis',(0.707106781186527,0.,-0.707106781186568));
#6605=DIRECTION('',(0.,-1.,0.));
#6606=DIRECTION('center_axis',(0.,-1.,0.));
#6607=DIRECTION('ref_axis',(1.,0.,0.));
#6608=DIRECTION('',(0.,0.,1.));
#6609=DIRECTION('',(1.,0.,0.));
#6610=DIRECTION('',(0.,0.,1.));
#6611=DIRECTION('center_axis',(-1.,0.,0.));
#6612=DIRECTION('ref_axis',(0.,-1.,0.));
#6613=DIRECTION('',(0.,0.,1.));
#6614=DIRECTION('',(0.,-1.,0.));
#6615=DIRECTION('center_axis',(0.,-1.,0.));
#6616=DIRECTION('ref_axis',(-0.707106781186578,0.,-0.707106781186517));
#6617=DIRECTION('',(0.,1.,0.));
#6618=DIRECTION('center_axis',(0.707106781186497,-0.707106781186598,0.));
#6619=DIRECTION('ref_axis',(0.707106781186598,0.707106781186497,0.));
#6620=DIRECTION('center_axis',(0.707106781186522,0.707106781186573,0.));
#6621=DIRECTION('ref_axis',(-0.707106781186573,0.707106781186522,0.));
#6622=DIRECTION('center_axis',(1.,0.,0.));
#6623=DIRECTION('ref_axis',(0.,-0.707106781186527,-0.707106781186568));
#6624=DIRECTION('',(-1.,0.,0.));
#6625=DIRECTION('center_axis',(-0.707106781186497,-0.707106781186598,0.));
#6626=DIRECTION('ref_axis',(0.707106781186598,-0.707106781186497,0.));
#6627=DIRECTION('center_axis',(-1.,1.26883556578332E-15,0.));
#6628=DIRECTION('ref_axis',(0.,0.707106781186578,-0.707106781186517));
#6629=DIRECTION('',(1.,-1.26883556578332E-15,0.));
#6630=DIRECTION('center_axis',(0.707106781186548,-0.707106781186548,0.));
#6631=DIRECTION('ref_axis',(0.707106781186548,0.707106781186548,0.));
#6632=DIRECTION('center_axis',(0.,1.,0.));
#6633=DIRECTION('ref_axis',(0.707106781186578,0.,-0.707106781186517));
#6634=DIRECTION('',(0.,-1.,0.));
#6635=DIRECTION('center_axis',(0.,-1.,0.));
#6636=DIRECTION('ref_axis',(1.,0.,0.));
#6637=DIRECTION('',(0.,0.,1.));
#6638=DIRECTION('',(1.,0.,0.));
#6639=DIRECTION('',(0.,0.,1.));
#6640=DIRECTION('center_axis',(-1.,0.,0.));
#6641=DIRECTION('ref_axis',(0.,-1.,0.));
#6642=DIRECTION('',(0.,0.,1.));
#6643=DIRECTION('',(0.,-1.,0.));
#6644=DIRECTION('center_axis',(0.,-1.,0.));
#6645=DIRECTION('ref_axis',(-0.707106781186527,0.,-0.707106781186568));
#6646=DIRECTION('',(0.,1.,0.));
#6647=DIRECTION('center_axis',(0.707106781186573,-0.707106781186522,0.));
#6648=DIRECTION('ref_axis',(0.707106781186522,0.707106781186573,0.));
#6649=DIRECTION('center_axis',(0.707106781186573,0.707106781186522,0.));
#6650=DIRECTION('ref_axis',(-0.707106781186522,0.707106781186573,0.));
#6651=DIRECTION('center_axis',(1.,0.,0.));
#6652=DIRECTION('ref_axis',(0.,-0.707106781186553,-0.707106781186543));
#6653=DIRECTION('',(-1.,0.,0.));
#6654=DIRECTION('center_axis',(-0.707106781186573,-0.707106781186522,0.));
#6655=DIRECTION('ref_axis',(0.707106781186522,-0.707106781186573,0.));
#6656=DIRECTION('center_axis',(-1.,-6.34417782891661E-16,0.));
#6657=DIRECTION('ref_axis',(0.,0.707106781186553,-0.707106781186543));
#6658=DIRECTION('',(1.,6.34417782891661E-16,0.));
#6659=DIRECTION('center_axis',(0.70710678118656,-0.707106781186535,0.));
#6660=DIRECTION('ref_axis',(0.707106781186535,0.70710678118656,0.));
#6661=DIRECTION('center_axis',(0.,1.,0.));
#6662=DIRECTION('ref_axis',(0.707106781186527,0.,-0.707106781186568));
#6663=DIRECTION('',(0.,-1.,0.));
#6664=DIRECTION('center_axis',(0.,-1.,0.));
#6665=DIRECTION('ref_axis',(1.,0.,0.));
#6666=DIRECTION('',(0.,0.,1.));
#6667=DIRECTION('',(1.,0.,0.));
#6668=DIRECTION('',(0.,0.,1.));
#6669=DIRECTION('center_axis',(-1.,0.,0.));
#6670=DIRECTION('ref_axis',(0.,-1.,0.));
#6671=DIRECTION('',(0.,0.,1.));
#6672=DIRECTION('',(0.,-1.,0.));
#6673=DIRECTION('center_axis',(0.,0.,-1.));
#6674=DIRECTION('ref_axis',(-1.,0.,0.));
#6675=DIRECTION('center_axis',(0.,0.,1.));
#6676=DIRECTION('ref_axis',(1.,0.,0.));
#6677=DIRECTION('center_axis',(0.,-1.,0.));
#6678=DIRECTION('ref_axis',(1.,0.,0.));
#6679=DIRECTION('center_axis',(0.,0.,1.));
#6680=DIRECTION('ref_axis',(1.,0.,0.));
#6681=DIRECTION('center_axis',(0.,0.,1.));
#6682=DIRECTION('ref_axis',(1.,0.,0.));
#6683=DIRECTION('center_axis',(0.,0.,-1.));
#6684=DIRECTION('ref_axis',(1.,0.,0.));
#6685=DIRECTION('',(0.,0.,-1.));
#6686=DIRECTION('center_axis',(0.,0.,-1.));
#6687=DIRECTION('ref_axis',(1.,0.,0.));
#6688=DIRECTION('center_axis',(-1.26883556578332E-15,-1.,0.));
#6689=DIRECTION('ref_axis',(-0.707106781186527,0.,-0.707106781186568));
#6690=DIRECTION('',(1.26883556578332E-15,1.,0.));
#6691=DIRECTION('center_axis',(0.707106781186573,-0.707106781186522,0.));
#6692=DIRECTION('ref_axis',(0.707106781186522,0.707106781186573,0.));
#6693=DIRECTION('center_axis',(0.707106781186598,0.707106781186497,0.));
#6694=DIRECTION('ref_axis',(-0.707106781186497,0.707106781186598,0.));
#6695=DIRECTION('center_axis',(1.,0.,0.));
#6696=DIRECTION('ref_axis',(0.,-0.707106781186553,-0.707106781186543));
#6697=DIRECTION('',(-1.,0.,0.));
#6698=DIRECTION('center_axis',(-0.707106781186548,-0.707106781186548,0.));
#6699=DIRECTION('ref_axis',(0.707106781186548,-0.707106781186548,0.));
#6700=DIRECTION('center_axis',(-1.,0.,0.));
#6701=DIRECTION('ref_axis',(0.,0.707106781186578,-0.707106781186517));
#6702=DIRECTION('',(1.,0.,0.));
#6703=DIRECTION('center_axis',(0.707106781186573,-0.707106781186522,0.));
#6704=DIRECTION('ref_axis',(0.707106781186522,0.707106781186573,0.));
#6705=DIRECTION('center_axis',(0.,1.,0.));
#6706=DIRECTION('ref_axis',(0.707106781186527,0.,-0.707106781186568));
#6707=DIRECTION('',(0.,-1.,0.));
#6708=DIRECTION('center_axis',(0.,-1.,0.));
#6709=DIRECTION('ref_axis',(1.,0.,0.));
#6710=DIRECTION('',(0.,0.,1.));
#6711=DIRECTION('',(1.,0.,0.));
#6712=DIRECTION('',(0.,0.,1.));
#6713=DIRECTION('center_axis',(-1.,1.26883556578332E-15,0.));
#6714=DIRECTION('ref_axis',(-1.26883556578332E-15,-1.,0.));
#6715=DIRECTION('',(0.,0.,1.));
#6716=DIRECTION('',(-1.26883556578332E-15,-1.,0.));
#6717=DIRECTION('center_axis',(0.,-1.,0.));
#6718=DIRECTION('ref_axis',(-0.707106781186527,0.,-0.707106781186568));
#6719=DIRECTION('',(0.,1.,0.));
#6720=DIRECTION('center_axis',(0.707106781186573,-0.707106781186522,0.));
#6721=DIRECTION('ref_axis',(0.707106781186522,0.707106781186573,0.));
#6722=DIRECTION('center_axis',(0.707106781186548,0.707106781186548,0.));
#6723=DIRECTION('ref_axis',(-0.707106781186548,0.707106781186548,0.));
#6724=DIRECTION('center_axis',(1.,0.,0.));
#6725=DIRECTION('ref_axis',(0.,-0.707106781186527,-0.707106781186568));
#6726=DIRECTION('',(-1.,0.,0.));
#6727=DIRECTION('center_axis',(-0.707106781186548,-0.707106781186548,0.));
#6728=DIRECTION('ref_axis',(0.707106781186548,-0.707106781186548,0.));
#6729=DIRECTION('center_axis',(-1.,0.,0.));
#6730=DIRECTION('ref_axis',(0.,0.707106781186527,-0.707106781186568));
#6731=DIRECTION('',(1.,0.,0.));
#6732=DIRECTION('center_axis',(0.707106781186598,-0.707106781186497,0.));
#6733=DIRECTION('ref_axis',(0.707106781186497,0.707106781186598,0.));
#6734=DIRECTION('center_axis',(0.,1.,0.));
#6735=DIRECTION('ref_axis',(0.707106781186527,0.,-0.707106781186568));
#6736=DIRECTION('',(0.,-1.,0.));
#6737=DIRECTION('center_axis',(0.,-1.,0.));
#6738=DIRECTION('ref_axis',(1.,0.,0.));
#6739=DIRECTION('',(0.,0.,1.));
#6740=DIRECTION('',(1.,0.,0.));
#6741=DIRECTION('',(0.,0.,1.));
#6742=DIRECTION('center_axis',(-1.,0.,0.));
#6743=DIRECTION('ref_axis',(0.,-1.,0.));
#6744=DIRECTION('',(0.,0.,1.));
#6745=DIRECTION('',(0.,-1.,0.));
#6746=DIRECTION('center_axis',(0.,-1.,0.));
#6747=DIRECTION('ref_axis',(-0.707106781186527,0.,-0.707106781186568));
#6748=DIRECTION('',(0.,1.,0.));
#6749=DIRECTION('center_axis',(0.707106781186585,-0.70710678118651,0.));
#6750=DIRECTION('ref_axis',(0.70710678118651,0.707106781186585,0.));
#6751=DIRECTION('center_axis',(0.707106781186548,0.707106781186548,0.));
#6752=DIRECTION('ref_axis',(-0.707106781186548,0.707106781186548,0.));
#6753=DIRECTION('center_axis',(1.,0.,0.));
#6754=DIRECTION('ref_axis',(0.,-0.707106781186578,-0.707106781186517));
#6755=DIRECTION('',(-1.,0.,0.));
#6756=DIRECTION('center_axis',(-0.70710678118656,-0.707106781186535,0.));
#6757=DIRECTION('ref_axis',(0.707106781186535,-0.70710678118656,0.));
#6758=DIRECTION('center_axis',(-1.,0.,0.));
#6759=DIRECTION('ref_axis',(0.,0.707106781186553,-0.707106781186543));
#6760=DIRECTION('',(1.,0.,0.));
#6761=DIRECTION('center_axis',(0.707106781186548,-0.707106781186548,0.));
#6762=DIRECTION('ref_axis',(0.707106781186547,0.707106781186547,0.));
#6763=DIRECTION('center_axis',(0.,1.,0.));
#6764=DIRECTION('ref_axis',(0.707106781186527,0.,-0.707106781186568));
#6765=DIRECTION('',(0.,-1.,0.));
#6766=DIRECTION('center_axis',(0.,-1.,0.));
#6767=DIRECTION('ref_axis',(1.,0.,0.));
#6768=DIRECTION('',(0.,0.,1.));
#6769=DIRECTION('',(1.,0.,0.));
#6770=DIRECTION('',(0.,0.,1.));
#6771=DIRECTION('center_axis',(-1.,0.,0.));
#6772=DIRECTION('ref_axis',(0.,-1.,0.));
#6773=DIRECTION('',(0.,0.,1.));
#6774=DIRECTION('',(0.,-1.,0.));
#6775=DIRECTION('center_axis',(0.,-1.,0.));
#6776=DIRECTION('ref_axis',(-0.707106781186578,0.,-0.707106781186517));
#6777=DIRECTION('',(0.,1.,0.));
#6778=DIRECTION('center_axis',(0.70710678118651,-0.707106781186585,0.));
#6779=DIRECTION('ref_axis',(0.707106781186585,0.70710678118651,0.));
#6780=DIRECTION('center_axis',(0.70710678118651,0.707106781186585,0.));
#6781=DIRECTION('ref_axis',(-0.707106781186585,0.70710678118651,0.));
#6782=DIRECTION('center_axis',(1.,0.,0.));
#6783=DIRECTION('ref_axis',(0.,-0.707106781186527,-0.707106781186568));
#6784=DIRECTION('',(-1.,0.,0.));
#6785=DIRECTION('center_axis',(-0.70710678118651,-0.707106781186585,0.));
#6786=DIRECTION('ref_axis',(0.707106781186585,-0.70710678118651,0.));
#6787=DIRECTION('center_axis',(-1.,0.,0.));
#6788=DIRECTION('ref_axis',(0.,0.707106781186553,-0.707106781186543));
#6789=DIRECTION('',(1.,0.,0.));
#6790=DIRECTION('center_axis',(0.70710678118651,-0.707106781186585,0.));
#6791=DIRECTION('ref_axis',(0.707106781186585,0.70710678118651,0.));
#6792=DIRECTION('center_axis',(0.,1.,0.));
#6793=DIRECTION('ref_axis',(0.707106781186578,0.,-0.707106781186517));
#6794=DIRECTION('',(0.,-1.,0.));
#6795=DIRECTION('center_axis',(0.,-1.,0.));
#6796=DIRECTION('ref_axis',(1.,0.,0.));
#6797=DIRECTION('',(0.,0.,1.));
#6798=DIRECTION('',(1.,0.,0.));
#6799=DIRECTION('',(0.,0.,1.));
#6800=DIRECTION('center_axis',(-1.,0.,0.));
#6801=DIRECTION('ref_axis',(0.,-1.,0.));
#6802=DIRECTION('',(0.,0.,1.));
#6803=DIRECTION('',(0.,-1.,0.));
#6804=DIRECTION('center_axis',(0.,-1.,0.));
#6805=DIRECTION('ref_axis',(-0.707106781186578,0.,-0.707106781186517));
#6806=DIRECTION('',(0.,1.,0.));
#6807=DIRECTION('center_axis',(0.70710678118651,-0.707106781186585,0.));
#6808=DIRECTION('ref_axis',(0.707106781186585,0.70710678118651,0.));
#6809=DIRECTION('center_axis',(0.707106781186522,0.707106781186573,0.));
#6810=DIRECTION('ref_axis',(-0.707106781186573,0.707106781186522,0.));
#6811=DIRECTION('center_axis',(1.,0.,0.));
#6812=DIRECTION('ref_axis',(0.,-0.707106781186527,-0.707106781186568));
#6813=DIRECTION('',(-1.,0.,0.));
#6814=DIRECTION('center_axis',(-0.707106781186522,-0.707106781186573,0.));
#6815=DIRECTION('ref_axis',(0.707106781186573,-0.707106781186522,0.));
#6816=DIRECTION('center_axis',(-1.,0.,0.));
#6817=DIRECTION('ref_axis',(0.,0.707106781186553,-0.707106781186543));
#6818=DIRECTION('',(1.,0.,0.));
#6819=DIRECTION('center_axis',(0.707106781186535,-0.70710678118656,0.));
#6820=DIRECTION('ref_axis',(0.70710678118656,0.707106781186535,0.));
#6821=DIRECTION('center_axis',(0.,1.,0.));
#6822=DIRECTION('ref_axis',(0.707106781186578,0.,-0.707106781186517));
#6823=DIRECTION('',(0.,-1.,0.));
#6824=DIRECTION('center_axis',(0.,-1.,0.));
#6825=DIRECTION('ref_axis',(1.,0.,0.));
#6826=DIRECTION('',(0.,0.,1.));
#6827=DIRECTION('',(1.,0.,0.));
#6828=DIRECTION('',(0.,0.,1.));
#6829=DIRECTION('center_axis',(-1.,0.,0.));
#6830=DIRECTION('ref_axis',(0.,-1.,0.));
#6831=DIRECTION('',(0.,0.,1.));
#6832=DIRECTION('',(0.,-1.,0.));
#6833=DIRECTION('center_axis',(0.,-1.,0.));
#6834=DIRECTION('ref_axis',(-0.707106781186527,0.,-0.707106781186568));
#6835=DIRECTION('',(0.,1.,0.));
#6836=DIRECTION('center_axis',(0.707106781186535,-0.70710678118656,0.));
#6837=DIRECTION('ref_axis',(0.70710678118656,0.707106781186535,0.));
#6838=DIRECTION('center_axis',(0.707106781186548,0.707106781186548,0.));
#6839=DIRECTION('ref_axis',(-0.707106781186548,0.707106781186548,0.));
#6840=DIRECTION('center_axis',(1.,0.,0.));
#6841=DIRECTION('ref_axis',(0.,-0.707106781186527,-0.707106781186568));
#6842=DIRECTION('',(-1.,0.,0.));
#6843=DIRECTION('center_axis',(-0.707106781186535,-0.70710678118656,0.));
#6844=DIRECTION('ref_axis',(0.70710678118656,-0.707106781186535,0.));
#6845=DIRECTION('center_axis',(-1.,0.,0.));
#6846=DIRECTION('ref_axis',(0.,0.707106781186527,-0.707106781186568));
#6847=DIRECTION('',(1.,0.,0.));
#6848=DIRECTION('center_axis',(0.707106781186585,-0.70710678118651,0.));
#6849=DIRECTION('ref_axis',(0.70710678118651,0.707106781186585,0.));
#6850=DIRECTION('center_axis',(0.,1.,0.));
#6851=DIRECTION('ref_axis',(0.707106781186553,0.,-0.707106781186543));
#6852=DIRECTION('',(0.,-1.,0.));
#6853=DIRECTION('center_axis',(0.,-1.,0.));
#6854=DIRECTION('ref_axis',(1.,0.,0.));
#6855=DIRECTION('',(0.,0.,1.));
#6856=DIRECTION('',(1.,0.,0.));
#6857=DIRECTION('',(0.,0.,1.));
#6858=DIRECTION('center_axis',(-1.,0.,0.));
#6859=DIRECTION('ref_axis',(0.,-1.,0.));
#6860=DIRECTION('',(0.,0.,1.));
#6861=DIRECTION('',(0.,-1.,0.));
#6862=DIRECTION('center_axis',(0.,-1.,0.));
#6863=DIRECTION('ref_axis',(-0.707106781186527,0.,-0.707106781186568));
#6864=DIRECTION('',(0.,1.,0.));
#6865=DIRECTION('center_axis',(0.707106781186573,-0.707106781186522,0.));
#6866=DIRECTION('ref_axis',(0.707106781186522,0.707106781186573,0.));
#6867=DIRECTION('center_axis',(0.707106781186548,0.707106781186548,0.));
#6868=DIRECTION('ref_axis',(-0.707106781186548,0.707106781186548,0.));
#6869=DIRECTION('center_axis',(1.,0.,0.));
#6870=DIRECTION('ref_axis',(0.,-0.707106781186553,-0.707106781186543));
#6871=DIRECTION('',(-1.,0.,0.));
#6872=DIRECTION('center_axis',(-0.707106781186573,-0.707106781186522,0.));
#6873=DIRECTION('ref_axis',(0.707106781186522,-0.707106781186573,0.));
#6874=DIRECTION('center_axis',(-1.,0.,0.));
#6875=DIRECTION('ref_axis',(0.,0.707106781186527,-0.707106781186568));
#6876=DIRECTION('',(1.,0.,0.));
#6877=DIRECTION('center_axis',(0.707106781186548,-0.707106781186548,0.));
#6878=DIRECTION('ref_axis',(0.707106781186548,0.707106781186548,0.));
#6879=DIRECTION('center_axis',(0.,1.,0.));
#6880=DIRECTION('ref_axis',(0.707106781186527,0.,-0.707106781186568));
#6881=DIRECTION('',(0.,-1.,0.));
#6882=DIRECTION('center_axis',(0.,-1.,0.));
#6883=DIRECTION('ref_axis',(1.,0.,0.));
#6884=DIRECTION('',(0.,0.,1.));
#6885=DIRECTION('',(1.,0.,0.));
#6886=DIRECTION('',(0.,0.,1.));
#6887=DIRECTION('center_axis',(-1.,0.,0.));
#6888=DIRECTION('ref_axis',(0.,-1.,0.));
#6889=DIRECTION('',(0.,0.,1.));
#6890=DIRECTION('',(0.,-1.,0.));
#6891=DIRECTION('center_axis',(0.,-1.,0.));
#6892=DIRECTION('ref_axis',(-0.707106781186527,0.,-0.707106781186568));
#6893=DIRECTION('',(0.,1.,0.));
#6894=DIRECTION('center_axis',(0.70710678118656,-0.707106781186535,0.));
#6895=DIRECTION('ref_axis',(0.707106781186535,0.70710678118656,0.));
#6896=DIRECTION('center_axis',(0.707106781186548,0.707106781186548,0.));
#6897=DIRECTION('ref_axis',(-0.707106781186548,0.707106781186548,0.));
#6898=DIRECTION('center_axis',(1.,0.,0.));
#6899=DIRECTION('ref_axis',(0.,-0.707106781186527,-0.707106781186568));
#6900=DIRECTION('',(-1.,0.,0.));
#6901=DIRECTION('center_axis',(-0.707106781186535,-0.70710678118656,0.));
#6902=DIRECTION('ref_axis',(0.70710678118656,-0.707106781186535,0.));
#6903=DIRECTION('center_axis',(-1.,0.,0.));
#6904=DIRECTION('ref_axis',(0.,0.707106781186553,-0.707106781186543));
#6905=DIRECTION('',(1.,0.,0.));
#6906=DIRECTION('center_axis',(0.707106781186548,-0.707106781186548,0.));
#6907=DIRECTION('ref_axis',(0.707106781186547,0.707106781186547,0.));
#6908=DIRECTION('center_axis',(0.,1.,0.));
#6909=DIRECTION('ref_axis',(0.707106781186527,0.,-0.707106781186568));
#6910=DIRECTION('',(0.,-1.,0.));
#6911=DIRECTION('center_axis',(0.,-1.,0.));
#6912=DIRECTION('ref_axis',(1.,0.,0.));
#6913=DIRECTION('',(0.,0.,1.));
#6914=DIRECTION('',(1.,0.,0.));
#6915=DIRECTION('',(0.,0.,1.));
#6916=DIRECTION('center_axis',(-1.,0.,0.));
#6917=DIRECTION('ref_axis',(0.,-1.,0.));
#6918=DIRECTION('',(0.,0.,1.));
#6919=DIRECTION('',(0.,-1.,0.));
#6920=DIRECTION('center_axis',(0.,1.,0.));
#6921=DIRECTION('ref_axis',(0.707106781186528,0.,0.707106781186567));
#6922=DIRECTION('',(0.,-1.,0.));
#6923=DIRECTION('center_axis',(-0.707106781186535,0.70710678118656,0.));
#6924=DIRECTION('ref_axis',(-0.70710678118656,-0.707106781186535,0.));
#6925=DIRECTION('',(0.,1.,0.));
#6926=DIRECTION('center_axis',(0.707106781186548,0.707106781186548,0.));
#6927=DIRECTION('ref_axis',(-0.707106781186548,0.707106781186548,0.));
#6928=DIRECTION('center_axis',(-1.,-6.34417782891661E-16,0.));
#6929=DIRECTION('ref_axis',(0.,0.707106781186553,0.707106781186542));
#6930=DIRECTION('',(1.,6.34417782891661E-16,0.));
#6931=DIRECTION('center_axis',(-0.707106781186548,-0.707106781186548,0.));
#6932=DIRECTION('ref_axis',(0.707106781186548,-0.707106781186548,0.));
#6933=DIRECTION('',(-1.,-6.34417782891661E-16,0.));
#6934=DIRECTION('center_axis',(0.,-1.,0.));
#6935=DIRECTION('ref_axis',(-0.707106781186528,0.,0.707106781186567));
#6936=DIRECTION('',(0.,1.,0.));
#6937=DIRECTION('center_axis',(0.707106781186573,-0.707106781186522,0.));
#6938=DIRECTION('ref_axis',(0.707106781186522,0.707106781186573,0.));
#6939=DIRECTION('center_axis',(1.,0.,0.));
#6940=DIRECTION('ref_axis',(0.,-0.707106781186553,0.707106781186542));
#6941=DIRECTION('',(-1.,0.,0.));
#6942=DIRECTION('center_axis',(1.,0.,0.));
#6943=DIRECTION('ref_axis',(0.,1.,0.));
#6944=DIRECTION('',(0.,0.,-1.));
#6945=DIRECTION('center_axis',(0.,0.,1.));
#6946=DIRECTION('ref_axis',(1.,0.,0.));
#6947=DIRECTION('',(-0.866024404652632,0.50000173054306,0.));
#6948=DIRECTION('',(-0.500001904419099,-0.866024304264767,0.));
#6949=DIRECTION('',(-0.501580573337874,-0.865110934187084,0.));
#6950=DIRECTION('center_axis',(0.,0.,-1.));
#6951=DIRECTION('ref_axis',(0.966161989941521,0.257936056402049,0.));
#6952=DIRECTION('',(0.866024404652632,-0.500001730543059,0.));
#6953=DIRECTION('center_axis',(0.,0.,1.));
#6954=DIRECTION('ref_axis',(-0.866025903349046,-0.499999134727721,0.));
#6955=DIRECTION('',(0.,-1.,0.));
#6956=DIRECTION('center_axis',(0.,0.,-1.));
#6957=DIRECTION('ref_axis',(0.707106781186548,0.707106781186548,0.));
#6958=DIRECTION('',(1.,0.,0.));
#6959=DIRECTION('center_axis',(0.,0.,1.));
#6960=DIRECTION('ref_axis',(-0.707106781186547,-0.707106781186547,0.));
#6961=DIRECTION('center_axis',(0.,0.,-1.));
#6962=DIRECTION('ref_axis',(0.707106791723261,0.707106770649834,0.));
#6963=DIRECTION('',(1.,0.,0.));
#6964=DIRECTION('center_axis',(0.,0.,1.));
#6965=DIRECTION('ref_axis',(-0.707106781186547,-0.707106781186547,0.));
#6966=DIRECTION('',(0.,-1.,0.));
#6967=DIRECTION('center_axis',(0.,0.,-1.));
#6968=DIRECTION('ref_axis',(0.707106781186548,0.707106781186548,0.));
#6969=DIRECTION('',(1.,0.,0.));
#6970=DIRECTION('center_axis',(0.,0.,-1.));
#6971=DIRECTION('ref_axis',(-0.707106781186545,0.70710678118655,0.));
#6972=DIRECTION('',(0.,1.,0.));
#6973=DIRECTION('center_axis',(0.,0.,1.));
#6974=DIRECTION('ref_axis',(0.707179486723015,-0.707034068173644,0.));
#6975=DIRECTION('',(0.999999978853445,0.000205652883661766,0.));
#6976=DIRECTION('center_axis',(0.,0.,-1.));
#6977=DIRECTION('ref_axis',(-0.707252184782287,0.706961347685064,0.));
#6978=DIRECTION('',(-0.000205652883658839,0.999999978853445,0.));
#6979=DIRECTION('center_axis',(0.,0.,1.));
#6980=DIRECTION('ref_axis',(0.707252184782283,-0.706961347685068,0.));
#6981=DIRECTION('',(0.999999978853445,0.000205652883660946,0.));
#6982=DIRECTION('center_axis',(0.,0.,-1.));
#6983=DIRECTION('ref_axis',(-0.70717945004924,0.70703410485496,0.));
#6984=DIRECTION('',(1.03739771019822E-7,0.999999999999995,0.));
#6985=DIRECTION('center_axis',(0.,0.,-1.));
#6986=DIRECTION('ref_axis',(-0.706757844317504,-0.707455545950185,0.));
#6987=DIRECTION('',(-0.999999513110067,-0.000986802731045157,0.));
#6988=DIRECTION('',(-0.584054481812595,0.811714458584188,0.));
#6989=DIRECTION('',(-0.991362593307637,0.131149565726911,0.));
#6990=DIRECTION('center_axis',(0.,0.,1.));
#6991=DIRECTION('ref_axis',(1.,0.,0.));
#6992=DIRECTION('center_axis',(0.,0.,1.));
#6993=DIRECTION('ref_axis',(1.,0.,0.));
#6994=DIRECTION('',(0.,-1.,0.));
#6995=DIRECTION('',(-1.,0.,0.));
#6996=DIRECTION('',(-1.26883556578332E-15,1.,0.));
#6997=DIRECTION('',(1.,0.,0.));
#6998=DIRECTION('',(0.,-1.,0.));
#6999=DIRECTION('',(-1.,0.,0.));
#7000=DIRECTION('',(1.26883556578332E-15,1.,0.));
#7001=DIRECTION('',(1.,0.,0.));
#7002=DIRECTION('',(0.965925005699833,-0.258822107563819,0.));
#7003=DIRECTION('',(-0.258822752257627,-0.965924832952227,0.));
#7004=DIRECTION('',(-0.965925005699833,0.25882210756382,0.));
#7005=DIRECTION('',(0.258822752257626,0.965924832952227,0.));
#7006=DIRECTION('',(0.,-1.,0.));
#7007=DIRECTION('',(-1.,0.,0.));
#7008=DIRECTION('',(0.,1.,0.));
#7009=DIRECTION('',(1.,0.,0.));
#7010=DIRECTION('',(0.,-1.,0.));
#7011=DIRECTION('',(-1.,0.,0.));
#7012=DIRECTION('',(0.,1.,0.));
#7013=DIRECTION('',(1.,6.34417782891661E-16,0.));
#7014=DIRECTION('',(0.,-1.,0.));
#7015=DIRECTION('',(-1.,0.,0.));
#7016=DIRECTION('',(1.26883556578332E-15,1.,0.));
#7017=DIRECTION('',(1.,0.,0.));
#7018=DIRECTION('',(0.,-1.,0.));
#7019=DIRECTION('',(-1.,0.,0.));
#7020=DIRECTION('',(0.,1.,0.));
#7021=DIRECTION('',(1.,0.,0.));
#7022=DIRECTION('',(0.,-1.,0.));
#7023=DIRECTION('',(-1.,0.,0.));
#7024=DIRECTION('',(0.,1.,0.));
#7025=DIRECTION('',(1.,0.,0.));
#7026=DIRECTION('',(0.,-1.,0.));
#7027=DIRECTION('',(-1.,0.,0.));
#7028=DIRECTION('',(0.,1.,0.));
#7029=DIRECTION('',(1.,0.,0.));
#7030=DIRECTION('',(0.,-1.,0.));
#7031=DIRECTION('',(-1.,0.,0.));
#7032=DIRECTION('',(0.,1.,0.));
#7033=DIRECTION('',(1.,0.,0.));
#7034=DIRECTION('',(0.,-1.,0.));
#7035=DIRECTION('',(-1.,0.,0.));
#7036=DIRECTION('',(0.,1.,0.));
#7037=DIRECTION('',(1.,0.,0.));
#7038=DIRECTION('',(0.,-1.,0.));
#7039=DIRECTION('',(-1.,0.,0.));
#7040=DIRECTION('',(0.,1.,0.));
#7041=DIRECTION('',(1.,0.,0.));
#7042=DIRECTION('',(0.,-1.,0.));
#7043=DIRECTION('',(-1.,0.,0.));
#7044=DIRECTION('',(0.,1.,0.));
#7045=DIRECTION('',(1.,0.,0.));
#7046=DIRECTION('center_axis',(0.,0.,1.));
#7047=DIRECTION('ref_axis',(1.,0.,0.));
#7048=DIRECTION('',(0.,-1.,0.));
#7049=DIRECTION('',(-1.,0.,0.));
#7050=DIRECTION('',(0.,1.,0.));
#7051=DIRECTION('',(1.,-1.26883556578332E-15,0.));
#7052=DIRECTION('',(0.,-1.,0.));
#7053=DIRECTION('',(-1.,0.,0.));
#7054=DIRECTION('',(1.26883556578332E-15,1.,0.));
#7055=DIRECTION('',(1.,0.,0.));
#7056=DIRECTION('center_axis',(0.,0.,1.));
#7057=DIRECTION('ref_axis',(1.,0.,0.));
#7058=DIRECTION('',(0.,-1.,0.));
#7059=DIRECTION('',(-1.,0.,0.));
#7060=DIRECTION('',(0.,1.,0.));
#7061=DIRECTION('',(1.,0.,0.));
#7062=DIRECTION('center_axis',(0.,0.,1.));
#7063=DIRECTION('ref_axis',(1.,0.,0.));
#7064=DIRECTION('',(0.866025774871826,-0.49999935725724,0.));
#7065=DIRECTION('',(-0.499998712567855,-0.866026147082459,0.));
#7066=DIRECTION('',(-0.866026010844226,0.49999894854013,0.));
#7067=DIRECTION('',(0.499998476595765,0.866026283320497,0.));
#7068=DIRECTION('center_axis',(0.,0.,-1.));
#7069=DIRECTION('ref_axis',(-1.,0.,0.));
#7070=DIRECTION('center_axis',(0.,-1.,0.));
#7071=DIRECTION('ref_axis',(1.,0.,0.));
#7072=DIRECTION('center_axis',(-0.866025774871826,0.49999935725724,0.));
#7073=DIRECTION('ref_axis',(0.353552936105497,0.612372698094213,0.707106781186545));
#7074=DIRECTION('center_axis',(-0.965925502602746,-0.258820253113298,0.));
#7075=DIRECTION('ref_axis',(0.258820253113298,-0.965925502602746,0.));
#7076=DIRECTION('',(-0.866025774871826,0.49999935725724,0.));
#7077=DIRECTION('center_axis',(-0.25882012151715,0.965925537863995,0.));
#7078=DIRECTION('ref_axis',(-0.965925537863995,-0.25882012151715,0.));
#7079=DIRECTION('center_axis',(-0.499998476595765,-0.866026283320497,0.));
#7080=DIRECTION('ref_axis',(-0.612373057621621,0.353552313383846,0.707106781186603));
#7081=DIRECTION('center_axis',(0.258820481045517,-0.965925441528158,6.863313057637E-14));
#7082=DIRECTION('ref_axis',(0.965925441528158,0.258820481045517,6.86331679782684E-14));
#7083=DIRECTION('',(-0.499998476595765,-0.866026283320497,0.));
#7084=DIRECTION('center_axis',(0.866026010844226,-0.499998948540131,0.));
#7085=DIRECTION('ref_axis',(-0.353552647098858,-0.612372864951889,0.707106781186552));
#7086=DIRECTION('center_axis',(0.965925476789439,0.258820349449373,0.));
#7087=DIRECTION('ref_axis',(-0.258820349449373,0.965925476789439,0.));
#7088=DIRECTION('center_axis',(0.499998712567855,0.866026147082459,0.));
#7089=DIRECTION('ref_axis',(0.612372961286903,-0.353552480241271,0.707106781186516));
#7090=DIRECTION('center_axis',(0.49999935725724,0.866025774871826,0.));
#7091=DIRECTION('ref_axis',(-0.866025774871826,0.49999935725724,0.));
#7092=DIRECTION('',(0.,0.,1.));
#7093=DIRECTION('center_axis',(0.,0.,-1.));
#7094=DIRECTION('ref_axis',(-1.,0.,0.));
#7095=DIRECTION('center_axis',(0.,-1.,0.));
#7096=DIRECTION('ref_axis',(1.,0.,0.));
#7097=DIRECTION('center_axis',(0.,0.,-1.));
#7098=DIRECTION('ref_axis',(-1.,0.,0.));
#7099=DIRECTION('center_axis',(0.,-1.,0.));
#7100=DIRECTION('ref_axis',(1.,0.,0.));
#7101=DIRECTION('center_axis',(0.,1.,0.));
#7102=DIRECTION('ref_axis',(0.707106781186578,0.,0.707106781186517));
#7103=DIRECTION('center_axis',(-0.707106781186573,0.707106781186522,0.));
#7104=DIRECTION('ref_axis',(-0.707106781186522,-0.707106781186573,0.));
#7105=DIRECTION('',(0.,1.,0.));
#7106=DIRECTION('center_axis',(0.707106781186522,0.707106781186573,0.));
#7107=DIRECTION('ref_axis',(-0.707106781186573,0.707106781186522,0.));
#7108=DIRECTION('center_axis',(-1.,0.,0.));
#7109=DIRECTION('ref_axis',(0.,0.707106781186528,0.707106781186567));
#7110=DIRECTION('center_axis',(-0.707106781186522,-0.707106781186573,0.));
#7111=DIRECTION('ref_axis',(0.707106781186573,-0.707106781186522,0.));
#7112=DIRECTION('',(-1.,0.,0.));
#7113=DIRECTION('center_axis',(1.26883556578332E-15,-1.,0.));
#7114=DIRECTION('ref_axis',(-0.707106781186528,0.,0.707106781186567));
#7115=DIRECTION('center_axis',(0.707106781186548,-0.707106781186548,0.));
#7116=DIRECTION('ref_axis',(0.707106781186548,0.707106781186548,0.));
#7117=DIRECTION('center_axis',(1.,0.,0.));
#7118=DIRECTION('ref_axis',(0.,-0.707106781186528,0.707106781186567));
#7119=DIRECTION('center_axis',(1.,0.,0.));
#7120=DIRECTION('ref_axis',(0.,1.,0.));
#7121=DIRECTION('',(0.,0.,-1.));
#7122=DIRECTION('center_axis',(0.,1.,0.));
#7123=DIRECTION('ref_axis',(0.707106781186553,0.,0.707106781186542));
#7124=DIRECTION('center_axis',(-0.707106781186548,0.707106781186548,0.));
#7125=DIRECTION('ref_axis',(-0.707106781186548,-0.707106781186548,0.));
#7126=DIRECTION('',(0.,1.,0.));
#7127=DIRECTION('center_axis',(0.707106781186548,0.707106781186548,0.));
#7128=DIRECTION('ref_axis',(-0.707106781186548,0.707106781186548,0.));
#7129=DIRECTION('center_axis',(-1.,0.,0.));
#7130=DIRECTION('ref_axis',(0.,0.707106781186578,0.707106781186517));
#7131=DIRECTION('center_axis',(-0.707106781186548,-0.707106781186548,0.));
#7132=DIRECTION('ref_axis',(0.707106781186548,-0.707106781186548,0.));
#7133=DIRECTION('',(-1.,0.,0.));
#7134=DIRECTION('center_axis',(0.,-1.,0.));
#7135=DIRECTION('ref_axis',(-0.707106781186528,0.,0.707106781186567));
#7136=DIRECTION('center_axis',(0.707106781186548,-0.707106781186548,0.));
#7137=DIRECTION('ref_axis',(0.707106781186548,0.707106781186548,0.));
#7138=DIRECTION('center_axis',(1.,0.,0.));
#7139=DIRECTION('ref_axis',(0.,-0.707106781186578,0.707106781186517));
#7140=DIRECTION('center_axis',(1.,0.,0.));
#7141=DIRECTION('ref_axis',(0.,1.,0.));
#7142=DIRECTION('',(0.,0.,-1.));
#7143=DIRECTION('center_axis',(0.,1.,0.));
#7144=DIRECTION('ref_axis',(0.707106781186528,0.,0.707106781186567));
#7145=DIRECTION('center_axis',(-0.707106781186535,0.70710678118656,0.));
#7146=DIRECTION('ref_axis',(-0.70710678118656,-0.707106781186535,0.));
#7147=DIRECTION('',(0.,1.,0.));
#7148=DIRECTION('center_axis',(0.707106781186548,0.707106781186548,0.));
#7149=DIRECTION('ref_axis',(-0.707106781186548,0.707106781186548,0.));
#7150=DIRECTION('center_axis',(-1.,0.,0.));
#7151=DIRECTION('ref_axis',(0.,0.707106781186553,0.707106781186542));
#7152=DIRECTION('center_axis',(-0.707106781186548,-0.707106781186548,0.));
#7153=DIRECTION('ref_axis',(0.707106781186548,-0.707106781186548,0.));
#7154=DIRECTION('',(-1.,0.,0.));
#7155=DIRECTION('center_axis',(-1.26883556578332E-15,-1.,0.));
#7156=DIRECTION('ref_axis',(-0.707106781186528,0.,0.707106781186567));
#7157=DIRECTION('center_axis',(0.707106781186548,-0.707106781186548,0.));
#7158=DIRECTION('ref_axis',(0.707106781186548,0.707106781186548,0.));
#7159=DIRECTION('center_axis',(1.,0.,0.));
#7160=DIRECTION('ref_axis',(0.,-0.707106781186553,0.707106781186542));
#7161=DIRECTION('center_axis',(1.,0.,0.));
#7162=DIRECTION('ref_axis',(0.,1.,0.));
#7163=DIRECTION('',(0.,0.,-1.));
#7164=DIRECTION('center_axis',(0.,0.,-1.));
#7165=DIRECTION('ref_axis',(-1.,0.,0.));
#7166=DIRECTION('center_axis',(0.,-1.,0.));
#7167=DIRECTION('ref_axis',(1.,0.,0.));
#7168=DIRECTION('center_axis',(-0.965925005699833,0.258822107563819,0.));
#7169=DIRECTION('ref_axis',(0.183014867379349,0.683012121648009,0.707106781186551));
#7170=DIRECTION('center_axis',(-0.866027155885586,-0.499996965259513,3.55269211567242E-14));
#7171=DIRECTION('ref_axis',(0.499996965259513,-0.866027155885586,3.5526944868703E-14));
#7172=DIRECTION('',(-0.965925005699833,0.258822107563819,0.));
#7173=DIRECTION('center_axis',(-0.499996965259505,0.866027155885591,-6.15349304585487E-14));
#7174=DIRECTION('ref_axis',(-0.866027155885591,-0.499996965259504,-6.15348893878838E-14));
#7175=DIRECTION('center_axis',(-0.258822752257626,-0.965924832952227,0.));
#7176=DIRECTION('ref_axis',(-0.683011999497021,0.183015323246675,0.707106781186545));
#7177=DIRECTION('center_axis',(0.499996965259467,-0.866027155885613,0.));
#7178=DIRECTION('ref_axis',(0.866027155885613,0.499996965259467,0.));
#7179=DIRECTION('',(-0.258822752257626,-0.965924832952227,0.));
#7180=DIRECTION('center_axis',(0.965925005699833,-0.25882210756382,0.));
#7181=DIRECTION('ref_axis',(-0.183014867379349,-0.683012121648009,0.707106781186551));
#7182=DIRECTION('center_axis',(0.866027155885608,0.499996965259475,0.));
#7183=DIRECTION('ref_axis',(-0.499996965259475,0.866027155885608,0.));
#7184=DIRECTION('center_axis',(0.258822752257627,0.965924832952227,0.));
#7185=DIRECTION('ref_axis',(0.683011999497021,-0.183015323246675,0.707106781186545));
#7186=DIRECTION('center_axis',(0.258822107563819,0.965925005699833,0.));
#7187=DIRECTION('ref_axis',(-0.965925005699833,0.258822107563819,0.));
#7188=DIRECTION('',(0.,0.,1.));
#7189=DIRECTION('center_axis',(0.,1.,0.));
#7190=DIRECTION('ref_axis',(0.707106781186528,0.,0.707106781186567));
#7191=DIRECTION('center_axis',(-0.707106781186535,0.70710678118656,0.));
#7192=DIRECTION('ref_axis',(-0.70710678118656,-0.707106781186535,0.));
#7193=DIRECTION('',(0.,1.,0.));
#7194=DIRECTION('center_axis',(0.707106781186548,0.707106781186548,0.));
#7195=DIRECTION('ref_axis',(-0.707106781186548,0.707106781186548,0.));
#7196=DIRECTION('center_axis',(-1.,0.,0.));
#7197=DIRECTION('ref_axis',(0.,0.707106781186553,0.707106781186542));
#7198=DIRECTION('center_axis',(-0.707106781186548,-0.707106781186548,0.));
#7199=DIRECTION('ref_axis',(0.707106781186548,-0.707106781186548,0.));
#7200=DIRECTION('',(-1.,0.,0.));
#7201=DIRECTION('center_axis',(-1.26883556578332E-15,-1.,0.));
#7202=DIRECTION('ref_axis',(-0.707106781186578,0.,0.707106781186517));
#7203=DIRECTION('center_axis',(0.707106781186522,-0.707106781186573,0.));
#7204=DIRECTION('ref_axis',(0.707106781186573,0.707106781186522,0.));
#7205=DIRECTION('center_axis',(1.,0.,0.));
#7206=DIRECTION('ref_axis',(0.,-0.707106781186553,0.707106781186542));
#7207=DIRECTION('center_axis',(1.,0.,0.));
#7208=DIRECTION('ref_axis',(0.,1.,0.));
#7209=DIRECTION('',(0.,0.,-1.));
#7210=DIRECTION('center_axis',(0.,1.,0.));
#7211=DIRECTION('ref_axis',(0.707106781186528,0.,0.707106781186567));
#7212=DIRECTION('center_axis',(-0.707106781186573,0.707106781186522,0.));
#7213=DIRECTION('ref_axis',(-0.707106781186522,-0.707106781186573,0.));
#7214=DIRECTION('',(0.,1.,0.));
#7215=DIRECTION('center_axis',(0.707106781186522,0.707106781186573,0.));
#7216=DIRECTION('ref_axis',(-0.707106781186573,0.707106781186522,0.));
#7217=DIRECTION('center_axis',(-1.,0.,0.));
#7218=DIRECTION('ref_axis',(0.,0.707106781186528,0.707106781186567));
#7219=DIRECTION('center_axis',(-0.707106781186522,-0.707106781186573,0.));
#7220=DIRECTION('ref_axis',(0.707106781186573,-0.707106781186522,0.));
#7221=DIRECTION('',(-1.,0.,0.));
#7222=DIRECTION('center_axis',(0.,-1.,0.));
#7223=DIRECTION('ref_axis',(-0.707106781186528,0.,0.707106781186567));
#7224=DIRECTION('center_axis',(0.707106781186573,-0.707106781186522,0.));
#7225=DIRECTION('ref_axis',(0.707106781186522,0.707106781186573,0.));
#7226=DIRECTION('center_axis',(1.,0.,0.));
#7227=DIRECTION('ref_axis',(0.,-0.707106781186528,0.707106781186567));
#7228=DIRECTION('center_axis',(1.,0.,0.));
#7229=DIRECTION('ref_axis',(0.,1.,0.));
#7230=DIRECTION('',(0.,0.,-1.));
#7231=DIRECTION('center_axis',(0.,1.,0.));
#7232=DIRECTION('ref_axis',(0.707106781186578,0.,0.707106781186517));
#7233=DIRECTION('center_axis',(-0.707106781186573,0.707106781186522,0.));
#7234=DIRECTION('ref_axis',(-0.707106781186522,-0.707106781186573,0.));
#7235=DIRECTION('',(0.,1.,0.));
#7236=DIRECTION('center_axis',(0.707106781186548,0.707106781186548,0.));
#7237=DIRECTION('ref_axis',(-0.707106781186548,0.707106781186548,0.));
#7238=DIRECTION('center_axis',(-1.,1.26883556578332E-15,0.));
#7239=DIRECTION('ref_axis',(0.,0.707106781186578,0.707106781186517));
#7240=DIRECTION('center_axis',(-0.707106781186548,-0.707106781186548,0.));
#7241=DIRECTION('ref_axis',(0.707106781186548,-0.707106781186548,0.));
#7242=DIRECTION('',(-1.,1.26883556578332E-15,0.));
#7243=DIRECTION('center_axis',(0.,-1.,0.));
#7244=DIRECTION('ref_axis',(-0.707106781186578,0.,0.707106781186517));
#7245=DIRECTION('center_axis',(0.707106781186548,-0.707106781186548,0.));
#7246=DIRECTION('ref_axis',(0.707106781186548,0.707106781186548,0.));
#7247=DIRECTION('center_axis',(1.,0.,0.));
#7248=DIRECTION('ref_axis',(0.,-0.707106781186578,0.707106781186517));
#7249=DIRECTION('center_axis',(1.,0.,0.));
#7250=DIRECTION('ref_axis',(0.,1.,0.));
#7251=DIRECTION('',(0.,0.,-1.));
#7252=DIRECTION('center_axis',(0.,1.,0.));
#7253=DIRECTION('ref_axis',(0.707106781186578,0.,0.707106781186517));
#7254=DIRECTION('center_axis',(-0.707106781186535,0.70710678118656,0.));
#7255=DIRECTION('ref_axis',(-0.70710678118656,-0.707106781186535,0.));
#7256=DIRECTION('',(0.,1.,0.));
#7257=DIRECTION('center_axis',(0.707106781186548,0.707106781186548,0.));
#7258=DIRECTION('ref_axis',(-0.707106781186548,0.707106781186548,0.));
#7259=DIRECTION('center_axis',(-1.,-6.34417782891661E-16,0.));
#7260=DIRECTION('ref_axis',(0.,0.707106781186553,0.707106781186542));
#7261=DIRECTION('center_axis',(-0.707106781186573,-0.707106781186522,0.));
#7262=DIRECTION('ref_axis',(0.707106781186522,-0.707106781186573,0.));
#7263=DIRECTION('',(-1.,-6.34417782891661E-16,0.));
#7264=DIRECTION('center_axis',(0.,-1.,0.));
#7265=DIRECTION('ref_axis',(-0.707106781186528,0.,0.707106781186567));
#7266=DIRECTION('center_axis',(0.707106781186573,-0.707106781186522,0.));
#7267=DIRECTION('ref_axis',(0.707106781186522,0.707106781186573,0.));
#7268=DIRECTION('center_axis',(1.,0.,0.));
#7269=DIRECTION('ref_axis',(0.,-0.707106781186553,0.707106781186542));
#7270=DIRECTION('center_axis',(1.,0.,0.));
#7271=DIRECTION('ref_axis',(0.,1.,0.));
#7272=DIRECTION('',(0.,0.,-1.));
#7273=DIRECTION('center_axis',(0.,0.,-1.));
#7274=DIRECTION('ref_axis',(-1.,0.,0.));
#7275=DIRECTION('center_axis',(0.,-1.,0.));
#7276=DIRECTION('ref_axis',(1.,0.,0.));
#7277=DIRECTION('center_axis',(0.,1.,0.));
#7278=DIRECTION('ref_axis',(0.707106781186528,0.,0.707106781186567));
#7279=DIRECTION('center_axis',(-0.707106781186548,0.707106781186548,0.));
#7280=DIRECTION('ref_axis',(-0.707106781186548,-0.707106781186548,0.));
#7281=DIRECTION('',(0.,1.,0.));
#7282=DIRECTION('center_axis',(0.707106781186548,0.707106781186548,0.));
#7283=DIRECTION('ref_axis',(-0.707106781186548,0.707106781186548,0.));
#7284=DIRECTION('center_axis',(-1.,0.,0.));
#7285=DIRECTION('ref_axis',(0.,0.707106781186578,0.707106781186517));
#7286=DIRECTION('center_axis',(-0.707106781186548,-0.707106781186548,0.));
#7287=DIRECTION('ref_axis',(0.707106781186548,-0.707106781186548,0.));
#7288=DIRECTION('',(-1.,0.,0.));
#7289=DIRECTION('center_axis',(-1.26883556578332E-15,-1.,0.));
#7290=DIRECTION('ref_axis',(-0.707106781186578,0.,0.707106781186517));
#7291=DIRECTION('center_axis',(0.707106781186548,-0.707106781186548,0.));
#7292=DIRECTION('ref_axis',(0.707106781186548,0.707106781186548,0.));
#7293=DIRECTION('center_axis',(1.,0.,0.));
#7294=DIRECTION('ref_axis',(0.,-0.707106781186553,0.707106781186542));
#7295=DIRECTION('center_axis',(1.,0.,0.));
#7296=DIRECTION('ref_axis',(0.,1.,0.));
#7297=DIRECTION('',(0.,0.,-1.));
#7298=DIRECTION('center_axis',(0.,1.,0.));
#7299=DIRECTION('ref_axis',(0.707106781186578,0.,0.707106781186517));
#7300=DIRECTION('center_axis',(-0.707106781186573,0.707106781186522,0.));
#7301=DIRECTION('ref_axis',(-0.707106781186522,-0.707106781186573,0.));
#7302=DIRECTION('',(0.,1.,0.));
#7303=DIRECTION('center_axis',(0.707106781186522,0.707106781186573,0.));
#7304=DIRECTION('ref_axis',(-0.707106781186573,0.707106781186522,0.));
#7305=DIRECTION('center_axis',(-1.,0.,0.));
#7306=DIRECTION('ref_axis',(0.,0.707106781186528,0.707106781186567));
#7307=DIRECTION('center_axis',(-0.707106781186548,-0.707106781186548,0.));
#7308=DIRECTION('ref_axis',(0.707106781186548,-0.707106781186548,0.));
#7309=DIRECTION('',(-1.,0.,0.));
#7310=DIRECTION('center_axis',(0.,-1.,0.));
#7311=DIRECTION('ref_axis',(-0.707106781186528,0.,0.707106781186567));
#7312=DIRECTION('center_axis',(0.707106781186573,-0.707106781186522,0.));
#7313=DIRECTION('ref_axis',(0.707106781186522,0.707106781186573,0.));
#7314=DIRECTION('center_axis',(1.,0.,0.));
#7315=DIRECTION('ref_axis',(0.,-0.707106781186528,0.707106781186567));
#7316=DIRECTION('center_axis',(1.,0.,0.));
#7317=DIRECTION('ref_axis',(0.,1.,0.));
#7318=DIRECTION('',(0.,0.,-1.));
#7319=DIRECTION('center_axis',(0.,1.,0.));
#7320=DIRECTION('ref_axis',(0.707106781186528,0.,0.707106781186567));
#7321=DIRECTION('center_axis',(-0.707106781186548,0.707106781186548,0.));
#7322=DIRECTION('ref_axis',(-0.707106781186548,-0.707106781186548,0.));
#7323=DIRECTION('',(0.,1.,0.));
#7324=DIRECTION('center_axis',(0.707106781186548,0.707106781186548,0.));
#7325=DIRECTION('ref_axis',(-0.707106781186548,0.707106781186548,0.));
#7326=DIRECTION('center_axis',(-1.,0.,0.));
#7327=DIRECTION('ref_axis',(0.,0.707106781186553,0.707106781186542));
#7328=DIRECTION('center_axis',(-0.707106781186548,-0.707106781186548,0.));
#7329=DIRECTION('ref_axis',(0.707106781186548,-0.707106781186548,0.));
#7330=DIRECTION('',(-1.,0.,0.));
#7331=DIRECTION('center_axis',(0.,-1.,0.));
#7332=DIRECTION('ref_axis',(-0.707106781186528,0.,0.707106781186567));
#7333=DIRECTION('center_axis',(0.707106781186573,-0.707106781186522,0.));
#7334=DIRECTION('ref_axis',(0.707106781186522,0.707106781186573,0.));
#7335=DIRECTION('center_axis',(1.,0.,0.));
#7336=DIRECTION('ref_axis',(0.,-0.707106781186553,0.707106781186542));
#7337=DIRECTION('center_axis',(1.,0.,0.));
#7338=DIRECTION('ref_axis',(0.,1.,0.));
#7339=DIRECTION('',(0.,0.,-1.));
#7340=DIRECTION('center_axis',(0.,1.,0.));
#7341=DIRECTION('ref_axis',(0.707106781186578,0.,0.707106781186517));
#7342=DIRECTION('center_axis',(-0.707106781186548,0.707106781186548,0.));
#7343=DIRECTION('ref_axis',(-0.707106781186548,-0.707106781186548,0.));
#7344=DIRECTION('',(0.,1.,0.));
#7345=DIRECTION('center_axis',(0.707106781186548,0.707106781186548,0.));
#7346=DIRECTION('ref_axis',(-0.707106781186548,0.707106781186548,0.));
#7347=DIRECTION('center_axis',(-1.,0.,0.));
#7348=DIRECTION('ref_axis',(0.,0.707106781186553,0.707106781186542));
#7349=DIRECTION('center_axis',(-0.707106781186548,-0.707106781186548,0.));
#7350=DIRECTION('ref_axis',(0.707106781186548,-0.707106781186548,0.));
#7351=DIRECTION('',(-1.,0.,0.));
#7352=DIRECTION('center_axis',(0.,-1.,0.));
#7353=DIRECTION('ref_axis',(-0.707106781186578,0.,0.707106781186517));
#7354=DIRECTION('center_axis',(0.707106781186548,-0.707106781186548,0.));
#7355=DIRECTION('ref_axis',(0.707106781186548,0.707106781186548,0.));
#7356=DIRECTION('center_axis',(1.,0.,0.));
#7357=DIRECTION('ref_axis',(0.,-0.707106781186553,0.707106781186542));
#7358=DIRECTION('center_axis',(1.,0.,0.));
#7359=DIRECTION('ref_axis',(0.,1.,0.));
#7360=DIRECTION('',(0.,0.,-1.));
#7361=DIRECTION('center_axis',(0.,1.,0.));
#7362=DIRECTION('ref_axis',(0.707106781186553,0.,0.707106781186542));
#7363=DIRECTION('center_axis',(-0.707106781186548,0.707106781186548,0.));
#7364=DIRECTION('ref_axis',(-0.707106781186548,-0.707106781186548,0.));
#7365=DIRECTION('',(0.,1.,0.));
#7366=DIRECTION('center_axis',(0.707106781186548,0.707106781186548,0.));
#7367=DIRECTION('ref_axis',(-0.707106781186548,0.707106781186548,0.));
#7368=DIRECTION('center_axis',(-1.,0.,0.));
#7369=DIRECTION('ref_axis',(0.,0.707106781186553,0.707106781186542));
#7370=DIRECTION('center_axis',(-0.707106781186548,-0.707106781186548,0.));
#7371=DIRECTION('ref_axis',(0.707106781186548,-0.707106781186548,0.));
#7372=DIRECTION('',(-1.,0.,0.));
#7373=DIRECTION('center_axis',(0.,-1.,0.));
#7374=DIRECTION('ref_axis',(-0.707106781186578,0.,0.707106781186517));
#7375=DIRECTION('center_axis',(0.707106781186548,-0.707106781186548,0.));
#7376=DIRECTION('ref_axis',(0.707106781186548,0.707106781186548,0.));
#7377=DIRECTION('center_axis',(1.,0.,0.));
#7378=DIRECTION('ref_axis',(0.,-0.707106781186553,0.707106781186542));
#7379=DIRECTION('center_axis',(1.,0.,0.));
#7380=DIRECTION('ref_axis',(0.,1.,0.));
#7381=DIRECTION('',(0.,0.,-1.));
#7382=DIRECTION('center_axis',(0.,1.,0.));
#7383=DIRECTION('ref_axis',(0.707106781186553,0.,0.707106781186542));
#7384=DIRECTION('center_axis',(-0.707106781186573,0.707106781186522,0.));
#7385=DIRECTION('ref_axis',(-0.707106781186522,-0.707106781186573,0.));
#7386=DIRECTION('',(0.,1.,0.));
#7387=DIRECTION('center_axis',(0.707106781186535,0.70710678118656,0.));
#7388=DIRECTION('ref_axis',(-0.70710678118656,0.707106781186535,0.));
#7389=DIRECTION('center_axis',(-1.,0.,0.));
#7390=DIRECTION('ref_axis',(0.,0.707106781186528,0.707106781186567));
#7391=DIRECTION('center_axis',(-0.707106781186548,-0.707106781186548,0.));
#7392=DIRECTION('ref_axis',(0.707106781186548,-0.707106781186548,0.));
#7393=DIRECTION('',(-1.,0.,0.));
#7394=DIRECTION('center_axis',(0.,-1.,0.));
#7395=DIRECTION('ref_axis',(-0.707106781186528,0.,0.707106781186567));
#7396=DIRECTION('center_axis',(0.707106781186548,-0.707106781186548,0.));
#7397=DIRECTION('ref_axis',(0.707106781186548,0.707106781186548,0.));
#7398=DIRECTION('center_axis',(1.,0.,0.));
#7399=DIRECTION('ref_axis',(0.,-0.707106781186553,0.707106781186542));
#7400=DIRECTION('center_axis',(1.,0.,0.));
#7401=DIRECTION('ref_axis',(0.,1.,0.));
#7402=DIRECTION('',(0.,0.,-1.));
#7403=DIRECTION('center_axis',(0.,1.,0.));
#7404=DIRECTION('ref_axis',(0.707106781186578,0.,0.707106781186517));
#7405=DIRECTION('center_axis',(-0.707106781186548,0.707106781186548,0.));
#7406=DIRECTION('ref_axis',(-0.707106781186548,-0.707106781186548,0.));
#7407=DIRECTION('',(0.,1.,0.));
#7408=DIRECTION('center_axis',(0.707106781186548,0.707106781186548,0.));
#7409=DIRECTION('ref_axis',(-0.707106781186548,0.707106781186548,0.));
#7410=DIRECTION('center_axis',(-1.,0.,0.));
#7411=DIRECTION('ref_axis',(0.,0.707106781186578,0.707106781186517));
#7412=DIRECTION('center_axis',(-0.707106781186573,-0.707106781186522,0.));
#7413=DIRECTION('ref_axis',(0.707106781186522,-0.707106781186573,0.));
#7414=DIRECTION('',(-1.,0.,0.));
#7415=DIRECTION('center_axis',(0.,-1.,0.));
#7416=DIRECTION('ref_axis',(-0.707106781186528,0.,0.707106781186567));
#7417=DIRECTION('center_axis',(0.707106781186573,-0.707106781186522,0.));
#7418=DIRECTION('ref_axis',(0.707106781186522,0.707106781186573,0.));
#7419=DIRECTION('center_axis',(1.,0.,0.));
#7420=DIRECTION('ref_axis',(0.,-0.707106781186553,0.707106781186542));
#7421=DIRECTION('center_axis',(1.,0.,0.));
#7422=DIRECTION('ref_axis',(0.,1.,0.));
#7423=DIRECTION('',(0.,0.,-1.));
#7424=DIRECTION('center_axis',(0.,1.,0.));
#7425=DIRECTION('ref_axis',(0.707106781186528,0.,0.707106781186567));
#7426=DIRECTION('center_axis',(-0.707106781186548,0.707106781186548,0.));
#7427=DIRECTION('ref_axis',(-0.707106781186548,-0.707106781186548,0.));
#7428=DIRECTION('',(0.,1.,0.));
#7429=DIRECTION('center_axis',(0.707106781186548,0.707106781186548,0.));
#7430=DIRECTION('ref_axis',(-0.707106781186548,0.707106781186548,0.));
#7431=DIRECTION('center_axis',(-1.,0.,0.));
#7432=DIRECTION('ref_axis',(0.,0.707106781186553,0.707106781186542));
#7433=DIRECTION('center_axis',(-0.707106781186548,-0.707106781186548,0.));
#7434=DIRECTION('ref_axis',(0.707106781186548,-0.707106781186548,0.));
#7435=DIRECTION('',(-1.,0.,0.));
#7436=DIRECTION('center_axis',(0.,-1.,0.));
#7437=DIRECTION('ref_axis',(-0.707106781186528,0.,0.707106781186567));
#7438=DIRECTION('center_axis',(0.707106781186573,-0.707106781186522,0.));
#7439=DIRECTION('ref_axis',(0.707106781186522,0.707106781186573,0.));
#7440=DIRECTION('center_axis',(1.,0.,0.));
#7441=DIRECTION('ref_axis',(0.,-0.707106781186553,0.707106781186542));
#7442=DIRECTION('center_axis',(1.,0.,0.));
#7443=DIRECTION('ref_axis',(0.,1.,0.));
#7444=DIRECTION('',(0.,0.,-1.));
#7445=DIRECTION('center_axis',(0.866024404652632,-0.50000173054306,0.));
#7446=DIRECTION('ref_axis',(-0.353554614272049,-0.612371729202938,0.707106781186509));
#7447=DIRECTION('center_axis',(0.946828704106662,-0.321738100136895,0.));
#7448=DIRECTION('ref_axis',(0.321738100136895,0.946828704106662,0.));
#7449=DIRECTION('center_axis',(0.965926369456932,0.258817017963947,1.83900552005374E-14));
#7450=DIRECTION('ref_axis',(0.258817017963947,-0.965926369456932,1.83900588927998E-14));
#7451=DIRECTION('center_axis',(0.991362593307637,-0.131149565726911,0.));
#7452=DIRECTION('ref_axis',(-0.0927367472751827,-0.700999212342508,0.707106781186549));
#7453=DIRECTION('center_axis',(0.85806578039945,-0.513539790578571,0.));
#7454=DIRECTION('ref_axis',(-0.513539790578571,-0.85806578039945,0.));
#7455=DIRECTION('center_axis',(0.500001904419099,0.866024304264767,0.));
#7456=DIRECTION('ref_axis',(0.612371658218067,-0.353554737220884,0.707106781186496));
#7457=DIRECTION('center_axis',(0.584054481812595,-0.811714458584188,0.));
#7458=DIRECTION('ref_axis',(-0.573968798052031,-0.412988884672097,0.70710678118655));
#7459=DIRECTION('center_axis',(0.890184025774145,-0.45560114163217,0.));
#7460=DIRECTION('ref_axis',(0.45560114163217,0.890184025774145,0.));
#7461=DIRECTION('center_axis',(0.999999513110067,0.000986802731045157,0.));
#7462=DIRECTION('ref_axis',(0.000697774902868327,-0.70710643690337,0.707106781186551));
#7463=DIRECTION('center_axis',(0.999999513110067,0.000986802731084436,0.));
#7464=DIRECTION('ref_axis',(0.,0.,1.));
#7465=DIRECTION('center_axis',(0.,0.,-1.));
#7466=DIRECTION('ref_axis',(-1.,0.,0.));
#7467=DIRECTION('center_axis',(-1.03739807855161E-7,-0.999999999999995,
0.));
#7468=DIRECTION('ref_axis',(0.,0.,1.));
#7469=DIRECTION('center_axis',(-1.03739771019822E-7,-0.999999999999995,
0.));
#7470=DIRECTION('ref_axis',(-0.707106781186526,7.33551216133773E-8,0.707106781186565));
#7471=DIRECTION('center_axis',(-1.03739772328032E-7,-0.999999999999995,
0.));
#7472=DIRECTION('ref_axis',(0.,0.,1.));
#7473=DIRECTION('center_axis',(0.,0.,-1.));
#7474=DIRECTION('ref_axis',(-1.,0.,0.));
#7475=DIRECTION('center_axis',(-0.999999978853445,-0.000205652883664698,
0.));
#7476=DIRECTION('ref_axis',(0.,0.,1.));
#7477=DIRECTION('center_axis',(-0.999999978853446,-0.000205652883660946,
0.));
#7478=DIRECTION('ref_axis',(-0.000145418548609873,0.707106766233688,0.707106781186535));
#7479=DIRECTION('center_axis',(-0.999999978853445,-0.000205652883664698,
0.));
#7480=DIRECTION('ref_axis',(0.,0.,1.));
#7481=DIRECTION('center_axis',(0.,0.,1.));
#7482=DIRECTION('ref_axis',(1.,0.,0.));
#7483=DIRECTION('center_axis',(0.000205652883664676,-0.999999978853445,
0.));
#7484=DIRECTION('ref_axis',(0.,0.,1.));
#7485=DIRECTION('center_axis',(0.000205652883658839,-0.999999978853445,
0.));
#7486=DIRECTION('ref_axis',(-0.707106766233688,-0.000145418548609873,0.707106781186535));
#7487=DIRECTION('center_axis',(0.000205652883700217,-0.999999978853445,
0.));
#7488=DIRECTION('ref_axis',(0.,0.,1.));
#7489=DIRECTION('center_axis',(0.,0.,-1.));
#7490=DIRECTION('ref_axis',(-1.,0.,0.));
#7491=DIRECTION('center_axis',(-0.999999978853445,-0.000205652883664698,
0.));
#7492=DIRECTION('ref_axis',(0.,0.,1.));
#7493=DIRECTION('center_axis',(-0.999999978853445,-0.000205652883661766,
0.));
#7494=DIRECTION('ref_axis',(-0.000145418548609873,0.707106766233688,0.707106781186535));
#7495=DIRECTION('center_axis',(-0.999999978853445,-0.000205652883664698,
0.));
#7496=DIRECTION('ref_axis',(0.,0.,1.));
#7497=DIRECTION('center_axis',(0.,0.,1.));
#7498=DIRECTION('ref_axis',(1.,0.,0.));
#7499=DIRECTION('center_axis',(0.,-1.,0.));
#7500=DIRECTION('ref_axis',(0.,0.,1.));
#7501=DIRECTION('center_axis',(0.,-1.,0.));
#7502=DIRECTION('ref_axis',(-0.707106781186578,0.,0.707106781186517));
#7503=DIRECTION('center_axis',(0.,-1.,0.));
#7504=DIRECTION('ref_axis',(0.,0.,1.));
#7505=DIRECTION('',(0.,-1.,0.));
#7506=DIRECTION('center_axis',(0.,0.,-1.));
#7507=DIRECTION('ref_axis',(-1.,0.,0.));
#7508=DIRECTION('center_axis',(-1.,0.,0.));
#7509=DIRECTION('ref_axis',(0.,0.,1.));
#7510=DIRECTION('center_axis',(0.,0.,1.));
#7511=DIRECTION('ref_axis',(-0.707106781186545,0.70710678118655,0.));
#7512=DIRECTION('center_axis',(-1.,0.,0.));
#7513=DIRECTION('ref_axis',(0.,0.70710678118654,0.707106781186555));
#7514=DIRECTION('center_axis',(-1.,0.,0.));
#7515=DIRECTION('ref_axis',(0.,0.,1.));
#7516=DIRECTION('',(-1.,0.,0.));
#7517=DIRECTION('center_axis',(0.,0.,-1.));
#7518=DIRECTION('ref_axis',(-1.,0.,0.));
#7519=DIRECTION('center_axis',(0.,1.,0.));
#7520=DIRECTION('ref_axis',(0.,0.,1.));
#7521=DIRECTION('center_axis',(0.,0.,1.));
#7522=DIRECTION('ref_axis',(0.707106781186548,0.707106781186548,0.));
#7523=DIRECTION('center_axis',(0.,1.,0.));
#7524=DIRECTION('ref_axis',(0.707106781186578,0.,0.707106781186517));
#7525=DIRECTION('center_axis',(0.,1.,0.));
#7526=DIRECTION('ref_axis',(0.,0.,1.));
#7527=DIRECTION('',(0.,1.,0.));
#7528=DIRECTION('center_axis',(0.,0.,1.));
#7529=DIRECTION('ref_axis',(1.,0.,0.));
#7530=DIRECTION('center_axis',(-1.,0.,0.));
#7531=DIRECTION('ref_axis',(0.,0.,1.));
#7532=DIRECTION('center_axis',(0.,0.,-1.));
#7533=DIRECTION('ref_axis',(-0.707106781186548,-0.707106781186548,0.));
#7534=DIRECTION('center_axis',(-1.,0.,0.));
#7535=DIRECTION('ref_axis',(0.,0.707106781186553,0.707106781186542));
#7536=DIRECTION('center_axis',(-1.,0.,0.));
#7537=DIRECTION('ref_axis',(0.,0.,1.));
#7538=DIRECTION('',(-1.,0.,0.));
#7539=DIRECTION('center_axis',(0.,0.,-1.));
#7540=DIRECTION('ref_axis',(-1.,0.,0.));
#7541=DIRECTION('center_axis',(2.98023294931222E-8,1.,0.));
#7542=DIRECTION('ref_axis',(0.,0.,1.));
#7543=DIRECTION('center_axis',(0.,0.,1.));
#7544=DIRECTION('ref_axis',(0.707106791723261,0.707106770649834,0.));
#7545=DIRECTION('center_axis',(0.,0.,1.));
#7546=DIRECTION('ref_axis',(1.,0.,0.));
#7547=DIRECTION('center_axis',(-1.,0.,0.));
#7548=DIRECTION('ref_axis',(0.,0.,1.));
#7549=DIRECTION('center_axis',(0.,0.,-1.));
#7550=DIRECTION('ref_axis',(-0.707106781186548,-0.707106781186548,0.));
#7551=DIRECTION('center_axis',(-1.,0.,0.));
#7552=DIRECTION('ref_axis',(0.,0.707106781186553,0.707106781186542));
#7553=DIRECTION('center_axis',(-1.,0.,0.));
#7554=DIRECTION('ref_axis',(0.,0.,1.));
#7555=DIRECTION('',(-1.,0.,0.));
#7556=DIRECTION('center_axis',(0.,0.,-1.));
#7557=DIRECTION('ref_axis',(-1.,0.,0.));
#7558=DIRECTION('center_axis',(0.,1.,0.));
#7559=DIRECTION('ref_axis',(0.,0.,1.));
#7560=DIRECTION('center_axis',(0.,0.,1.));
#7561=DIRECTION('ref_axis',(0.707106781186548,0.707106781186548,0.));
#7562=DIRECTION('center_axis',(0.,1.,0.));
#7563=DIRECTION('ref_axis',(0.707106781186528,0.,0.707106781186567));
#7564=DIRECTION('center_axis',(0.,1.,0.));
#7565=DIRECTION('ref_axis',(0.,0.,1.));
#7566=DIRECTION('',(0.,1.,0.));
#7567=DIRECTION('center_axis',(0.,0.,1.));
#7568=DIRECTION('ref_axis',(1.,0.,0.));
#7569=DIRECTION('center_axis',(-0.866024404652682,0.500001730542973,0.));
#7570=DIRECTION('ref_axis',(0.,0.,1.));
#7571=DIRECTION('center_axis',(0.,0.,-1.));
#7572=DIRECTION('ref_axis',(-0.866025903349045,-0.499999134727721,0.));
#7573=DIRECTION('center_axis',(-0.866024404652633,0.500001730543059,0.));
#7574=DIRECTION('ref_axis',(0.353554614271961,0.61237172920296,0.707106781186534));
#7575=DIRECTION('center_axis',(-0.866024404652656,0.500001730543018,0.));
#7576=DIRECTION('ref_axis',(0.,0.,1.));
#7577=DIRECTION('',(-0.866024404652632,0.500001730543059,0.));
#7578=DIRECTION('center_axis',(0.,0.,-1.));
#7579=DIRECTION('ref_axis',(0.966161989941522,0.257936056402044,0.));
#7580=DIRECTION('center_axis',(0.501580573337953,0.865110934187039,0.));
#7581=DIRECTION('ref_axis',(0.,0.,1.));
#7582=DIRECTION('center_axis',(0.,0.,1.));
#7583=DIRECTION('ref_axis',(0.966161989941521,0.257936056402049,0.));
#7584=DIRECTION('center_axis',(0.501580573337874,0.865110934187084,0.));
#7585=DIRECTION('ref_axis',(0.611725808042246,-0.354671024718681,0.707106781186592));
#7586=DIRECTION('center_axis',(0.,0.,1.));
#7587=DIRECTION('ref_axis',(0.707106781186554,0.707106781186541,0.));
#7588=DIRECTION('',(0.,0.,1.));
#7589=DIRECTION('',(0.,0.,-1.));
#7590=DIRECTION('center_axis',(1.,0.,0.));
#7591=DIRECTION('ref_axis',(0.,1.,0.));
#7592=DIRECTION('',(0.,0.,1.));
#7593=DIRECTION('center_axis',(0.,0.,1.));
#7594=DIRECTION('ref_axis',(-0.707106781186541,-0.707106781186554,0.));
#7595=DIRECTION('',(0.,0.,-1.));
#7596=DIRECTION('center_axis',(0.,1.,0.));
#7597=DIRECTION('ref_axis',(-1.,0.,0.));
#7598=DIRECTION('',(0.,0.,1.));
#7599=DIRECTION('center_axis',(0.,0.,1.));
#7600=DIRECTION('ref_axis',(0.707106781186554,0.707106781186541,0.));
#7601=DIRECTION('',(0.,0.,1.));
#7602=DIRECTION('center_axis',(0.,0.,1.));
#7603=DIRECTION('ref_axis',(-0.707106781186554,-0.707106781186541,0.));
#7604=DIRECTION('',(0.,0.,-1.));
#7605=DIRECTION('center_axis',(0.,1.,0.));
#7606=DIRECTION('ref_axis',(-1.,0.,0.));
#7607=DIRECTION('',(0.,0.,1.));
#7608=DIRECTION('center_axis',(0.,0.,1.));
#7609=DIRECTION('ref_axis',(0.707106781186554,0.707106781186541,0.));
#7610=DIRECTION('',(0.,0.,-1.));
#7611=DIRECTION('center_axis',(1.,0.,0.));
#7612=DIRECTION('ref_axis',(0.,1.,0.));
#7613=DIRECTION('',(0.,0.,1.));
#7614=DIRECTION('center_axis',(0.,0.,1.));
#7615=DIRECTION('ref_axis',(-0.86602590334904,-0.49999913472773,0.));
#7616=DIRECTION('',(0.,0.,-1.));
#7617=DIRECTION('center_axis',(0.500001730543059,0.866024404652633,0.));
#7618=DIRECTION('ref_axis',(-0.866024404652632,0.500001730543059,0.));
#7619=DIRECTION('',(0.,0.,1.));
#7620=DIRECTION('center_axis',(0.,0.,1.));
#7621=DIRECTION('ref_axis',(0.966161989941518,0.257936056402058,0.));
#7622=DIRECTION('center_axis',(0.,0.,1.));
#7623=DIRECTION('ref_axis',(-0.707106781186541,0.707106781186554,0.));
#7624=DIRECTION('',(0.,0.,1.));
#7625=DIRECTION('',(0.,0.,-1.));
#7626=DIRECTION('center_axis',(-1.,0.,0.));
#7627=DIRECTION('ref_axis',(0.,-1.,0.));
#7628=DIRECTION('center_axis',(-6.34417782891661E-16,1.,0.));
#7629=DIRECTION('ref_axis',(-1.,-6.34417782891661E-16,0.));
#7630=DIRECTION('center_axis',(-0.866026283320497,0.499998476595765,0.));
#7631=DIRECTION('ref_axis',(-0.499998476595765,-0.866026283320497,0.));
#7632=DIRECTION('center_axis',(0.,1.,0.));
#7633=DIRECTION('ref_axis',(-1.,0.,0.));
#7634=DIRECTION('center_axis',(0.,1.,0.));
#7635=DIRECTION('ref_axis',(-1.,0.,0.));
#7636=DIRECTION('center_axis',(0.,1.,0.));
#7637=DIRECTION('ref_axis',(-1.,0.,0.));
#7638=DIRECTION('center_axis',(-0.965924832952227,0.258822752257626,0.));
#7639=DIRECTION('ref_axis',(-0.258822752257626,-0.965924832952227,0.));
#7640=DIRECTION('center_axis',(0.,1.,0.));
#7641=DIRECTION('ref_axis',(-1.,0.,0.));
#7642=DIRECTION('center_axis',(0.,1.,0.));
#7643=DIRECTION('ref_axis',(-1.,0.,0.));
#7644=DIRECTION('center_axis',(1.26883556578332E-15,1.,0.));
#7645=DIRECTION('ref_axis',(-1.,1.26883556578332E-15,0.));
#7646=DIRECTION('center_axis',(-6.34417782891661E-16,1.,0.));
#7647=DIRECTION('ref_axis',(-1.,-6.34417782891661E-16,0.));
#7648=DIRECTION('center_axis',(0.,1.,0.));
#7649=DIRECTION('ref_axis',(-1.,0.,0.));
#7650=DIRECTION('center_axis',(0.,1.,0.));
#7651=DIRECTION('ref_axis',(-1.,0.,0.));
#7652=DIRECTION('center_axis',(0.,1.,0.));
#7653=DIRECTION('ref_axis',(-1.,0.,0.));
#7654=DIRECTION('center_axis',(0.,1.,0.));
#7655=DIRECTION('ref_axis',(-1.,0.,0.));
#7656=DIRECTION('center_axis',(0.,1.,0.));
#7657=DIRECTION('ref_axis',(-1.,0.,0.));
#7658=DIRECTION('center_axis',(0.,1.,0.));
#7659=DIRECTION('ref_axis',(-1.,0.,0.));
#7660=DIRECTION('center_axis',(0.,1.,0.));
#7661=DIRECTION('ref_axis',(-1.,0.,0.));
#7662=DIRECTION('center_axis',(0.,1.,0.));
#7663=DIRECTION('ref_axis',(-1.,0.,0.));
#7664=DIRECTION('center_axis',(0.,1.,0.));
#7665=DIRECTION('ref_axis',(-1.,0.,0.));
#7666=CARTESIAN_POINT('',(0.,0.,0.));
#7667=CARTESIAN_POINT('Origin',(135.603464838064,-114.181636679659,0.25));
#7668=CARTESIAN_POINT('',(154.228677859101,-124.934958055154,0.));
#7669=CARTESIAN_POINT('',(170.509453769683,-134.334711787429,0.));
#7670=CARTESIAN_POINT('',(135.603464838064,-114.181636679659,0.));
#7671=CARTESIAN_POINT('',(170.600959394741,-134.676218296131,0.25));
#7672=CARTESIAN_POINT('Origin',(170.509453769683,-134.334711787429,0.25));
#7673=CARTESIAN_POINT('',(154.146672636509,-125.176287566964,0.25));
#7674=CARTESIAN_POINT('',(135.478464405428,-114.398142780822,0.25));
#7675=CARTESIAN_POINT('Origin',(154.228677859101,-124.934958055154,0.25));
#7676=CARTESIAN_POINT('Origin',(179.951069720089,-117.981920440653,0.25));
#7677=CARTESIAN_POINT('',(180.100890123908,-118.221939167237,0.25));
#7678=CARTESIAN_POINT('',(179.884498039243,-118.096741253238,0.));
#7679=CARTESIAN_POINT('Ctrl Pts',(180.100890123908,-118.221939167237,0.249999999999994));
#7680=CARTESIAN_POINT('Ctrl Pts',(180.100885359278,-118.221947385126,0.233637538262547));
#7681=CARTESIAN_POINT('Ctrl Pts',(180.099486449371,-118.221147294902,0.217275481119211));
#7682=CARTESIAN_POINT('Ctrl Pts',(180.096720114013,-118.219554388386,0.201227419495962));
#7683=CARTESIAN_POINT('Ctrl Pts',(180.09406845936,-118.218027517119,0.185844643452547));
#7684=CARTESIAN_POINT('Ctrl Pts',(180.090160846978,-118.215772457162,0.170750979875079));
#7685=CARTESIAN_POINT('Ctrl Pts',(180.08506604009,-118.212829076578,0.156212346494543));
#7686=CARTESIAN_POINT('Ctrl Pts',(180.079972192966,-118.20988625047,0.141676451915094));
#7687=CARTESIAN_POINT('Ctrl Pts',(180.073691812295,-118.206255486951,0.127695984495572));
#7688=CARTESIAN_POINT('Ctrl Pts',(180.066335422931,-118.202000866957,0.114517157556955));
#7689=CARTESIAN_POINT('Ctrl Pts',(180.058980215234,-118.19774693039,0.101340447553157));
#7690=CARTESIAN_POINT('Ctrl Pts',(180.050549652084,-118.192869516088,0.0889656693272436));
#7691=CARTESIAN_POINT('Ctrl Pts',(180.041192078301,-118.187454632536,0.0776106883885931));
#7692=CARTESIAN_POINT('Ctrl Pts',(180.031835748285,-118.182040468707,0.0662572167036329));
#7693=CARTESIAN_POINT('Ctrl Pts',(180.021553044582,-118.176089204921,0.0559237436908589));
#7694=CARTESIAN_POINT('Ctrl Pts',(180.01052487224,-118.169705727679,0.0467921483344753));
#7695=CARTESIAN_POINT('Ctrl Pts',(179.999492860869,-118.163320028277,0.0376573741675617));
#7696=CARTESIAN_POINT('Ctrl Pts',(179.987715320212,-118.156502080256,0.0297256980471128));
#7697=CARTESIAN_POINT('Ctrl Pts',(179.975399609378,-118.149372107851,0.023136821739921));
#7698=CARTESIAN_POINT('Ctrl Pts',(179.963087721877,-118.142244348901,0.0165499909071979));
#7699=CARTESIAN_POINT('Ctrl Pts',(179.950238512492,-118.134805057396,0.011305398532153));
#7700=CARTESIAN_POINT('Ctrl Pts',(179.937078076109,-118.127185320345,0.00749536134219969));
#7701=CARTESIAN_POINT('Ctrl Pts',(179.923916548643,-118.119564951569,0.00368500827584784));
#7702=CARTESIAN_POINT('Ctrl Pts',(179.910444290936,-118.111764425259,0.00130960782067409));
#7703=CARTESIAN_POINT('Ctrl Pts',(179.896898404037,-118.103921209659,0.000410979311919302));
#7704=CARTESIAN_POINT('Ctrl Pts',(179.892769479854,-118.101530517723,0.000137068197108011));
#7705=CARTESIAN_POINT('Ctrl Pts',(179.888633759921,-118.099135885697,-9.8420911957954E-17));
#7706=CARTESIAN_POINT('Ctrl Pts',(179.884498039243,-118.096741253238,0.));
#7707=CARTESIAN_POINT('',(183.27988428085,-112.240482220206,0.));
#7708=CARTESIAN_POINT('',(179.951069720089,-117.981920440653,0.));
#7709=CARTESIAN_POINT('',(183.496162014397,-112.36587736354,0.25));
#7710=CARTESIAN_POINT('Origin',(183.27988428085,-112.240482220206,0.25));
#7711=CARTESIAN_POINT('',(180.167347453635,-118.107315583988,0.25));
#7712=CARTESIAN_POINT('Origin',(182.63105108021,-111.864296790202,0.25));
#7713=CARTESIAN_POINT('',(183.006052378117,-111.214778486713,0.));
#7714=CARTESIAN_POINT('',(183.131052810753,-110.99827238555,0.25));
#7715=CARTESIAN_POINT('Origin',(183.006052378117,-111.214778486713,0.25));
#7716=CARTESIAN_POINT('Origin',(182.63105108021,-111.864296790202,0.25));
#7717=CARTESIAN_POINT('Origin',(182.63105108021,-111.864296790202,0.));
#7718=CARTESIAN_POINT('Origin',(156.97216683579,-96.1840382974171,0.25));
#7719=CARTESIAN_POINT('',(164.374999711402,-100.458085574655,0.));
#7720=CARTESIAN_POINT('',(164.500000144038,-100.241579473492,0.25));
#7721=CARTESIAN_POINT('Origin',(164.374999711402,-100.458085574655,0.25));
#7722=CARTESIAN_POINT('',(157.097167268426,-95.967532196254,0.25));
#7723=CARTESIAN_POINT('',(156.97216683579,-96.1840382974171,0.));
#7724=CARTESIAN_POINT('Origin',(165.000001874581,-99.3755550688389,0.25));
#7725=CARTESIAN_POINT('',(163.750001874581,-99.3755550688389,0.));
#7726=CARTESIAN_POINT('',(164.000001874581,-99.3755550688389,0.25));
#7727=CARTESIAN_POINT('Origin',(163.750001874581,-99.3755550688389,0.25));
#7728=CARTESIAN_POINT('Origin',(165.000001874581,-99.3755550688389,0.25));
#7729=CARTESIAN_POINT('Origin',(165.000001874581,-99.3755550688389,0.));
#7730=CARTESIAN_POINT('Origin',(163.750001874581,-93.3955070400607,0.25));
#7731=CARTESIAN_POINT('',(163.750001874581,-47.0000006854534,0.));
#7732=CARTESIAN_POINT('',(164.000001874581,-47.0000006854534,0.25));
#7733=CARTESIAN_POINT('Origin',(163.750001874581,-47.0000006854534,0.25));
#7734=CARTESIAN_POINT('',(164.000001874581,-93.3955070400607,0.25));
#7735=CARTESIAN_POINT('',(163.750001874581,-93.3955070400607,0.));
#7736=CARTESIAN_POINT('Origin',(163.000001874581,-47.0000006854534,0.25));
#7737=CARTESIAN_POINT('',(163.000001874581,-46.2500006854534,0.));
#7738=CARTESIAN_POINT('',(163.000001874581,-46.0000006854534,0.25));
#7739=CARTESIAN_POINT('Origin',(163.000001874581,-46.2500006854534,0.25));
#7740=CARTESIAN_POINT('Origin',(163.000001874581,-47.0000006854534,0.25));
#7741=CARTESIAN_POINT('Origin',(163.000001874581,-47.0000006854534,0.));
#7742=CARTESIAN_POINT('Origin',(145.249665135056,-46.2500006854534,0.25));
#7743=CARTESIAN_POINT('',(146.000001877546,-46.2500006854534,0.));
#7744=CARTESIAN_POINT('',(146.000001877546,-46.0000006854534,0.25));
#7745=CARTESIAN_POINT('Origin',(146.000001877546,-46.2500006854534,0.25));
#7746=CARTESIAN_POINT('',(145.249665135056,-46.0000006854534,0.25));
#7747=CARTESIAN_POINT('',(145.249665135056,-46.2500006854534,0.));
#7748=CARTESIAN_POINT('Origin',(146.000001877546,-45.0000006854534,0.25));
#7749=CARTESIAN_POINT('',(144.750001877546,-45.0000006854534,0.));
#7750=CARTESIAN_POINT('',(145.000001877546,-45.0000006854534,0.25));
#7751=CARTESIAN_POINT('Origin',(144.750001877546,-45.0000006854534,0.25));
#7752=CARTESIAN_POINT('Origin',(146.000001877546,-45.0000006854534,0.25));
#7753=CARTESIAN_POINT('Origin',(146.000001877546,-45.0000006854534,0.));
#7754=CARTESIAN_POINT('Origin',(144.000001877546,-45.0000006556511,0.25));
#7755=CARTESIAN_POINT('',(144.000001877546,-44.2500006556511,0.));
#7756=CARTESIAN_POINT('',(144.000001877546,-44.0000006556511,0.25));
#7757=CARTESIAN_POINT('Origin',(144.000001877546,-44.2500006556511,0.25));
#7758=CARTESIAN_POINT('Origin',(144.000001877546,-45.0000006556511,0.25));
#7759=CARTESIAN_POINT('Origin',(144.000001877546,-45.0000006556511,0.));
#7760=CARTESIAN_POINT('Origin',(135.749665136539,-44.2500006556511,0.25));
#7761=CARTESIAN_POINT('',(127.000001877546,-44.2500006556511,0.));
#7762=CARTESIAN_POINT('',(127.000001877546,-44.0000006556511,0.25));
#7763=CARTESIAN_POINT('Origin',(127.000001877546,-44.2500006556511,0.25));
#7764=CARTESIAN_POINT('',(135.749665136539,-44.0000006556511,0.25));
#7765=CARTESIAN_POINT('',(135.749665136539,-44.2500006556511,0.));
#7766=CARTESIAN_POINT('Origin',(127.000001877546,-43.0000006556511,0.25));
#7767=CARTESIAN_POINT('',(125.750001877546,-43.0000006556511,0.));
#7768=CARTESIAN_POINT('',(126.000001877546,-43.0000006556511,0.25));
#7769=CARTESIAN_POINT('Origin',(125.750001877546,-43.0000006556511,0.25));
#7770=CARTESIAN_POINT('Origin',(127.000001877546,-43.0000006556511,0.25));
#7771=CARTESIAN_POINT('Origin',(127.000001877546,-43.0000006556511,0.));
#7772=CARTESIAN_POINT('Origin',(125.750001877546,-65.4190553649583,0.25));
#7773=CARTESIAN_POINT('',(125.750001877546,-40.0000018524006,0.));
#7774=CARTESIAN_POINT('',(126.000001877546,-40.0000018524006,0.25));
#7775=CARTESIAN_POINT('Origin',(125.750001877546,-40.0000018524006,0.25));
#7776=CARTESIAN_POINT('',(126.000001877546,-65.4190553649583,0.25));
#7777=CARTESIAN_POINT('',(125.750001877546,-65.4190553649583,0.));
#7778=CARTESIAN_POINT('Origin',(125.000001877546,-40.0000018524006,0.25));
#7779=CARTESIAN_POINT('',(125.000001877546,-39.2500018524006,0.));
#7780=CARTESIAN_POINT('',(125.000001877546,-39.0000018524006,0.25));
#7781=CARTESIAN_POINT('Origin',(125.000001877546,-39.2500018524006,0.25));
#7782=CARTESIAN_POINT('Origin',(125.000001877546,-40.0000018524006,0.25));
#7783=CARTESIAN_POINT('Origin',(125.000001877546,-40.0000018524006,0.));
#7784=CARTESIAN_POINT('Origin',(126.249665136539,-39.2500018524006,0.25));
#7785=CARTESIAN_POINT('',(108.000001594424,-39.2500018524006,0.));
#7786=CARTESIAN_POINT('',(108.000001594424,-39.0000018524006,0.25));
#7787=CARTESIAN_POINT('Origin',(108.000001594424,-39.2500018524006,0.25));
#7788=CARTESIAN_POINT('',(126.249665136539,-39.0000018524006,0.25));
#7789=CARTESIAN_POINT('',(126.249665136539,-39.2500018524006,0.));
#7790=CARTESIAN_POINT('Origin',(108.000001594424,-40.0000018524006,0.25));
#7791=CARTESIAN_POINT('',(107.250001594424,-40.0000018524006,0.));
#7792=CARTESIAN_POINT('',(107.000001594424,-40.0000018524006,0.25));
#7793=CARTESIAN_POINT('Origin',(107.250001594424,-40.0000018524006,0.25));
#7794=CARTESIAN_POINT('Origin',(108.000001594424,-40.0000018524006,0.25));
#7795=CARTESIAN_POINT('Origin',(108.000001594424,-40.0000018524006,0.));
#7796=CARTESIAN_POINT('Origin',(107.250001594424,-62.9190559633331,0.25));
#7797=CARTESIAN_POINT('',(107.250001594424,-40.9998993817415,0.));
#7798=CARTESIAN_POINT('',(107.000001594424,-40.9998993817415,0.25));
#7799=CARTESIAN_POINT('Origin',(107.250001594424,-40.9998993817415,0.25));
#7800=CARTESIAN_POINT('',(107.000001594424,-62.9190559633331,0.25));
#7801=CARTESIAN_POINT('',(107.250001594424,-62.9190559633331,0.));
#7802=CARTESIAN_POINT('Origin',(106.000001594424,-40.9998993817415,0.25));
#7803=CARTESIAN_POINT('',(106.000258660529,-42.2498993553083,0.));
#7804=CARTESIAN_POINT('',(106.000207247308,-41.9998993605949,0.25));
#7805=CARTESIAN_POINT('Origin',(106.000258660529,-42.2498993553083,0.25));
#7806=CARTESIAN_POINT('Origin',(106.000001594424,-40.9998993817415,0.25));
#7807=CARTESIAN_POINT('Origin',(106.000001594424,-40.9998993817415,0.));
#7808=CARTESIAN_POINT('Origin',(116.745105421145,-42.2476896465407,0.25));
#7809=CARTESIAN_POINT('',(89.0023835395072,-42.2533950174169,0.));
#7810=CARTESIAN_POINT('',(89.0023321262863,-42.0033950227036,0.25));
#7811=CARTESIAN_POINT('Origin',(89.0023835395072,-42.2533950174169,0.25));
#7812=CARTESIAN_POINT('',(116.745054007924,-41.9976896518274,0.25));
#7813=CARTESIAN_POINT('',(116.745105421145,-42.2476896465407,0.));
#7814=CARTESIAN_POINT('Origin',(89.00253777917,-43.003395001557,0.25));
#7815=CARTESIAN_POINT('',(88.2525377950299,-43.0035492412198,0.));
#7816=CARTESIAN_POINT('',(88.0025378003165,-43.0036006544407,0.25));
#7817=CARTESIAN_POINT('Origin',(88.2525377950299,-43.0035492412198,0.25));
#7818=CARTESIAN_POINT('Origin',(89.00253777917,-43.003395001557,0.25));
#7819=CARTESIAN_POINT('Origin',(89.00253777917,-43.003395001557,0.));
#7820=CARTESIAN_POINT('Origin',(88.2569431292002,-64.4247615226717,0.25));
#7821=CARTESIAN_POINT('',(88.2537729790674,-49.009708694971,0.));
#7822=CARTESIAN_POINT('',(88.003772984354,-49.0097601081919,0.25));
#7823=CARTESIAN_POINT('Origin',(88.2537729790674,-49.009708694971,0.25));
#7824=CARTESIAN_POINT('',(88.0069431344868,-64.4248129358926,0.25));
#7825=CARTESIAN_POINT('',(88.2569431292002,-64.4247615226717,0.));
#7826=CARTESIAN_POINT('Origin',(87.0037730055006,-49.0099657610756,0.25));
#7827=CARTESIAN_POINT('',(87.0040300716052,-50.2599657346424,0.));
#7828=CARTESIAN_POINT('',(87.0039786583843,-50.009965739929,0.25));
#7829=CARTESIAN_POINT('Origin',(87.0040300716052,-50.2599657346424,0.25));
#7830=CARTESIAN_POINT('Origin',(87.0037730055006,-49.0099657610756,0.25));
#7831=CARTESIAN_POINT('Origin',(87.0037730055006,-49.0099657610756,0.));
#7832=CARTESIAN_POINT('Origin',(107.247917187454,-50.2558025207924,0.25));
#7833=CARTESIAN_POINT('',(69.9998500260974,-50.263462693377,0.));
#7834=CARTESIAN_POINT('',(69.9997986128765,-50.0134626986636,0.25));
#7835=CARTESIAN_POINT('Origin',(69.9998500260974,-50.263462693377,0.25));
#7836=CARTESIAN_POINT('',(107.247865774233,-50.0058025260791,0.25));
#7837=CARTESIAN_POINT('',(107.247917187454,-50.2558025207924,0.));
#7838=CARTESIAN_POINT('Origin',(70.0000042657601,-51.013462677517,0.25));
#7839=CARTESIAN_POINT('',(69.2500042657601,-51.0134625997122,0.));
#7840=CARTESIAN_POINT('',(69.0000042657601,-51.0134625737773,0.25));
#7841=CARTESIAN_POINT('Origin',(69.2500042657601,-51.0134625997122,0.25));
#7842=CARTESIAN_POINT('Origin',(70.0000042657601,-51.013462677517,0.25));
#7843=CARTESIAN_POINT('Origin',(70.0000042657601,-51.013462677517,0.));
#7844=CARTESIAN_POINT('Origin',(69.2500024593993,-68.4258862352027,0.25));
#7845=CARTESIAN_POINT('',(69.249998561572,-105.999010240355,0.));
#7846=CARTESIAN_POINT('',(68.999998561572,-105.99901021442,0.25));
#7847=CARTESIAN_POINT('Origin',(69.249998561572,-105.999010240355,0.25));
#7848=CARTESIAN_POINT('',(69.0000024593993,-68.4258862092678,0.25));
#7849=CARTESIAN_POINT('',(69.2500024593993,-68.4258862352027,0.));
#7850=CARTESIAN_POINT('Origin',(69.999998561572,-105.999010318159,0.25));
#7851=CARTESIAN_POINT('',(70.0007386636203,-106.749009952992,0.));
#7852=CARTESIAN_POINT('',(70.0009853643031,-106.99900983127,0.25));
#7853=CARTESIAN_POINT('Origin',(70.0007386636203,-106.749009952992,0.25));
#7854=CARTESIAN_POINT('Origin',(69.999998561572,-105.999010318159,0.25));
#7855=CARTESIAN_POINT('Origin',(69.999998561572,-105.999010318159,0.));
#7856=CARTESIAN_POINT('Origin',(97.7593366281071,-106.721617679374,0.25));
#7857=CARTESIAN_POINT('',(106.999979955912,-106.962499104584,0.25));
#7858=CARTESIAN_POINT('',(97.7595833287899,-106.971617557651,0.25));
#7859=CARTESIAN_POINT('',(107.127996065119,-106.712372656154,0.));
#7860=CARTESIAN_POINT('',(97.7593366281071,-106.721617679374,0.));
#7861=CARTESIAN_POINT('Origin',(107.127996065119,-106.712372656154,0.25));
#7862=CARTESIAN_POINT('Origin',(175.228987996301,-126.160280232394,0.25));
#7863=CARTESIAN_POINT('',(175.228987996301,-126.160280232394,0.));
#7864=CARTESIAN_POINT('',(175.445494072367,-126.285280708499,0.25));
#7865=CARTESIAN_POINT('Origin',(105.758373717684,-104.808881977061,0.25));
#7866=CARTESIAN_POINT('',(116.524151864409,-120.199120489931,0.25));
#7867=CARTESIAN_POINT('',(105.555445103038,-104.954895597514,0.25));
#7868=CARTESIAN_POINT('',(116.664004011542,-119.965443676622,0.));
#7869=CARTESIAN_POINT('',(105.758373717684,-104.808881977061,0.));
#7870=CARTESIAN_POINT('Origin',(116.664004011542,-119.965443676622,0.25));
#7871=CARTESIAN_POINT('Origin',(119.289994493895,-120.312841806922,0.25));
#7872=CARTESIAN_POINT('',(119.257207102463,-120.560682455248,0.25));
#7873=CARTESIAN_POINT('',(119.289994493895,-120.312841806922,0.));
#7874=CARTESIAN_POINT('Origin',(106.000001594424,-40.9998993817415,0.));
#7875=CARTESIAN_POINT('',(106.000207247308,-41.9998993605949,1.25));
#7876=CARTESIAN_POINT('',(106.000207247308,-41.9998993605949,0.));
#7877=CARTESIAN_POINT('',(107.000001594424,-40.9998993817415,1.25));
#7878=CARTESIAN_POINT('Origin',(106.000001594424,-40.9998993817415,1.25));
#7879=CARTESIAN_POINT('',(107.000001594424,-40.9998993817415,0.));
#7880=CARTESIAN_POINT('Origin',(107.000001594424,-41.99969375,0.));
#7881=CARTESIAN_POINT('',(89.0023321262863,-42.0033950227036,1.25));
#7882=CARTESIAN_POINT('',(89.0023321262863,-42.0033950227036,0.));
#7883=CARTESIAN_POINT('',(116.745054007924,-41.9976896518274,1.25));
#7884=CARTESIAN_POINT('Origin',(89.00253777917,-43.003395001557,0.));
#7885=CARTESIAN_POINT('',(88.0025378003165,-43.0036006544407,1.25));
#7886=CARTESIAN_POINT('',(88.0025378003165,-43.0036006544407,0.));
#7887=CARTESIAN_POINT('Origin',(89.00253777917,-43.003395001557,1.25));
#7888=CARTESIAN_POINT('Origin',(88.0023321474329,-42.0036006755873,0.));
#7889=CARTESIAN_POINT('',(88.003772984354,-49.0097601081919,1.25));
#7890=CARTESIAN_POINT('',(88.003772984354,-49.0097601081919,0.));
#7891=CARTESIAN_POINT('',(88.0069431344868,-64.4248129358926,1.25));
#7892=CARTESIAN_POINT('Origin',(87.0037730055006,-49.0099657610756,0.));
#7893=CARTESIAN_POINT('',(87.0039786583843,-50.009965739929,1.25));
#7894=CARTESIAN_POINT('',(87.0039786583843,-50.009965739929,0.));
#7895=CARTESIAN_POINT('Origin',(87.0037730055006,-49.0099657610756,1.25));
#7896=CARTESIAN_POINT('Origin',(88.0039786372377,-50.0097600870453,0.));
#7897=CARTESIAN_POINT('',(69.9997986128765,-50.0134626986636,1.25));
#7898=CARTESIAN_POINT('',(69.9997986128765,-50.0134626986636,0.));
#7899=CARTESIAN_POINT('',(107.247865774233,-50.0058025260791,1.25));
#7900=CARTESIAN_POINT('Origin',(70.0000042657601,-51.013462677517,0.));
#7901=CARTESIAN_POINT('',(69.0000042657601,-51.0134625737773,1.25));
#7902=CARTESIAN_POINT('',(69.0000042657601,-51.0134625737773,0.));
#7903=CARTESIAN_POINT('Origin',(70.0000042657601,-51.013462677517,1.25));
#7904=CARTESIAN_POINT('Origin',(69.0000043694786,-50.0136683092372,0.));
#7905=CARTESIAN_POINT('',(68.999998561572,-105.99901021442,1.25));
#7906=CARTESIAN_POINT('',(68.999998561572,-105.99901021442,0.));
#7907=CARTESIAN_POINT('',(69.0000024593993,-68.4258862092678,1.25));
#7908=CARTESIAN_POINT('Origin',(69.999998561572,-105.999010318159,0.));
#7909=CARTESIAN_POINT('',(70.0009853643031,-106.99900983127,1.25));
#7910=CARTESIAN_POINT('',(70.0009853643031,-106.99900983127,0.));
#7911=CARTESIAN_POINT('Origin',(69.999998561572,-105.999010318159,1.25));
#7912=CARTESIAN_POINT('Origin',(68.9999984577298,-106.999997608364,0.));
#7913=CARTESIAN_POINT('',(106.999979955912,-106.962499104584,1.25));
#7914=CARTESIAN_POINT('',(106.999979955912,-106.962499104584,0.));
#7915=CARTESIAN_POINT('',(97.7595833287899,-106.971617557651,1.25));
#7916=CARTESIAN_POINT('Origin',(106.999979955912,-106.962499104584,0.));
#7917=CARTESIAN_POINT('',(116.524151864409,-120.199120489931,1.25));
#7918=CARTESIAN_POINT('',(116.524151864409,-120.199120489931,0.));
#7919=CARTESIAN_POINT('',(105.555445103038,-104.954895597514,1.25));
#7920=CARTESIAN_POINT('Origin',(116.524151864409,-120.199120489931,0.));
#7921=CARTESIAN_POINT('',(154.146672636509,-125.176287566964,1.25));
#7922=CARTESIAN_POINT('',(154.146672636509,-125.176287566964,0.));
#7923=CARTESIAN_POINT('',(119.257207102463,-120.560682455248,1.25));
#7924=CARTESIAN_POINT('Origin',(154.146672636509,-125.176287566964,0.));
#7925=CARTESIAN_POINT('',(170.600959394741,-134.676218296131,1.25));
#7926=CARTESIAN_POINT('',(170.600959394741,-134.676218296131,0.));
#7927=CARTESIAN_POINT('',(135.478464405428,-114.398142780822,1.25));
#7928=CARTESIAN_POINT('Origin',(170.600959394741,-134.676218296131,0.));
#7929=CARTESIAN_POINT('',(180.100890123908,-118.221939167237,1.25));
#7930=CARTESIAN_POINT('',(180.100890123908,-118.221939167237,0.));
#7931=CARTESIAN_POINT('',(175.445494072367,-126.285280708499,1.25));
#7932=CARTESIAN_POINT('Origin',(180.100890123908,-118.221939167237,0.));
#7933=CARTESIAN_POINT('',(183.496162014397,-112.36587736354,1.25));
#7934=CARTESIAN_POINT('',(183.496162014397,-112.36587736354,0.));
#7935=CARTESIAN_POINT('',(180.167347453635,-118.107315583988,1.25));
#7936=CARTESIAN_POINT('Origin',(126.499328395532,-86.8381100742656,0.));
#7937=CARTESIAN_POINT('',(142.798954651737,-65.2245223958333,0.));
#7938=CARTESIAN_POINT('',(142.798954651737,-79.7744203125,0.));
#7939=CARTESIAN_POINT('',(142.798954651737,-76.1688162350494,0.));
#7940=CARTESIAN_POINT('',(128.249056735071,-65.2245223958333,0.));
#7941=CARTESIAN_POINT('',(127.511692565301,-65.2245223958333,0.));
#7942=CARTESIAN_POINT('',(128.249056735071,-79.7744203125,0.));
#7943=CARTESIAN_POINT('',(128.249056735071,-83.1687651933828,0.));
#7944=CARTESIAN_POINT('',(134.511641523634,-79.7744203125,0.));
#7945=CARTESIAN_POINT('',(164.460947731634,-111.761327551253,0.));
#7946=CARTESIAN_POINT('',(177.061563214136,-119.036275893818,0.));
#7947=CARTESIAN_POINT('',(144.948371827181,-100.495768187712,0.));
#7948=CARTESIAN_POINT('',(157.185999546281,-124.36195069052,0.));
#7949=CARTESIAN_POINT('',(161.543071037271,-116.815255586994,0.));
#7950=CARTESIAN_POINT('',(169.786615028783,-131.636906962149,0.));
#7951=CARTESIAN_POINT('',(143.73557423607,-116.596357327046,0.));
#7952=CARTESIAN_POINT('',(177.643665851007,-118.028040455677,0.));
#7953=CARTESIAN_POINT('',(89.3743581510417,-60.9995552083333,0.));
#7954=CARTESIAN_POINT('Origin',(88.0243581510417,-60.9995552083333,0.));
#7955=CARTESIAN_POINT('',(85.7993779060761,-90.2243401041667,0.));
#7956=CARTESIAN_POINT('',(85.7993779060761,-104.774238020833,0.));
#7957=CARTESIAN_POINT('',(85.7993779060761,-88.6687250892161,0.));
#7958=CARTESIAN_POINT('',(71.2494799894095,-90.2243401041667,0.));
#7959=CARTESIAN_POINT('',(99.0119041924705,-90.2243401041667,0.));
#7960=CARTESIAN_POINT('',(71.2494799894095,-104.774238020833,0.));
#7961=CARTESIAN_POINT('',(71.2494799894095,-95.6686740475494,0.));
#7962=CARTESIAN_POINT('',(106.011853150804,-104.774238020833,0.));
#7963=CARTESIAN_POINT('',(89.3743581510417,-79.9994166666667,0.));
#7964=CARTESIAN_POINT('Origin',(88.0243581510417,-79.9994166666667,0.));
#7965=CARTESIAN_POINT('',(104.779235237813,-44.2246755208333,0.));
#7966=CARTESIAN_POINT('',(104.779235237813,-58.7745734375,0.));
#7967=CARTESIAN_POINT('',(104.779235237813,-65.6688927975494,0.));
#7968=CARTESIAN_POINT('',(90.2293373211463,-44.2246755208333,0.));
#7969=CARTESIAN_POINT('',(108.501832858339,-44.2246755208333,0.));
#7970=CARTESIAN_POINT('',(90.2293373211463,-58.7745734375,0.));
#7971=CARTESIAN_POINT('',(90.2293373211463,-72.6688417558828,0.));
#7972=CARTESIAN_POINT('',(115.501781816672,-58.7745734375,0.));
#7973=CARTESIAN_POINT('',(104.799239364409,-82.2243984375,0.));
#7974=CARTESIAN_POINT('',(104.799239364409,-96.7742963541667,0.));
#7975=CARTESIAN_POINT('',(104.799239364409,-84.6687542558828,0.));
#7976=CARTESIAN_POINT('',(90.2493414477428,-82.2243984375,0.));
#7977=CARTESIAN_POINT('',(108.511834921637,-82.2243984375,0.));
#7978=CARTESIAN_POINT('',(90.2493414477428,-96.7742963541667,0.));
#7979=CARTESIAN_POINT('',(90.2493414477428,-91.6687032142161,0.));
#7980=CARTESIAN_POINT('',(115.511783879971,-96.7742963541667,0.));
#7981=CARTESIAN_POINT('',(113.074185338542,-100.599266458333,0.));
#7982=CARTESIAN_POINT('Origin',(111.724185338542,-100.599266458333,0.));
#7983=CARTESIAN_POINT('',(161.798816110071,-86.2243692708333,0.));
#7984=CARTESIAN_POINT('',(161.798816110071,-100.7742671875,0.));
#7985=CARTESIAN_POINT('',(161.798816110071,-86.6687396725494,0.));
#7986=CARTESIAN_POINT('',(147.248918193404,-86.2243692708333,0.));
#7987=CARTESIAN_POINT('',(137.011623294468,-86.2243692708333,0.));
#7988=CARTESIAN_POINT('',(147.248918193404,-100.7742671875,0.));
#7989=CARTESIAN_POINT('',(147.248918193404,-93.6686886308828,0.));
#7990=CARTESIAN_POINT('',(144.011572252801,-100.7742671875,0.));
#7991=CARTESIAN_POINT('',(104.799239364409,-63.2245369791667,0.));
#7992=CARTESIAN_POINT('',(104.799239364409,-77.7744348958334,0.));
#7993=CARTESIAN_POINT('',(104.799239364409,-75.1688235267161,0.));
#7994=CARTESIAN_POINT('',(90.2493414477428,-63.2245369791667,0.));
#7995=CARTESIAN_POINT('',(108.511834921637,-63.2245369791667,0.));
#7996=CARTESIAN_POINT('',(90.2493414477428,-77.7744348958334,0.));
#7997=CARTESIAN_POINT('',(90.2493414477428,-82.1687724850494,0.));
#7998=CARTESIAN_POINT('',(115.511783879971,-77.7744348958334,0.));
#7999=CARTESIAN_POINT('',(85.7993779060761,-71.2444751430909,0.));
#8000=CARTESIAN_POINT('',(85.7993779060761,-85.7943730597576,0.));
#8001=CARTESIAN_POINT('',(85.7993779060761,-79.1787926086782,0.));
#8002=CARTESIAN_POINT('',(71.2494799894095,-71.2444751430909,0.));
#8003=CARTESIAN_POINT('',(99.0119041924705,-71.2444751430909,0.));
#8004=CARTESIAN_POINT('',(71.2494799894095,-85.7943730597576,0.));
#8005=CARTESIAN_POINT('',(71.2494799894095,-86.1787415670116,0.));
#8006=CARTESIAN_POINT('',(106.011853150804,-85.7943730597576,0.));
#8007=CARTESIAN_POINT('',(123.774099479167,-41.2246973958333,0.));
#8008=CARTESIAN_POINT('',(123.774099479167,-55.7745953125,0.));
#8009=CARTESIAN_POINT('',(123.774099479167,-64.1689037350494,0.));
#8010=CARTESIAN_POINT('',(109.2242015625,-41.2246973958333,0.));
#8011=CARTESIAN_POINT('',(117.999264979016,-41.2246973958333,0.));
#8012=CARTESIAN_POINT('',(109.2242015625,-55.7745953125,0.));
#8013=CARTESIAN_POINT('',(109.2242015625,-71.1688526933828,0.));
#8014=CARTESIAN_POINT('',(124.999213937349,-55.7745953125,0.));
#8015=CARTESIAN_POINT('',(161.798816110071,-67.2245078125,0.));
#8016=CARTESIAN_POINT('',(161.798816110071,-81.7744057291667,0.));
#8017=CARTESIAN_POINT('',(161.798816110071,-77.1688089433828,0.));
#8018=CARTESIAN_POINT('',(147.248918193404,-67.2245078125,0.));
#8019=CARTESIAN_POINT('',(137.011623294468,-67.2245078125,0.));
#8020=CARTESIAN_POINT('',(147.248918193404,-81.7744057291667,0.));
#8021=CARTESIAN_POINT('',(147.248918193404,-84.1687579017161,0.));
#8022=CARTESIAN_POINT('',(144.011572252801,-81.7744057291667,0.));
#8023=CARTESIAN_POINT('',(85.7793737794797,-52.2246171875,0.));
#8024=CARTESIAN_POINT('',(85.7793737794797,-66.7745151041667,0.));
#8025=CARTESIAN_POINT('',(85.7793737794797,-69.6688636308828,0.));
#8026=CARTESIAN_POINT('',(71.229475862813,-52.2246171875,0.));
#8027=CARTESIAN_POINT('',(99.0019021291723,-52.2246171875,0.));
#8028=CARTESIAN_POINT('',(71.229475862813,-66.7745151041667,0.));
#8029=CARTESIAN_POINT('',(71.229475862813,-76.6688125892161,0.));
#8030=CARTESIAN_POINT('',(106.001851087506,-66.7745151041667,0.));
#8031=CARTESIAN_POINT('',(142.798954651737,-46.2246609375,0.));
#8032=CARTESIAN_POINT('',(142.798954651737,-60.7745588541667,0.));
#8033=CARTESIAN_POINT('',(142.798954651737,-66.6688855058828,0.));
#8034=CARTESIAN_POINT('',(128.249056735071,-46.2246609375,0.));
#8035=CARTESIAN_POINT('',(127.511692565301,-46.2246609375,0.));
#8036=CARTESIAN_POINT('',(128.249056735071,-60.7745588541667,0.));
#8037=CARTESIAN_POINT('',(128.249056735071,-73.6688344642161,0.));
#8038=CARTESIAN_POINT('',(134.511641523634,-60.7745588541667,0.));
#8039=CARTESIAN_POINT('',(123.799100822743,-79.2244203125,0.));
#8040=CARTESIAN_POINT('',(123.799100822743,-93.7743182291667,0.));
#8041=CARTESIAN_POINT('',(123.799100822743,-83.1687651933828,0.));
#8042=CARTESIAN_POINT('',(109.249202906076,-79.2244203125,0.));
#8043=CARTESIAN_POINT('',(118.011765650804,-79.2244203125,0.));
#8044=CARTESIAN_POINT('',(109.249202906076,-93.7743182291667,0.));
#8045=CARTESIAN_POINT('',(109.249202906076,-90.1687141517161,0.));
#8046=CARTESIAN_POINT('',(125.011714609137,-93.7743182291667,0.));
#8047=CARTESIAN_POINT('',(161.798816110071,-48.2246463541667,0.));
#8048=CARTESIAN_POINT('',(161.798816110071,-62.7745442708333,0.));
#8049=CARTESIAN_POINT('',(161.798816110071,-67.6688782142161,0.));
#8050=CARTESIAN_POINT('',(147.248918193404,-48.2246463541667,0.));
#8051=CARTESIAN_POINT('',(137.011623294468,-48.2246463541667,0.));
#8052=CARTESIAN_POINT('',(147.248918193404,-62.7745442708334,0.));
#8053=CARTESIAN_POINT('',(147.248918193404,-74.6688271725495,0.));
#8054=CARTESIAN_POINT('',(144.011572252801,-62.7745442708334,0.));
#8055=CARTESIAN_POINT('',(142.798954651737,-84.2243838541667,0.));
#8056=CARTESIAN_POINT('',(142.798954651737,-98.7742817708333,0.));
#8057=CARTESIAN_POINT('',(142.798954651737,-85.6687469642161,0.));
#8058=CARTESIAN_POINT('',(128.249056735071,-84.2243838541667,0.));
#8059=CARTESIAN_POINT('',(127.511692565301,-84.2243838541667,0.));
#8060=CARTESIAN_POINT('',(128.249056735071,-98.7742817708333,0.));
#8061=CARTESIAN_POINT('',(128.249056735071,-92.6686959225495,0.));
#8062=CARTESIAN_POINT('',(134.511641523634,-98.7742817708333,0.));
#8063=CARTESIAN_POINT('',(142.079808528513,-104.589233088949,0.));
#8064=CARTESIAN_POINT('',(156.133872119527,-108.355055836054,0.));
#8065=CARTESIAN_POINT('',(132.725327798175,-102.082675743912,0.));
#8066=CARTESIAN_POINT('',(138.313977797488,-118.643288955613,0.));
#8067=CARTESIAN_POINT('',(141.929539109103,-105.150037587685,0.));
#8068=CARTESIAN_POINT('',(152.368041388501,-122.409111702718,0.));
#8069=CARTESIAN_POINT('',(135.720904353477,-117.948468208778,0.));
#8070=CARTESIAN_POINT('',(157.795340504526,-102.15446659791,0.));
#8071=CARTESIAN_POINT('',(123.799100822743,-60.2245588541667,0.));
#8072=CARTESIAN_POINT('',(123.799100822743,-74.7744567708334,0.));
#8073=CARTESIAN_POINT('',(123.799100822743,-73.6688344642161,0.));
#8074=CARTESIAN_POINT('',(109.249202906076,-60.2245588541667,0.));
#8075=CARTESIAN_POINT('',(118.011765650804,-60.2245588541667,0.));
#8076=CARTESIAN_POINT('',(109.249202906076,-74.7744567708334,0.));
#8077=CARTESIAN_POINT('',(109.249202906076,-80.6687834225495,0.));
#8078=CARTESIAN_POINT('',(125.011714609137,-74.7744567708334,0.));
#8079=CARTESIAN_POINT('',(133.299023922571,-103.424240802431,0.));
#8080=CARTESIAN_POINT('',(133.299023922571,-117.974138719098,0.));
#8081=CARTESIAN_POINT('',(133.299023922571,-95.2686754383483,0.));
#8082=CARTESIAN_POINT('',(118.749133635243,-103.424240802431,0.));
#8083=CARTESIAN_POINT('',(122.761731015387,-103.424240802431,0.));
#8084=CARTESIAN_POINT('',(118.749133635243,-117.974138719098,0.));
#8085=CARTESIAN_POINT('',(118.749133635243,-102.268624396682,0.));
#8086=CARTESIAN_POINT('',(129.761676159051,-117.974138719098,0.));
#8087=CARTESIAN_POINT('',(163.298819114583,-105.949227447917,0.));
#8088=CARTESIAN_POINT('Origin',(161.948819114583,-105.949227447917,0.));
#8089=CARTESIAN_POINT('',(146.373942526042,-64.9995260416667,0.));
#8090=CARTESIAN_POINT('Origin',(145.023942526042,-64.9995260416667,0.));
#8091=CARTESIAN_POINT('Origin',(142.798954651737,-76.1688162350494,0.25));
#8092=CARTESIAN_POINT('',(142.548954651737,-79.5244203125,0.25));
#8093=CARTESIAN_POINT('',(142.548954651737,-65.4745223958333,0.25));
#8094=CARTESIAN_POINT('',(142.548954651737,-76.1688162350494,0.25));
#8095=CARTESIAN_POINT('Origin',(142.798954651737,-65.2245223958333,0.25));
#8096=CARTESIAN_POINT('Origin',(142.798954651737,-79.7744203125,0.25));
#8097=CARTESIAN_POINT('Origin',(127.511692565301,-65.2245223958333,0.25));
#8098=CARTESIAN_POINT('',(128.499056735071,-65.4745223958333,0.25));
#8099=CARTESIAN_POINT('',(127.511692565301,-65.4745223958333,0.25));
#8100=CARTESIAN_POINT('Origin',(128.249056735071,-65.2245223958333,0.25));
#8101=CARTESIAN_POINT('Origin',(134.511641523634,-79.7744203125,0.25));
#8102=CARTESIAN_POINT('',(128.499056735071,-79.5244203125,0.25));
#8103=CARTESIAN_POINT('',(134.511641523634,-79.5244203125,0.25));
#8104=CARTESIAN_POINT('Origin',(128.249056735071,-79.7744203125,0.25));
#8105=CARTESIAN_POINT('Origin',(128.249056735071,-83.1687651933828,0.25));
#8106=CARTESIAN_POINT('',(128.499056735071,-83.1687651933828,0.25));
#8107=CARTESIAN_POINT('Origin',(128.524056735071,-65.4745223958333,0.));
#8108=CARTESIAN_POINT('',(142.548954651737,-65.4745223958333,1.25));
#8109=CARTESIAN_POINT('',(142.548954651737,-65.4745223958333,0.));
#8110=CARTESIAN_POINT('',(128.499056735071,-65.4745223958333,1.25));
#8111=CARTESIAN_POINT('',(127.511692565301,-65.4745223958333,1.25));
#8112=CARTESIAN_POINT('',(128.499056735071,-65.4745223958333,0.));
#8113=CARTESIAN_POINT('Origin',(142.548954651737,-65.4995223958334,0.));
#8114=CARTESIAN_POINT('',(142.548954651737,-79.5244203125,1.25));
#8115=CARTESIAN_POINT('',(142.548954651737,-79.5244203125,0.));
#8116=CARTESIAN_POINT('',(142.548954651737,-76.1688162350494,1.25));
#8117=CARTESIAN_POINT('Origin',(145.023942526042,-64.9995260416667,0.25));
#8118=CARTESIAN_POINT('',(143.923942526042,-64.9995260416667,0.25));
#8119=CARTESIAN_POINT('',(146.123942526042,-64.9995260416667,0.25));
#8120=CARTESIAN_POINT('Origin',(145.023942526042,-64.9995260416667,0.25));
#8121=CARTESIAN_POINT('Origin',(146.373942526042,-64.9995260416667,0.25));
#8122=CARTESIAN_POINT('Origin',(145.023942526042,-64.9995260416667,0.25));
#8123=CARTESIAN_POINT('Origin',(145.023942526042,-64.9995260416667,0.));
#8124=CARTESIAN_POINT('',(143.923942526042,-64.9995260416667,1.25));
#8125=CARTESIAN_POINT('',(146.123942526042,-64.9995260416667,1.25));
#8126=CARTESIAN_POINT('Origin',(145.023942526042,-64.9995260416667,1.25));
#8127=CARTESIAN_POINT('',(143.923942526042,-64.9995260416667,0.));
#8128=CARTESIAN_POINT('Origin',(145.023942526042,-64.9995260416667,1.25));
#8129=CARTESIAN_POINT('Origin',(144.948371827181,-100.495768187712,0.25));
#8130=CARTESIAN_POINT('',(176.720057092276,-119.127782727513,0.25));
#8131=CARTESIAN_POINT('',(164.552454556203,-112.102833825159,0.25));
#8132=CARTESIAN_POINT('',(144.823372090046,-100.712274690423,0.25));
#8133=CARTESIAN_POINT('Origin',(164.460947731634,-111.761327551253,0.25));
#8134=CARTESIAN_POINT('Origin',(177.061563214136,-119.036275893818,0.25));
#8135=CARTESIAN_POINT('Origin',(161.543071037271,-116.815255586994,0.25));
#8136=CARTESIAN_POINT('',(157.527505668141,-124.270443993064,0.25));
#8137=CARTESIAN_POINT('',(161.759577574042,-116.940255265136,0.25));
#8138=CARTESIAN_POINT('Origin',(157.185999546281,-124.36195069052,0.25));
#8139=CARTESIAN_POINT('Origin',(177.643665851007,-118.028040455677,0.25));
#8140=CARTESIAN_POINT('',(169.695108204213,-131.295400552005,0.25));
#8141=CARTESIAN_POINT('',(177.427159280177,-117.903040836528,0.25));
#8142=CARTESIAN_POINT('Origin',(169.786615028783,-131.636906962149,0.25));
#8143=CARTESIAN_POINT('Origin',(143.73557423607,-116.596357327046,0.25));
#8144=CARTESIAN_POINT('',(143.860574075384,-116.379850883328,0.25));
#8145=CARTESIAN_POINT('Origin',(157.54000562665,-124.248793355504,0.));
#8146=CARTESIAN_POINT('',(164.552454556203,-112.102833825159,1.25));
#8147=CARTESIAN_POINT('',(164.552454556203,-112.102833825159,0.));
#8148=CARTESIAN_POINT('',(157.527505668141,-124.270443993064,1.25));
#8149=CARTESIAN_POINT('',(161.759577574042,-116.940255265136,1.25));
#8150=CARTESIAN_POINT('',(157.527505668141,-124.270443993064,0.));
#8151=CARTESIAN_POINT('Origin',(164.574105212374,-112.115333802279,0.));
#8152=CARTESIAN_POINT('',(176.720057092276,-119.127782727513,1.25));
#8153=CARTESIAN_POINT('',(176.720057092276,-119.127782727513,0.));
#8154=CARTESIAN_POINT('',(144.823372090046,-100.712274690423,1.25));
#8155=CARTESIAN_POINT('Origin',(161.948819114583,-105.949227447917,0.25));
#8156=CARTESIAN_POINT('',(160.848819114583,-105.949227447917,0.25));
#8157=CARTESIAN_POINT('',(163.048819114583,-105.949227447917,0.25));
#8158=CARTESIAN_POINT('Origin',(161.948819114583,-105.949227447917,0.25));
#8159=CARTESIAN_POINT('Origin',(163.298819114583,-105.949227447917,0.25));
#8160=CARTESIAN_POINT('Origin',(161.948819114583,-105.949227447917,0.25));
#8161=CARTESIAN_POINT('Origin',(161.948819114583,-105.949227447917,0.));
#8162=CARTESIAN_POINT('',(160.848819114583,-105.949227447917,1.25));
#8163=CARTESIAN_POINT('',(163.048819114583,-105.949227447917,1.25));
#8164=CARTESIAN_POINT('Origin',(161.948819114583,-105.949227447917,1.25));
#8165=CARTESIAN_POINT('',(160.848819114583,-105.949227447917,0.));
#8166=CARTESIAN_POINT('Origin',(161.948819114583,-105.949227447917,1.25));
#8167=CARTESIAN_POINT('Origin',(88.0243581510417,-60.9995552083333,0.25));
#8168=CARTESIAN_POINT('',(86.9243581510417,-60.9995552083333,0.25));
#8169=CARTESIAN_POINT('',(89.1243581510417,-60.9995552083333,0.25));
#8170=CARTESIAN_POINT('Origin',(88.0243581510417,-60.9995552083333,0.25));
#8171=CARTESIAN_POINT('Origin',(89.3743581510417,-60.9995552083333,0.25));
#8172=CARTESIAN_POINT('Origin',(88.0243581510417,-60.9995552083333,0.25));
#8173=CARTESIAN_POINT('Origin',(88.0243581510417,-60.9995552083333,0.));
#8174=CARTESIAN_POINT('',(86.9243581510417,-60.9995552083333,1.25));
#8175=CARTESIAN_POINT('',(89.1243581510417,-60.9995552083333,1.25));
#8176=CARTESIAN_POINT('Origin',(88.0243581510417,-60.9995552083333,1.25));
#8177=CARTESIAN_POINT('',(86.9243581510417,-60.9995552083333,0.));
#8178=CARTESIAN_POINT('Origin',(88.0243581510417,-60.9995552083333,1.25));
#8179=CARTESIAN_POINT('Origin',(133.299023922571,-95.2686754383483,0.25));
#8180=CARTESIAN_POINT('',(133.049023922571,-117.724138719098,0.25));
#8181=CARTESIAN_POINT('',(133.049023922571,-103.674240802431,0.25));
#8182=CARTESIAN_POINT('',(133.049023922571,-95.2686754383483,0.25));
#8183=CARTESIAN_POINT('Origin',(133.299023922571,-103.424240802431,0.25));
#8184=CARTESIAN_POINT('Origin',(133.299023922571,-117.974138719098,0.25));
#8185=CARTESIAN_POINT('Origin',(122.761731015387,-103.424240802431,0.25));
#8186=CARTESIAN_POINT('',(118.999133635243,-103.674240802431,0.25));
#8187=CARTESIAN_POINT('',(122.761731015387,-103.674240802431,0.25));
#8188=CARTESIAN_POINT('Origin',(118.749133635243,-103.424240802431,0.25));
#8189=CARTESIAN_POINT('Origin',(129.761676159051,-117.974138719098,0.25));
#8190=CARTESIAN_POINT('',(118.999133635243,-117.724138719098,0.25));
#8191=CARTESIAN_POINT('',(129.761676159051,-117.724138719098,0.25));
#8192=CARTESIAN_POINT('Origin',(118.749133635243,-117.974138719098,0.25));
#8193=CARTESIAN_POINT('Origin',(118.749133635243,-102.268624396682,0.25));
#8194=CARTESIAN_POINT('',(118.999133635243,-102.268624396682,0.25));
#8195=CARTESIAN_POINT('Origin',(119.024133635243,-103.674240802431,0.));
#8196=CARTESIAN_POINT('',(133.049023922571,-103.674240802431,1.25));
#8197=CARTESIAN_POINT('',(133.049023922571,-103.674240802431,0.));
#8198=CARTESIAN_POINT('',(118.999133635243,-103.674240802431,1.25));
#8199=CARTESIAN_POINT('',(122.761731015387,-103.674240802431,1.25));
#8200=CARTESIAN_POINT('',(118.999133635243,-103.674240802431,0.));
#8201=CARTESIAN_POINT('Origin',(133.049023922571,-103.699240802431,0.));
#8202=CARTESIAN_POINT('',(133.049023922571,-117.724138719098,1.25));
#8203=CARTESIAN_POINT('',(133.049023922571,-117.724138719098,0.));
#8204=CARTESIAN_POINT('',(133.049023922571,-95.2686754383483,1.25));
#8205=CARTESIAN_POINT('Origin',(85.7993779060761,-88.6687250892161,0.25));
#8206=CARTESIAN_POINT('',(85.5493779060761,-104.524238020833,0.25));
#8207=CARTESIAN_POINT('',(85.5493779060761,-90.4743401041667,0.25));
#8208=CARTESIAN_POINT('',(85.5493779060761,-88.6687250892161,0.25));
#8209=CARTESIAN_POINT('Origin',(85.7993779060761,-90.2243401041667,0.25));
#8210=CARTESIAN_POINT('Origin',(85.7993779060761,-104.774238020833,0.25));
#8211=CARTESIAN_POINT('Origin',(99.0119041924705,-90.2243401041667,0.25));
#8212=CARTESIAN_POINT('',(71.4994799894095,-90.4743401041667,0.25));
#8213=CARTESIAN_POINT('',(99.0119041924705,-90.4743401041667,0.25));
#8214=CARTESIAN_POINT('Origin',(71.2494799894095,-90.2243401041667,0.25));
#8215=CARTESIAN_POINT('Origin',(106.011853150804,-104.774238020833,0.25));
#8216=CARTESIAN_POINT('',(71.4994799894095,-104.524238020833,0.25));
#8217=CARTESIAN_POINT('',(106.011853150804,-104.524238020833,0.25));
#8218=CARTESIAN_POINT('Origin',(71.2494799894095,-104.774238020833,0.25));
#8219=CARTESIAN_POINT('Origin',(71.2494799894095,-95.6686740475494,0.25));
#8220=CARTESIAN_POINT('',(71.4994799894095,-95.6686740475494,0.25));
#8221=CARTESIAN_POINT('Origin',(71.5244799894095,-90.4743401041667,0.));
#8222=CARTESIAN_POINT('',(85.5493779060761,-90.4743401041667,1.25));
#8223=CARTESIAN_POINT('',(85.5493779060761,-90.4743401041667,0.));
#8224=CARTESIAN_POINT('',(71.4994799894095,-90.4743401041667,1.25));
#8225=CARTESIAN_POINT('',(99.0119041924705,-90.4743401041667,1.25));
#8226=CARTESIAN_POINT('',(71.4994799894095,-90.4743401041667,0.));
#8227=CARTESIAN_POINT('Origin',(85.5493779060761,-90.4993401041667,0.));
#8228=CARTESIAN_POINT('',(85.5493779060761,-104.524238020833,1.25));
#8229=CARTESIAN_POINT('',(85.5493779060761,-104.524238020833,0.));
#8230=CARTESIAN_POINT('',(85.5493779060761,-88.6687250892161,1.25));
#8231=CARTESIAN_POINT('Origin',(123.799100822743,-73.6688344642161,0.25));
#8232=CARTESIAN_POINT('',(123.549100822743,-74.5244567708334,0.25));
#8233=CARTESIAN_POINT('',(123.549100822743,-60.4745588541667,0.25));
#8234=CARTESIAN_POINT('',(123.549100822743,-73.6688344642161,0.25));
#8235=CARTESIAN_POINT('Origin',(123.799100822743,-60.2245588541667,0.25));
#8236=CARTESIAN_POINT('Origin',(123.799100822743,-74.7744567708334,0.25));
#8237=CARTESIAN_POINT('Origin',(118.011765650804,-60.2245588541667,0.25));
#8238=CARTESIAN_POINT('',(109.499202906076,-60.4745588541667,0.25));
#8239=CARTESIAN_POINT('',(118.011765650804,-60.4745588541667,0.25));
#8240=CARTESIAN_POINT('Origin',(109.249202906076,-60.2245588541667,0.25));
#8241=CARTESIAN_POINT('Origin',(125.011714609137,-74.7744567708334,0.25));
#8242=CARTESIAN_POINT('',(109.499202906076,-74.5244567708334,0.25));
#8243=CARTESIAN_POINT('',(125.011714609137,-74.5244567708334,0.25));
#8244=CARTESIAN_POINT('Origin',(109.249202906076,-74.7744567708334,0.25));
#8245=CARTESIAN_POINT('Origin',(109.249202906076,-80.6687834225495,0.25));
#8246=CARTESIAN_POINT('',(109.499202906076,-80.6687834225495,0.25));
#8247=CARTESIAN_POINT('Origin',(109.524202906076,-60.4745588541667,0.));
#8248=CARTESIAN_POINT('',(123.549100822743,-60.4745588541667,1.25));
#8249=CARTESIAN_POINT('',(123.549100822743,-60.4745588541667,0.));
#8250=CARTESIAN_POINT('',(109.499202906076,-60.4745588541667,1.25));
#8251=CARTESIAN_POINT('',(118.011765650804,-60.4745588541667,1.25));
#8252=CARTESIAN_POINT('',(109.499202906076,-60.4745588541667,0.));
#8253=CARTESIAN_POINT('Origin',(123.549100822743,-60.4995588541667,0.));
#8254=CARTESIAN_POINT('',(123.549100822743,-74.5244567708334,1.25));
#8255=CARTESIAN_POINT('',(123.549100822743,-74.5244567708334,0.));
#8256=CARTESIAN_POINT('',(123.549100822743,-73.6688344642161,1.25));
#8257=CARTESIAN_POINT('Origin',(88.0243581510417,-79.9994166666667,0.25));
#8258=CARTESIAN_POINT('',(86.9243581510417,-79.9994166666667,0.25));
#8259=CARTESIAN_POINT('',(89.1243581510417,-79.9994166666667,0.25));
#8260=CARTESIAN_POINT('Origin',(88.0243581510417,-79.9994166666667,0.25));
#8261=CARTESIAN_POINT('Origin',(89.3743581510417,-79.9994166666667,0.25));
#8262=CARTESIAN_POINT('Origin',(88.0243581510417,-79.9994166666667,0.25));
#8263=CARTESIAN_POINT('Origin',(88.0243581510417,-79.9994166666667,0.));
#8264=CARTESIAN_POINT('',(86.9243581510417,-79.9994166666667,1.25));
#8265=CARTESIAN_POINT('',(89.1243581510417,-79.9994166666667,1.25));
#8266=CARTESIAN_POINT('Origin',(88.0243581510417,-79.9994166666667,1.25));
#8267=CARTESIAN_POINT('',(86.9243581510417,-79.9994166666667,0.));
#8268=CARTESIAN_POINT('Origin',(88.0243581510417,-79.9994166666667,1.25));
#8269=CARTESIAN_POINT('Origin',(132.725327798175,-102.082675743912,0.25));
#8270=CARTESIAN_POINT('',(155.827685180037,-108.531831517401,0.25));
#8271=CARTESIAN_POINT('',(142.256584091874,-104.895419824078,0.25));
#8272=CARTESIAN_POINT('',(132.660622271284,-102.324156995337,0.25));
#8273=CARTESIAN_POINT('Origin',(142.079808528513,-104.589233088949,0.25));
#8274=CARTESIAN_POINT('Origin',(156.133872119527,-108.355055836054,0.25));
#8275=CARTESIAN_POINT('Origin',(141.929539109103,-105.150037587685,0.25));
#8276=CARTESIAN_POINT('',(138.620164736977,-118.466513274265,0.25));
#8277=CARTESIAN_POINT('',(142.171020317341,-105.214743275749,0.25));
#8278=CARTESIAN_POINT('Origin',(138.313977797488,-118.643288955613,0.25));
#8279=CARTESIAN_POINT('Origin',(157.795340504526,-102.15446659791,0.25));
#8280=CARTESIAN_POINT('',(152.191265825141,-122.102924967589,0.25));
#8281=CARTESIAN_POINT('',(157.553859296288,-102.089760909845,0.25));
#8282=CARTESIAN_POINT('Origin',(152.368041388501,-122.409111702718,0.25));
#8283=CARTESIAN_POINT('Origin',(135.720904353477,-117.948468208778,0.25));
#8284=CARTESIAN_POINT('',(135.785609880368,-117.706986957353,0.25));
#8285=CARTESIAN_POINT('Origin',(138.626635310102,-118.442365137324,0.));
#8286=CARTESIAN_POINT('',(142.256584091874,-104.895419824078,1.25));
#8287=CARTESIAN_POINT('',(142.256584091874,-104.895419824078,0.));
#8288=CARTESIAN_POINT('',(138.620164736977,-118.466513274265,1.25));
#8289=CARTESIAN_POINT('',(142.171020317341,-105.214743275749,1.25));
#8290=CARTESIAN_POINT('',(138.620164736977,-118.466513274265,0.));
#8291=CARTESIAN_POINT('Origin',(142.280732200899,-104.901890372449,0.));
#8292=CARTESIAN_POINT('',(155.827685180037,-108.531831517401,1.25));
#8293=CARTESIAN_POINT('',(155.827685180037,-108.531831517401,0.));
#8294=CARTESIAN_POINT('',(132.660622271284,-102.324156995337,1.25));
#8295=CARTESIAN_POINT('Origin',(104.779235237813,-65.6688927975494,0.25));
#8296=CARTESIAN_POINT('',(104.529235237813,-58.5245734375,0.25));
#8297=CARTESIAN_POINT('',(104.529235237813,-44.4746755208333,0.25));
#8298=CARTESIAN_POINT('',(104.529235237813,-65.6688927975494,0.25));
#8299=CARTESIAN_POINT('Origin',(104.779235237813,-44.2246755208333,0.25));
#8300=CARTESIAN_POINT('Origin',(104.779235237813,-58.7745734375,0.25));
#8301=CARTESIAN_POINT('Origin',(108.501832858339,-44.2246755208333,0.25));
#8302=CARTESIAN_POINT('',(90.4793373211463,-44.4746755208333,0.25));
#8303=CARTESIAN_POINT('',(108.501832858339,-44.4746755208333,0.25));
#8304=CARTESIAN_POINT('Origin',(90.2293373211463,-44.2246755208333,0.25));
#8305=CARTESIAN_POINT('Origin',(115.501781816672,-58.7745734375,0.25));
#8306=CARTESIAN_POINT('',(90.4793373211463,-58.5245734375,0.25));
#8307=CARTESIAN_POINT('',(115.501781816672,-58.5245734375,0.25));
#8308=CARTESIAN_POINT('Origin',(90.2293373211463,-58.7745734375,0.25));
#8309=CARTESIAN_POINT('Origin',(90.2293373211463,-72.6688417558828,0.25));
#8310=CARTESIAN_POINT('',(90.4793373211463,-72.6688417558828,0.25));
#8311=CARTESIAN_POINT('Origin',(90.5043373211463,-44.4746755208333,0.));
#8312=CARTESIAN_POINT('',(104.529235237813,-44.4746755208333,1.25));
#8313=CARTESIAN_POINT('',(104.529235237813,-44.4746755208333,0.));
#8314=CARTESIAN_POINT('',(90.4793373211463,-44.4746755208333,1.25));
#8315=CARTESIAN_POINT('',(108.501832858339,-44.4746755208333,1.25));
#8316=CARTESIAN_POINT('',(90.4793373211463,-44.4746755208333,0.));
#8317=CARTESIAN_POINT('Origin',(104.529235237813,-44.4996755208333,0.));
#8318=CARTESIAN_POINT('',(104.529235237813,-58.5245734375,1.25));
#8319=CARTESIAN_POINT('',(104.529235237813,-58.5245734375,0.));
#8320=CARTESIAN_POINT('',(104.529235237813,-65.6688927975494,1.25));
#8321=CARTESIAN_POINT('Origin',(142.798954651737,-85.6687469642161,0.25));
#8322=CARTESIAN_POINT('',(142.548954651737,-98.5242817708334,0.25));
#8323=CARTESIAN_POINT('',(142.548954651737,-84.4743838541667,0.25));
#8324=CARTESIAN_POINT('',(142.548954651737,-85.6687469642161,0.25));
#8325=CARTESIAN_POINT('Origin',(142.798954651737,-84.2243838541667,0.25));
#8326=CARTESIAN_POINT('Origin',(142.798954651737,-98.7742817708333,0.25));
#8327=CARTESIAN_POINT('Origin',(127.511692565301,-84.2243838541667,0.25));
#8328=CARTESIAN_POINT('',(128.499056735071,-84.4743838541667,0.25));
#8329=CARTESIAN_POINT('',(127.511692565301,-84.4743838541667,0.25));
#8330=CARTESIAN_POINT('Origin',(128.249056735071,-84.2243838541667,0.25));
#8331=CARTESIAN_POINT('Origin',(134.511641523634,-98.7742817708333,0.25));
#8332=CARTESIAN_POINT('',(128.499056735071,-98.5242817708333,0.25));
#8333=CARTESIAN_POINT('',(134.511641523634,-98.5242817708333,0.25));
#8334=CARTESIAN_POINT('Origin',(128.249056735071,-98.7742817708333,0.25));
#8335=CARTESIAN_POINT('Origin',(128.249056735071,-92.6686959225495,0.25));
#8336=CARTESIAN_POINT('',(128.499056735071,-92.6686959225495,0.25));
#8337=CARTESIAN_POINT('Origin',(128.524056735071,-84.4743838541667,0.));
#8338=CARTESIAN_POINT('',(142.548954651737,-84.4743838541667,1.25));
#8339=CARTESIAN_POINT('',(142.548954651737,-84.4743838541667,0.));
#8340=CARTESIAN_POINT('',(128.499056735071,-84.4743838541667,1.25));
#8341=CARTESIAN_POINT('',(127.511692565301,-84.4743838541667,1.25));
#8342=CARTESIAN_POINT('',(128.499056735071,-84.4743838541667,0.));
#8343=CARTESIAN_POINT('Origin',(142.548954651737,-84.4993838541667,0.));
#8344=CARTESIAN_POINT('',(142.548954651737,-98.5242817708334,1.25));
#8345=CARTESIAN_POINT('',(142.548954651737,-98.5242817708334,0.));
#8346=CARTESIAN_POINT('',(142.548954651737,-85.6687469642161,1.25));
#8347=CARTESIAN_POINT('Origin',(104.799239364409,-84.6687542558828,0.25));
#8348=CARTESIAN_POINT('',(104.549239364409,-96.5242963541667,0.25));
#8349=CARTESIAN_POINT('',(104.549239364409,-82.4743984375,0.25));
#8350=CARTESIAN_POINT('',(104.549239364409,-84.6687542558828,0.25));
#8351=CARTESIAN_POINT('Origin',(104.799239364409,-82.2243984375,0.25));
#8352=CARTESIAN_POINT('Origin',(104.799239364409,-96.7742963541667,0.25));
#8353=CARTESIAN_POINT('Origin',(108.511834921637,-82.2243984375,0.25));
#8354=CARTESIAN_POINT('',(90.4993414477428,-82.4743984375,0.25));
#8355=CARTESIAN_POINT('',(108.511834921637,-82.4743984375,0.25));
#8356=CARTESIAN_POINT('Origin',(90.2493414477428,-82.2243984375,0.25));
#8357=CARTESIAN_POINT('Origin',(115.511783879971,-96.7742963541667,0.25));
#8358=CARTESIAN_POINT('',(90.4993414477428,-96.5242963541667,0.25));
#8359=CARTESIAN_POINT('',(115.511783879971,-96.5242963541667,0.25));
#8360=CARTESIAN_POINT('Origin',(90.2493414477428,-96.7742963541667,0.25));
#8361=CARTESIAN_POINT('Origin',(90.2493414477428,-91.6687032142161,0.25));
#8362=CARTESIAN_POINT('',(90.4993414477428,-91.6687032142161,0.25));
#8363=CARTESIAN_POINT('Origin',(90.5243414477428,-82.4743984375,0.));
#8364=CARTESIAN_POINT('',(104.549239364409,-82.4743984375,1.25));
#8365=CARTESIAN_POINT('',(104.549239364409,-82.4743984375,0.));
#8366=CARTESIAN_POINT('',(90.4993414477428,-82.4743984375,1.25));
#8367=CARTESIAN_POINT('',(108.511834921637,-82.4743984375,1.25));
#8368=CARTESIAN_POINT('',(90.4993414477428,-82.4743984375,0.));
#8369=CARTESIAN_POINT('Origin',(104.549239364409,-82.4993984375,0.));
#8370=CARTESIAN_POINT('',(104.549239364409,-96.5242963541667,1.25));
#8371=CARTESIAN_POINT('',(104.549239364409,-96.5242963541667,0.));
#8372=CARTESIAN_POINT('',(104.549239364409,-84.6687542558828,1.25));
#8373=CARTESIAN_POINT('Origin',(161.798816110071,-67.6688782142161,0.25));
#8374=CARTESIAN_POINT('',(161.548816110071,-62.5245442708333,0.25));
#8375=CARTESIAN_POINT('',(161.548816110071,-48.4746463541667,0.25));
#8376=CARTESIAN_POINT('',(161.548816110071,-67.6688782142161,0.25));
#8377=CARTESIAN_POINT('Origin',(161.798816110071,-48.2246463541667,0.25));
#8378=CARTESIAN_POINT('Origin',(161.798816110071,-62.7745442708333,0.25));
#8379=CARTESIAN_POINT('Origin',(137.011623294468,-48.2246463541667,0.25));
#8380=CARTESIAN_POINT('',(147.498918193404,-48.4746463541667,0.25));
#8381=CARTESIAN_POINT('',(137.011623294468,-48.4746463541667,0.25));
#8382=CARTESIAN_POINT('Origin',(147.248918193404,-48.2246463541667,0.25));
#8383=CARTESIAN_POINT('Origin',(144.011572252801,-62.7745442708334,0.25));
#8384=CARTESIAN_POINT('',(147.498918193404,-62.5245442708334,0.25));
#8385=CARTESIAN_POINT('',(144.011572252801,-62.5245442708334,0.25));
#8386=CARTESIAN_POINT('Origin',(147.248918193404,-62.7745442708334,0.25));
#8387=CARTESIAN_POINT('Origin',(147.248918193404,-74.6688271725495,0.25));
#8388=CARTESIAN_POINT('',(147.498918193404,-74.6688271725495,0.25));
#8389=CARTESIAN_POINT('Origin',(147.523918193404,-48.4746463541667,0.));
#8390=CARTESIAN_POINT('',(161.548816110071,-48.4746463541667,1.25));
#8391=CARTESIAN_POINT('',(161.548816110071,-48.4746463541667,0.));
#8392=CARTESIAN_POINT('',(147.498918193404,-48.4746463541667,1.25));
#8393=CARTESIAN_POINT('',(137.011623294468,-48.4746463541667,1.25));
#8394=CARTESIAN_POINT('',(147.498918193404,-48.4746463541667,0.));
#8395=CARTESIAN_POINT('Origin',(161.548816110071,-48.4996463541667,0.));
#8396=CARTESIAN_POINT('',(161.548816110071,-62.5245442708333,1.25));
#8397=CARTESIAN_POINT('',(161.548816110071,-62.5245442708333,0.));
#8398=CARTESIAN_POINT('',(161.548816110071,-67.6688782142161,1.25));
#8399=CARTESIAN_POINT('Origin',(111.724185338542,-100.599266458333,0.25));
#8400=CARTESIAN_POINT('',(110.624185338542,-100.599266458333,0.25));
#8401=CARTESIAN_POINT('',(112.824185338542,-100.599266458333,0.25));
#8402=CARTESIAN_POINT('Origin',(111.724185338542,-100.599266458333,0.25));
#8403=CARTESIAN_POINT('Origin',(113.074185338542,-100.599266458333,0.25));
#8404=CARTESIAN_POINT('Origin',(111.724185338542,-100.599266458333,0.25));
#8405=CARTESIAN_POINT('Origin',(111.724185338542,-100.599266458333,0.));
#8406=CARTESIAN_POINT('',(110.624185338542,-100.599266458333,1.25));
#8407=CARTESIAN_POINT('',(112.824185338542,-100.599266458333,1.25));
#8408=CARTESIAN_POINT('Origin',(111.724185338542,-100.599266458333,1.25));
#8409=CARTESIAN_POINT('',(110.624185338542,-100.599266458333,0.));
#8410=CARTESIAN_POINT('Origin',(111.724185338542,-100.599266458333,1.25));
#8411=CARTESIAN_POINT('Origin',(123.799100822743,-83.1687651933828,0.25));
#8412=CARTESIAN_POINT('',(123.549100822743,-93.5243182291667,0.25));
#8413=CARTESIAN_POINT('',(123.549100822743,-79.4744203125,0.25));
#8414=CARTESIAN_POINT('',(123.549100822743,-83.1687651933828,0.25));
#8415=CARTESIAN_POINT('Origin',(123.799100822743,-79.2244203125,0.25));
#8416=CARTESIAN_POINT('Origin',(123.799100822743,-93.7743182291667,0.25));
#8417=CARTESIAN_POINT('Origin',(118.011765650804,-79.2244203125,0.25));
#8418=CARTESIAN_POINT('',(109.499202906076,-79.4744203125,0.25));
#8419=CARTESIAN_POINT('',(118.011765650804,-79.4744203125,0.25));
#8420=CARTESIAN_POINT('Origin',(109.249202906076,-79.2244203125,0.25));
#8421=CARTESIAN_POINT('Origin',(125.011714609137,-93.7743182291667,0.25));
#8422=CARTESIAN_POINT('',(109.499202906076,-93.5243182291667,0.25));
#8423=CARTESIAN_POINT('',(125.011714609137,-93.5243182291667,0.25));
#8424=CARTESIAN_POINT('Origin',(109.249202906076,-93.7743182291667,0.25));
#8425=CARTESIAN_POINT('Origin',(109.249202906076,-90.1687141517161,0.25));
#8426=CARTESIAN_POINT('',(109.499202906076,-90.1687141517161,0.25));
#8427=CARTESIAN_POINT('Origin',(109.524202906076,-79.4744203125,0.));
#8428=CARTESIAN_POINT('',(123.549100822743,-79.4744203125,1.25));
#8429=CARTESIAN_POINT('',(123.549100822743,-79.4744203125,0.));
#8430=CARTESIAN_POINT('',(109.499202906076,-79.4744203125,1.25));
#8431=CARTESIAN_POINT('',(118.011765650804,-79.4744203125,1.25));
#8432=CARTESIAN_POINT('',(109.499202906076,-79.4744203125,0.));
#8433=CARTESIAN_POINT('Origin',(123.549100822743,-79.4994203125,0.));
#8434=CARTESIAN_POINT('',(123.549100822743,-93.5243182291667,1.25));
#8435=CARTESIAN_POINT('',(123.549100822743,-93.5243182291667,0.));
#8436=CARTESIAN_POINT('',(123.549100822743,-83.1687651933828,1.25));
#8437=CARTESIAN_POINT('Origin',(161.798816110071,-86.6687396725494,0.25));
#8438=CARTESIAN_POINT('',(161.548816110071,-100.5242671875,0.25));
#8439=CARTESIAN_POINT('',(161.548816110071,-86.4743692708333,0.25));
#8440=CARTESIAN_POINT('',(161.548816110071,-86.6687396725494,0.25));
#8441=CARTESIAN_POINT('Origin',(161.798816110071,-86.2243692708333,0.25));
#8442=CARTESIAN_POINT('Origin',(161.798816110071,-100.7742671875,0.25));
#8443=CARTESIAN_POINT('Origin',(137.011623294468,-86.2243692708333,0.25));
#8444=CARTESIAN_POINT('',(147.498918193404,-86.4743692708333,0.25));
#8445=CARTESIAN_POINT('',(137.011623294468,-86.4743692708333,0.25));
#8446=CARTESIAN_POINT('Origin',(147.248918193404,-86.2243692708333,0.25));
#8447=CARTESIAN_POINT('Origin',(144.011572252801,-100.7742671875,0.25));
#8448=CARTESIAN_POINT('',(147.498918193404,-100.5242671875,0.25));
#8449=CARTESIAN_POINT('',(144.011572252801,-100.5242671875,0.25));
#8450=CARTESIAN_POINT('Origin',(147.248918193404,-100.7742671875,0.25));
#8451=CARTESIAN_POINT('Origin',(147.248918193404,-93.6686886308828,0.25));
#8452=CARTESIAN_POINT('',(147.498918193404,-93.6686886308828,0.25));
#8453=CARTESIAN_POINT('Origin',(147.523918193404,-86.4743692708333,0.));
#8454=CARTESIAN_POINT('',(161.548816110071,-86.4743692708333,1.25));
#8455=CARTESIAN_POINT('',(161.548816110071,-86.4743692708333,0.));
#8456=CARTESIAN_POINT('',(147.498918193404,-86.4743692708333,1.25));
#8457=CARTESIAN_POINT('',(137.011623294468,-86.4743692708333,1.25));
#8458=CARTESIAN_POINT('',(147.498918193404,-86.4743692708333,0.));
#8459=CARTESIAN_POINT('Origin',(161.548816110071,-86.4993692708333,0.));
#8460=CARTESIAN_POINT('',(161.548816110071,-100.5242671875,1.25));
#8461=CARTESIAN_POINT('',(161.548816110071,-100.5242671875,0.));
#8462=CARTESIAN_POINT('',(161.548816110071,-86.6687396725494,1.25));
#8463=CARTESIAN_POINT('Origin',(142.798954651737,-66.6688855058828,0.25));
#8464=CARTESIAN_POINT('',(142.548954651737,-60.5245588541667,0.25));
#8465=CARTESIAN_POINT('',(142.548954651737,-46.4746609375,0.25));
#8466=CARTESIAN_POINT('',(142.548954651737,-66.6688855058828,0.25));
#8467=CARTESIAN_POINT('Origin',(142.798954651737,-46.2246609375,0.25));
#8468=CARTESIAN_POINT('Origin',(142.798954651737,-60.7745588541667,0.25));
#8469=CARTESIAN_POINT('Origin',(127.511692565301,-46.2246609375,0.25));
#8470=CARTESIAN_POINT('',(128.499056735071,-46.4746609375,0.25));
#8471=CARTESIAN_POINT('',(127.511692565301,-46.4746609375,0.25));
#8472=CARTESIAN_POINT('Origin',(128.249056735071,-46.2246609375,0.25));
#8473=CARTESIAN_POINT('Origin',(134.511641523634,-60.7745588541667,0.25));
#8474=CARTESIAN_POINT('',(128.499056735071,-60.5245588541667,0.25));
#8475=CARTESIAN_POINT('',(134.511641523634,-60.5245588541667,0.25));
#8476=CARTESIAN_POINT('Origin',(128.249056735071,-60.7745588541667,0.25));
#8477=CARTESIAN_POINT('Origin',(128.249056735071,-73.6688344642161,0.25));
#8478=CARTESIAN_POINT('',(128.499056735071,-73.6688344642161,0.25));
#8479=CARTESIAN_POINT('Origin',(128.524056735071,-46.4746609375,0.));
#8480=CARTESIAN_POINT('',(142.548954651737,-46.4746609375,1.25));
#8481=CARTESIAN_POINT('',(142.548954651737,-46.4746609375,0.));
#8482=CARTESIAN_POINT('',(128.499056735071,-46.4746609375,1.25));
#8483=CARTESIAN_POINT('',(127.511692565301,-46.4746609375,1.25));
#8484=CARTESIAN_POINT('',(128.499056735071,-46.4746609375,0.));
#8485=CARTESIAN_POINT('Origin',(142.548954651737,-46.4996609375,0.));
#8486=CARTESIAN_POINT('',(142.548954651737,-60.5245588541667,1.25));
#8487=CARTESIAN_POINT('',(142.548954651737,-60.5245588541667,0.));
#8488=CARTESIAN_POINT('',(142.548954651737,-66.6688855058828,1.25));
#8489=CARTESIAN_POINT('Origin',(104.799239364409,-75.1688235267161,0.25));
#8490=CARTESIAN_POINT('',(104.549239364409,-77.5244348958334,0.25));
#8491=CARTESIAN_POINT('',(104.549239364409,-63.4745369791667,0.25));
#8492=CARTESIAN_POINT('',(104.549239364409,-75.1688235267161,0.25));
#8493=CARTESIAN_POINT('Origin',(104.799239364409,-63.2245369791667,0.25));
#8494=CARTESIAN_POINT('Origin',(104.799239364409,-77.7744348958334,0.25));
#8495=CARTESIAN_POINT('Origin',(108.511834921637,-63.2245369791667,0.25));
#8496=CARTESIAN_POINT('',(90.4993414477428,-63.4745369791667,0.25));
#8497=CARTESIAN_POINT('',(108.511834921637,-63.4745369791667,0.25));
#8498=CARTESIAN_POINT('Origin',(90.2493414477428,-63.2245369791667,0.25));
#8499=CARTESIAN_POINT('Origin',(115.511783879971,-77.7744348958334,0.25));
#8500=CARTESIAN_POINT('',(90.4993414477428,-77.5244348958334,0.25));
#8501=CARTESIAN_POINT('',(115.511783879971,-77.5244348958334,0.25));
#8502=CARTESIAN_POINT('Origin',(90.2493414477428,-77.7744348958334,0.25));
#8503=CARTESIAN_POINT('Origin',(90.2493414477428,-82.1687724850494,0.25));
#8504=CARTESIAN_POINT('',(90.4993414477428,-82.1687724850494,0.25));
#8505=CARTESIAN_POINT('Origin',(90.5243414477428,-63.4745369791667,0.));
#8506=CARTESIAN_POINT('',(104.549239364409,-63.4745369791667,1.25));
#8507=CARTESIAN_POINT('',(104.549239364409,-63.4745369791667,0.));
#8508=CARTESIAN_POINT('',(90.4993414477428,-63.4745369791667,1.25));
#8509=CARTESIAN_POINT('',(108.511834921637,-63.4745369791667,1.25));
#8510=CARTESIAN_POINT('',(90.4993414477428,-63.4745369791667,0.));
#8511=CARTESIAN_POINT('Origin',(104.549239364409,-63.4995369791667,0.));
#8512=CARTESIAN_POINT('',(104.549239364409,-77.5244348958334,1.25));
#8513=CARTESIAN_POINT('',(104.549239364409,-77.5244348958334,0.));
#8514=CARTESIAN_POINT('',(104.549239364409,-75.1688235267161,1.25));
#8515=CARTESIAN_POINT('Origin',(85.7793737794797,-69.6688636308828,0.25));
#8516=CARTESIAN_POINT('',(85.5293737794797,-66.5245151041667,0.25));
#8517=CARTESIAN_POINT('',(85.5293737794797,-52.4746171875,0.25));
#8518=CARTESIAN_POINT('',(85.5293737794797,-69.6688636308828,0.25));
#8519=CARTESIAN_POINT('Origin',(85.7793737794797,-52.2246171875,0.25));
#8520=CARTESIAN_POINT('Origin',(85.7793737794797,-66.7745151041667,0.25));
#8521=CARTESIAN_POINT('Origin',(99.0019021291723,-52.2246171875,0.25));
#8522=CARTESIAN_POINT('',(71.479475862813,-52.4746171875,0.25));
#8523=CARTESIAN_POINT('',(99.0019021291723,-52.4746171875,0.25));
#8524=CARTESIAN_POINT('Origin',(71.229475862813,-52.2246171875,0.25));
#8525=CARTESIAN_POINT('Origin',(106.001851087506,-66.7745151041667,0.25));
#8526=CARTESIAN_POINT('',(71.479475862813,-66.5245151041667,0.25));
#8527=CARTESIAN_POINT('',(106.001851087506,-66.5245151041667,0.25));
#8528=CARTESIAN_POINT('Origin',(71.229475862813,-66.7745151041667,0.25));
#8529=CARTESIAN_POINT('Origin',(71.229475862813,-76.6688125892161,0.25));
#8530=CARTESIAN_POINT('',(71.479475862813,-76.6688125892161,0.25));
#8531=CARTESIAN_POINT('Origin',(71.504475862813,-52.4746171875,0.));
#8532=CARTESIAN_POINT('',(85.5293737794797,-52.4746171875,1.25));
#8533=CARTESIAN_POINT('',(85.5293737794797,-52.4746171875,0.));
#8534=CARTESIAN_POINT('',(71.479475862813,-52.4746171875,1.25));
#8535=CARTESIAN_POINT('',(99.0019021291723,-52.4746171875,1.25));
#8536=CARTESIAN_POINT('',(71.479475862813,-52.4746171875,0.));
#8537=CARTESIAN_POINT('Origin',(85.5293737794797,-52.4996171875,0.));
#8538=CARTESIAN_POINT('',(85.5293737794797,-66.5245151041667,1.25));
#8539=CARTESIAN_POINT('',(85.5293737794797,-66.5245151041667,0.));
#8540=CARTESIAN_POINT('',(85.5293737794797,-69.6688636308828,1.25));
#8541=CARTESIAN_POINT('Origin',(85.7993779060761,-79.1787926086782,0.25));
#8542=CARTESIAN_POINT('',(85.5493779060761,-85.5443730597575,0.25));
#8543=CARTESIAN_POINT('',(85.5493779060761,-71.4944751430909,0.25));
#8544=CARTESIAN_POINT('',(85.5493779060761,-79.1787926086782,0.25));
#8545=CARTESIAN_POINT('Origin',(85.7993779060761,-71.2444751430909,0.25));
#8546=CARTESIAN_POINT('Origin',(85.7993779060761,-85.7943730597576,0.25));
#8547=CARTESIAN_POINT('Origin',(99.0119041924705,-71.2444751430909,0.25));
#8548=CARTESIAN_POINT('',(71.4994799894095,-71.4944751430909,0.25));
#8549=CARTESIAN_POINT('',(99.0119041924705,-71.4944751430909,0.25));
#8550=CARTESIAN_POINT('Origin',(71.2494799894095,-71.2444751430909,0.25));
#8551=CARTESIAN_POINT('Origin',(106.011853150804,-85.7943730597576,0.25));
#8552=CARTESIAN_POINT('',(71.4994799894095,-85.5443730597575,0.25));
#8553=CARTESIAN_POINT('',(106.011853150804,-85.5443730597575,0.25));
#8554=CARTESIAN_POINT('Origin',(71.2494799894095,-85.7943730597576,0.25));
#8555=CARTESIAN_POINT('Origin',(71.2494799894095,-86.1787415670116,0.25));
#8556=CARTESIAN_POINT('',(71.4994799894095,-86.1787415670116,0.25));
#8557=CARTESIAN_POINT('Origin',(71.5244799894095,-71.4944751430909,0.));
#8558=CARTESIAN_POINT('',(85.5493779060761,-71.4944751430909,1.25));
#8559=CARTESIAN_POINT('',(85.5493779060761,-71.4944751430909,0.));
#8560=CARTESIAN_POINT('',(71.4994799894095,-71.4944751430909,1.25));
#8561=CARTESIAN_POINT('',(99.0119041924705,-71.4944751430909,1.25));
#8562=CARTESIAN_POINT('',(71.4994799894095,-71.4944751430909,0.));
#8563=CARTESIAN_POINT('Origin',(85.5493779060761,-71.5194751430909,0.));
#8564=CARTESIAN_POINT('',(85.5493779060761,-85.5443730597575,1.25));
#8565=CARTESIAN_POINT('',(85.5493779060761,-85.5443730597575,0.));
#8566=CARTESIAN_POINT('',(85.5493779060761,-79.1787926086782,1.25));
#8567=CARTESIAN_POINT('Origin',(161.798816110071,-77.1688089433828,0.25));
#8568=CARTESIAN_POINT('',(161.548816110071,-81.5244057291667,0.25));
#8569=CARTESIAN_POINT('',(161.548816110071,-67.4745078125,0.25));
#8570=CARTESIAN_POINT('',(161.548816110071,-77.1688089433828,0.25));
#8571=CARTESIAN_POINT('Origin',(161.798816110071,-67.2245078125,0.25));
#8572=CARTESIAN_POINT('Origin',(161.798816110071,-81.7744057291667,0.25));
#8573=CARTESIAN_POINT('Origin',(137.011623294468,-67.2245078125,0.25));
#8574=CARTESIAN_POINT('',(147.498918193404,-67.4745078125,0.25));
#8575=CARTESIAN_POINT('',(137.011623294468,-67.4745078125,0.25));
#8576=CARTESIAN_POINT('Origin',(147.248918193404,-67.2245078125,0.25));
#8577=CARTESIAN_POINT('Origin',(144.011572252801,-81.7744057291667,0.25));
#8578=CARTESIAN_POINT('',(147.498918193404,-81.5244057291667,0.25));
#8579=CARTESIAN_POINT('',(144.011572252801,-81.5244057291667,0.25));
#8580=CARTESIAN_POINT('Origin',(147.248918193404,-81.7744057291667,0.25));
#8581=CARTESIAN_POINT('Origin',(147.248918193404,-84.1687579017161,0.25));
#8582=CARTESIAN_POINT('',(147.498918193404,-84.1687579017161,0.25));
#8583=CARTESIAN_POINT('Origin',(147.523918193404,-67.4745078125,0.));
#8584=CARTESIAN_POINT('',(161.548816110071,-67.4745078125,1.25));
#8585=CARTESIAN_POINT('',(161.548816110071,-67.4745078125,0.));
#8586=CARTESIAN_POINT('',(147.498918193404,-67.4745078125,1.25));
#8587=CARTESIAN_POINT('',(137.011623294468,-67.4745078125,1.25));
#8588=CARTESIAN_POINT('',(147.498918193404,-67.4745078125,0.));
#8589=CARTESIAN_POINT('Origin',(161.548816110071,-67.4995078125,0.));
#8590=CARTESIAN_POINT('',(161.548816110071,-81.5244057291667,1.25));
#8591=CARTESIAN_POINT('',(161.548816110071,-81.5244057291667,0.));
#8592=CARTESIAN_POINT('',(161.548816110071,-77.1688089433828,1.25));
#8593=CARTESIAN_POINT('Origin',(123.774099479167,-64.1689037350494,0.25));
#8594=CARTESIAN_POINT('',(123.524099479167,-55.5245953125,0.25));
#8595=CARTESIAN_POINT('',(123.524099479167,-41.4746973958333,0.25));
#8596=CARTESIAN_POINT('',(123.524099479167,-64.1689037350494,0.25));
#8597=CARTESIAN_POINT('Origin',(123.774099479167,-41.2246973958333,0.25));
#8598=CARTESIAN_POINT('Origin',(123.774099479167,-55.7745953125,0.25));
#8599=CARTESIAN_POINT('Origin',(117.999264979016,-41.2246973958333,0.25));
#8600=CARTESIAN_POINT('',(109.4742015625,-41.4746973958333,0.25));
#8601=CARTESIAN_POINT('',(117.999264979016,-41.4746973958333,0.25));
#8602=CARTESIAN_POINT('Origin',(109.2242015625,-41.2246973958333,0.25));
#8603=CARTESIAN_POINT('Origin',(124.999213937349,-55.7745953125,0.25));
#8604=CARTESIAN_POINT('',(109.4742015625,-55.5245953125,0.25));
#8605=CARTESIAN_POINT('',(124.999213937349,-55.5245953125,0.25));
#8606=CARTESIAN_POINT('Origin',(109.2242015625,-55.7745953125,0.25));
#8607=CARTESIAN_POINT('Origin',(109.2242015625,-71.1688526933828,0.25));
#8608=CARTESIAN_POINT('',(109.4742015625,-71.1688526933828,0.25));
#8609=CARTESIAN_POINT('Origin',(109.4992015625,-41.4746973958333,0.));
#8610=CARTESIAN_POINT('',(123.524099479167,-41.4746973958333,1.25));
#8611=CARTESIAN_POINT('',(123.524099479167,-41.4746973958333,0.));
#8612=CARTESIAN_POINT('',(109.4742015625,-41.4746973958333,1.25));
#8613=CARTESIAN_POINT('',(117.999264979016,-41.4746973958333,1.25));
#8614=CARTESIAN_POINT('',(109.4742015625,-41.4746973958333,0.));
#8615=CARTESIAN_POINT('Origin',(123.524099479167,-41.4996973958333,0.));
#8616=CARTESIAN_POINT('',(123.524099479167,-55.5245953125,1.25));
#8617=CARTESIAN_POINT('',(123.524099479167,-55.5245953125,0.));
#8618=CARTESIAN_POINT('',(123.524099479167,-64.1689037350494,1.25));
#8619=CARTESIAN_POINT('Origin',(128.249056735071,-83.1687651933828,1.25));
#8620=CARTESIAN_POINT('',(128.249056735071,-65.2245223958333,1.5));
#8621=CARTESIAN_POINT('',(128.249056735071,-79.7744203125,1.5));
#8622=CARTESIAN_POINT('',(128.249056735071,-83.1687651933828,1.5));
#8623=CARTESIAN_POINT('',(128.499056735071,-79.5244203125,1.25));
#8624=CARTESIAN_POINT('Origin',(128.249056735071,-79.7744203125,1.25));
#8625=CARTESIAN_POINT('',(128.499056735071,-83.1687651933828,1.25));
#8626=CARTESIAN_POINT('Origin',(128.249056735071,-65.2245223958333,1.25));
#8627=CARTESIAN_POINT('Origin',(134.511641523634,-79.7744203125,1.25));
#8628=CARTESIAN_POINT('',(142.798954651737,-79.7744203125,1.5));
#8629=CARTESIAN_POINT('',(134.511641523634,-79.7744203125,1.5));
#8630=CARTESIAN_POINT('Origin',(142.798954651737,-79.7744203125,1.25));
#8631=CARTESIAN_POINT('',(134.511641523634,-79.5244203125,1.25));
#8632=CARTESIAN_POINT('Origin',(142.798954651737,-76.1688162350494,1.25));
#8633=CARTESIAN_POINT('',(142.798954651737,-65.2245223958333,1.5));
#8634=CARTESIAN_POINT('',(142.798954651737,-76.1688162350494,1.5));
#8635=CARTESIAN_POINT('Origin',(142.798954651737,-65.2245223958333,1.25));
#8636=CARTESIAN_POINT('Origin',(127.511692565301,-65.2245223958333,1.25));
#8637=CARTESIAN_POINT('',(127.511692565301,-65.2245223958333,1.5));
#8638=CARTESIAN_POINT('Origin',(128.499056735071,-79.4994203125,0.));
#8639=CARTESIAN_POINT('',(128.499056735071,-79.5244203125,0.));
#8640=CARTESIAN_POINT('Origin',(126.499328395532,-86.8381100742656,1.5));
#8641=CARTESIAN_POINT('',(170.509453769683,-134.334711787429,1.5));
#8642=CARTESIAN_POINT('',(154.228677859101,-124.934958055154,1.5));
#8643=CARTESIAN_POINT('',(135.603464838064,-114.181636679659,1.5));
#8644=CARTESIAN_POINT('',(179.884498039053,-118.096741253566,1.5));
#8645=CARTESIAN_POINT('',(175.228987996301,-126.160280232394,1.5));
#8646=CARTESIAN_POINT('',(183.27988428085,-112.240482220206,1.5));
#8647=CARTESIAN_POINT('',(179.951069720089,-117.981920440653,1.5));
#8648=CARTESIAN_POINT('',(183.006052378117,-111.214778486713,1.5));
#8649=CARTESIAN_POINT('Origin',(182.63105108021,-111.864296790202,1.5));
#8650=CARTESIAN_POINT('',(164.374999711402,-100.458085574655,1.5));
#8651=CARTESIAN_POINT('',(156.97216683579,-96.1840382974171,1.5));
#8652=CARTESIAN_POINT('',(163.750001874581,-99.3755550688389,1.5));
#8653=CARTESIAN_POINT('Origin',(165.000001874581,-99.3755550688389,1.5));
#8654=CARTESIAN_POINT('',(163.750001874581,-47.0000006854534,1.5));
#8655=CARTESIAN_POINT('',(163.750001874581,-93.3955070400607,1.5));
#8656=CARTESIAN_POINT('',(163.000001874581,-46.2500006854534,1.5));
#8657=CARTESIAN_POINT('Origin',(163.000001874581,-47.0000006854534,1.5));
#8658=CARTESIAN_POINT('',(146.000001877546,-46.2500006854534,1.5));
#8659=CARTESIAN_POINT('',(145.249665135056,-46.2500006854534,1.5));
#8660=CARTESIAN_POINT('',(144.750001877546,-45.0000006780028,1.5));
#8661=CARTESIAN_POINT('Origin',(146.000001877546,-45.0000006854534,1.5));
#8662=CARTESIAN_POINT('',(144.000001877546,-44.2500006556511,1.5));
#8663=CARTESIAN_POINT('Origin',(144.000001877546,-45.0000006556511,1.5));
#8664=CARTESIAN_POINT('',(127.000001877546,-44.2500006556511,1.5));
#8665=CARTESIAN_POINT('',(135.749665136539,-44.2500006556511,1.5));
#8666=CARTESIAN_POINT('',(125.750001877546,-43.0000006556511,1.5));
#8667=CARTESIAN_POINT('Origin',(127.000001877546,-43.0000006556511,1.5));
#8668=CARTESIAN_POINT('',(125.750001877546,-40.0000018524006,1.5));
#8669=CARTESIAN_POINT('',(125.750001877546,-65.4190553649583,1.5));
#8670=CARTESIAN_POINT('',(125.000001877546,-39.2500018524006,1.5));
#8671=CARTESIAN_POINT('Origin',(125.000001877546,-40.0000018524006,1.5));
#8672=CARTESIAN_POINT('',(108.000001594424,-39.2500018524006,1.5));
#8673=CARTESIAN_POINT('',(126.249665136539,-39.2500018524006,1.5));
#8674=CARTESIAN_POINT('',(107.250001594424,-40.0000018524006,1.5));
#8675=CARTESIAN_POINT('Origin',(108.000001594424,-40.0000018524006,1.5));
#8676=CARTESIAN_POINT('',(107.250001594424,-40.9998993817415,1.5));
#8677=CARTESIAN_POINT('',(107.250001594424,-62.9190559633331,1.5));
#8678=CARTESIAN_POINT('',(106.000258660529,-42.2498993553083,1.5));
#8679=CARTESIAN_POINT('Origin',(106.000001594424,-40.9998993817415,1.5));
#8680=CARTESIAN_POINT('',(89.0023835395072,-42.2533950174169,1.5));
#8681=CARTESIAN_POINT('',(116.745105421145,-42.2476896465407,1.5));
#8682=CARTESIAN_POINT('',(88.2525377950299,-43.0035492412198,1.5));
#8683=CARTESIAN_POINT('Origin',(89.00253777917,-43.003395001557,1.5));
#8684=CARTESIAN_POINT('',(88.2537729790674,-49.009708694971,1.5));
#8685=CARTESIAN_POINT('',(88.2569431292002,-64.4247615226717,1.5));
#8686=CARTESIAN_POINT('',(87.0040300716052,-50.2599657346424,1.5));
#8687=CARTESIAN_POINT('Origin',(87.0037730055006,-49.0099657610756,1.5));
#8688=CARTESIAN_POINT('',(69.9998500260974,-50.263462693377,1.5));
#8689=CARTESIAN_POINT('',(107.247917187454,-50.2558025207924,1.5));
#8690=CARTESIAN_POINT('',(69.2500042657601,-51.0134625997122,1.5));
#8691=CARTESIAN_POINT('Origin',(70.0000042657601,-51.013462677517,1.5));
#8692=CARTESIAN_POINT('',(69.249998561572,-105.999010240355,1.5));
#8693=CARTESIAN_POINT('',(69.2500024593993,-68.4258862352027,1.5));
#8694=CARTESIAN_POINT('',(70.0007386636203,-106.749009952992,1.5));
#8695=CARTESIAN_POINT('Origin',(69.999998561572,-105.999010318159,1.5));
#8696=CARTESIAN_POINT('',(107.127996065119,-106.712372656154,1.5));
#8697=CARTESIAN_POINT('',(97.7593366281071,-106.721617679374,1.5));
#8698=CARTESIAN_POINT('',(116.664004011542,-119.965443676622,1.5));
#8699=CARTESIAN_POINT('',(105.758373717684,-104.808881977061,1.5));
#8700=CARTESIAN_POINT('',(119.289994493895,-120.312841806922,1.5));
#8701=CARTESIAN_POINT('',(146.373942526042,-64.9995260416667,1.5));
#8702=CARTESIAN_POINT('Origin',(145.023942526042,-64.9995260416667,1.5));
#8703=CARTESIAN_POINT('',(163.298819114583,-105.949227447917,1.5));
#8704=CARTESIAN_POINT('Origin',(161.948819114583,-105.949227447917,1.5));
#8705=CARTESIAN_POINT('',(118.749133635243,-103.424240802431,1.5));
#8706=CARTESIAN_POINT('',(118.749133635243,-117.974138719098,1.5));
#8707=CARTESIAN_POINT('',(118.749133635243,-102.268624396682,1.5));
#8708=CARTESIAN_POINT('',(133.299023922571,-103.424240802431,1.5));
#8709=CARTESIAN_POINT('',(122.761731015387,-103.424240802431,1.5));
#8710=CARTESIAN_POINT('',(133.299023922571,-117.974138719098,1.5));
#8711=CARTESIAN_POINT('',(133.299023922571,-95.2686754383483,1.5));
#8712=CARTESIAN_POINT('',(129.761676159051,-117.974138719098,1.5));
#8713=CARTESIAN_POINT('',(109.249202906076,-60.2245588541667,1.5));
#8714=CARTESIAN_POINT('',(109.249202906076,-74.7744567708334,1.5));
#8715=CARTESIAN_POINT('',(109.249202906076,-80.6687834225495,1.5));
#8716=CARTESIAN_POINT('',(123.799100822743,-60.2245588541667,1.5));
#8717=CARTESIAN_POINT('',(118.011765650804,-60.2245588541667,1.5));
#8718=CARTESIAN_POINT('',(123.799100822743,-74.7744567708334,1.5));
#8719=CARTESIAN_POINT('',(123.799100822743,-73.6688344642161,1.5));
#8720=CARTESIAN_POINT('',(125.011714609137,-74.7744567708334,1.5));
#8721=CARTESIAN_POINT('',(138.313977797488,-118.643288955613,1.5));
#8722=CARTESIAN_POINT('',(152.368041388501,-122.409111702718,1.5));
#8723=CARTESIAN_POINT('',(135.720904353477,-117.948468208778,1.5));
#8724=CARTESIAN_POINT('',(142.079808528513,-104.589233088949,1.5));
#8725=CARTESIAN_POINT('',(141.929539109103,-105.150037587685,1.5));
#8726=CARTESIAN_POINT('',(156.133872119527,-108.355055836054,1.5));
#8727=CARTESIAN_POINT('',(132.725327798175,-102.082675743912,1.5));
#8728=CARTESIAN_POINT('',(157.795340504526,-102.15446659791,1.5));
#8729=CARTESIAN_POINT('',(128.249056735071,-84.2243838541667,1.5));
#8730=CARTESIAN_POINT('',(128.249056735071,-98.7742817708333,1.5));
#8731=CARTESIAN_POINT('',(128.249056735071,-92.6686959225495,1.5));
#8732=CARTESIAN_POINT('',(142.798954651737,-84.2243838541667,1.5));
#8733=CARTESIAN_POINT('',(127.511692565301,-84.2243838541667,1.5));
#8734=CARTESIAN_POINT('',(142.798954651737,-98.7742817708333,1.5));
#8735=CARTESIAN_POINT('',(142.798954651737,-85.6687469642161,1.5));
#8736=CARTESIAN_POINT('',(134.511641523634,-98.7742817708333,1.5));
#8737=CARTESIAN_POINT('',(147.248918193404,-48.2246463541667,1.5));
#8738=CARTESIAN_POINT('',(147.248918193404,-62.7745442708334,1.5));
#8739=CARTESIAN_POINT('',(147.248918193404,-74.6688271725495,1.5));
#8740=CARTESIAN_POINT('',(161.798816110071,-48.2246463541667,1.5));
#8741=CARTESIAN_POINT('',(137.011623294468,-48.2246463541667,1.5));
#8742=CARTESIAN_POINT('',(161.798816110071,-62.7745442708333,1.5));
#8743=CARTESIAN_POINT('',(161.798816110071,-67.6688782142161,1.5));
#8744=CARTESIAN_POINT('',(144.011572252801,-62.7745442708334,1.5));
#8745=CARTESIAN_POINT('',(109.249202906076,-79.2244203125,1.5));
#8746=CARTESIAN_POINT('',(109.249202906076,-93.7743182291667,1.5));
#8747=CARTESIAN_POINT('',(109.249202906076,-90.1687141517161,1.5));
#8748=CARTESIAN_POINT('',(123.799100822743,-79.2244203125,1.5));
#8749=CARTESIAN_POINT('',(118.011765650804,-79.2244203125,1.5));
#8750=CARTESIAN_POINT('',(123.799100822743,-93.7743182291667,1.5));
#8751=CARTESIAN_POINT('',(123.799100822743,-83.1687651933828,1.5));
#8752=CARTESIAN_POINT('',(125.011714609137,-93.7743182291667,1.5));
#8753=CARTESIAN_POINT('',(128.249056735071,-46.2246609375,1.5));
#8754=CARTESIAN_POINT('',(128.249056735071,-60.7745588541667,1.5));
#8755=CARTESIAN_POINT('',(128.249056735071,-73.6688344642161,1.5));
#8756=CARTESIAN_POINT('',(142.798954651737,-46.2246609375,1.5));
#8757=CARTESIAN_POINT('',(127.511692565301,-46.2246609375,1.5));
#8758=CARTESIAN_POINT('',(142.798954651737,-60.7745588541667,1.5));
#8759=CARTESIAN_POINT('',(142.798954651737,-66.6688855058828,1.5));
#8760=CARTESIAN_POINT('',(134.511641523634,-60.7745588541667,1.5));
#8761=CARTESIAN_POINT('',(71.229475862813,-52.2246171875,1.5));
#8762=CARTESIAN_POINT('',(71.229475862813,-66.7745151041667,1.5));
#8763=CARTESIAN_POINT('',(71.229475862813,-76.6688125892161,1.5));
#8764=CARTESIAN_POINT('',(85.7793737794797,-52.2246171875,1.5));
#8765=CARTESIAN_POINT('',(99.0019021291723,-52.2246171875,1.5));
#8766=CARTESIAN_POINT('',(85.7793737794797,-66.7745151041667,1.5));
#8767=CARTESIAN_POINT('',(85.7793737794797,-69.6688636308828,1.5));
#8768=CARTESIAN_POINT('',(106.001851087506,-66.7745151041667,1.5));
#8769=CARTESIAN_POINT('',(147.248918193404,-67.2245078125,1.5));
#8770=CARTESIAN_POINT('',(147.248918193404,-81.7744057291667,1.5));
#8771=CARTESIAN_POINT('',(147.248918193404,-84.1687579017161,1.5));
#8772=CARTESIAN_POINT('',(161.798816110071,-67.2245078125,1.5));
#8773=CARTESIAN_POINT('',(137.011623294468,-67.2245078125,1.5));
#8774=CARTESIAN_POINT('',(161.798816110071,-81.7744057291667,1.5));
#8775=CARTESIAN_POINT('',(161.798816110071,-77.1688089433828,1.5));
#8776=CARTESIAN_POINT('',(144.011572252801,-81.7744057291667,1.5));
#8777=CARTESIAN_POINT('',(109.2242015625,-41.2246973958333,1.5));
#8778=CARTESIAN_POINT('',(109.2242015625,-55.7745953125,1.5));
#8779=CARTESIAN_POINT('',(109.2242015625,-71.1688526933828,1.5));
#8780=CARTESIAN_POINT('',(123.774099479167,-41.2246973958333,1.5));
#8781=CARTESIAN_POINT('',(117.999264979016,-41.2246973958333,1.5));
#8782=CARTESIAN_POINT('',(123.774099479167,-55.7745953125,1.5));
#8783=CARTESIAN_POINT('',(123.774099479167,-64.1689037350494,1.5));
#8784=CARTESIAN_POINT('',(124.999213937349,-55.7745953125,1.5));
#8785=CARTESIAN_POINT('',(71.2494799894095,-71.2444751430909,1.5));
#8786=CARTESIAN_POINT('',(71.2494799894095,-85.7943730597576,1.5));
#8787=CARTESIAN_POINT('',(71.2494799894095,-86.1787415670116,1.5));
#8788=CARTESIAN_POINT('',(85.7993779060761,-71.2444751430909,1.5));
#8789=CARTESIAN_POINT('',(99.0119041924705,-71.2444751430909,1.5));
#8790=CARTESIAN_POINT('',(85.7993779060761,-85.7943730597576,1.5));
#8791=CARTESIAN_POINT('',(85.7993779060761,-79.1787926086782,1.5));
#8792=CARTESIAN_POINT('',(106.011853150804,-85.7943730597576,1.5));
#8793=CARTESIAN_POINT('',(90.2493414477428,-63.2245369791667,1.5));
#8794=CARTESIAN_POINT('',(90.2493414477428,-77.7744348958334,1.5));
#8795=CARTESIAN_POINT('',(90.2493414477428,-82.1687724850494,1.5));
#8796=CARTESIAN_POINT('',(104.799239364409,-63.2245369791667,1.5));
#8797=CARTESIAN_POINT('',(108.511834921637,-63.2245369791667,1.5));
#8798=CARTESIAN_POINT('',(104.799239364409,-77.7744348958334,1.5));
#8799=CARTESIAN_POINT('',(104.799239364409,-75.1688235267161,1.5));
#8800=CARTESIAN_POINT('',(115.511783879971,-77.7744348958334,1.5));
#8801=CARTESIAN_POINT('',(147.248918193404,-86.2243692708333,1.5));
#8802=CARTESIAN_POINT('',(147.248918193404,-100.7742671875,1.5));
#8803=CARTESIAN_POINT('',(147.248918193404,-93.6686886308828,1.5));
#8804=CARTESIAN_POINT('',(161.798816110071,-86.2243692708333,1.5));
#8805=CARTESIAN_POINT('',(137.011623294468,-86.2243692708333,1.5));
#8806=CARTESIAN_POINT('',(161.798816110071,-100.7742671875,1.5));
#8807=CARTESIAN_POINT('',(161.798816110071,-86.6687396725494,1.5));
#8808=CARTESIAN_POINT('',(144.011572252801,-100.7742671875,1.5));
#8809=CARTESIAN_POINT('',(113.074185338542,-100.599266458333,1.5));
#8810=CARTESIAN_POINT('Origin',(111.724185338542,-100.599266458333,1.5));
#8811=CARTESIAN_POINT('',(90.2493414477428,-82.2243984375,1.5));
#8812=CARTESIAN_POINT('',(90.2493414477428,-96.7742963541667,1.5));
#8813=CARTESIAN_POINT('',(90.2493414477428,-91.6687032142161,1.5));
#8814=CARTESIAN_POINT('',(104.799239364409,-82.2243984375,1.5));
#8815=CARTESIAN_POINT('',(108.511834921637,-82.2243984375,1.5));
#8816=CARTESIAN_POINT('',(104.799239364409,-96.7742963541667,1.5));
#8817=CARTESIAN_POINT('',(104.799239364409,-84.6687542558828,1.5));
#8818=CARTESIAN_POINT('',(115.511783879971,-96.7742963541667,1.5));
#8819=CARTESIAN_POINT('',(90.2293373211463,-44.2246755208333,1.5));
#8820=CARTESIAN_POINT('',(90.2293373211463,-58.7745734375,1.5));
#8821=CARTESIAN_POINT('',(90.2293373211463,-72.6688417558828,1.5));
#8822=CARTESIAN_POINT('',(104.779235237813,-44.2246755208333,1.5));
#8823=CARTESIAN_POINT('',(108.501832858339,-44.2246755208333,1.5));
#8824=CARTESIAN_POINT('',(104.779235237813,-58.7745734375,1.5));
#8825=CARTESIAN_POINT('',(104.779235237813,-65.6688927975494,1.5));
#8826=CARTESIAN_POINT('',(115.501781816672,-58.7745734375,1.5));
#8827=CARTESIAN_POINT('',(89.3743581510417,-79.9994166666667,1.5));
#8828=CARTESIAN_POINT('Origin',(88.0243581510417,-79.9994166666667,1.5));
#8829=CARTESIAN_POINT('',(71.2494799894095,-90.2243401041667,1.5));
#8830=CARTESIAN_POINT('',(71.2494799894095,-104.774238020833,1.5));
#8831=CARTESIAN_POINT('',(71.2494799894095,-95.6686740475494,1.5));
#8832=CARTESIAN_POINT('',(85.7993779060761,-90.2243401041667,1.5));
#8833=CARTESIAN_POINT('',(99.0119041924705,-90.2243401041667,1.5));
#8834=CARTESIAN_POINT('',(85.7993779060761,-104.774238020833,1.5));
#8835=CARTESIAN_POINT('',(85.7993779060761,-88.6687250892161,1.5));
#8836=CARTESIAN_POINT('',(106.011853150804,-104.774238020833,1.5));
#8837=CARTESIAN_POINT('',(89.3743581510417,-60.9995552083333,1.5));
#8838=CARTESIAN_POINT('Origin',(88.0243581510417,-60.9995552083333,1.5));
#8839=CARTESIAN_POINT('',(157.185999546281,-124.36195069052,1.5));
#8840=CARTESIAN_POINT('',(169.786615028783,-131.636906962149,1.5));
#8841=CARTESIAN_POINT('',(143.73557423607,-116.596357327046,1.5));
#8842=CARTESIAN_POINT('',(164.460947731634,-111.761327551253,1.5));
#8843=CARTESIAN_POINT('',(161.543071037271,-116.815255586994,1.5));
#8844=CARTESIAN_POINT('',(177.061563214136,-119.036275893818,1.5));
#8845=CARTESIAN_POINT('',(144.948371827181,-100.495768187712,1.5));
#8846=CARTESIAN_POINT('',(177.643665851007,-118.028040455677,1.5));
#8847=CARTESIAN_POINT('Origin',(145.023942526042,-64.9995260416667,1.25));
#8848=CARTESIAN_POINT('Origin',(146.373942526042,-64.9995260416667,1.25));
#8849=CARTESIAN_POINT('Origin',(143.73557423607,-116.596357327046,1.25));
#8850=CARTESIAN_POINT('',(169.695108204213,-131.295400552005,1.25));
#8851=CARTESIAN_POINT('Origin',(169.786615028783,-131.636906962149,1.25));
#8852=CARTESIAN_POINT('',(143.860574075384,-116.379850883328,1.25));
#8853=CARTESIAN_POINT('Origin',(157.185999546281,-124.36195069052,1.25));
#8854=CARTESIAN_POINT('Origin',(177.643665851007,-118.028040455677,1.25));
#8855=CARTESIAN_POINT('Origin',(177.061563214136,-119.036275893818,1.25));
#8856=CARTESIAN_POINT('',(177.427159280177,-117.903040836528,1.25));
#8857=CARTESIAN_POINT('Origin',(144.948371827181,-100.495768187712,1.25));
#8858=CARTESIAN_POINT('Origin',(164.460947731634,-111.761327551253,1.25));
#8859=CARTESIAN_POINT('Origin',(161.543071037271,-116.815255586994,1.25));
#8860=CARTESIAN_POINT('Origin',(169.673457537825,-131.282900555362,0.));
#8861=CARTESIAN_POINT('',(169.695108204213,-131.295400552005,0.));
#8862=CARTESIAN_POINT('Origin',(161.948819114583,-105.949227447917,1.25));
#8863=CARTESIAN_POINT('Origin',(163.298819114583,-105.949227447917,1.25));
#8864=CARTESIAN_POINT('Origin',(88.0243581510417,-60.9995552083333,1.25));
#8865=CARTESIAN_POINT('Origin',(89.3743581510417,-60.9995552083333,1.25));
#8866=CARTESIAN_POINT('Origin',(118.749133635243,-102.268624396682,1.25));
#8867=CARTESIAN_POINT('',(118.999133635243,-117.724138719098,1.25));
#8868=CARTESIAN_POINT('Origin',(118.749133635243,-117.974138719098,1.25));
#8869=CARTESIAN_POINT('',(118.999133635243,-102.268624396682,1.25));
#8870=CARTESIAN_POINT('Origin',(118.749133635243,-103.424240802431,1.25));
#8871=CARTESIAN_POINT('Origin',(129.761676159051,-117.974138719098,1.25));
#8872=CARTESIAN_POINT('Origin',(133.299023922571,-117.974138719098,1.25));
#8873=CARTESIAN_POINT('',(129.761676159051,-117.724138719098,1.25));
#8874=CARTESIAN_POINT('Origin',(133.299023922571,-95.2686754383483,1.25));
#8875=CARTESIAN_POINT('Origin',(133.299023922571,-103.424240802431,1.25));
#8876=CARTESIAN_POINT('Origin',(122.761731015387,-103.424240802431,1.25));
#8877=CARTESIAN_POINT('Origin',(118.999133635243,-117.699138719098,0.));
#8878=CARTESIAN_POINT('',(118.999133635243,-117.724138719098,0.));
#8879=CARTESIAN_POINT('Origin',(71.2494799894095,-95.6686740475494,1.25));
#8880=CARTESIAN_POINT('',(71.4994799894095,-104.524238020833,1.25));
#8881=CARTESIAN_POINT('Origin',(71.2494799894095,-104.774238020833,1.25));
#8882=CARTESIAN_POINT('',(71.4994799894095,-95.6686740475494,1.25));
#8883=CARTESIAN_POINT('Origin',(71.2494799894095,-90.2243401041667,1.25));
#8884=CARTESIAN_POINT('Origin',(106.011853150804,-104.774238020833,1.25));
#8885=CARTESIAN_POINT('Origin',(85.7993779060761,-104.774238020833,1.25));
#8886=CARTESIAN_POINT('',(106.011853150804,-104.524238020833,1.25));
#8887=CARTESIAN_POINT('Origin',(85.7993779060761,-88.6687250892161,1.25));
#8888=CARTESIAN_POINT('Origin',(85.7993779060761,-90.2243401041667,1.25));
#8889=CARTESIAN_POINT('Origin',(99.0119041924705,-90.2243401041667,1.25));
#8890=CARTESIAN_POINT('Origin',(71.4994799894095,-104.499238020833,0.));
#8891=CARTESIAN_POINT('',(71.4994799894095,-104.524238020833,0.));
#8892=CARTESIAN_POINT('Origin',(109.249202906076,-80.6687834225495,1.25));
#8893=CARTESIAN_POINT('',(109.499202906076,-74.5244567708334,1.25));
#8894=CARTESIAN_POINT('Origin',(109.249202906076,-74.7744567708334,1.25));
#8895=CARTESIAN_POINT('',(109.499202906076,-80.6687834225495,1.25));
#8896=CARTESIAN_POINT('Origin',(109.249202906076,-60.2245588541667,1.25));
#8897=CARTESIAN_POINT('Origin',(125.011714609137,-74.7744567708334,1.25));
#8898=CARTESIAN_POINT('Origin',(123.799100822743,-74.7744567708334,1.25));
#8899=CARTESIAN_POINT('',(125.011714609137,-74.5244567708334,1.25));
#8900=CARTESIAN_POINT('Origin',(123.799100822743,-73.6688344642161,1.25));
#8901=CARTESIAN_POINT('Origin',(123.799100822743,-60.2245588541667,1.25));
#8902=CARTESIAN_POINT('Origin',(118.011765650804,-60.2245588541667,1.25));
#8903=CARTESIAN_POINT('Origin',(109.499202906076,-74.4994567708333,0.));
#8904=CARTESIAN_POINT('',(109.499202906076,-74.5244567708334,0.));
#8905=CARTESIAN_POINT('Origin',(88.0243581510417,-79.9994166666667,1.25));
#8906=CARTESIAN_POINT('Origin',(89.3743581510417,-79.9994166666667,1.25));
#8907=CARTESIAN_POINT('Origin',(135.720904353477,-117.948468208778,1.25));
#8908=CARTESIAN_POINT('',(152.191265825141,-122.102924967589,1.25));
#8909=CARTESIAN_POINT('Origin',(152.368041388501,-122.409111702718,1.25));
#8910=CARTESIAN_POINT('',(135.785609880368,-117.706986957353,1.25));
#8911=CARTESIAN_POINT('Origin',(138.313977797488,-118.643288955613,1.25));
#8912=CARTESIAN_POINT('Origin',(157.795340504526,-102.15446659791,1.25));
#8913=CARTESIAN_POINT('Origin',(156.133872119527,-108.355055836054,1.25));
#8914=CARTESIAN_POINT('',(157.553859296288,-102.089760909845,1.25));
#8915=CARTESIAN_POINT('Origin',(132.725327798175,-102.082675743912,1.25));
#8916=CARTESIAN_POINT('Origin',(142.079808528513,-104.589233088949,1.25));
#8917=CARTESIAN_POINT('Origin',(141.929539109103,-105.150037587685,1.25));
#8918=CARTESIAN_POINT('Origin',(152.167117716115,-122.096454419218,0.));
#8919=CARTESIAN_POINT('',(152.191265825141,-122.102924967589,0.));
#8920=CARTESIAN_POINT('Origin',(90.2293373211463,-72.6688417558828,1.25));
#8921=CARTESIAN_POINT('',(90.4793373211463,-58.5245734375,1.25));
#8922=CARTESIAN_POINT('Origin',(90.2293373211463,-58.7745734375,1.25));
#8923=CARTESIAN_POINT('',(90.4793373211463,-72.6688417558828,1.25));
#8924=CARTESIAN_POINT('Origin',(90.2293373211463,-44.2246755208333,1.25));
#8925=CARTESIAN_POINT('Origin',(115.501781816672,-58.7745734375,1.25));
#8926=CARTESIAN_POINT('Origin',(104.779235237813,-58.7745734375,1.25));
#8927=CARTESIAN_POINT('',(115.501781816672,-58.5245734375,1.25));
#8928=CARTESIAN_POINT('Origin',(104.779235237813,-65.6688927975494,1.25));
#8929=CARTESIAN_POINT('Origin',(104.779235237813,-44.2246755208333,1.25));
#8930=CARTESIAN_POINT('Origin',(108.501832858339,-44.2246755208333,1.25));
#8931=CARTESIAN_POINT('Origin',(90.4793373211463,-58.4995734375,0.));
#8932=CARTESIAN_POINT('',(90.4793373211463,-58.5245734375,0.));
#8933=CARTESIAN_POINT('Origin',(128.249056735071,-92.6686959225495,1.25));
#8934=CARTESIAN_POINT('',(128.499056735071,-98.5242817708333,1.25));
#8935=CARTESIAN_POINT('Origin',(128.249056735071,-98.7742817708333,1.25));
#8936=CARTESIAN_POINT('',(128.499056735071,-92.6686959225495,1.25));
#8937=CARTESIAN_POINT('Origin',(128.249056735071,-84.2243838541667,1.25));
#8938=CARTESIAN_POINT('Origin',(134.511641523634,-98.7742817708333,1.25));
#8939=CARTESIAN_POINT('Origin',(142.798954651737,-98.7742817708333,1.25));
#8940=CARTESIAN_POINT('',(134.511641523634,-98.5242817708333,1.25));
#8941=CARTESIAN_POINT('Origin',(142.798954651737,-85.6687469642161,1.25));
#8942=CARTESIAN_POINT('Origin',(142.798954651737,-84.2243838541667,1.25));
#8943=CARTESIAN_POINT('Origin',(127.511692565301,-84.2243838541667,1.25));
#8944=CARTESIAN_POINT('Origin',(128.499056735071,-98.4992817708333,0.));
#8945=CARTESIAN_POINT('',(128.499056735071,-98.5242817708333,0.));
#8946=CARTESIAN_POINT('Origin',(90.2493414477428,-91.6687032142161,1.25));
#8947=CARTESIAN_POINT('',(90.4993414477428,-96.5242963541667,1.25));
#8948=CARTESIAN_POINT('Origin',(90.2493414477428,-96.7742963541667,1.25));
#8949=CARTESIAN_POINT('',(90.4993414477428,-91.6687032142161,1.25));
#8950=CARTESIAN_POINT('Origin',(90.2493414477428,-82.2243984375,1.25));
#8951=CARTESIAN_POINT('Origin',(115.511783879971,-96.7742963541667,1.25));
#8952=CARTESIAN_POINT('Origin',(104.799239364409,-96.7742963541667,1.25));
#8953=CARTESIAN_POINT('',(115.511783879971,-96.5242963541667,1.25));
#8954=CARTESIAN_POINT('Origin',(104.799239364409,-84.6687542558828,1.25));
#8955=CARTESIAN_POINT('Origin',(104.799239364409,-82.2243984375,1.25));
#8956=CARTESIAN_POINT('Origin',(108.511834921637,-82.2243984375,1.25));
#8957=CARTESIAN_POINT('Origin',(90.4993414477428,-96.4992963541667,0.));
#8958=CARTESIAN_POINT('',(90.4993414477428,-96.5242963541667,0.));
#8959=CARTESIAN_POINT('Origin',(147.248918193404,-74.6688271725495,1.25));
#8960=CARTESIAN_POINT('',(147.498918193404,-62.5245442708334,1.25));
#8961=CARTESIAN_POINT('Origin',(147.248918193404,-62.7745442708334,1.25));
#8962=CARTESIAN_POINT('',(147.498918193404,-74.6688271725495,1.25));
#8963=CARTESIAN_POINT('Origin',(147.248918193404,-48.2246463541667,1.25));
#8964=CARTESIAN_POINT('Origin',(144.011572252801,-62.7745442708334,1.25));
#8965=CARTESIAN_POINT('Origin',(161.798816110071,-62.7745442708333,1.25));
#8966=CARTESIAN_POINT('',(144.011572252801,-62.5245442708334,1.25));
#8967=CARTESIAN_POINT('Origin',(161.798816110071,-67.6688782142161,1.25));
#8968=CARTESIAN_POINT('Origin',(161.798816110071,-48.2246463541667,1.25));
#8969=CARTESIAN_POINT('Origin',(137.011623294468,-48.2246463541667,1.25));
#8970=CARTESIAN_POINT('Origin',(147.498918193404,-62.4995442708333,0.));
#8971=CARTESIAN_POINT('',(147.498918193404,-62.5245442708334,0.));
#8972=CARTESIAN_POINT('Origin',(111.724185338542,-100.599266458333,1.25));
#8973=CARTESIAN_POINT('Origin',(113.074185338542,-100.599266458333,1.25));
#8974=CARTESIAN_POINT('Origin',(109.249202906076,-90.1687141517161,1.25));
#8975=CARTESIAN_POINT('',(109.499202906076,-93.5243182291667,1.25));
#8976=CARTESIAN_POINT('Origin',(109.249202906076,-93.7743182291667,1.25));
#8977=CARTESIAN_POINT('',(109.499202906076,-90.1687141517161,1.25));
#8978=CARTESIAN_POINT('Origin',(109.249202906076,-79.2244203125,1.25));
#8979=CARTESIAN_POINT('Origin',(125.011714609137,-93.7743182291667,1.25));
#8980=CARTESIAN_POINT('Origin',(123.799100822743,-93.7743182291667,1.25));
#8981=CARTESIAN_POINT('',(125.011714609137,-93.5243182291667,1.25));
#8982=CARTESIAN_POINT('Origin',(123.799100822743,-83.1687651933828,1.25));
#8983=CARTESIAN_POINT('Origin',(123.799100822743,-79.2244203125,1.25));
#8984=CARTESIAN_POINT('Origin',(118.011765650804,-79.2244203125,1.25));
#8985=CARTESIAN_POINT('Origin',(109.499202906076,-93.4993182291667,0.));
#8986=CARTESIAN_POINT('',(109.499202906076,-93.5243182291667,0.));
#8987=CARTESIAN_POINT('Origin',(147.248918193404,-93.6686886308828,1.25));
#8988=CARTESIAN_POINT('',(147.498918193404,-100.5242671875,1.25));
#8989=CARTESIAN_POINT('Origin',(147.248918193404,-100.7742671875,1.25));
#8990=CARTESIAN_POINT('',(147.498918193404,-93.6686886308828,1.25));
#8991=CARTESIAN_POINT('Origin',(147.248918193404,-86.2243692708333,1.25));
#8992=CARTESIAN_POINT('Origin',(144.011572252801,-100.7742671875,1.25));
#8993=CARTESIAN_POINT('Origin',(161.798816110071,-100.7742671875,1.25));
#8994=CARTESIAN_POINT('',(144.011572252801,-100.5242671875,1.25));
#8995=CARTESIAN_POINT('Origin',(161.798816110071,-86.6687396725494,1.25));
#8996=CARTESIAN_POINT('Origin',(161.798816110071,-86.2243692708333,1.25));
#8997=CARTESIAN_POINT('Origin',(137.011623294468,-86.2243692708333,1.25));
#8998=CARTESIAN_POINT('Origin',(147.498918193404,-100.4992671875,0.));
#8999=CARTESIAN_POINT('',(147.498918193404,-100.5242671875,0.));
#9000=CARTESIAN_POINT('Origin',(128.249056735071,-73.6688344642161,1.25));
#9001=CARTESIAN_POINT('',(128.499056735071,-60.5245588541667,1.25));
#9002=CARTESIAN_POINT('Origin',(128.249056735071,-60.7745588541667,1.25));
#9003=CARTESIAN_POINT('',(128.499056735071,-73.6688344642161,1.25));
#9004=CARTESIAN_POINT('Origin',(128.249056735071,-46.2246609375,1.25));
#9005=CARTESIAN_POINT('Origin',(134.511641523634,-60.7745588541667,1.25));
#9006=CARTESIAN_POINT('Origin',(142.798954651737,-60.7745588541667,1.25));
#9007=CARTESIAN_POINT('',(134.511641523634,-60.5245588541667,1.25));
#9008=CARTESIAN_POINT('Origin',(142.798954651737,-66.6688855058828,1.25));
#9009=CARTESIAN_POINT('Origin',(142.798954651737,-46.2246609375,1.25));
#9010=CARTESIAN_POINT('Origin',(127.511692565301,-46.2246609375,1.25));
#9011=CARTESIAN_POINT('Origin',(128.499056735071,-60.4995588541667,0.));
#9012=CARTESIAN_POINT('',(128.499056735071,-60.5245588541667,0.));
#9013=CARTESIAN_POINT('Origin',(90.2493414477428,-82.1687724850494,1.25));
#9014=CARTESIAN_POINT('',(90.4993414477428,-77.5244348958334,1.25));
#9015=CARTESIAN_POINT('Origin',(90.2493414477428,-77.7744348958334,1.25));
#9016=CARTESIAN_POINT('',(90.4993414477428,-82.1687724850494,1.25));
#9017=CARTESIAN_POINT('Origin',(90.2493414477428,-63.2245369791667,1.25));
#9018=CARTESIAN_POINT('Origin',(115.511783879971,-77.7744348958334,1.25));
#9019=CARTESIAN_POINT('Origin',(104.799239364409,-77.7744348958334,1.25));
#9020=CARTESIAN_POINT('',(115.511783879971,-77.5244348958334,1.25));
#9021=CARTESIAN_POINT('Origin',(104.799239364409,-75.1688235267161,1.25));
#9022=CARTESIAN_POINT('Origin',(104.799239364409,-63.2245369791667,1.25));
#9023=CARTESIAN_POINT('Origin',(108.511834921637,-63.2245369791667,1.25));
#9024=CARTESIAN_POINT('Origin',(90.4993414477428,-77.4994348958333,0.));
#9025=CARTESIAN_POINT('',(90.4993414477428,-77.5244348958334,0.));
#9026=CARTESIAN_POINT('Origin',(71.229475862813,-76.6688125892161,1.25));
#9027=CARTESIAN_POINT('',(71.479475862813,-66.5245151041667,1.25));
#9028=CARTESIAN_POINT('Origin',(71.229475862813,-66.7745151041667,1.25));
#9029=CARTESIAN_POINT('',(71.479475862813,-76.6688125892161,1.25));
#9030=CARTESIAN_POINT('Origin',(71.229475862813,-52.2246171875,1.25));
#9031=CARTESIAN_POINT('Origin',(106.001851087506,-66.7745151041667,1.25));
#9032=CARTESIAN_POINT('Origin',(85.7793737794797,-66.7745151041667,1.25));
#9033=CARTESIAN_POINT('',(106.001851087506,-66.5245151041667,1.25));
#9034=CARTESIAN_POINT('Origin',(85.7793737794797,-69.6688636308828,1.25));
#9035=CARTESIAN_POINT('Origin',(85.7793737794797,-52.2246171875,1.25));
#9036=CARTESIAN_POINT('Origin',(99.0019021291723,-52.2246171875,1.25));
#9037=CARTESIAN_POINT('Origin',(71.479475862813,-66.4995151041667,0.));
#9038=CARTESIAN_POINT('',(71.479475862813,-66.5245151041667,0.));
#9039=CARTESIAN_POINT('Origin',(71.2494799894095,-86.1787415670116,1.25));
#9040=CARTESIAN_POINT('',(71.4994799894095,-85.5443730597575,1.25));
#9041=CARTESIAN_POINT('Origin',(71.2494799894095,-85.7943730597576,1.25));
#9042=CARTESIAN_POINT('',(71.4994799894095,-86.1787415670116,1.25));
#9043=CARTESIAN_POINT('Origin',(71.2494799894095,-71.2444751430909,1.25));
#9044=CARTESIAN_POINT('Origin',(106.011853150804,-85.7943730597576,1.25));
#9045=CARTESIAN_POINT('Origin',(85.7993779060761,-85.7943730597576,1.25));
#9046=CARTESIAN_POINT('',(106.011853150804,-85.5443730597575,1.25));
#9047=CARTESIAN_POINT('Origin',(85.7993779060761,-79.1787926086782,1.25));
#9048=CARTESIAN_POINT('Origin',(85.7993779060761,-71.2444751430909,1.25));
#9049=CARTESIAN_POINT('Origin',(99.0119041924705,-71.2444751430909,1.25));
#9050=CARTESIAN_POINT('Origin',(71.4994799894095,-85.5193730597576,0.));
#9051=CARTESIAN_POINT('',(71.4994799894095,-85.5443730597575,0.));
#9052=CARTESIAN_POINT('Origin',(147.248918193404,-84.1687579017161,1.25));
#9053=CARTESIAN_POINT('',(147.498918193404,-81.5244057291667,1.25));
#9054=CARTESIAN_POINT('Origin',(147.248918193404,-81.7744057291667,1.25));
#9055=CARTESIAN_POINT('',(147.498918193404,-84.1687579017161,1.25));
#9056=CARTESIAN_POINT('Origin',(147.248918193404,-67.2245078125,1.25));
#9057=CARTESIAN_POINT('Origin',(144.011572252801,-81.7744057291667,1.25));
#9058=CARTESIAN_POINT('Origin',(161.798816110071,-81.7744057291667,1.25));
#9059=CARTESIAN_POINT('',(144.011572252801,-81.5244057291667,1.25));
#9060=CARTESIAN_POINT('Origin',(161.798816110071,-77.1688089433828,1.25));
#9061=CARTESIAN_POINT('Origin',(161.798816110071,-67.2245078125,1.25));
#9062=CARTESIAN_POINT('Origin',(137.011623294468,-67.2245078125,1.25));
#9063=CARTESIAN_POINT('Origin',(147.498918193404,-81.4994057291667,0.));
#9064=CARTESIAN_POINT('',(147.498918193404,-81.5244057291667,0.));
#9065=CARTESIAN_POINT('Origin',(109.2242015625,-71.1688526933828,1.25));
#9066=CARTESIAN_POINT('',(109.4742015625,-55.5245953125,1.25));
#9067=CARTESIAN_POINT('Origin',(109.2242015625,-55.7745953125,1.25));
#9068=CARTESIAN_POINT('',(109.4742015625,-71.1688526933828,1.25));
#9069=CARTESIAN_POINT('Origin',(109.2242015625,-41.2246973958333,1.25));
#9070=CARTESIAN_POINT('Origin',(124.999213937349,-55.7745953125,1.25));
#9071=CARTESIAN_POINT('Origin',(123.774099479167,-55.7745953125,1.25));
#9072=CARTESIAN_POINT('',(124.999213937349,-55.5245953125,1.25));
#9073=CARTESIAN_POINT('Origin',(123.774099479167,-64.1689037350494,1.25));
#9074=CARTESIAN_POINT('Origin',(123.774099479167,-41.2246973958333,1.25));
#9075=CARTESIAN_POINT('Origin',(117.999264979016,-41.2246973958333,1.25));
#9076=CARTESIAN_POINT('Origin',(109.4742015625,-55.4995953125,0.));
#9077=CARTESIAN_POINT('',(109.4742015625,-55.5245953125,0.));
#9078=CARTESIAN_POINT('Origin',(135.603464838064,-114.181636679659,1.25));
#9079=CARTESIAN_POINT('Origin',(154.228677859101,-124.934958055154,1.25));
#9080=CARTESIAN_POINT('Origin',(170.509453769683,-134.334711787429,1.25));
#9081=CARTESIAN_POINT('Origin',(119.289994493895,-120.312841806922,1.25));
#9082=CARTESIAN_POINT('Origin',(116.664004011542,-119.965443676622,1.25));
#9083=CARTESIAN_POINT('Origin',(175.228987996301,-126.160280232394,1.25));
#9084=CARTESIAN_POINT('Ctrl Pts',(180.100890123908,-118.221939167237,1.25000000000057));
#9085=CARTESIAN_POINT('Ctrl Pts',(180.100894873542,-118.221930940672,1.26636246173797));
#9086=CARTESIAN_POINT('Ctrl Pts',(180.099504005983,-118.221116950053,1.28272451888126));
#9087=CARTESIAN_POINT('Ctrl Pts',(180.096744269266,-118.219512638444,1.29877258050445));
#9088=CARTESIAN_POINT('Ctrl Pts',(180.094098939703,-118.21797483489,1.31415535654786));
#9089=CARTESIAN_POINT('Ctrl Pts',(180.090196326392,-118.21571113454,1.32924902012532));
#9090=CARTESIAN_POINT('Ctrl Pts',(180.085105265153,-118.212761279974,1.34378765350585));
#9091=CARTESIAN_POINT('Ctrl Pts',(180.080015162973,-118.209811981105,1.35832354808529));
#9092=CARTESIAN_POINT('Ctrl Pts',(180.073737274524,-118.206176910031,1.3723040155048));
#9093=CARTESIAN_POINT('Ctrl Pts',(180.066382241348,-118.201919946,1.3854828424434));
#9094=CARTESIAN_POINT('Ctrl Pts',(180.059028389622,-118.197663665773,1.39865955244718));
#9095=CARTESIAN_POINT('Ctrl Pts',(180.0505980471,-118.192785870137,1.41103433067308));
#9096=CARTESIAN_POINT('Ctrl Pts',(180.041239715222,-118.187372296877,1.42238931161172));
#9097=CARTESIAN_POINT('Ctrl Pts',(180.031882627212,-118.181959443165,1.43374278329666));
#9098=CARTESIAN_POINT('Ctrl Pts',(180.021598187464,-118.176011179958,1.44407625630941));
#9099=CARTESIAN_POINT('Ctrl Pts',(180.010567492025,-118.169632063639,1.45320785166578));
#9100=CARTESIAN_POINT('Ctrl Pts',(179.999532956677,-118.163250726678,1.46234262583267));
#9101=CARTESIAN_POINT('Ctrl Pts',(179.987752104926,-118.156438501552,1.47027430195309));
#9102=CARTESIAN_POINT('Ctrl Pts',(179.975432514807,-118.149315234105,1.47686317826026));
#9103=CARTESIAN_POINT('Ctrl Pts',(179.963116749225,-118.14219417803,1.48345000909296));
#9104=CARTESIAN_POINT('Ctrl Pts',(179.950263094462,-118.134762569915,1.48869460146798));
#9105=CARTESIAN_POINT('Ctrl Pts',(179.937097884115,-118.127151084186,1.4925046386579));
#9106=CARTESIAN_POINT('Ctrl Pts',(179.923931582287,-118.119538967416,1.49631499172423));
#9107=CARTESIAN_POINT('Ctrl Pts',(179.910454222155,-118.111747260138,1.49869039217938));
#9108=CARTESIAN_POINT('Ctrl Pts',(179.896903155095,-118.103912997929,1.49958902068811));
#9109=CARTESIAN_POINT('Ctrl Pts',(179.892772651946,-118.101525035078,1.49986293180289));
#9110=CARTESIAN_POINT('Ctrl Pts',(179.888635345873,-118.099133144538,1.49999999999999));
#9111=CARTESIAN_POINT('Ctrl Pts',(179.884498039053,-118.096741253566,1.5));
#9112=CARTESIAN_POINT('Origin',(105.758373717684,-104.808881977061,1.25));
#9113=CARTESIAN_POINT('Origin',(107.127996065119,-106.712372656154,1.25));
#9114=CARTESIAN_POINT('Origin',(97.7593366281071,-106.721617679374,1.25));
#9115=CARTESIAN_POINT('Origin',(70.0007386636203,-106.749009952992,1.25));
#9116=CARTESIAN_POINT('Origin',(69.999998561572,-105.999010318159,1.25));
#9117=CARTESIAN_POINT('Origin',(69.249998561572,-105.999010240355,1.25));
#9118=CARTESIAN_POINT('Origin',(69.2500024593993,-68.4258862352027,1.25));
#9119=CARTESIAN_POINT('Origin',(69.2500042657601,-51.0134625997122,1.25));
#9120=CARTESIAN_POINT('Origin',(70.0000042657601,-51.013462677517,1.25));
#9121=CARTESIAN_POINT('Origin',(69.9998500260974,-50.263462693377,1.25));
#9122=CARTESIAN_POINT('Origin',(107.247917187454,-50.2558025207924,1.25));
#9123=CARTESIAN_POINT('Origin',(87.0040300716052,-50.2599657346424,1.25));
#9124=CARTESIAN_POINT('Origin',(87.0037730055006,-49.0099657610756,1.25));
#9125=CARTESIAN_POINT('Origin',(88.2537729790674,-49.009708694971,1.25));
#9126=CARTESIAN_POINT('Origin',(88.2569431292002,-64.4247615226717,1.25));
#9127=CARTESIAN_POINT('Origin',(88.2525377950299,-43.0035492412198,1.25));
#9128=CARTESIAN_POINT('Origin',(89.00253777917,-43.003395001557,1.25));
#9129=CARTESIAN_POINT('Origin',(89.0023835395072,-42.2533950174169,1.25));
#9130=CARTESIAN_POINT('Origin',(116.745105421145,-42.2476896465407,1.25));
#9131=CARTESIAN_POINT('Origin',(106.000258660529,-42.2498993553083,1.25));
#9132=CARTESIAN_POINT('Origin',(106.000001594424,-40.9998993817415,1.25));
#9133=CARTESIAN_POINT('Origin',(107.250001594424,-40.9998993817415,1.25));
#9134=CARTESIAN_POINT('Origin',(107.250001594424,-62.9190559633331,1.25));
#9135=CARTESIAN_POINT('',(107.000001594424,-40.0000018524006,1.25));
#9136=CARTESIAN_POINT('Origin',(107.250001594424,-40.0000018524006,1.25));
#9137=CARTESIAN_POINT('',(107.000001594424,-62.9190559633331,1.25));
#9138=CARTESIAN_POINT('Origin',(108.000001594424,-40.0000018524006,1.25));
#9139=CARTESIAN_POINT('',(108.000001594424,-39.0000018524006,1.25));
#9140=CARTESIAN_POINT('Origin',(108.000001594424,-39.2500018524006,1.25));
#9141=CARTESIAN_POINT('Origin',(108.000001594424,-40.0000018524006,1.25));
#9142=CARTESIAN_POINT('Origin',(126.249665136539,-39.2500018524006,1.25));
#9143=CARTESIAN_POINT('',(125.000001877546,-39.0000018524006,1.25));
#9144=CARTESIAN_POINT('Origin',(125.000001877546,-39.2500018524006,1.25));
#9145=CARTESIAN_POINT('',(126.249665136539,-39.0000018524006,1.25));
#9146=CARTESIAN_POINT('Origin',(125.000001877546,-40.0000018524006,1.25));
#9147=CARTESIAN_POINT('',(126.000001877546,-40.0000018524006,1.25));
#9148=CARTESIAN_POINT('Origin',(125.750001877546,-40.0000018524006,1.25));
#9149=CARTESIAN_POINT('Origin',(125.000001877546,-40.0000018524006,1.25));
#9150=CARTESIAN_POINT('Origin',(125.750001877546,-65.4190553649583,1.25));
#9151=CARTESIAN_POINT('',(126.000001877546,-43.0000006556511,1.25));
#9152=CARTESIAN_POINT('Origin',(125.750001877546,-43.0000006556511,1.25));
#9153=CARTESIAN_POINT('',(126.000001877546,-65.4190553649583,1.25));
#9154=CARTESIAN_POINT('Origin',(127.000001877546,-43.0000006556511,1.25));
#9155=CARTESIAN_POINT('',(127.000001877546,-44.0000006556511,1.25));
#9156=CARTESIAN_POINT('Origin',(127.000001877546,-44.2500006556511,1.25));
#9157=CARTESIAN_POINT('Origin',(127.000001877546,-43.0000006556511,1.25));
#9158=CARTESIAN_POINT('Origin',(135.749665136539,-44.2500006556511,1.25));
#9159=CARTESIAN_POINT('',(144.000001877546,-44.0000006556511,1.25));
#9160=CARTESIAN_POINT('Origin',(144.000001877546,-44.2500006556511,1.25));
#9161=CARTESIAN_POINT('',(135.749665136539,-44.0000006556511,1.25));
#9162=CARTESIAN_POINT('Origin',(144.000001877546,-45.0000006556511,1.25));
#9163=CARTESIAN_POINT('',(145.000001877546,-45.0000006854534,1.25));
#9164=CARTESIAN_POINT('Origin',(144.750001877546,-45.0000006780028,1.25));
#9165=CARTESIAN_POINT('Origin',(144.000001877546,-45.0000006556511,1.25));
#9166=CARTESIAN_POINT('Origin',(146.000001877546,-45.0000006854534,1.25));
#9167=CARTESIAN_POINT('',(146.000001877546,-46.0000006854534,1.25));
#9168=CARTESIAN_POINT('Origin',(146.000001877546,-46.2500006854534,1.25));
#9169=CARTESIAN_POINT('Origin',(146.000001877546,-45.0000006854534,1.25));
#9170=CARTESIAN_POINT('Origin',(145.249665135056,-46.2500006854534,1.25));
#9171=CARTESIAN_POINT('',(163.000001874581,-46.0000006854534,1.25));
#9172=CARTESIAN_POINT('Origin',(163.000001874581,-46.2500006854534,1.25));
#9173=CARTESIAN_POINT('',(145.249665135056,-46.0000006854534,1.25));
#9174=CARTESIAN_POINT('Origin',(163.000001874581,-47.0000006854534,1.25));
#9175=CARTESIAN_POINT('',(164.000001874581,-47.0000006854534,1.25));
#9176=CARTESIAN_POINT('Origin',(163.750001874581,-47.0000006854534,1.25));
#9177=CARTESIAN_POINT('Origin',(163.000001874581,-47.0000006854534,1.25));
#9178=CARTESIAN_POINT('Origin',(163.750001874581,-93.3955070400607,1.25));
#9179=CARTESIAN_POINT('',(164.000001874581,-99.3755550688389,1.25));
#9180=CARTESIAN_POINT('Origin',(163.750001874581,-99.3755550688389,1.25));
#9181=CARTESIAN_POINT('',(164.000001874581,-93.3955070400607,1.25));
#9182=CARTESIAN_POINT('Origin',(165.000001874581,-99.3755550688389,1.25));
#9183=CARTESIAN_POINT('',(164.500000144038,-100.241579473492,1.25));
#9184=CARTESIAN_POINT('Origin',(164.374999711402,-100.458085574655,1.25));
#9185=CARTESIAN_POINT('Origin',(165.000001874581,-99.3755550688389,1.25));
#9186=CARTESIAN_POINT('Origin',(156.97216683579,-96.1840382974171,1.25));
#9187=CARTESIAN_POINT('',(183.131052810753,-110.99827238555,1.25));
#9188=CARTESIAN_POINT('Origin',(183.006052378117,-111.214778486713,1.25));
#9189=CARTESIAN_POINT('',(157.097167268426,-95.967532196254,1.25));
#9190=CARTESIAN_POINT('Origin',(182.63105108021,-111.864296790202,1.25));
#9191=CARTESIAN_POINT('Origin',(183.27988428085,-112.240482220206,1.25));
#9192=CARTESIAN_POINT('Origin',(182.63105108021,-111.864296790202,1.25));
#9193=CARTESIAN_POINT('Origin',(179.951069720089,-117.981920440653,1.25));
#9194=CARTESIAN_POINT('Origin',(125.000001877546,-40.0000018524006,0.));
#9195=CARTESIAN_POINT('',(125.000001877546,-39.0000018524006,0.));
#9196=CARTESIAN_POINT('',(126.000001877546,-40.0000018524006,0.));
#9197=CARTESIAN_POINT('Origin',(126.000001877546,-44.0000006556511,0.));
#9198=CARTESIAN_POINT('',(126.000001877546,-43.0000006556511,0.));
#9199=CARTESIAN_POINT('Origin',(127.000001877546,-43.0000006556511,0.));
#9200=CARTESIAN_POINT('',(127.000001877546,-44.0000006556511,0.));
#9201=CARTESIAN_POINT('Origin',(145.000001877546,-44.0000006556511,0.));
#9202=CARTESIAN_POINT('',(144.000001877546,-44.0000006556511,0.));
#9203=CARTESIAN_POINT('Origin',(144.000001877546,-45.0000006556511,0.));
#9204=CARTESIAN_POINT('',(145.000001877546,-45.0000006854534,0.));
#9205=CARTESIAN_POINT('Origin',(146.000001877546,-45.0000006854534,0.));
#9206=CARTESIAN_POINT('',(146.000001877546,-46.0000006854534,0.));
#9207=CARTESIAN_POINT('Origin',(164.000001874581,-46.0000006854534,0.));
#9208=CARTESIAN_POINT('',(163.000001874581,-46.0000006854534,0.));
#9209=CARTESIAN_POINT('Origin',(163.000001874581,-47.0000006854534,0.));
#9210=CARTESIAN_POINT('',(164.000001874581,-47.0000006854534,0.));
#9211=CARTESIAN_POINT('Origin',(164.000001874581,-99.9529040058559,0.));
#9212=CARTESIAN_POINT('',(164.000001874581,-99.3755550688389,0.));
#9213=CARTESIAN_POINT('Origin',(165.000001874581,-99.3755550688389,0.));
#9214=CARTESIAN_POINT('',(164.500000144038,-100.241579473492,0.));
#9215=CARTESIAN_POINT('Origin',(183.998658333333,-111.499186979167,0.));
#9216=CARTESIAN_POINT('',(183.131052810753,-110.99827238555,0.));
#9217=CARTESIAN_POINT('Origin',(182.63105108021,-111.864296790202,0.));
#9218=CARTESIAN_POINT('Origin',(108.000001594424,-40.0000018524006,0.));
#9219=CARTESIAN_POINT('',(107.000001594424,-40.0000018524006,0.));
#9220=CARTESIAN_POINT('',(108.000001594424,-39.0000018524006,0.));
#9221=CARTESIAN_POINT('Origin',(107.000001594424,-39.0000018524006,0.));
#9222=CARTESIAN_POINT('Origin',(142.523954651737,-79.5244203125,0.));
#9223=CARTESIAN_POINT('Origin',(176.707557137173,-119.149433372798,0.));
#9224=CARTESIAN_POINT('Origin',(133.024023922571,-117.724138719098,0.));
#9225=CARTESIAN_POINT('Origin',(85.5243779060761,-104.524238020833,0.));
#9226=CARTESIAN_POINT('Origin',(123.524100822743,-74.5244567708334,0.));
#9227=CARTESIAN_POINT('Origin',(155.821214606912,-108.555979654342,0.));
#9228=CARTESIAN_POINT('Origin',(104.504235237813,-58.5245734375,0.));
#9229=CARTESIAN_POINT('Origin',(142.523954651737,-98.5242817708333,0.));
#9230=CARTESIAN_POINT('Origin',(104.524239364409,-96.5242963541667,0.));
#9231=CARTESIAN_POINT('Origin',(161.523816110071,-62.5245442708333,0.));
#9232=CARTESIAN_POINT('Origin',(123.524100822743,-93.5243182291667,0.));
#9233=CARTESIAN_POINT('Origin',(161.523816110071,-100.5242671875,0.));
#9234=CARTESIAN_POINT('Origin',(142.523954651737,-60.5245588541667,0.));
#9235=CARTESIAN_POINT('Origin',(104.524239364409,-77.5244348958334,0.));
#9236=CARTESIAN_POINT('Origin',(85.5043737794797,-66.5245151041667,0.));
#9237=CARTESIAN_POINT('Origin',(85.5243779060761,-85.5443730597575,0.));
#9238=CARTESIAN_POINT('Origin',(161.523816110071,-81.5244057291667,0.));
#9239=CARTESIAN_POINT('Origin',(123.499099479167,-55.5245953125,0.));
#9240=CARTESIAN_POINT('Origin',(126.000001877546,-39.0000018524006,0.));
#9241=UNCERTAINTY_MEASURE_WITH_UNIT(LENGTH_MEASURE(0.01),#9245,
'DISTANCE_ACCURACY_VALUE',
'Maximum model space distance between geometric entities at asserted c
onnectivities');
#9242=UNCERTAINTY_MEASURE_WITH_UNIT(LENGTH_MEASURE(0.01),#9245,
'DISTANCE_ACCURACY_VALUE',
'Maximum model space distance between geometric entities at asserted c
onnectivities');
#9243=(
GEOMETRIC_REPRESENTATION_CONTEXT(3)
GLOBAL_UNCERTAINTY_ASSIGNED_CONTEXT((#9241))
GLOBAL_UNIT_ASSIGNED_CONTEXT((#9245,#9247,#9248))
REPRESENTATION_CONTEXT('','3D')
);
#9244=(
GEOMETRIC_REPRESENTATION_CONTEXT(3)
GLOBAL_UNCERTAINTY_ASSIGNED_CONTEXT((#9242))
GLOBAL_UNIT_ASSIGNED_CONTEXT((#9245,#9247,#9248))
REPRESENTATION_CONTEXT('','3D')
);
#9245=(
LENGTH_UNIT()
NAMED_UNIT(*)
SI_UNIT(.MILLI.,.METRE.)
);
#9246=(
LENGTH_UNIT()
NAMED_UNIT(*)
SI_UNIT($,.METRE.)
);
#9247=(
NAMED_UNIT(*)
PLANE_ANGLE_UNIT()
SI_UNIT($,.RADIAN.)
);
#9248=(
NAMED_UNIT(*)
SI_UNIT($,.STERADIAN.)
SOLID_ANGLE_UNIT()
);
#9249=SHAPE_DEFINITION_REPRESENTATION(#9250,#9251);
#9250=PRODUCT_DEFINITION_SHAPE('',$,#9253);
#9251=SHAPE_REPRESENTATION('',(#5349),#9243);
#9252=PRODUCT_DEFINITION_CONTEXT('part definition',#9257,'design');
#9253=PRODUCT_DEFINITION('plate-5','plate-5 v11',#9254,#9252);
#9254=PRODUCT_DEFINITION_FORMATION('',$,#9259);
#9255=PRODUCT_RELATED_PRODUCT_CATEGORY('plate-5 v11','plate-5 v11',(#9259));
#9256=APPLICATION_PROTOCOL_DEFINITION('international standard',
'ap242_managed_model_based_3d_engineering',2011,#9257);
#9257=APPLICATION_CONTEXT('Managed model based 3d engineering');
#9258=PRODUCT_CONTEXT('part definition',#9257,'mechanical');
#9259=PRODUCT('plate-5','plate-5 v11',$,(#9258));
#9260=PRESENTATION_STYLE_ASSIGNMENT((#9262));
#9261=PRESENTATION_STYLE_ASSIGNMENT((#9263));
#9262=SURFACE_STYLE_USAGE(.BOTH.,#9264);
#9263=SURFACE_STYLE_USAGE(.BOTH.,#9265);
#9264=SURFACE_SIDE_STYLE('',(#9266));
#9265=SURFACE_SIDE_STYLE('',(#9267));
#9266=SURFACE_STYLE_FILL_AREA(#9268);
#9267=SURFACE_STYLE_FILL_AREA(#9269);
#9268=FILL_AREA_STYLE('Steel - Satin',(#9270));
#9269=FILL_AREA_STYLE('Aluminum - Bead Blasted',(#9271));
#9270=FILL_AREA_STYLE_COLOUR('Steel - Satin',#9272);
#9271=FILL_AREA_STYLE_COLOUR('Aluminum - Bead Blasted',#9273);
#9272=COLOUR_RGB('Steel - Satin',0.627450980392157,0.627450980392157,0.627450980392157);
#9273=COLOUR_RGB('Aluminum - Bead Blasted',0.96078431372549,0.96078431372549,
0.964705882352941);
ENDSEC;
END-ISO-10303-21;
