ISO-10303-21;
HEADER;
FILE_DESCRIPTION(('KiCad electronic assembly'),'2;1');
FILE_NAME('rev3.step','2025-01-05T17:30:39',('Pcbnew'),('Kicad'),
  'Open CASCADE STEP processor 7.7','KiCad to STEP converter','Unknown'
  );
FILE_SCHEMA(('AUTOMOTIVE_DESIGN { 1 0 10303 214 1 1 1 1 }'));
ENDSEC;
DATA;
#1 = APPLICATION_PROTOCOL_DEFINITION('international standard',
  'automotive_design',2000,#2);
#2 = APPLICATION_CONTEXT(
  'core data for automotive mechanical design processes');
#3 = SHAPE_DEFINITION_REPRESENTATION(#4,#10);
#4 = PRODUCT_DEFINITION_SHAPE('','',#5);
#5 = PRODUCT_DEFINITION('design','',#6,#9);
#6 = PRODUCT_DEFINITION_FORMATION('','',#7);
#7 = PRODUCT('rev3 1','rev3 1','',(#8));
#8 = PRODUCT_CONTEXT('',#2,'mechanical');
#9 = PRODUCT_DEFINITION_CONTEXT('part definition',#2,'design');
#10 = SHAPE_REPRESENTATION('',(#11,#15,#19,#23),#27);
#11 = AXIS2_PLACEMENT_3D('',#12,#13,#14);
#12 = CARTESIAN_POINT('',(0.,0.,0.));
#13 = DIRECTION('',(0.,0.,1.));
#14 = DIRECTION('',(1.,0.,-0.));
#15 = AXIS2_PLACEMENT_3D('',#16,#17,#18);
#16 = CARTESIAN_POINT('',(168.795,-82.95,1.65));
#17 = DIRECTION('',(0.,-0.,1.));
#18 = DIRECTION('',(1.110223024625E-16,1.,0.));
#19 = AXIS2_PLACEMENT_3D('',#20,#21,#22);
#20 = CARTESIAN_POINT('',(196.05,-82.95,1.65));
#21 = DIRECTION('',(0.,-0.,1.));
#22 = DIRECTION('',(1.110223024625E-16,1.,0.));
#23 = AXIS2_PLACEMENT_3D('',#24,#25,#26);
#24 = CARTESIAN_POINT('',(0.,0.,0.));
#25 = DIRECTION('',(0.,0.,1.));
#26 = DIRECTION('',(1.,0.,-0.));
#27 = ( GEOMETRIC_REPRESENTATION_CONTEXT(3) 
GLOBAL_UNCERTAINTY_ASSIGNED_CONTEXT((#31)) GLOBAL_UNIT_ASSIGNED_CONTEXT(
(#28,#29,#30)) REPRESENTATION_CONTEXT('Context #1',
  '3D Context with UNIT and UNCERTAINTY') );
#28 = ( LENGTH_UNIT() NAMED_UNIT(*) SI_UNIT(.MILLI.,.METRE.) );
#29 = ( NAMED_UNIT(*) PLANE_ANGLE_UNIT() SI_UNIT($,.RADIAN.) );
#30 = ( NAMED_UNIT(*) SI_UNIT($,.STERADIAN.) SOLID_ANGLE_UNIT() );
#31 = UNCERTAINTY_MEASURE_WITH_UNIT(LENGTH_MEASURE(1.E-07),#28,
  'distance_accuracy_value','confusion accuracy');
#32 = PRODUCT_RELATED_PRODUCT_CATEGORY('part',$,(#7));
#33 = SHAPE_DEFINITION_REPRESENTATION(#34,#40);
#34 = PRODUCT_DEFINITION_SHAPE('','',#35);
#35 = PRODUCT_DEFINITION('design','',#36,#39);
#36 = PRODUCT_DEFINITION_FORMATION('','',#37);
#37 = PRODUCT('PinSocket_1x05_P2.54mm_Vertical',
  'PinSocket_1x05_P2.54mm_Vertical','',(#38));
#38 = PRODUCT_CONTEXT('',#2,'mechanical');
#39 = PRODUCT_DEFINITION_CONTEXT('part definition',#2,'design');
#40 = SHAPE_REPRESENTATION('',(#11,#41),#45);
#41 = AXIS2_PLACEMENT_3D('',#42,#43,#44);
#42 = CARTESIAN_POINT('',(0.,0.,0.));
#43 = DIRECTION('',(0.,0.,1.));
#44 = DIRECTION('',(1.,0.,-0.));
#45 = ( GEOMETRIC_REPRESENTATION_CONTEXT(3) 
GLOBAL_UNCERTAINTY_ASSIGNED_CONTEXT((#49)) GLOBAL_UNIT_ASSIGNED_CONTEXT(
(#46,#47,#48)) REPRESENTATION_CONTEXT('Context #1',
  '3D Context with UNIT and UNCERTAINTY') );
#46 = ( LENGTH_UNIT() NAMED_UNIT(*) SI_UNIT(.MILLI.,.METRE.) );
#47 = ( NAMED_UNIT(*) PLANE_ANGLE_UNIT() SI_UNIT($,.RADIAN.) );
#48 = ( NAMED_UNIT(*) SI_UNIT($,.STERADIAN.) SOLID_ANGLE_UNIT() );
#49 = UNCERTAINTY_MEASURE_WITH_UNIT(LENGTH_MEASURE(1.E-07),#46,
  'distance_accuracy_value','confusion accuracy');
#50 = CONTEXT_DEPENDENT_SHAPE_REPRESENTATION(#51,#53);
#51 = ( REPRESENTATION_RELATIONSHIP('','',#40,#10) 
REPRESENTATION_RELATIONSHIP_WITH_TRANSFORMATION(#52) 
SHAPE_REPRESENTATION_RELATIONSHIP() );
#52 = ITEM_DEFINED_TRANSFORMATION('','',#11,#15);
#53 = PRODUCT_DEFINITION_SHAPE('Placement','Placement of an item',#54);
#54 = NEXT_ASSEMBLY_USAGE_OCCURRENCE('2','J2','',#5,#35,$);
#55 = PRODUCT_RELATED_PRODUCT_CATEGORY('part',$,(#37));
#56 = SHAPE_DEFINITION_REPRESENTATION(#57,#63);
#57 = PRODUCT_DEFINITION_SHAPE('','',#58);
#58 = PRODUCT_DEFINITION('design','',#59,#62);
#59 = PRODUCT_DEFINITION_FORMATION('','',#60);
#60 = PRODUCT('PinSocket_1x05_P254mm_Vertical',
  'PinSocket_1x05_P254mm_Vertical','',(#61));
#61 = PRODUCT_CONTEXT('',#2,'mechanical');
#62 = PRODUCT_DEFINITION_CONTEXT('part definition',#2,'design');
#63 = ADVANCED_BREP_SHAPE_REPRESENTATION('',(#11,#64),#4936);
#64 = MANIFOLD_SOLID_BREP('',#65);
#65 = CLOSED_SHELL('',(#66,#106,#169,#232,#249,#436,#458,#475,#822,#834,
    #846,#877,#901,#925,#942,#973,#997,#1021,#1038,#1069,#1093,#1117,
    #1134,#1165,#1189,#1213,#1230,#1261,#1285,#1309,#1326,#1343,#1390,
    #1407,#1454,#1471,#1518,#1535,#1582,#1629,#1646,#1693,#1710,#1727,
    #1774,#1791,#1838,#1885,#1902,#1949,#1966,#1997,#2021,#2045,#2062,
    #2093,#2117,#2141,#2158,#2189,#2213,#2237,#2254,#2285,#2309,#2333,
    #2350,#2381,#2405,#2429,#2446,#2463,#2480,#2497,#2514,#2526,#2543,
    #2560,#2577,#2594,#2606,#2623,#2640,#2657,#2674,#2686,#2703,#2720,
    #2737,#2754,#2766,#2783,#2800,#2817,#2834,#2846,#2892,#2938,#2984,
    #3030,#3076,#3139,#3163,#3219,#3236,#3299,#3323,#3379,#3396,#3459,
    #3483,#3539,#3556,#3619,#3643,#3699,#3716,#3779,#3803,#3859,#3876,
    #3893,#3942,#3966,#4013,#4025,#4042,#4059,#4108,#4132,#4179,#4191,
    #4208,#4225,#4274,#4298,#4345,#4357,#4374,#4391,#4440,#4464,#4511,
    #4523,#4540,#4557,#4606,#4630,#4677,#4689,#4706,#4723,#4740,#4752,
    #4769,#4786,#4798,#4815,#4832,#4844,#4861,#4878,#4890,#4907,#4924));
#66 = ADVANCED_FACE('',(#67),#101,.F.);
#67 = FACE_BOUND('',#68,.F.);
#68 = EDGE_LOOP('',(#69,#79,#87,#95));
#69 = ORIENTED_EDGE('',*,*,#70,.T.);
#70 = EDGE_CURVE('',#71,#73,#75,.T.);
#71 = VERTEX_POINT('',#72);
#72 = CARTESIAN_POINT('',(1.27,-11.43,0.));
#73 = VERTEX_POINT('',#74);
#74 = CARTESIAN_POINT('',(1.27,-11.43,7.));
#75 = LINE('',#76,#77);
#76 = CARTESIAN_POINT('',(1.27,-11.43,0.));
#77 = VECTOR('',#78,1.);
#78 = DIRECTION('',(0.,0.,1.));
#79 = ORIENTED_EDGE('',*,*,#80,.T.);
#80 = EDGE_CURVE('',#73,#81,#83,.T.);
#81 = VERTEX_POINT('',#82);
#82 = CARTESIAN_POINT('',(1.27,1.27,7.));
#83 = LINE('',#84,#85);
#84 = CARTESIAN_POINT('',(1.27,-11.43,7.));
#85 = VECTOR('',#86,1.);
#86 = DIRECTION('',(-4.440892098501E-16,1.,0.));
#87 = ORIENTED_EDGE('',*,*,#88,.F.);
#88 = EDGE_CURVE('',#89,#81,#91,.T.);
#89 = VERTEX_POINT('',#90);
#90 = CARTESIAN_POINT('',(1.27,1.27,0.));
#91 = LINE('',#92,#93);
#92 = CARTESIAN_POINT('',(1.27,1.27,0.));
#93 = VECTOR('',#94,1.);
#94 = DIRECTION('',(0.,0.,1.));
#95 = ORIENTED_EDGE('',*,*,#96,.F.);
#96 = EDGE_CURVE('',#71,#89,#97,.T.);
#97 = LINE('',#98,#99);
#98 = CARTESIAN_POINT('',(1.27,-11.43,0.));
#99 = VECTOR('',#100,1.);
#100 = DIRECTION('',(-4.440892098501E-16,1.,0.));
#101 = PLANE('',#102);
#102 = AXIS2_PLACEMENT_3D('',#103,#104,#105);
#103 = CARTESIAN_POINT('',(1.27,-11.43,0.));
#104 = DIRECTION('',(-1.,-4.440892098501E-16,0.));
#105 = DIRECTION('',(-4.440892098501E-16,1.,0.));
#106 = ADVANCED_FACE('',(#107),#164,.F.);
#107 = FACE_BOUND('',#108,.F.);
#108 = EDGE_LOOP('',(#109,#119,#127,#133,#134,#142,#150,#158));
#109 = ORIENTED_EDGE('',*,*,#110,.F.);
#110 = EDGE_CURVE('',#111,#113,#115,.T.);
#111 = VERTEX_POINT('',#112);
#112 = CARTESIAN_POINT('',(-1.27,-11.43,0.));
#113 = VERTEX_POINT('',#114);
#114 = CARTESIAN_POINT('',(-0.846666666667,-11.43,0.));
#115 = LINE('',#116,#117);
#116 = CARTESIAN_POINT('',(-1.27,-11.43,0.));
#117 = VECTOR('',#118,1.);
#118 = DIRECTION('',(1.,4.440892098501E-16,0.));
#119 = ORIENTED_EDGE('',*,*,#120,.T.);
#120 = EDGE_CURVE('',#111,#121,#123,.T.);
#121 = VERTEX_POINT('',#122);
#122 = CARTESIAN_POINT('',(-1.27,-11.43,7.));
#123 = LINE('',#124,#125);
#124 = CARTESIAN_POINT('',(-1.27,-11.43,0.));
#125 = VECTOR('',#126,1.);
#126 = DIRECTION('',(0.,0.,1.));
#127 = ORIENTED_EDGE('',*,*,#128,.T.);
#128 = EDGE_CURVE('',#121,#73,#129,.T.);
#129 = LINE('',#130,#131);
#130 = CARTESIAN_POINT('',(-1.27,-11.43,7.));
#131 = VECTOR('',#132,1.);
#132 = DIRECTION('',(1.,4.440892098501E-16,0.));
#133 = ORIENTED_EDGE('',*,*,#70,.F.);
#134 = ORIENTED_EDGE('',*,*,#135,.F.);
#135 = EDGE_CURVE('',#136,#71,#138,.T.);
#136 = VERTEX_POINT('',#137);
#137 = CARTESIAN_POINT('',(0.846666666667,-11.43,0.));
#138 = LINE('',#139,#140);
#139 = CARTESIAN_POINT('',(-1.27,-11.43,0.));
#140 = VECTOR('',#141,1.);
#141 = DIRECTION('',(1.,4.440892098501E-16,0.));
#142 = ORIENTED_EDGE('',*,*,#143,.T.);
#143 = EDGE_CURVE('',#136,#144,#146,.T.);
#144 = VERTEX_POINT('',#145);
#145 = CARTESIAN_POINT('',(0.846666666667,-11.43,0.2));
#146 = LINE('',#147,#148);
#147 = CARTESIAN_POINT('',(0.846666666667,-11.43,0.));
#148 = VECTOR('',#149,1.);
#149 = DIRECTION('',(0.,0.,1.));
#150 = ORIENTED_EDGE('',*,*,#151,.F.);
#151 = EDGE_CURVE('',#152,#144,#154,.T.);
#152 = VERTEX_POINT('',#153);
#153 = CARTESIAN_POINT('',(-0.846666666667,-11.43,0.2));
#154 = LINE('',#155,#156);
#155 = CARTESIAN_POINT('',(-0.846666666667,-11.43,0.2));
#156 = VECTOR('',#157,1.);
#157 = DIRECTION('',(1.,4.440892098501E-16,0.));
#158 = ORIENTED_EDGE('',*,*,#159,.F.);
#159 = EDGE_CURVE('',#113,#152,#160,.T.);
#160 = LINE('',#161,#162);
#161 = CARTESIAN_POINT('',(-0.846666666667,-11.43,0.));
#162 = VECTOR('',#163,1.);
#163 = DIRECTION('',(0.,0.,1.));
#164 = PLANE('',#165);
#165 = AXIS2_PLACEMENT_3D('',#166,#167,#168);
#166 = CARTESIAN_POINT('',(-1.27,-11.43,0.));
#167 = DIRECTION('',(-4.440892098501E-16,1.,0.));
#168 = DIRECTION('',(1.,4.440892098501E-16,0.));
#169 = ADVANCED_FACE('',(#170),#227,.F.);
#170 = FACE_BOUND('',#171,.F.);
#171 = EDGE_LOOP('',(#172,#180,#181,#189,#197,#205,#213,#221));
#172 = ORIENTED_EDGE('',*,*,#173,.F.);
#173 = EDGE_CURVE('',#89,#174,#176,.T.);
#174 = VERTEX_POINT('',#175);
#175 = CARTESIAN_POINT('',(0.846666666667,1.27,0.));
#176 = LINE('',#177,#178);
#177 = CARTESIAN_POINT('',(1.27,1.27,0.));
#178 = VECTOR('',#179,1.);
#179 = DIRECTION('',(-1.,-4.440892098501E-16,0.));
#180 = ORIENTED_EDGE('',*,*,#88,.T.);
#181 = ORIENTED_EDGE('',*,*,#182,.T.);
#182 = EDGE_CURVE('',#81,#183,#185,.T.);
#183 = VERTEX_POINT('',#184);
#184 = CARTESIAN_POINT('',(-1.27,1.27,7.));
#185 = LINE('',#186,#187);
#186 = CARTESIAN_POINT('',(1.27,1.27,7.));
#187 = VECTOR('',#188,1.);
#188 = DIRECTION('',(-1.,-4.440892098501E-16,0.));
#189 = ORIENTED_EDGE('',*,*,#190,.F.);
#190 = EDGE_CURVE('',#191,#183,#193,.T.);
#191 = VERTEX_POINT('',#192);
#192 = CARTESIAN_POINT('',(-1.27,1.27,0.));
#193 = LINE('',#194,#195);
#194 = CARTESIAN_POINT('',(-1.27,1.27,0.));
#195 = VECTOR('',#196,1.);
#196 = DIRECTION('',(0.,0.,1.));
#197 = ORIENTED_EDGE('',*,*,#198,.F.);
#198 = EDGE_CURVE('',#199,#191,#201,.T.);
#199 = VERTEX_POINT('',#200);
#200 = CARTESIAN_POINT('',(-0.846666666667,1.27,0.));
#201 = LINE('',#202,#203);
#202 = CARTESIAN_POINT('',(1.27,1.27,0.));
#203 = VECTOR('',#204,1.);
#204 = DIRECTION('',(-1.,-4.440892098501E-16,0.));
#205 = ORIENTED_EDGE('',*,*,#206,.T.);
#206 = EDGE_CURVE('',#199,#207,#209,.T.);
#207 = VERTEX_POINT('',#208);
#208 = CARTESIAN_POINT('',(-0.846666666667,1.27,0.2));
#209 = LINE('',#210,#211);
#210 = CARTESIAN_POINT('',(-0.846666666667,1.27,0.));
#211 = VECTOR('',#212,1.);
#212 = DIRECTION('',(0.,0.,1.));
#213 = ORIENTED_EDGE('',*,*,#214,.F.);
#214 = EDGE_CURVE('',#215,#207,#217,.T.);
#215 = VERTEX_POINT('',#216);
#216 = CARTESIAN_POINT('',(0.846666666667,1.27,0.2));
#217 = LINE('',#218,#219);
#218 = CARTESIAN_POINT('',(0.846666666667,1.27,0.2));
#219 = VECTOR('',#220,1.);
#220 = DIRECTION('',(-1.,-4.440892098501E-16,0.));
#221 = ORIENTED_EDGE('',*,*,#222,.F.);
#222 = EDGE_CURVE('',#174,#215,#223,.T.);
#223 = LINE('',#224,#225);
#224 = CARTESIAN_POINT('',(0.846666666667,1.27,0.));
#225 = VECTOR('',#226,1.);
#226 = DIRECTION('',(0.,0.,1.));
#227 = PLANE('',#228);
#228 = AXIS2_PLACEMENT_3D('',#229,#230,#231);
#229 = CARTESIAN_POINT('',(1.27,1.27,0.));
#230 = DIRECTION('',(4.440892098501E-16,-1.,0.));
#231 = DIRECTION('',(-1.,-4.440892098501E-16,0.));
#232 = ADVANCED_FACE('',(#233),#244,.T.);
#233 = FACE_BOUND('',#234,.T.);
#234 = EDGE_LOOP('',(#235,#236,#237,#243));
#235 = ORIENTED_EDGE('',*,*,#96,.F.);
#236 = ORIENTED_EDGE('',*,*,#135,.F.);
#237 = ORIENTED_EDGE('',*,*,#238,.T.);
#238 = EDGE_CURVE('',#136,#174,#239,.T.);
#239 = LINE('',#240,#241);
#240 = CARTESIAN_POINT('',(0.846666666667,-11.43,0.));
#241 = VECTOR('',#242,1.);
#242 = DIRECTION('',(-4.440892098501E-16,1.,0.));
#243 = ORIENTED_EDGE('',*,*,#173,.F.);
#244 = PLANE('',#245);
#245 = AXIS2_PLACEMENT_3D('',#246,#247,#248);
#246 = CARTESIAN_POINT('',(1.27,-11.43,0.));
#247 = DIRECTION('',(-0.,0.,-1.));
#248 = DIRECTION('',(4.440892098501E-16,-1.,-0.));
#249 = ADVANCED_FACE('',(#250,#261,#295,#329,#363,#397),#431,.F.);
#250 = FACE_BOUND('',#251,.F.);
#251 = EDGE_LOOP('',(#252,#253,#254,#260));
#252 = ORIENTED_EDGE('',*,*,#80,.F.);
#253 = ORIENTED_EDGE('',*,*,#128,.F.);
#254 = ORIENTED_EDGE('',*,*,#255,.F.);
#255 = EDGE_CURVE('',#183,#121,#256,.T.);
#256 = LINE('',#257,#258);
#257 = CARTESIAN_POINT('',(-1.27,1.27,7.));
#258 = VECTOR('',#259,1.);
#259 = DIRECTION('',(4.440892098501E-16,-1.,0.));
#260 = ORIENTED_EDGE('',*,*,#182,.F.);
#261 = FACE_BOUND('',#262,.F.);
#262 = EDGE_LOOP('',(#263,#273,#281,#289));
#263 = ORIENTED_EDGE('',*,*,#264,.T.);
#264 = EDGE_CURVE('',#265,#267,#269,.T.);
#265 = VERTEX_POINT('',#266);
#266 = CARTESIAN_POINT('',(0.6,-7.02,7.));
#267 = VERTEX_POINT('',#268);
#268 = CARTESIAN_POINT('',(-0.6,-7.02,7.));
#269 = LINE('',#270,#271);
#270 = CARTESIAN_POINT('',(0.6,-7.02,7.));
#271 = VECTOR('',#272,1.);
#272 = DIRECTION('',(-1.,-4.440892098501E-16,0.));
#273 = ORIENTED_EDGE('',*,*,#274,.T.);
#274 = EDGE_CURVE('',#267,#275,#277,.T.);
#275 = VERTEX_POINT('',#276);
#276 = CARTESIAN_POINT('',(-0.6,-8.22,7.));
#277 = LINE('',#278,#279);
#278 = CARTESIAN_POINT('',(-0.6,-7.02,7.));
#279 = VECTOR('',#280,1.);
#280 = DIRECTION('',(4.440892098501E-16,-1.,0.));
#281 = ORIENTED_EDGE('',*,*,#282,.T.);
#282 = EDGE_CURVE('',#275,#283,#285,.T.);
#283 = VERTEX_POINT('',#284);
#284 = CARTESIAN_POINT('',(0.6,-8.22,7.));
#285 = LINE('',#286,#287);
#286 = CARTESIAN_POINT('',(-0.6,-8.22,7.));
#287 = VECTOR('',#288,1.);
#288 = DIRECTION('',(1.,4.440892098501E-16,0.));
#289 = ORIENTED_EDGE('',*,*,#290,.T.);
#290 = EDGE_CURVE('',#283,#265,#291,.T.);
#291 = LINE('',#292,#293);
#292 = CARTESIAN_POINT('',(0.6,-8.22,7.));
#293 = VECTOR('',#294,1.);
#294 = DIRECTION('',(-4.440892098501E-16,1.,0.));
#295 = FACE_BOUND('',#296,.F.);
#296 = EDGE_LOOP('',(#297,#307,#315,#323));
#297 = ORIENTED_EDGE('',*,*,#298,.T.);
#298 = EDGE_CURVE('',#299,#301,#303,.T.);
#299 = VERTEX_POINT('',#300);
#300 = CARTESIAN_POINT('',(-0.6,-5.68,7.));
#301 = VERTEX_POINT('',#302);
#302 = CARTESIAN_POINT('',(0.6,-5.68,7.));
#303 = LINE('',#304,#305);
#304 = CARTESIAN_POINT('',(-0.6,-5.68,7.));
#305 = VECTOR('',#306,1.);
#306 = DIRECTION('',(1.,4.440892098501E-16,0.));
#307 = ORIENTED_EDGE('',*,*,#308,.T.);
#308 = EDGE_CURVE('',#301,#309,#311,.T.);
#309 = VERTEX_POINT('',#310);
#310 = CARTESIAN_POINT('',(0.6,-4.48,7.));
#311 = LINE('',#312,#313);
#312 = CARTESIAN_POINT('',(0.6,-5.68,7.));
#313 = VECTOR('',#314,1.);
#314 = DIRECTION('',(-4.440892098501E-16,1.,0.));
#315 = ORIENTED_EDGE('',*,*,#316,.T.);
#316 = EDGE_CURVE('',#309,#317,#319,.T.);
#317 = VERTEX_POINT('',#318);
#318 = CARTESIAN_POINT('',(-0.6,-4.48,7.));
#319 = LINE('',#320,#321);
#320 = CARTESIAN_POINT('',(0.6,-4.48,7.));
#321 = VECTOR('',#322,1.);
#322 = DIRECTION('',(-1.,-4.440892098501E-16,0.));
#323 = ORIENTED_EDGE('',*,*,#324,.T.);
#324 = EDGE_CURVE('',#317,#299,#325,.T.);
#325 = LINE('',#326,#327);
#326 = CARTESIAN_POINT('',(-0.6,-4.48,7.));
#327 = VECTOR('',#328,1.);
#328 = DIRECTION('',(4.440892098501E-16,-1.,0.));
#329 = FACE_BOUND('',#330,.F.);
#330 = EDGE_LOOP('',(#331,#341,#349,#357));
#331 = ORIENTED_EDGE('',*,*,#332,.T.);
#332 = EDGE_CURVE('',#333,#335,#337,.T.);
#333 = VERTEX_POINT('',#334);
#334 = CARTESIAN_POINT('',(-0.6,-3.14,7.));
#335 = VERTEX_POINT('',#336);
#336 = CARTESIAN_POINT('',(0.6,-3.14,7.));
#337 = LINE('',#338,#339);
#338 = CARTESIAN_POINT('',(-0.6,-3.14,7.));
#339 = VECTOR('',#340,1.);
#340 = DIRECTION('',(1.,4.440892098501E-16,0.));
#341 = ORIENTED_EDGE('',*,*,#342,.T.);
#342 = EDGE_CURVE('',#335,#343,#345,.T.);
#343 = VERTEX_POINT('',#344);
#344 = CARTESIAN_POINT('',(0.6,-1.94,7.));
#345 = LINE('',#346,#347);
#346 = CARTESIAN_POINT('',(0.6,-3.14,7.));
#347 = VECTOR('',#348,1.);
#348 = DIRECTION('',(-4.440892098501E-16,1.,0.));
#349 = ORIENTED_EDGE('',*,*,#350,.T.);
#350 = EDGE_CURVE('',#343,#351,#353,.T.);
#351 = VERTEX_POINT('',#352);
#352 = CARTESIAN_POINT('',(-0.6,-1.94,7.));
#353 = LINE('',#354,#355);
#354 = CARTESIAN_POINT('',(0.6,-1.94,7.));
#355 = VECTOR('',#356,1.);
#356 = DIRECTION('',(-1.,-4.440892098501E-16,0.));
#357 = ORIENTED_EDGE('',*,*,#358,.T.);
#358 = EDGE_CURVE('',#351,#333,#359,.T.);
#359 = LINE('',#360,#361);
#360 = CARTESIAN_POINT('',(-0.6,-1.94,7.));
#361 = VECTOR('',#362,1.);
#362 = DIRECTION('',(4.440892098501E-16,-1.,0.));
#363 = FACE_BOUND('',#364,.F.);
#364 = EDGE_LOOP('',(#365,#375,#383,#391));
#365 = ORIENTED_EDGE('',*,*,#366,.T.);
#366 = EDGE_CURVE('',#367,#369,#371,.T.);
#367 = VERTEX_POINT('',#368);
#368 = CARTESIAN_POINT('',(0.6,-0.6,7.));
#369 = VERTEX_POINT('',#370);
#370 = CARTESIAN_POINT('',(0.6,0.6,7.));
#371 = LINE('',#372,#373);
#372 = CARTESIAN_POINT('',(0.6,-0.6,7.));
#373 = VECTOR('',#374,1.);
#374 = DIRECTION('',(-4.440892098501E-16,1.,0.));
#375 = ORIENTED_EDGE('',*,*,#376,.T.);
#376 = EDGE_CURVE('',#369,#377,#379,.T.);
#377 = VERTEX_POINT('',#378);
#378 = CARTESIAN_POINT('',(-0.6,0.6,7.));
#379 = LINE('',#380,#381);
#380 = CARTESIAN_POINT('',(0.6,0.6,7.));
#381 = VECTOR('',#382,1.);
#382 = DIRECTION('',(-1.,-4.440892098501E-16,0.));
#383 = ORIENTED_EDGE('',*,*,#384,.T.);
#384 = EDGE_CURVE('',#377,#385,#387,.T.);
#385 = VERTEX_POINT('',#386);
#386 = CARTESIAN_POINT('',(-0.6,-0.6,7.));
#387 = LINE('',#388,#389);
#388 = CARTESIAN_POINT('',(-0.6,0.6,7.));
#389 = VECTOR('',#390,1.);
#390 = DIRECTION('',(4.440892098501E-16,-1.,0.));
#391 = ORIENTED_EDGE('',*,*,#392,.T.);
#392 = EDGE_CURVE('',#385,#367,#393,.T.);
#393 = LINE('',#394,#395);
#394 = CARTESIAN_POINT('',(-0.6,-0.6,7.));
#395 = VECTOR('',#396,1.);
#396 = DIRECTION('',(1.,4.440892098501E-16,0.));
#397 = FACE_BOUND('',#398,.F.);
#398 = EDGE_LOOP('',(#399,#409,#417,#425));
#399 = ORIENTED_EDGE('',*,*,#400,.T.);
#400 = EDGE_CURVE('',#401,#403,#405,.T.);
#401 = VERTEX_POINT('',#402);
#402 = CARTESIAN_POINT('',(-0.6,-10.76,7.));
#403 = VERTEX_POINT('',#404);
#404 = CARTESIAN_POINT('',(0.6,-10.76,7.));
#405 = LINE('',#406,#407);
#406 = CARTESIAN_POINT('',(-0.6,-10.76,7.));
#407 = VECTOR('',#408,1.);
#408 = DIRECTION('',(1.,4.440892098501E-16,0.));
#409 = ORIENTED_EDGE('',*,*,#410,.T.);
#410 = EDGE_CURVE('',#403,#411,#413,.T.);
#411 = VERTEX_POINT('',#412);
#412 = CARTESIAN_POINT('',(0.6,-9.56,7.));
#413 = LINE('',#414,#415);
#414 = CARTESIAN_POINT('',(0.6,-10.76,7.));
#415 = VECTOR('',#416,1.);
#416 = DIRECTION('',(-4.440892098501E-16,1.,0.));
#417 = ORIENTED_EDGE('',*,*,#418,.T.);
#418 = EDGE_CURVE('',#411,#419,#421,.T.);
#419 = VERTEX_POINT('',#420);
#420 = CARTESIAN_POINT('',(-0.6,-9.56,7.));
#421 = LINE('',#422,#423);
#422 = CARTESIAN_POINT('',(0.6,-9.56,7.));
#423 = VECTOR('',#424,1.);
#424 = DIRECTION('',(-1.,-4.440892098501E-16,0.));
#425 = ORIENTED_EDGE('',*,*,#426,.T.);
#426 = EDGE_CURVE('',#419,#401,#427,.T.);
#427 = LINE('',#428,#429);
#428 = CARTESIAN_POINT('',(-0.6,-9.56,7.));
#429 = VECTOR('',#430,1.);
#430 = DIRECTION('',(4.440892098501E-16,-1.,0.));
#431 = PLANE('',#432);
#432 = AXIS2_PLACEMENT_3D('',#433,#434,#435);
#433 = CARTESIAN_POINT('',(1.27,-11.43,7.));
#434 = DIRECTION('',(-0.,0.,-1.));
#435 = DIRECTION('',(4.440892098501E-16,-1.,-0.));
#436 = ADVANCED_FACE('',(#437),#453,.T.);
#437 = FACE_BOUND('',#438,.T.);
#438 = EDGE_LOOP('',(#439,#445,#446,#452));
#439 = ORIENTED_EDGE('',*,*,#440,.T.);
#440 = EDGE_CURVE('',#199,#113,#441,.T.);
#441 = LINE('',#442,#443);
#442 = CARTESIAN_POINT('',(-0.846666666667,1.27,0.));
#443 = VECTOR('',#444,1.);
#444 = DIRECTION('',(4.440892098501E-16,-1.,0.));
#445 = ORIENTED_EDGE('',*,*,#110,.F.);
#446 = ORIENTED_EDGE('',*,*,#447,.F.);
#447 = EDGE_CURVE('',#191,#111,#448,.T.);
#448 = LINE('',#449,#450);
#449 = CARTESIAN_POINT('',(-1.27,1.27,0.));
#450 = VECTOR('',#451,1.);
#451 = DIRECTION('',(4.440892098501E-16,-1.,0.));
#452 = ORIENTED_EDGE('',*,*,#198,.F.);
#453 = PLANE('',#454);
#454 = AXIS2_PLACEMENT_3D('',#455,#456,#457);
#455 = CARTESIAN_POINT('',(1.27,-11.43,0.));
#456 = DIRECTION('',(-0.,0.,-1.));
#457 = DIRECTION('',(4.440892098501E-16,-1.,-0.));
#458 = ADVANCED_FACE('',(#459),#470,.T.);
#459 = FACE_BOUND('',#460,.T.);
#460 = EDGE_LOOP('',(#461,#462,#468,#469));
#461 = ORIENTED_EDGE('',*,*,#206,.T.);
#462 = ORIENTED_EDGE('',*,*,#463,.T.);
#463 = EDGE_CURVE('',#207,#152,#464,.T.);
#464 = LINE('',#465,#466);
#465 = CARTESIAN_POINT('',(-0.846666666667,1.27,0.2));
#466 = VECTOR('',#467,1.);
#467 = DIRECTION('',(4.440892098501E-16,-1.,0.));
#468 = ORIENTED_EDGE('',*,*,#159,.F.);
#469 = ORIENTED_EDGE('',*,*,#440,.F.);
#470 = PLANE('',#471);
#471 = AXIS2_PLACEMENT_3D('',#472,#473,#474);
#472 = CARTESIAN_POINT('',(-0.846666666667,1.27,0.));
#473 = DIRECTION('',(1.,4.440892098501E-16,0.));
#474 = DIRECTION('',(4.440892098501E-16,-1.,0.));
#475 = ADVANCED_FACE('',(#476,#487,#553,#619,#685,#751),#817,.T.);
#476 = FACE_BOUND('',#477,.T.);
#477 = EDGE_LOOP('',(#478,#484,#485,#486));
#478 = ORIENTED_EDGE('',*,*,#479,.F.);
#479 = EDGE_CURVE('',#144,#215,#480,.T.);
#480 = LINE('',#481,#482);
#481 = CARTESIAN_POINT('',(0.846666666667,-11.43,0.2));
#482 = VECTOR('',#483,1.);
#483 = DIRECTION('',(-4.440892098501E-16,1.,0.));
#484 = ORIENTED_EDGE('',*,*,#151,.F.);
#485 = ORIENTED_EDGE('',*,*,#463,.F.);
#486 = ORIENTED_EDGE('',*,*,#214,.F.);
#487 = FACE_BOUND('',#488,.T.);
#488 = EDGE_LOOP('',(#489,#499,#507,#515,#523,#531,#539,#547));
#489 = ORIENTED_EDGE('',*,*,#490,.T.);
#490 = EDGE_CURVE('',#491,#493,#495,.T.);
#491 = VERTEX_POINT('',#492);
#492 = CARTESIAN_POINT('',(-0.1,0.45,0.2));
#493 = VERTEX_POINT('',#494);
#494 = CARTESIAN_POINT('',(-0.1,0.3,0.2));
#495 = LINE('',#496,#497);
#496 = CARTESIAN_POINT('',(-0.1,0.45,0.2));
#497 = VECTOR('',#498,1.);
#498 = DIRECTION('',(4.440892098501E-16,-1.,0.));
#499 = ORIENTED_EDGE('',*,*,#500,.T.);
#500 = EDGE_CURVE('',#493,#501,#503,.T.);
#501 = VERTEX_POINT('',#502);
#502 = CARTESIAN_POINT('',(-0.1,-0.3,0.2));
#503 = LINE('',#504,#505);
#504 = CARTESIAN_POINT('',(-0.1,-5.565,0.2));
#505 = VECTOR('',#506,1.);
#506 = DIRECTION('',(4.440892098501E-16,-1.,0.));
#507 = ORIENTED_EDGE('',*,*,#508,.T.);
#508 = EDGE_CURVE('',#501,#509,#511,.T.);
#509 = VERTEX_POINT('',#510);
#510 = CARTESIAN_POINT('',(-0.1,-0.45,0.2));
#511 = LINE('',#512,#513);
#512 = CARTESIAN_POINT('',(-0.1,0.45,0.2));
#513 = VECTOR('',#514,1.);
#514 = DIRECTION('',(4.440892098501E-16,-1.,0.));
#515 = ORIENTED_EDGE('',*,*,#516,.T.);
#516 = EDGE_CURVE('',#509,#517,#519,.T.);
#517 = VERTEX_POINT('',#518);
#518 = CARTESIAN_POINT('',(0.1,-0.45,0.2));
#519 = LINE('',#520,#521);
#520 = CARTESIAN_POINT('',(-0.1,-0.45,0.2));
#521 = VECTOR('',#522,1.);
#522 = DIRECTION('',(1.,4.440892098501E-16,0.));
#523 = ORIENTED_EDGE('',*,*,#524,.F.);
#524 = EDGE_CURVE('',#525,#517,#527,.T.);
#525 = VERTEX_POINT('',#526);
#526 = CARTESIAN_POINT('',(0.1,-0.3,0.2));
#527 = LINE('',#528,#529);
#528 = CARTESIAN_POINT('',(0.1,-0.3,0.2));
#529 = VECTOR('',#530,1.);
#530 = DIRECTION('',(4.440892098501E-16,-1.,0.));
#531 = ORIENTED_EDGE('',*,*,#532,.T.);
#532 = EDGE_CURVE('',#525,#533,#535,.T.);
#533 = VERTEX_POINT('',#534);
#534 = CARTESIAN_POINT('',(0.1,0.3,0.2));
#535 = LINE('',#536,#537);
#536 = CARTESIAN_POINT('',(0.1,-5.865,0.2));
#537 = VECTOR('',#538,1.);
#538 = DIRECTION('',(-4.440892098501E-16,1.,0.));
#539 = ORIENTED_EDGE('',*,*,#540,.F.);
#540 = EDGE_CURVE('',#541,#533,#543,.T.);
#541 = VERTEX_POINT('',#542);
#542 = CARTESIAN_POINT('',(0.1,0.45,0.2));
#543 = LINE('',#544,#545);
#544 = CARTESIAN_POINT('',(0.1,-0.3,0.2));
#545 = VECTOR('',#546,1.);
#546 = DIRECTION('',(4.440892098501E-16,-1.,0.));
#547 = ORIENTED_EDGE('',*,*,#548,.F.);
#548 = EDGE_CURVE('',#491,#541,#549,.T.);
#549 = LINE('',#550,#551);
#550 = CARTESIAN_POINT('',(-0.1,0.45,0.2));
#551 = VECTOR('',#552,1.);
#552 = DIRECTION('',(1.,4.440892098501E-16,0.));
#553 = FACE_BOUND('',#554,.T.);
#554 = EDGE_LOOP('',(#555,#565,#573,#581,#589,#597,#605,#613));
#555 = ORIENTED_EDGE('',*,*,#556,.T.);
#556 = EDGE_CURVE('',#557,#559,#561,.T.);
#557 = VERTEX_POINT('',#558);
#558 = CARTESIAN_POINT('',(-0.1,-2.09,0.2));
#559 = VERTEX_POINT('',#560);
#560 = CARTESIAN_POINT('',(-0.1,-2.24,0.2));
#561 = LINE('',#562,#563);
#562 = CARTESIAN_POINT('',(-0.1,-2.09,0.2));
#563 = VECTOR('',#564,1.);
#564 = DIRECTION('',(4.440892098501E-16,-1.,0.));
#565 = ORIENTED_EDGE('',*,*,#566,.T.);
#566 = EDGE_CURVE('',#559,#567,#569,.T.);
#567 = VERTEX_POINT('',#568);
#568 = CARTESIAN_POINT('',(-0.1,-2.84,0.2));
#569 = LINE('',#570,#571);
#570 = CARTESIAN_POINT('',(-0.1,-6.835,0.2));
#571 = VECTOR('',#572,1.);
#572 = DIRECTION('',(4.440892098501E-16,-1.,0.));
#573 = ORIENTED_EDGE('',*,*,#574,.T.);
#574 = EDGE_CURVE('',#567,#575,#577,.T.);
#575 = VERTEX_POINT('',#576);
#576 = CARTESIAN_POINT('',(-0.1,-2.99,0.2));
#577 = LINE('',#578,#579);
#578 = CARTESIAN_POINT('',(-0.1,-2.09,0.2));
#579 = VECTOR('',#580,1.);
#580 = DIRECTION('',(4.440892098501E-16,-1.,0.));
#581 = ORIENTED_EDGE('',*,*,#582,.T.);
#582 = EDGE_CURVE('',#575,#583,#585,.T.);
#583 = VERTEX_POINT('',#584);
#584 = CARTESIAN_POINT('',(0.1,-2.99,0.2));
#585 = LINE('',#586,#587);
#586 = CARTESIAN_POINT('',(-0.1,-2.99,0.2));
#587 = VECTOR('',#588,1.);
#588 = DIRECTION('',(1.,4.440892098501E-16,0.));
#589 = ORIENTED_EDGE('',*,*,#590,.F.);
#590 = EDGE_CURVE('',#591,#583,#593,.T.);
#591 = VERTEX_POINT('',#592);
#592 = CARTESIAN_POINT('',(0.1,-2.84,0.2));
#593 = LINE('',#594,#595);
#594 = CARTESIAN_POINT('',(0.1,-2.84,0.2));
#595 = VECTOR('',#596,1.);
#596 = DIRECTION('',(4.440892098501E-16,-1.,0.));
#597 = ORIENTED_EDGE('',*,*,#598,.T.);
#598 = EDGE_CURVE('',#591,#599,#601,.T.);
#599 = VERTEX_POINT('',#600);
#600 = CARTESIAN_POINT('',(0.1,-2.24,0.2));
#601 = LINE('',#602,#603);
#602 = CARTESIAN_POINT('',(0.1,-7.135,0.2));
#603 = VECTOR('',#604,1.);
#604 = DIRECTION('',(-4.440892098501E-16,1.,0.));
#605 = ORIENTED_EDGE('',*,*,#606,.F.);
#606 = EDGE_CURVE('',#607,#599,#609,.T.);
#607 = VERTEX_POINT('',#608);
#608 = CARTESIAN_POINT('',(0.1,-2.09,0.2));
#609 = LINE('',#610,#611);
#610 = CARTESIAN_POINT('',(0.1,-2.84,0.2));
#611 = VECTOR('',#612,1.);
#612 = DIRECTION('',(4.440892098501E-16,-1.,0.));
#613 = ORIENTED_EDGE('',*,*,#614,.F.);
#614 = EDGE_CURVE('',#557,#607,#615,.T.);
#615 = LINE('',#616,#617);
#616 = CARTESIAN_POINT('',(-0.1,-2.09,0.2));
#617 = VECTOR('',#618,1.);
#618 = DIRECTION('',(1.,4.440892098501E-16,0.));
#619 = FACE_BOUND('',#620,.T.);
#620 = EDGE_LOOP('',(#621,#631,#639,#647,#655,#663,#671,#679));
#621 = ORIENTED_EDGE('',*,*,#622,.T.);
#622 = EDGE_CURVE('',#623,#625,#627,.T.);
#623 = VERTEX_POINT('',#624);
#624 = CARTESIAN_POINT('',(-0.1,-4.78,0.2));
#625 = VERTEX_POINT('',#626);
#626 = CARTESIAN_POINT('',(-0.1,-5.38,0.2));
#627 = LINE('',#628,#629);
#628 = CARTESIAN_POINT('',(-0.1,-8.105,0.2));
#629 = VECTOR('',#630,1.);
#630 = DIRECTION('',(4.440892098501E-16,-1.,0.));
#631 = ORIENTED_EDGE('',*,*,#632,.T.);
#632 = EDGE_CURVE('',#625,#633,#635,.T.);
#633 = VERTEX_POINT('',#634);
#634 = CARTESIAN_POINT('',(-0.1,-5.53,0.2));
#635 = LINE('',#636,#637);
#636 = CARTESIAN_POINT('',(-0.1,-4.63,0.2));
#637 = VECTOR('',#638,1.);
#638 = DIRECTION('',(4.440892098501E-16,-1.,0.));
#639 = ORIENTED_EDGE('',*,*,#640,.T.);
#640 = EDGE_CURVE('',#633,#641,#643,.T.);
#641 = VERTEX_POINT('',#642);
#642 = CARTESIAN_POINT('',(0.1,-5.53,0.2));
#643 = LINE('',#644,#645);
#644 = CARTESIAN_POINT('',(-0.1,-5.53,0.2));
#645 = VECTOR('',#646,1.);
#646 = DIRECTION('',(1.,4.440892098501E-16,0.));
#647 = ORIENTED_EDGE('',*,*,#648,.F.);
#648 = EDGE_CURVE('',#649,#641,#651,.T.);
#649 = VERTEX_POINT('',#650);
#650 = CARTESIAN_POINT('',(0.1,-5.38,0.2));
#651 = LINE('',#652,#653);
#652 = CARTESIAN_POINT('',(0.1,-5.38,0.2));
#653 = VECTOR('',#654,1.);
#654 = DIRECTION('',(4.440892098501E-16,-1.,0.));
#655 = ORIENTED_EDGE('',*,*,#656,.T.);
#656 = EDGE_CURVE('',#649,#657,#659,.T.);
#657 = VERTEX_POINT('',#658);
#658 = CARTESIAN_POINT('',(0.1,-4.78,0.2));
#659 = LINE('',#660,#661);
#660 = CARTESIAN_POINT('',(0.1,-8.405,0.2));
#661 = VECTOR('',#662,1.);
#662 = DIRECTION('',(-4.440892098501E-16,1.,0.));
#663 = ORIENTED_EDGE('',*,*,#664,.F.);
#664 = EDGE_CURVE('',#665,#657,#667,.T.);
#665 = VERTEX_POINT('',#666);
#666 = CARTESIAN_POINT('',(0.1,-4.63,0.2));
#667 = LINE('',#668,#669);
#668 = CARTESIAN_POINT('',(0.1,-5.38,0.2));
#669 = VECTOR('',#670,1.);
#670 = DIRECTION('',(4.440892098501E-16,-1.,0.));
#671 = ORIENTED_EDGE('',*,*,#672,.F.);
#672 = EDGE_CURVE('',#673,#665,#675,.T.);
#673 = VERTEX_POINT('',#674);
#674 = CARTESIAN_POINT('',(-0.1,-4.63,0.2));
#675 = LINE('',#676,#677);
#676 = CARTESIAN_POINT('',(-0.1,-4.63,0.2));
#677 = VECTOR('',#678,1.);
#678 = DIRECTION('',(1.,4.440892098501E-16,0.));
#679 = ORIENTED_EDGE('',*,*,#680,.T.);
#680 = EDGE_CURVE('',#673,#623,#681,.T.);
#681 = LINE('',#682,#683);
#682 = CARTESIAN_POINT('',(-0.1,-4.63,0.2));
#683 = VECTOR('',#684,1.);
#684 = DIRECTION('',(4.440892098501E-16,-1.,0.));
#685 = FACE_BOUND('',#686,.T.);
#686 = EDGE_LOOP('',(#687,#697,#705,#713,#721,#729,#737,#745));
#687 = ORIENTED_EDGE('',*,*,#688,.T.);
#688 = EDGE_CURVE('',#689,#691,#693,.T.);
#689 = VERTEX_POINT('',#690);
#690 = CARTESIAN_POINT('',(-0.1,-9.71,0.2));
#691 = VERTEX_POINT('',#692);
#692 = CARTESIAN_POINT('',(-0.1,-9.86,0.2));
#693 = LINE('',#694,#695);
#694 = CARTESIAN_POINT('',(-0.1,-9.71,0.2));
#695 = VECTOR('',#696,1.);
#696 = DIRECTION('',(4.440892098501E-16,-1.,0.));
#697 = ORIENTED_EDGE('',*,*,#698,.T.);
#698 = EDGE_CURVE('',#691,#699,#701,.T.);
#699 = VERTEX_POINT('',#700);
#700 = CARTESIAN_POINT('',(-0.1,-10.46,0.2));
#701 = LINE('',#702,#703);
#702 = CARTESIAN_POINT('',(-0.1,-10.645,0.2));
#703 = VECTOR('',#704,1.);
#704 = DIRECTION('',(4.440892098501E-16,-1.,0.));
#705 = ORIENTED_EDGE('',*,*,#706,.T.);
#706 = EDGE_CURVE('',#699,#707,#709,.T.);
#707 = VERTEX_POINT('',#708);
#708 = CARTESIAN_POINT('',(-0.1,-10.61,0.2));
#709 = LINE('',#710,#711);
#710 = CARTESIAN_POINT('',(-0.1,-9.71,0.2));
#711 = VECTOR('',#712,1.);
#712 = DIRECTION('',(4.440892098501E-16,-1.,0.));
#713 = ORIENTED_EDGE('',*,*,#714,.T.);
#714 = EDGE_CURVE('',#707,#715,#717,.T.);
#715 = VERTEX_POINT('',#716);
#716 = CARTESIAN_POINT('',(0.1,-10.61,0.2));
#717 = LINE('',#718,#719);
#718 = CARTESIAN_POINT('',(-0.1,-10.61,0.2));
#719 = VECTOR('',#720,1.);
#720 = DIRECTION('',(1.,4.440892098501E-16,0.));
#721 = ORIENTED_EDGE('',*,*,#722,.F.);
#722 = EDGE_CURVE('',#723,#715,#725,.T.);
#723 = VERTEX_POINT('',#724);
#724 = CARTESIAN_POINT('',(0.1,-10.46,0.2));
#725 = LINE('',#726,#727);
#726 = CARTESIAN_POINT('',(0.1,-10.46,0.2));
#727 = VECTOR('',#728,1.);
#728 = DIRECTION('',(4.440892098501E-16,-1.,0.));
#729 = ORIENTED_EDGE('',*,*,#730,.T.);
#730 = EDGE_CURVE('',#723,#731,#733,.T.);
#731 = VERTEX_POINT('',#732);
#732 = CARTESIAN_POINT('',(0.1,-9.86,0.2));
#733 = LINE('',#734,#735);
#734 = CARTESIAN_POINT('',(0.1,-10.945,0.2));
#735 = VECTOR('',#736,1.);
#736 = DIRECTION('',(-4.440892098501E-16,1.,0.));
#737 = ORIENTED_EDGE('',*,*,#738,.F.);
#738 = EDGE_CURVE('',#739,#731,#741,.T.);
#739 = VERTEX_POINT('',#740);
#740 = CARTESIAN_POINT('',(0.1,-9.71,0.2));
#741 = LINE('',#742,#743);
#742 = CARTESIAN_POINT('',(0.1,-10.46,0.2));
#743 = VECTOR('',#744,1.);
#744 = DIRECTION('',(4.440892098501E-16,-1.,0.));
#745 = ORIENTED_EDGE('',*,*,#746,.F.);
#746 = EDGE_CURVE('',#689,#739,#747,.T.);
#747 = LINE('',#748,#749);
#748 = CARTESIAN_POINT('',(-0.1,-9.71,0.2));
#749 = VECTOR('',#750,1.);
#750 = DIRECTION('',(1.,4.440892098501E-16,0.));
#751 = FACE_BOUND('',#752,.T.);
#752 = EDGE_LOOP('',(#753,#763,#771,#779,#787,#795,#803,#811));
#753 = ORIENTED_EDGE('',*,*,#754,.T.);
#754 = EDGE_CURVE('',#755,#757,#759,.T.);
#755 = VERTEX_POINT('',#756);
#756 = CARTESIAN_POINT('',(-0.1,-7.32,0.2));
#757 = VERTEX_POINT('',#758);
#758 = CARTESIAN_POINT('',(-0.1,-7.92,0.2));
#759 = LINE('',#760,#761);
#760 = CARTESIAN_POINT('',(-0.1,-9.375,0.2));
#761 = VECTOR('',#762,1.);
#762 = DIRECTION('',(4.440892098501E-16,-1.,0.));
#763 = ORIENTED_EDGE('',*,*,#764,.T.);
#764 = EDGE_CURVE('',#757,#765,#767,.T.);
#765 = VERTEX_POINT('',#766);
#766 = CARTESIAN_POINT('',(-0.1,-8.07,0.2));
#767 = LINE('',#768,#769);
#768 = CARTESIAN_POINT('',(-0.1,-7.17,0.2));
#769 = VECTOR('',#770,1.);
#770 = DIRECTION('',(4.440892098501E-16,-1.,0.));
#771 = ORIENTED_EDGE('',*,*,#772,.T.);
#772 = EDGE_CURVE('',#765,#773,#775,.T.);
#773 = VERTEX_POINT('',#774);
#774 = CARTESIAN_POINT('',(0.1,-8.07,0.2));
#775 = LINE('',#776,#777);
#776 = CARTESIAN_POINT('',(-0.1,-8.07,0.2));
#777 = VECTOR('',#778,1.);
#778 = DIRECTION('',(1.,4.440892098501E-16,0.));
#779 = ORIENTED_EDGE('',*,*,#780,.F.);
#780 = EDGE_CURVE('',#781,#773,#783,.T.);
#781 = VERTEX_POINT('',#782);
#782 = CARTESIAN_POINT('',(0.1,-7.92,0.2));
#783 = LINE('',#784,#785);
#784 = CARTESIAN_POINT('',(0.1,-7.92,0.2));
#785 = VECTOR('',#786,1.);
#786 = DIRECTION('',(4.440892098501E-16,-1.,0.));
#787 = ORIENTED_EDGE('',*,*,#788,.T.);
#788 = EDGE_CURVE('',#781,#789,#791,.T.);
#789 = VERTEX_POINT('',#790);
#790 = CARTESIAN_POINT('',(0.1,-7.32,0.2));
#791 = LINE('',#792,#793);
#792 = CARTESIAN_POINT('',(0.1,-9.675,0.2));
#793 = VECTOR('',#794,1.);
#794 = DIRECTION('',(-4.440892098501E-16,1.,0.));
#795 = ORIENTED_EDGE('',*,*,#796,.F.);
#796 = EDGE_CURVE('',#797,#789,#799,.T.);
#797 = VERTEX_POINT('',#798);
#798 = CARTESIAN_POINT('',(0.1,-7.17,0.2));
#799 = LINE('',#800,#801);
#800 = CARTESIAN_POINT('',(0.1,-7.92,0.2));
#801 = VECTOR('',#802,1.);
#802 = DIRECTION('',(4.440892098501E-16,-1.,0.));
#803 = ORIENTED_EDGE('',*,*,#804,.F.);
#804 = EDGE_CURVE('',#805,#797,#807,.T.);
#805 = VERTEX_POINT('',#806);
#806 = CARTESIAN_POINT('',(-0.1,-7.17,0.2));
#807 = LINE('',#808,#809);
#808 = CARTESIAN_POINT('',(-0.1,-7.17,0.2));
#809 = VECTOR('',#810,1.);
#810 = DIRECTION('',(1.,4.440892098501E-16,0.));
#811 = ORIENTED_EDGE('',*,*,#812,.T.);
#812 = EDGE_CURVE('',#805,#755,#813,.T.);
#813 = LINE('',#814,#815);
#814 = CARTESIAN_POINT('',(-0.1,-7.17,0.2));
#815 = VECTOR('',#816,1.);
#816 = DIRECTION('',(4.440892098501E-16,-1.,0.));
#817 = PLANE('',#818);
#818 = AXIS2_PLACEMENT_3D('',#819,#820,#821);
#819 = CARTESIAN_POINT('',(0.846666666667,-11.43,0.2));
#820 = DIRECTION('',(-0.,0.,-1.));
#821 = DIRECTION('',(4.440892098501E-16,-1.,-0.));
#822 = ADVANCED_FACE('',(#823),#829,.T.);
#823 = FACE_BOUND('',#824,.T.);
#824 = EDGE_LOOP('',(#825,#826,#827,#828));
#825 = ORIENTED_EDGE('',*,*,#143,.T.);
#826 = ORIENTED_EDGE('',*,*,#479,.T.);
#827 = ORIENTED_EDGE('',*,*,#222,.F.);
#828 = ORIENTED_EDGE('',*,*,#238,.F.);
#829 = PLANE('',#830);
#830 = AXIS2_PLACEMENT_3D('',#831,#832,#833);
#831 = CARTESIAN_POINT('',(0.846666666667,-11.43,0.));
#832 = DIRECTION('',(-1.,-4.440892098501E-16,0.));
#833 = DIRECTION('',(-4.440892098501E-16,1.,0.));
#834 = ADVANCED_FACE('',(#835),#841,.F.);
#835 = FACE_BOUND('',#836,.F.);
#836 = EDGE_LOOP('',(#837,#838,#839,#840));
#837 = ORIENTED_EDGE('',*,*,#190,.T.);
#838 = ORIENTED_EDGE('',*,*,#255,.T.);
#839 = ORIENTED_EDGE('',*,*,#120,.F.);
#840 = ORIENTED_EDGE('',*,*,#447,.F.);
#841 = PLANE('',#842);
#842 = AXIS2_PLACEMENT_3D('',#843,#844,#845);
#843 = CARTESIAN_POINT('',(-1.27,1.27,0.));
#844 = DIRECTION('',(1.,4.440892098501E-16,0.));
#845 = DIRECTION('',(4.440892098501E-16,-1.,0.));
#846 = ADVANCED_FACE('',(#847),#872,.F.);
#847 = FACE_BOUND('',#848,.F.);
#848 = EDGE_LOOP('',(#849,#857,#865,#871));
#849 = ORIENTED_EDGE('',*,*,#850,.T.);
#850 = EDGE_CURVE('',#265,#851,#853,.T.);
#851 = VERTEX_POINT('',#852);
#852 = CARTESIAN_POINT('',(0.6,-7.02,6.999));
#853 = LINE('',#854,#855);
#854 = CARTESIAN_POINT('',(0.6,-7.02,7.));
#855 = VECTOR('',#856,1.);
#856 = DIRECTION('',(0.,0.,-1.));
#857 = ORIENTED_EDGE('',*,*,#858,.T.);
#858 = EDGE_CURVE('',#851,#859,#861,.T.);
#859 = VERTEX_POINT('',#860);
#860 = CARTESIAN_POINT('',(-0.6,-7.02,6.999));
#861 = LINE('',#862,#863);
#862 = CARTESIAN_POINT('',(0.6,-7.02,6.999));
#863 = VECTOR('',#864,1.);
#864 = DIRECTION('',(-1.,-4.440892098501E-16,0.));
#865 = ORIENTED_EDGE('',*,*,#866,.F.);
#866 = EDGE_CURVE('',#267,#859,#867,.T.);
#867 = LINE('',#868,#869);
#868 = CARTESIAN_POINT('',(-0.6,-7.02,7.));
#869 = VECTOR('',#870,1.);
#870 = DIRECTION('',(0.,0.,-1.));
#871 = ORIENTED_EDGE('',*,*,#264,.F.);
#872 = PLANE('',#873);
#873 = AXIS2_PLACEMENT_3D('',#874,#875,#876);
#874 = CARTESIAN_POINT('',(0.6,-7.02,7.));
#875 = DIRECTION('',(-4.440892098501E-16,1.,0.));
#876 = DIRECTION('',(-1.,-4.440892098501E-16,0.));
#877 = ADVANCED_FACE('',(#878),#896,.F.);
#878 = FACE_BOUND('',#879,.F.);
#879 = EDGE_LOOP('',(#880,#888,#894,#895));
#880 = ORIENTED_EDGE('',*,*,#881,.T.);
#881 = EDGE_CURVE('',#283,#882,#884,.T.);
#882 = VERTEX_POINT('',#883);
#883 = CARTESIAN_POINT('',(0.6,-8.22,6.999));
#884 = LINE('',#885,#886);
#885 = CARTESIAN_POINT('',(0.6,-8.22,7.));
#886 = VECTOR('',#887,1.);
#887 = DIRECTION('',(0.,0.,-1.));
#888 = ORIENTED_EDGE('',*,*,#889,.T.);
#889 = EDGE_CURVE('',#882,#851,#890,.T.);
#890 = LINE('',#891,#892);
#891 = CARTESIAN_POINT('',(0.6,-8.22,6.999));
#892 = VECTOR('',#893,1.);
#893 = DIRECTION('',(-4.440892098501E-16,1.,0.));
#894 = ORIENTED_EDGE('',*,*,#850,.F.);
#895 = ORIENTED_EDGE('',*,*,#290,.F.);
#896 = PLANE('',#897);
#897 = AXIS2_PLACEMENT_3D('',#898,#899,#900);
#898 = CARTESIAN_POINT('',(0.6,-8.22,7.));
#899 = DIRECTION('',(1.,4.440892098501E-16,0.));
#900 = DIRECTION('',(-4.440892098501E-16,1.,0.));
#901 = ADVANCED_FACE('',(#902),#920,.F.);
#902 = FACE_BOUND('',#903,.F.);
#903 = EDGE_LOOP('',(#904,#912,#918,#919));
#904 = ORIENTED_EDGE('',*,*,#905,.T.);
#905 = EDGE_CURVE('',#275,#906,#908,.T.);
#906 = VERTEX_POINT('',#907);
#907 = CARTESIAN_POINT('',(-0.6,-8.22,6.999));
#908 = LINE('',#909,#910);
#909 = CARTESIAN_POINT('',(-0.6,-8.22,7.));
#910 = VECTOR('',#911,1.);
#911 = DIRECTION('',(0.,0.,-1.));
#912 = ORIENTED_EDGE('',*,*,#913,.T.);
#913 = EDGE_CURVE('',#906,#882,#914,.T.);
#914 = LINE('',#915,#916);
#915 = CARTESIAN_POINT('',(-0.6,-8.22,6.999));
#916 = VECTOR('',#917,1.);
#917 = DIRECTION('',(1.,4.440892098501E-16,0.));
#918 = ORIENTED_EDGE('',*,*,#881,.F.);
#919 = ORIENTED_EDGE('',*,*,#282,.F.);
#920 = PLANE('',#921);
#921 = AXIS2_PLACEMENT_3D('',#922,#923,#924);
#922 = CARTESIAN_POINT('',(-0.6,-8.22,7.));
#923 = DIRECTION('',(4.440892098501E-16,-1.,0.));
#924 = DIRECTION('',(1.,4.440892098501E-16,0.));
#925 = ADVANCED_FACE('',(#926),#937,.F.);
#926 = FACE_BOUND('',#927,.F.);
#927 = EDGE_LOOP('',(#928,#929,#935,#936));
#928 = ORIENTED_EDGE('',*,*,#866,.T.);
#929 = ORIENTED_EDGE('',*,*,#930,.T.);
#930 = EDGE_CURVE('',#859,#906,#931,.T.);
#931 = LINE('',#932,#933);
#932 = CARTESIAN_POINT('',(-0.6,-7.02,6.999));
#933 = VECTOR('',#934,1.);
#934 = DIRECTION('',(4.440892098501E-16,-1.,0.));
#935 = ORIENTED_EDGE('',*,*,#905,.F.);
#936 = ORIENTED_EDGE('',*,*,#274,.F.);
#937 = PLANE('',#938);
#938 = AXIS2_PLACEMENT_3D('',#939,#940,#941);
#939 = CARTESIAN_POINT('',(-0.6,-7.02,7.));
#940 = DIRECTION('',(-1.,-4.440892098501E-16,0.));
#941 = DIRECTION('',(4.440892098501E-16,-1.,0.));
#942 = ADVANCED_FACE('',(#943),#968,.F.);
#943 = FACE_BOUND('',#944,.F.);
#944 = EDGE_LOOP('',(#945,#953,#961,#967));
#945 = ORIENTED_EDGE('',*,*,#946,.T.);
#946 = EDGE_CURVE('',#299,#947,#949,.T.);
#947 = VERTEX_POINT('',#948);
#948 = CARTESIAN_POINT('',(-0.6,-5.68,6.999));
#949 = LINE('',#950,#951);
#950 = CARTESIAN_POINT('',(-0.6,-5.68,7.));
#951 = VECTOR('',#952,1.);
#952 = DIRECTION('',(0.,0.,-1.));
#953 = ORIENTED_EDGE('',*,*,#954,.T.);
#954 = EDGE_CURVE('',#947,#955,#957,.T.);
#955 = VERTEX_POINT('',#956);
#956 = CARTESIAN_POINT('',(0.6,-5.68,6.999));
#957 = LINE('',#958,#959);
#958 = CARTESIAN_POINT('',(-0.6,-5.68,6.999));
#959 = VECTOR('',#960,1.);
#960 = DIRECTION('',(1.,4.440892098501E-16,0.));
#961 = ORIENTED_EDGE('',*,*,#962,.F.);
#962 = EDGE_CURVE('',#301,#955,#963,.T.);
#963 = LINE('',#964,#965);
#964 = CARTESIAN_POINT('',(0.6,-5.68,7.));
#965 = VECTOR('',#966,1.);
#966 = DIRECTION('',(0.,0.,-1.));
#967 = ORIENTED_EDGE('',*,*,#298,.F.);
#968 = PLANE('',#969);
#969 = AXIS2_PLACEMENT_3D('',#970,#971,#972);
#970 = CARTESIAN_POINT('',(-0.6,-5.68,7.));
#971 = DIRECTION('',(4.440892098501E-16,-1.,0.));
#972 = DIRECTION('',(1.,4.440892098501E-16,0.));
#973 = ADVANCED_FACE('',(#974),#992,.F.);
#974 = FACE_BOUND('',#975,.F.);
#975 = EDGE_LOOP('',(#976,#984,#990,#991));
#976 = ORIENTED_EDGE('',*,*,#977,.T.);
#977 = EDGE_CURVE('',#317,#978,#980,.T.);
#978 = VERTEX_POINT('',#979);
#979 = CARTESIAN_POINT('',(-0.6,-4.48,6.999));
#980 = LINE('',#981,#982);
#981 = CARTESIAN_POINT('',(-0.6,-4.48,7.));
#982 = VECTOR('',#983,1.);
#983 = DIRECTION('',(0.,0.,-1.));
#984 = ORIENTED_EDGE('',*,*,#985,.T.);
#985 = EDGE_CURVE('',#978,#947,#986,.T.);
#986 = LINE('',#987,#988);
#987 = CARTESIAN_POINT('',(-0.6,-4.48,6.999));
#988 = VECTOR('',#989,1.);
#989 = DIRECTION('',(4.440892098501E-16,-1.,0.));
#990 = ORIENTED_EDGE('',*,*,#946,.F.);
#991 = ORIENTED_EDGE('',*,*,#324,.F.);
#992 = PLANE('',#993);
#993 = AXIS2_PLACEMENT_3D('',#994,#995,#996);
#994 = CARTESIAN_POINT('',(-0.6,-4.48,7.));
#995 = DIRECTION('',(-1.,-4.440892098501E-16,0.));
#996 = DIRECTION('',(4.440892098501E-16,-1.,0.));
#997 = ADVANCED_FACE('',(#998),#1016,.F.);
#998 = FACE_BOUND('',#999,.F.);
#999 = EDGE_LOOP('',(#1000,#1008,#1014,#1015));
#1000 = ORIENTED_EDGE('',*,*,#1001,.T.);
#1001 = EDGE_CURVE('',#309,#1002,#1004,.T.);
#1002 = VERTEX_POINT('',#1003);
#1003 = CARTESIAN_POINT('',(0.6,-4.48,6.999));
#1004 = LINE('',#1005,#1006);
#1005 = CARTESIAN_POINT('',(0.6,-4.48,7.));
#1006 = VECTOR('',#1007,1.);
#1007 = DIRECTION('',(0.,0.,-1.));
#1008 = ORIENTED_EDGE('',*,*,#1009,.T.);
#1009 = EDGE_CURVE('',#1002,#978,#1010,.T.);
#1010 = LINE('',#1011,#1012);
#1011 = CARTESIAN_POINT('',(0.6,-4.48,6.999));
#1012 = VECTOR('',#1013,1.);
#1013 = DIRECTION('',(-1.,-4.440892098501E-16,0.));
#1014 = ORIENTED_EDGE('',*,*,#977,.F.);
#1015 = ORIENTED_EDGE('',*,*,#316,.F.);
#1016 = PLANE('',#1017);
#1017 = AXIS2_PLACEMENT_3D('',#1018,#1019,#1020);
#1018 = CARTESIAN_POINT('',(0.6,-4.48,7.));
#1019 = DIRECTION('',(-4.440892098501E-16,1.,0.));
#1020 = DIRECTION('',(-1.,-4.440892098501E-16,0.));
#1021 = ADVANCED_FACE('',(#1022),#1033,.F.);
#1022 = FACE_BOUND('',#1023,.F.);
#1023 = EDGE_LOOP('',(#1024,#1025,#1031,#1032));
#1024 = ORIENTED_EDGE('',*,*,#962,.T.);
#1025 = ORIENTED_EDGE('',*,*,#1026,.T.);
#1026 = EDGE_CURVE('',#955,#1002,#1027,.T.);
#1027 = LINE('',#1028,#1029);
#1028 = CARTESIAN_POINT('',(0.6,-5.68,6.999));
#1029 = VECTOR('',#1030,1.);
#1030 = DIRECTION('',(-4.440892098501E-16,1.,0.));
#1031 = ORIENTED_EDGE('',*,*,#1001,.F.);
#1032 = ORIENTED_EDGE('',*,*,#308,.F.);
#1033 = PLANE('',#1034);
#1034 = AXIS2_PLACEMENT_3D('',#1035,#1036,#1037);
#1035 = CARTESIAN_POINT('',(0.6,-5.68,7.));
#1036 = DIRECTION('',(1.,4.440892098501E-16,0.));
#1037 = DIRECTION('',(-4.440892098501E-16,1.,0.));
#1038 = ADVANCED_FACE('',(#1039),#1064,.F.);
#1039 = FACE_BOUND('',#1040,.F.);
#1040 = EDGE_LOOP('',(#1041,#1049,#1057,#1063));
#1041 = ORIENTED_EDGE('',*,*,#1042,.T.);
#1042 = EDGE_CURVE('',#333,#1043,#1045,.T.);
#1043 = VERTEX_POINT('',#1044);
#1044 = CARTESIAN_POINT('',(-0.6,-3.14,6.999));
#1045 = LINE('',#1046,#1047);
#1046 = CARTESIAN_POINT('',(-0.6,-3.14,7.));
#1047 = VECTOR('',#1048,1.);
#1048 = DIRECTION('',(0.,0.,-1.));
#1049 = ORIENTED_EDGE('',*,*,#1050,.T.);
#1050 = EDGE_CURVE('',#1043,#1051,#1053,.T.);
#1051 = VERTEX_POINT('',#1052);
#1052 = CARTESIAN_POINT('',(0.6,-3.14,6.999));
#1053 = LINE('',#1054,#1055);
#1054 = CARTESIAN_POINT('',(-0.6,-3.14,6.999));
#1055 = VECTOR('',#1056,1.);
#1056 = DIRECTION('',(1.,4.440892098501E-16,0.));
#1057 = ORIENTED_EDGE('',*,*,#1058,.F.);
#1058 = EDGE_CURVE('',#335,#1051,#1059,.T.);
#1059 = LINE('',#1060,#1061);
#1060 = CARTESIAN_POINT('',(0.6,-3.14,7.));
#1061 = VECTOR('',#1062,1.);
#1062 = DIRECTION('',(0.,0.,-1.));
#1063 = ORIENTED_EDGE('',*,*,#332,.F.);
#1064 = PLANE('',#1065);
#1065 = AXIS2_PLACEMENT_3D('',#1066,#1067,#1068);
#1066 = CARTESIAN_POINT('',(-0.6,-3.14,7.));
#1067 = DIRECTION('',(4.440892098501E-16,-1.,0.));
#1068 = DIRECTION('',(1.,4.440892098501E-16,0.));
#1069 = ADVANCED_FACE('',(#1070),#1088,.F.);
#1070 = FACE_BOUND('',#1071,.F.);
#1071 = EDGE_LOOP('',(#1072,#1080,#1086,#1087));
#1072 = ORIENTED_EDGE('',*,*,#1073,.T.);
#1073 = EDGE_CURVE('',#351,#1074,#1076,.T.);
#1074 = VERTEX_POINT('',#1075);
#1075 = CARTESIAN_POINT('',(-0.6,-1.94,6.999));
#1076 = LINE('',#1077,#1078);
#1077 = CARTESIAN_POINT('',(-0.6,-1.94,7.));
#1078 = VECTOR('',#1079,1.);
#1079 = DIRECTION('',(0.,0.,-1.));
#1080 = ORIENTED_EDGE('',*,*,#1081,.T.);
#1081 = EDGE_CURVE('',#1074,#1043,#1082,.T.);
#1082 = LINE('',#1083,#1084);
#1083 = CARTESIAN_POINT('',(-0.6,-1.94,6.999));
#1084 = VECTOR('',#1085,1.);
#1085 = DIRECTION('',(4.440892098501E-16,-1.,0.));
#1086 = ORIENTED_EDGE('',*,*,#1042,.F.);
#1087 = ORIENTED_EDGE('',*,*,#358,.F.);
#1088 = PLANE('',#1089);
#1089 = AXIS2_PLACEMENT_3D('',#1090,#1091,#1092);
#1090 = CARTESIAN_POINT('',(-0.6,-1.94,7.));
#1091 = DIRECTION('',(-1.,-4.440892098501E-16,0.));
#1092 = DIRECTION('',(4.440892098501E-16,-1.,0.));
#1093 = ADVANCED_FACE('',(#1094),#1112,.F.);
#1094 = FACE_BOUND('',#1095,.F.);
#1095 = EDGE_LOOP('',(#1096,#1104,#1110,#1111));
#1096 = ORIENTED_EDGE('',*,*,#1097,.T.);
#1097 = EDGE_CURVE('',#343,#1098,#1100,.T.);
#1098 = VERTEX_POINT('',#1099);
#1099 = CARTESIAN_POINT('',(0.6,-1.94,6.999));
#1100 = LINE('',#1101,#1102);
#1101 = CARTESIAN_POINT('',(0.6,-1.94,7.));
#1102 = VECTOR('',#1103,1.);
#1103 = DIRECTION('',(0.,0.,-1.));
#1104 = ORIENTED_EDGE('',*,*,#1105,.T.);
#1105 = EDGE_CURVE('',#1098,#1074,#1106,.T.);
#1106 = LINE('',#1107,#1108);
#1107 = CARTESIAN_POINT('',(0.6,-1.94,6.999));
#1108 = VECTOR('',#1109,1.);
#1109 = DIRECTION('',(-1.,-4.440892098501E-16,0.));
#1110 = ORIENTED_EDGE('',*,*,#1073,.F.);
#1111 = ORIENTED_EDGE('',*,*,#350,.F.);
#1112 = PLANE('',#1113);
#1113 = AXIS2_PLACEMENT_3D('',#1114,#1115,#1116);
#1114 = CARTESIAN_POINT('',(0.6,-1.94,7.));
#1115 = DIRECTION('',(-4.440892098501E-16,1.,0.));
#1116 = DIRECTION('',(-1.,-4.440892098501E-16,0.));
#1117 = ADVANCED_FACE('',(#1118),#1129,.F.);
#1118 = FACE_BOUND('',#1119,.F.);
#1119 = EDGE_LOOP('',(#1120,#1121,#1127,#1128));
#1120 = ORIENTED_EDGE('',*,*,#1058,.T.);
#1121 = ORIENTED_EDGE('',*,*,#1122,.T.);
#1122 = EDGE_CURVE('',#1051,#1098,#1123,.T.);
#1123 = LINE('',#1124,#1125);
#1124 = CARTESIAN_POINT('',(0.6,-3.14,6.999));
#1125 = VECTOR('',#1126,1.);
#1126 = DIRECTION('',(-4.440892098501E-16,1.,0.));
#1127 = ORIENTED_EDGE('',*,*,#1097,.F.);
#1128 = ORIENTED_EDGE('',*,*,#342,.F.);
#1129 = PLANE('',#1130);
#1130 = AXIS2_PLACEMENT_3D('',#1131,#1132,#1133);
#1131 = CARTESIAN_POINT('',(0.6,-3.14,7.));
#1132 = DIRECTION('',(1.,4.440892098501E-16,0.));
#1133 = DIRECTION('',(-4.440892098501E-16,1.,0.));
#1134 = ADVANCED_FACE('',(#1135),#1160,.F.);
#1135 = FACE_BOUND('',#1136,.F.);
#1136 = EDGE_LOOP('',(#1137,#1145,#1153,#1159));
#1137 = ORIENTED_EDGE('',*,*,#1138,.T.);
#1138 = EDGE_CURVE('',#367,#1139,#1141,.T.);
#1139 = VERTEX_POINT('',#1140);
#1140 = CARTESIAN_POINT('',(0.6,-0.6,6.999));
#1141 = LINE('',#1142,#1143);
#1142 = CARTESIAN_POINT('',(0.6,-0.6,7.));
#1143 = VECTOR('',#1144,1.);
#1144 = DIRECTION('',(0.,0.,-1.));
#1145 = ORIENTED_EDGE('',*,*,#1146,.T.);
#1146 = EDGE_CURVE('',#1139,#1147,#1149,.T.);
#1147 = VERTEX_POINT('',#1148);
#1148 = CARTESIAN_POINT('',(0.6,0.6,6.999));
#1149 = LINE('',#1150,#1151);
#1150 = CARTESIAN_POINT('',(0.6,-0.6,6.999));
#1151 = VECTOR('',#1152,1.);
#1152 = DIRECTION('',(-4.440892098501E-16,1.,0.));
#1153 = ORIENTED_EDGE('',*,*,#1154,.F.);
#1154 = EDGE_CURVE('',#369,#1147,#1155,.T.);
#1155 = LINE('',#1156,#1157);
#1156 = CARTESIAN_POINT('',(0.6,0.6,7.));
#1157 = VECTOR('',#1158,1.);
#1158 = DIRECTION('',(0.,0.,-1.));
#1159 = ORIENTED_EDGE('',*,*,#366,.F.);
#1160 = PLANE('',#1161);
#1161 = AXIS2_PLACEMENT_3D('',#1162,#1163,#1164);
#1162 = CARTESIAN_POINT('',(0.6,-0.6,7.));
#1163 = DIRECTION('',(1.,4.440892098501E-16,0.));
#1164 = DIRECTION('',(-4.440892098501E-16,1.,0.));
#1165 = ADVANCED_FACE('',(#1166),#1184,.F.);
#1166 = FACE_BOUND('',#1167,.F.);
#1167 = EDGE_LOOP('',(#1168,#1176,#1182,#1183));
#1168 = ORIENTED_EDGE('',*,*,#1169,.T.);
#1169 = EDGE_CURVE('',#385,#1170,#1172,.T.);
#1170 = VERTEX_POINT('',#1171);
#1171 = CARTESIAN_POINT('',(-0.6,-0.6,6.999));
#1172 = LINE('',#1173,#1174);
#1173 = CARTESIAN_POINT('',(-0.6,-0.6,7.));
#1174 = VECTOR('',#1175,1.);
#1175 = DIRECTION('',(0.,0.,-1.));
#1176 = ORIENTED_EDGE('',*,*,#1177,.T.);
#1177 = EDGE_CURVE('',#1170,#1139,#1178,.T.);
#1178 = LINE('',#1179,#1180);
#1179 = CARTESIAN_POINT('',(-0.6,-0.6,6.999));
#1180 = VECTOR('',#1181,1.);
#1181 = DIRECTION('',(1.,4.440892098501E-16,0.));
#1182 = ORIENTED_EDGE('',*,*,#1138,.F.);
#1183 = ORIENTED_EDGE('',*,*,#392,.F.);
#1184 = PLANE('',#1185);
#1185 = AXIS2_PLACEMENT_3D('',#1186,#1187,#1188);
#1186 = CARTESIAN_POINT('',(-0.6,-0.6,7.));
#1187 = DIRECTION('',(4.440892098501E-16,-1.,0.));
#1188 = DIRECTION('',(1.,4.440892098501E-16,0.));
#1189 = ADVANCED_FACE('',(#1190),#1208,.F.);
#1190 = FACE_BOUND('',#1191,.F.);
#1191 = EDGE_LOOP('',(#1192,#1200,#1206,#1207));
#1192 = ORIENTED_EDGE('',*,*,#1193,.T.);
#1193 = EDGE_CURVE('',#377,#1194,#1196,.T.);
#1194 = VERTEX_POINT('',#1195);
#1195 = CARTESIAN_POINT('',(-0.6,0.6,6.999));
#1196 = LINE('',#1197,#1198);
#1197 = CARTESIAN_POINT('',(-0.6,0.6,7.));
#1198 = VECTOR('',#1199,1.);
#1199 = DIRECTION('',(0.,0.,-1.));
#1200 = ORIENTED_EDGE('',*,*,#1201,.T.);
#1201 = EDGE_CURVE('',#1194,#1170,#1202,.T.);
#1202 = LINE('',#1203,#1204);
#1203 = CARTESIAN_POINT('',(-0.6,0.6,6.999));
#1204 = VECTOR('',#1205,1.);
#1205 = DIRECTION('',(4.440892098501E-16,-1.,0.));
#1206 = ORIENTED_EDGE('',*,*,#1169,.F.);
#1207 = ORIENTED_EDGE('',*,*,#384,.F.);
#1208 = PLANE('',#1209);
#1209 = AXIS2_PLACEMENT_3D('',#1210,#1211,#1212);
#1210 = CARTESIAN_POINT('',(-0.6,0.6,7.));
#1211 = DIRECTION('',(-1.,-4.440892098501E-16,0.));
#1212 = DIRECTION('',(4.440892098501E-16,-1.,0.));
#1213 = ADVANCED_FACE('',(#1214),#1225,.F.);
#1214 = FACE_BOUND('',#1215,.F.);
#1215 = EDGE_LOOP('',(#1216,#1217,#1223,#1224));
#1216 = ORIENTED_EDGE('',*,*,#1154,.T.);
#1217 = ORIENTED_EDGE('',*,*,#1218,.T.);
#1218 = EDGE_CURVE('',#1147,#1194,#1219,.T.);
#1219 = LINE('',#1220,#1221);
#1220 = CARTESIAN_POINT('',(0.6,0.6,6.999));
#1221 = VECTOR('',#1222,1.);
#1222 = DIRECTION('',(-1.,-4.440892098501E-16,0.));
#1223 = ORIENTED_EDGE('',*,*,#1193,.F.);
#1224 = ORIENTED_EDGE('',*,*,#376,.F.);
#1225 = PLANE('',#1226);
#1226 = AXIS2_PLACEMENT_3D('',#1227,#1228,#1229);
#1227 = CARTESIAN_POINT('',(0.6,0.6,7.));
#1228 = DIRECTION('',(-4.440892098501E-16,1.,0.));
#1229 = DIRECTION('',(-1.,-4.440892098501E-16,0.));
#1230 = ADVANCED_FACE('',(#1231),#1256,.F.);
#1231 = FACE_BOUND('',#1232,.F.);
#1232 = EDGE_LOOP('',(#1233,#1241,#1249,#1255));
#1233 = ORIENTED_EDGE('',*,*,#1234,.T.);
#1234 = EDGE_CURVE('',#401,#1235,#1237,.T.);
#1235 = VERTEX_POINT('',#1236);
#1236 = CARTESIAN_POINT('',(-0.6,-10.76,6.999));
#1237 = LINE('',#1238,#1239);
#1238 = CARTESIAN_POINT('',(-0.6,-10.76,7.));
#1239 = VECTOR('',#1240,1.);
#1240 = DIRECTION('',(0.,0.,-1.));
#1241 = ORIENTED_EDGE('',*,*,#1242,.T.);
#1242 = EDGE_CURVE('',#1235,#1243,#1245,.T.);
#1243 = VERTEX_POINT('',#1244);
#1244 = CARTESIAN_POINT('',(0.6,-10.76,6.999));
#1245 = LINE('',#1246,#1247);
#1246 = CARTESIAN_POINT('',(-0.6,-10.76,6.999));
#1247 = VECTOR('',#1248,1.);
#1248 = DIRECTION('',(1.,4.440892098501E-16,0.));
#1249 = ORIENTED_EDGE('',*,*,#1250,.F.);
#1250 = EDGE_CURVE('',#403,#1243,#1251,.T.);
#1251 = LINE('',#1252,#1253);
#1252 = CARTESIAN_POINT('',(0.6,-10.76,7.));
#1253 = VECTOR('',#1254,1.);
#1254 = DIRECTION('',(0.,0.,-1.));
#1255 = ORIENTED_EDGE('',*,*,#400,.F.);
#1256 = PLANE('',#1257);
#1257 = AXIS2_PLACEMENT_3D('',#1258,#1259,#1260);
#1258 = CARTESIAN_POINT('',(-0.6,-10.76,7.));
#1259 = DIRECTION('',(4.440892098501E-16,-1.,0.));
#1260 = DIRECTION('',(1.,4.440892098501E-16,0.));
#1261 = ADVANCED_FACE('',(#1262),#1280,.F.);
#1262 = FACE_BOUND('',#1263,.F.);
#1263 = EDGE_LOOP('',(#1264,#1272,#1278,#1279));
#1264 = ORIENTED_EDGE('',*,*,#1265,.T.);
#1265 = EDGE_CURVE('',#419,#1266,#1268,.T.);
#1266 = VERTEX_POINT('',#1267);
#1267 = CARTESIAN_POINT('',(-0.6,-9.56,6.999));
#1268 = LINE('',#1269,#1270);
#1269 = CARTESIAN_POINT('',(-0.6,-9.56,7.));
#1270 = VECTOR('',#1271,1.);
#1271 = DIRECTION('',(0.,0.,-1.));
#1272 = ORIENTED_EDGE('',*,*,#1273,.T.);
#1273 = EDGE_CURVE('',#1266,#1235,#1274,.T.);
#1274 = LINE('',#1275,#1276);
#1275 = CARTESIAN_POINT('',(-0.6,-9.56,6.999));
#1276 = VECTOR('',#1277,1.);
#1277 = DIRECTION('',(4.440892098501E-16,-1.,0.));
#1278 = ORIENTED_EDGE('',*,*,#1234,.F.);
#1279 = ORIENTED_EDGE('',*,*,#426,.F.);
#1280 = PLANE('',#1281);
#1281 = AXIS2_PLACEMENT_3D('',#1282,#1283,#1284);
#1282 = CARTESIAN_POINT('',(-0.6,-9.56,7.));
#1283 = DIRECTION('',(-1.,-4.440892098501E-16,0.));
#1284 = DIRECTION('',(4.440892098501E-16,-1.,0.));
#1285 = ADVANCED_FACE('',(#1286),#1304,.F.);
#1286 = FACE_BOUND('',#1287,.F.);
#1287 = EDGE_LOOP('',(#1288,#1296,#1302,#1303));
#1288 = ORIENTED_EDGE('',*,*,#1289,.T.);
#1289 = EDGE_CURVE('',#411,#1290,#1292,.T.);
#1290 = VERTEX_POINT('',#1291);
#1291 = CARTESIAN_POINT('',(0.6,-9.56,6.999));
#1292 = LINE('',#1293,#1294);
#1293 = CARTESIAN_POINT('',(0.6,-9.56,7.));
#1294 = VECTOR('',#1295,1.);
#1295 = DIRECTION('',(0.,0.,-1.));
#1296 = ORIENTED_EDGE('',*,*,#1297,.T.);
#1297 = EDGE_CURVE('',#1290,#1266,#1298,.T.);
#1298 = LINE('',#1299,#1300);
#1299 = CARTESIAN_POINT('',(0.6,-9.56,6.999));
#1300 = VECTOR('',#1301,1.);
#1301 = DIRECTION('',(-1.,-4.440892098501E-16,0.));
#1302 = ORIENTED_EDGE('',*,*,#1265,.F.);
#1303 = ORIENTED_EDGE('',*,*,#418,.F.);
#1304 = PLANE('',#1305);
#1305 = AXIS2_PLACEMENT_3D('',#1306,#1307,#1308);
#1306 = CARTESIAN_POINT('',(0.6,-9.56,7.));
#1307 = DIRECTION('',(-4.440892098501E-16,1.,0.));
#1308 = DIRECTION('',(-1.,-4.440892098501E-16,0.));
#1309 = ADVANCED_FACE('',(#1310),#1321,.F.);
#1310 = FACE_BOUND('',#1311,.F.);
#1311 = EDGE_LOOP('',(#1312,#1313,#1319,#1320));
#1312 = ORIENTED_EDGE('',*,*,#1250,.T.);
#1313 = ORIENTED_EDGE('',*,*,#1314,.T.);
#1314 = EDGE_CURVE('',#1243,#1290,#1315,.T.);
#1315 = LINE('',#1316,#1317);
#1316 = CARTESIAN_POINT('',(0.6,-10.76,6.999));
#1317 = VECTOR('',#1318,1.);
#1318 = DIRECTION('',(-4.440892098501E-16,1.,0.));
#1319 = ORIENTED_EDGE('',*,*,#1289,.F.);
#1320 = ORIENTED_EDGE('',*,*,#410,.F.);
#1321 = PLANE('',#1322);
#1322 = AXIS2_PLACEMENT_3D('',#1323,#1324,#1325);
#1323 = CARTESIAN_POINT('',(0.6,-10.76,7.));
#1324 = DIRECTION('',(1.,4.440892098501E-16,0.));
#1325 = DIRECTION('',(-4.440892098501E-16,1.,0.));
#1326 = ADVANCED_FACE('',(#1327),#1338,.T.);
#1327 = FACE_BOUND('',#1328,.T.);
#1328 = EDGE_LOOP('',(#1329,#1335,#1336,#1337));
#1329 = ORIENTED_EDGE('',*,*,#1330,.F.);
#1330 = EDGE_CURVE('',#493,#533,#1331,.T.);
#1331 = LINE('',#1332,#1333);
#1332 = CARTESIAN_POINT('',(-0.1,0.3,0.2));
#1333 = VECTOR('',#1334,1.);
#1334 = DIRECTION('',(1.,4.440892098501E-16,0.));
#1335 = ORIENTED_EDGE('',*,*,#490,.F.);
#1336 = ORIENTED_EDGE('',*,*,#548,.T.);
#1337 = ORIENTED_EDGE('',*,*,#540,.T.);
#1338 = PLANE('',#1339);
#1339 = AXIS2_PLACEMENT_3D('',#1340,#1341,#1342);
#1340 = CARTESIAN_POINT('',(-0.1,-0.45,0.2));
#1341 = DIRECTION('',(-0.,0.,-1.));
#1342 = DIRECTION('',(4.440892098501E-16,-1.,-0.));
#1343 = ADVANCED_FACE('',(#1344),#1385,.F.);
#1344 = FACE_BOUND('',#1345,.F.);
#1345 = EDGE_LOOP('',(#1346,#1347,#1355,#1363,#1371,#1379));
#1346 = ORIENTED_EDGE('',*,*,#532,.T.);
#1347 = ORIENTED_EDGE('',*,*,#1348,.T.);
#1348 = EDGE_CURVE('',#533,#1349,#1351,.T.);
#1349 = VERTEX_POINT('',#1350);
#1350 = CARTESIAN_POINT('',(0.1,0.3,-2.5));
#1351 = LINE('',#1352,#1353);
#1352 = CARTESIAN_POINT('',(0.1,0.3,0.2));
#1353 = VECTOR('',#1354,1.);
#1354 = DIRECTION('',(-0.,0.,-1.));
#1355 = ORIENTED_EDGE('',*,*,#1356,.T.);
#1356 = EDGE_CURVE('',#1349,#1357,#1359,.T.);
#1357 = VERTEX_POINT('',#1358);
#1358 = CARTESIAN_POINT('',(0.1,0.15,-3.1));
#1359 = LINE('',#1360,#1361);
#1360 = CARTESIAN_POINT('',(0.1,0.3,-2.5));
#1361 = VECTOR('',#1362,1.);
#1362 = DIRECTION('',(1.077074540829E-16,-0.242535625036,-0.970142500145
    ));
#1363 = ORIENTED_EDGE('',*,*,#1364,.T.);
#1364 = EDGE_CURVE('',#1357,#1365,#1367,.T.);
#1365 = VERTEX_POINT('',#1366);
#1366 = CARTESIAN_POINT('',(0.1,-0.15,-3.1));
#1367 = LINE('',#1368,#1369);
#1368 = CARTESIAN_POINT('',(0.1,9.325873406851E-16,-3.1));
#1369 = VECTOR('',#1370,1.);
#1370 = DIRECTION('',(4.440892098501E-16,-1.,0.));
#1371 = ORIENTED_EDGE('',*,*,#1372,.T.);
#1372 = EDGE_CURVE('',#1365,#1373,#1375,.T.);
#1373 = VERTEX_POINT('',#1374);
#1374 = CARTESIAN_POINT('',(0.1,-0.3,-2.5));
#1375 = LINE('',#1376,#1377);
#1376 = CARTESIAN_POINT('',(0.1,-0.15,-3.1));
#1377 = VECTOR('',#1378,1.);
#1378 = DIRECTION('',(1.077074540829E-16,-0.242535625036,0.970142500145)
  );
#1379 = ORIENTED_EDGE('',*,*,#1380,.T.);
#1380 = EDGE_CURVE('',#1373,#525,#1381,.T.);
#1381 = LINE('',#1382,#1383);
#1382 = CARTESIAN_POINT('',(0.1,-0.3,-2.5));
#1383 = VECTOR('',#1384,1.);
#1384 = DIRECTION('',(0.,0.,1.));
#1385 = PLANE('',#1386);
#1386 = AXIS2_PLACEMENT_3D('',#1387,#1388,#1389);
#1387 = CARTESIAN_POINT('',(0.1,0.3,0.2));
#1388 = DIRECTION('',(-1.,-4.440892098501E-16,0.));
#1389 = DIRECTION('',(0.,0.,1.));
#1390 = ADVANCED_FACE('',(#1391),#1402,.T.);
#1391 = FACE_BOUND('',#1392,.T.);
#1392 = EDGE_LOOP('',(#1393,#1394,#1395,#1401));
#1393 = ORIENTED_EDGE('',*,*,#516,.F.);
#1394 = ORIENTED_EDGE('',*,*,#508,.F.);
#1395 = ORIENTED_EDGE('',*,*,#1396,.T.);
#1396 = EDGE_CURVE('',#501,#525,#1397,.T.);
#1397 = LINE('',#1398,#1399);
#1398 = CARTESIAN_POINT('',(-0.1,-0.3,0.2));
#1399 = VECTOR('',#1400,1.);
#1400 = DIRECTION('',(1.,4.440892098501E-16,0.));
#1401 = ORIENTED_EDGE('',*,*,#524,.T.);
#1402 = PLANE('',#1403);
#1403 = AXIS2_PLACEMENT_3D('',#1404,#1405,#1406);
#1404 = CARTESIAN_POINT('',(-0.1,-0.45,0.2));
#1405 = DIRECTION('',(-0.,0.,-1.));
#1406 = DIRECTION('',(4.440892098501E-16,-1.,-0.));
#1407 = ADVANCED_FACE('',(#1408),#1449,.F.);
#1408 = FACE_BOUND('',#1409,.F.);
#1409 = EDGE_LOOP('',(#1410,#1418,#1419,#1427,#1435,#1443));
#1410 = ORIENTED_EDGE('',*,*,#1411,.F.);
#1411 = EDGE_CURVE('',#493,#1412,#1414,.T.);
#1412 = VERTEX_POINT('',#1413);
#1413 = CARTESIAN_POINT('',(-0.1,0.3,-2.5));
#1414 = LINE('',#1415,#1416);
#1415 = CARTESIAN_POINT('',(-0.1,0.3,0.2));
#1416 = VECTOR('',#1417,1.);
#1417 = DIRECTION('',(-0.,0.,-1.));
#1418 = ORIENTED_EDGE('',*,*,#500,.T.);
#1419 = ORIENTED_EDGE('',*,*,#1420,.F.);
#1420 = EDGE_CURVE('',#1421,#501,#1423,.T.);
#1421 = VERTEX_POINT('',#1422);
#1422 = CARTESIAN_POINT('',(-0.1,-0.3,-2.5));
#1423 = LINE('',#1424,#1425);
#1424 = CARTESIAN_POINT('',(-0.1,-0.3,-2.5));
#1425 = VECTOR('',#1426,1.);
#1426 = DIRECTION('',(0.,0.,1.));
#1427 = ORIENTED_EDGE('',*,*,#1428,.F.);
#1428 = EDGE_CURVE('',#1429,#1421,#1431,.T.);
#1429 = VERTEX_POINT('',#1430);
#1430 = CARTESIAN_POINT('',(-0.1,-0.15,-3.1));
#1431 = LINE('',#1432,#1433);
#1432 = CARTESIAN_POINT('',(-0.1,-0.15,-3.1));
#1433 = VECTOR('',#1434,1.);
#1434 = DIRECTION('',(1.077074540829E-16,-0.242535625036,0.970142500145)
  );
#1435 = ORIENTED_EDGE('',*,*,#1436,.F.);
#1436 = EDGE_CURVE('',#1437,#1429,#1439,.T.);
#1437 = VERTEX_POINT('',#1438);
#1438 = CARTESIAN_POINT('',(-0.1,0.15,-3.1));
#1439 = LINE('',#1440,#1441);
#1440 = CARTESIAN_POINT('',(-0.1,0.15,-3.1));
#1441 = VECTOR('',#1442,1.);
#1442 = DIRECTION('',(4.440892098501E-16,-1.,0.));
#1443 = ORIENTED_EDGE('',*,*,#1444,.F.);
#1444 = EDGE_CURVE('',#1412,#1437,#1445,.T.);
#1445 = LINE('',#1446,#1447);
#1446 = CARTESIAN_POINT('',(-0.1,0.3,-2.5));
#1447 = VECTOR('',#1448,1.);
#1448 = DIRECTION('',(1.077074540829E-16,-0.242535625036,-0.970142500145
    ));
#1449 = PLANE('',#1450);
#1450 = AXIS2_PLACEMENT_3D('',#1451,#1452,#1453);
#1451 = CARTESIAN_POINT('',(-0.1,0.3,0.2));
#1452 = DIRECTION('',(1.,4.440892098501E-16,0.));
#1453 = DIRECTION('',(0.,0.,-1.));
#1454 = ADVANCED_FACE('',(#1455),#1466,.T.);
#1455 = FACE_BOUND('',#1456,.T.);
#1456 = EDGE_LOOP('',(#1457,#1463,#1464,#1465));
#1457 = ORIENTED_EDGE('',*,*,#1458,.F.);
#1458 = EDGE_CURVE('',#559,#599,#1459,.T.);
#1459 = LINE('',#1460,#1461);
#1460 = CARTESIAN_POINT('',(-0.1,-2.24,0.2));
#1461 = VECTOR('',#1462,1.);
#1462 = DIRECTION('',(1.,4.440892098501E-16,0.));
#1463 = ORIENTED_EDGE('',*,*,#556,.F.);
#1464 = ORIENTED_EDGE('',*,*,#614,.T.);
#1465 = ORIENTED_EDGE('',*,*,#606,.T.);
#1466 = PLANE('',#1467);
#1467 = AXIS2_PLACEMENT_3D('',#1468,#1469,#1470);
#1468 = CARTESIAN_POINT('',(-0.1,-2.99,0.2));
#1469 = DIRECTION('',(-0.,0.,-1.));
#1470 = DIRECTION('',(4.440892098501E-16,-1.,-0.));
#1471 = ADVANCED_FACE('',(#1472),#1513,.F.);
#1472 = FACE_BOUND('',#1473,.F.);
#1473 = EDGE_LOOP('',(#1474,#1475,#1483,#1491,#1499,#1507));
#1474 = ORIENTED_EDGE('',*,*,#598,.T.);
#1475 = ORIENTED_EDGE('',*,*,#1476,.T.);
#1476 = EDGE_CURVE('',#599,#1477,#1479,.T.);
#1477 = VERTEX_POINT('',#1478);
#1478 = CARTESIAN_POINT('',(0.1,-2.24,-2.5));
#1479 = LINE('',#1480,#1481);
#1480 = CARTESIAN_POINT('',(0.1,-2.24,0.2));
#1481 = VECTOR('',#1482,1.);
#1482 = DIRECTION('',(-0.,0.,-1.));
#1483 = ORIENTED_EDGE('',*,*,#1484,.T.);
#1484 = EDGE_CURVE('',#1477,#1485,#1487,.T.);
#1485 = VERTEX_POINT('',#1486);
#1486 = CARTESIAN_POINT('',(0.1,-2.39,-3.1));
#1487 = LINE('',#1488,#1489);
#1488 = CARTESIAN_POINT('',(0.1,-2.24,-2.5));
#1489 = VECTOR('',#1490,1.);
#1490 = DIRECTION('',(1.077074540829E-16,-0.242535625036,-0.970142500145
    ));
#1491 = ORIENTED_EDGE('',*,*,#1492,.T.);
#1492 = EDGE_CURVE('',#1485,#1493,#1495,.T.);
#1493 = VERTEX_POINT('',#1494);
#1494 = CARTESIAN_POINT('',(0.1,-2.69,-3.1));
#1495 = LINE('',#1496,#1497);
#1496 = CARTESIAN_POINT('',(0.1,-2.54,-3.1));
#1497 = VECTOR('',#1498,1.);
#1498 = DIRECTION('',(4.440892098501E-16,-1.,0.));
#1499 = ORIENTED_EDGE('',*,*,#1500,.T.);
#1500 = EDGE_CURVE('',#1493,#1501,#1503,.T.);
#1501 = VERTEX_POINT('',#1502);
#1502 = CARTESIAN_POINT('',(0.1,-2.84,-2.5));
#1503 = LINE('',#1504,#1505);
#1504 = CARTESIAN_POINT('',(0.1,-2.69,-3.1));
#1505 = VECTOR('',#1506,1.);
#1506 = DIRECTION('',(1.077074540829E-16,-0.242535625036,0.970142500145)
  );
#1507 = ORIENTED_EDGE('',*,*,#1508,.T.);
#1508 = EDGE_CURVE('',#1501,#591,#1509,.T.);
#1509 = LINE('',#1510,#1511);
#1510 = CARTESIAN_POINT('',(0.1,-2.84,-2.5));
#1511 = VECTOR('',#1512,1.);
#1512 = DIRECTION('',(0.,0.,1.));
#1513 = PLANE('',#1514);
#1514 = AXIS2_PLACEMENT_3D('',#1515,#1516,#1517);
#1515 = CARTESIAN_POINT('',(0.1,-2.24,0.2));
#1516 = DIRECTION('',(-1.,-4.440892098501E-16,0.));
#1517 = DIRECTION('',(0.,0.,1.));
#1518 = ADVANCED_FACE('',(#1519),#1530,.T.);
#1519 = FACE_BOUND('',#1520,.T.);
#1520 = EDGE_LOOP('',(#1521,#1522,#1523,#1529));
#1521 = ORIENTED_EDGE('',*,*,#582,.F.);
#1522 = ORIENTED_EDGE('',*,*,#574,.F.);
#1523 = ORIENTED_EDGE('',*,*,#1524,.T.);
#1524 = EDGE_CURVE('',#567,#591,#1525,.T.);
#1525 = LINE('',#1526,#1527);
#1526 = CARTESIAN_POINT('',(-0.1,-2.84,0.2));
#1527 = VECTOR('',#1528,1.);
#1528 = DIRECTION('',(1.,4.440892098501E-16,0.));
#1529 = ORIENTED_EDGE('',*,*,#590,.T.);
#1530 = PLANE('',#1531);
#1531 = AXIS2_PLACEMENT_3D('',#1532,#1533,#1534);
#1532 = CARTESIAN_POINT('',(-0.1,-2.99,0.2));
#1533 = DIRECTION('',(-0.,0.,-1.));
#1534 = DIRECTION('',(4.440892098501E-16,-1.,-0.));
#1535 = ADVANCED_FACE('',(#1536),#1577,.F.);
#1536 = FACE_BOUND('',#1537,.F.);
#1537 = EDGE_LOOP('',(#1538,#1546,#1547,#1555,#1563,#1571));
#1538 = ORIENTED_EDGE('',*,*,#1539,.F.);
#1539 = EDGE_CURVE('',#559,#1540,#1542,.T.);
#1540 = VERTEX_POINT('',#1541);
#1541 = CARTESIAN_POINT('',(-0.1,-2.24,-2.5));
#1542 = LINE('',#1543,#1544);
#1543 = CARTESIAN_POINT('',(-0.1,-2.24,0.2));
#1544 = VECTOR('',#1545,1.);
#1545 = DIRECTION('',(-0.,0.,-1.));
#1546 = ORIENTED_EDGE('',*,*,#566,.T.);
#1547 = ORIENTED_EDGE('',*,*,#1548,.F.);
#1548 = EDGE_CURVE('',#1549,#567,#1551,.T.);
#1549 = VERTEX_POINT('',#1550);
#1550 = CARTESIAN_POINT('',(-0.1,-2.84,-2.5));
#1551 = LINE('',#1552,#1553);
#1552 = CARTESIAN_POINT('',(-0.1,-2.84,-2.5));
#1553 = VECTOR('',#1554,1.);
#1554 = DIRECTION('',(0.,0.,1.));
#1555 = ORIENTED_EDGE('',*,*,#1556,.F.);
#1556 = EDGE_CURVE('',#1557,#1549,#1559,.T.);
#1557 = VERTEX_POINT('',#1558);
#1558 = CARTESIAN_POINT('',(-0.1,-2.69,-3.1));
#1559 = LINE('',#1560,#1561);
#1560 = CARTESIAN_POINT('',(-0.1,-2.69,-3.1));
#1561 = VECTOR('',#1562,1.);
#1562 = DIRECTION('',(1.077074540829E-16,-0.242535625036,0.970142500145)
  );
#1563 = ORIENTED_EDGE('',*,*,#1564,.F.);
#1564 = EDGE_CURVE('',#1565,#1557,#1567,.T.);
#1565 = VERTEX_POINT('',#1566);
#1566 = CARTESIAN_POINT('',(-0.1,-2.39,-3.1));
#1567 = LINE('',#1568,#1569);
#1568 = CARTESIAN_POINT('',(-0.1,-2.39,-3.1));
#1569 = VECTOR('',#1570,1.);
#1570 = DIRECTION('',(4.440892098501E-16,-1.,0.));
#1571 = ORIENTED_EDGE('',*,*,#1572,.F.);
#1572 = EDGE_CURVE('',#1540,#1565,#1573,.T.);
#1573 = LINE('',#1574,#1575);
#1574 = CARTESIAN_POINT('',(-0.1,-2.24,-2.5));
#1575 = VECTOR('',#1576,1.);
#1576 = DIRECTION('',(1.077074540829E-16,-0.242535625036,-0.970142500145
    ));
#1577 = PLANE('',#1578);
#1578 = AXIS2_PLACEMENT_3D('',#1579,#1580,#1581);
#1579 = CARTESIAN_POINT('',(-0.1,-2.24,0.2));
#1580 = DIRECTION('',(1.,4.440892098501E-16,0.));
#1581 = DIRECTION('',(0.,0.,-1.));
#1582 = ADVANCED_FACE('',(#1583),#1624,.F.);
#1583 = FACE_BOUND('',#1584,.F.);
#1584 = EDGE_LOOP('',(#1585,#1593,#1594,#1602,#1610,#1618));
#1585 = ORIENTED_EDGE('',*,*,#1586,.F.);
#1586 = EDGE_CURVE('',#623,#1587,#1589,.T.);
#1587 = VERTEX_POINT('',#1588);
#1588 = CARTESIAN_POINT('',(-0.1,-4.78,-2.5));
#1589 = LINE('',#1590,#1591);
#1590 = CARTESIAN_POINT('',(-0.1,-4.78,0.2));
#1591 = VECTOR('',#1592,1.);
#1592 = DIRECTION('',(-0.,0.,-1.));
#1593 = ORIENTED_EDGE('',*,*,#622,.T.);
#1594 = ORIENTED_EDGE('',*,*,#1595,.F.);
#1595 = EDGE_CURVE('',#1596,#625,#1598,.T.);
#1596 = VERTEX_POINT('',#1597);
#1597 = CARTESIAN_POINT('',(-0.1,-5.38,-2.5));
#1598 = LINE('',#1599,#1600);
#1599 = CARTESIAN_POINT('',(-0.1,-5.38,-2.5));
#1600 = VECTOR('',#1601,1.);
#1601 = DIRECTION('',(0.,0.,1.));
#1602 = ORIENTED_EDGE('',*,*,#1603,.F.);
#1603 = EDGE_CURVE('',#1604,#1596,#1606,.T.);
#1604 = VERTEX_POINT('',#1605);
#1605 = CARTESIAN_POINT('',(-0.1,-5.23,-3.1));
#1606 = LINE('',#1607,#1608);
#1607 = CARTESIAN_POINT('',(-0.1,-5.23,-3.1));
#1608 = VECTOR('',#1609,1.);
#1609 = DIRECTION('',(1.077074540829E-16,-0.242535625036,0.970142500145)
  );
#1610 = ORIENTED_EDGE('',*,*,#1611,.F.);
#1611 = EDGE_CURVE('',#1612,#1604,#1614,.T.);
#1612 = VERTEX_POINT('',#1613);
#1613 = CARTESIAN_POINT('',(-0.1,-4.93,-3.1));
#1614 = LINE('',#1615,#1616);
#1615 = CARTESIAN_POINT('',(-0.1,-4.93,-3.1));
#1616 = VECTOR('',#1617,1.);
#1617 = DIRECTION('',(4.440892098501E-16,-1.,0.));
#1618 = ORIENTED_EDGE('',*,*,#1619,.F.);
#1619 = EDGE_CURVE('',#1587,#1612,#1620,.T.);
#1620 = LINE('',#1621,#1622);
#1621 = CARTESIAN_POINT('',(-0.1,-4.78,-2.5));
#1622 = VECTOR('',#1623,1.);
#1623 = DIRECTION('',(1.077074540829E-16,-0.242535625036,-0.970142500145
    ));
#1624 = PLANE('',#1625);
#1625 = AXIS2_PLACEMENT_3D('',#1626,#1627,#1628);
#1626 = CARTESIAN_POINT('',(-0.1,-4.78,0.2));
#1627 = DIRECTION('',(1.,4.440892098501E-16,0.));
#1628 = DIRECTION('',(0.,0.,-1.));
#1629 = ADVANCED_FACE('',(#1630),#1641,.T.);
#1630 = FACE_BOUND('',#1631,.T.);
#1631 = EDGE_LOOP('',(#1632,#1638,#1639,#1640));
#1632 = ORIENTED_EDGE('',*,*,#1633,.F.);
#1633 = EDGE_CURVE('',#623,#657,#1634,.T.);
#1634 = LINE('',#1635,#1636);
#1635 = CARTESIAN_POINT('',(-0.1,-4.78,0.2));
#1636 = VECTOR('',#1637,1.);
#1637 = DIRECTION('',(1.,4.440892098501E-16,0.));
#1638 = ORIENTED_EDGE('',*,*,#680,.F.);
#1639 = ORIENTED_EDGE('',*,*,#672,.T.);
#1640 = ORIENTED_EDGE('',*,*,#664,.T.);
#1641 = PLANE('',#1642);
#1642 = AXIS2_PLACEMENT_3D('',#1643,#1644,#1645);
#1643 = CARTESIAN_POINT('',(-0.1,-5.53,0.2));
#1644 = DIRECTION('',(-0.,0.,-1.));
#1645 = DIRECTION('',(4.440892098501E-16,-1.,-0.));
#1646 = ADVANCED_FACE('',(#1647),#1688,.F.);
#1647 = FACE_BOUND('',#1648,.F.);
#1648 = EDGE_LOOP('',(#1649,#1650,#1658,#1666,#1674,#1682));
#1649 = ORIENTED_EDGE('',*,*,#656,.T.);
#1650 = ORIENTED_EDGE('',*,*,#1651,.T.);
#1651 = EDGE_CURVE('',#657,#1652,#1654,.T.);
#1652 = VERTEX_POINT('',#1653);
#1653 = CARTESIAN_POINT('',(0.1,-4.78,-2.5));
#1654 = LINE('',#1655,#1656);
#1655 = CARTESIAN_POINT('',(0.1,-4.78,0.2));
#1656 = VECTOR('',#1657,1.);
#1657 = DIRECTION('',(-0.,0.,-1.));
#1658 = ORIENTED_EDGE('',*,*,#1659,.T.);
#1659 = EDGE_CURVE('',#1652,#1660,#1662,.T.);
#1660 = VERTEX_POINT('',#1661);
#1661 = CARTESIAN_POINT('',(0.1,-4.93,-3.1));
#1662 = LINE('',#1663,#1664);
#1663 = CARTESIAN_POINT('',(0.1,-4.78,-2.5));
#1664 = VECTOR('',#1665,1.);
#1665 = DIRECTION('',(1.077074540829E-16,-0.242535625036,-0.970142500145
    ));
#1666 = ORIENTED_EDGE('',*,*,#1667,.T.);
#1667 = EDGE_CURVE('',#1660,#1668,#1670,.T.);
#1668 = VERTEX_POINT('',#1669);
#1669 = CARTESIAN_POINT('',(0.1,-5.23,-3.1));
#1670 = LINE('',#1671,#1672);
#1671 = CARTESIAN_POINT('',(0.1,-5.08,-3.1));
#1672 = VECTOR('',#1673,1.);
#1673 = DIRECTION('',(4.440892098501E-16,-1.,0.));
#1674 = ORIENTED_EDGE('',*,*,#1675,.T.);
#1675 = EDGE_CURVE('',#1668,#1676,#1678,.T.);
#1676 = VERTEX_POINT('',#1677);
#1677 = CARTESIAN_POINT('',(0.1,-5.38,-2.5));
#1678 = LINE('',#1679,#1680);
#1679 = CARTESIAN_POINT('',(0.1,-5.23,-3.1));
#1680 = VECTOR('',#1681,1.);
#1681 = DIRECTION('',(1.077074540829E-16,-0.242535625036,0.970142500145)
  );
#1682 = ORIENTED_EDGE('',*,*,#1683,.T.);
#1683 = EDGE_CURVE('',#1676,#649,#1684,.T.);
#1684 = LINE('',#1685,#1686);
#1685 = CARTESIAN_POINT('',(0.1,-5.38,-2.5));
#1686 = VECTOR('',#1687,1.);
#1687 = DIRECTION('',(0.,0.,1.));
#1688 = PLANE('',#1689);
#1689 = AXIS2_PLACEMENT_3D('',#1690,#1691,#1692);
#1690 = CARTESIAN_POINT('',(0.1,-4.78,0.2));
#1691 = DIRECTION('',(-1.,-4.440892098501E-16,0.));
#1692 = DIRECTION('',(0.,0.,1.));
#1693 = ADVANCED_FACE('',(#1694),#1705,.T.);
#1694 = FACE_BOUND('',#1695,.T.);
#1695 = EDGE_LOOP('',(#1696,#1697,#1698,#1704));
#1696 = ORIENTED_EDGE('',*,*,#640,.F.);
#1697 = ORIENTED_EDGE('',*,*,#632,.F.);
#1698 = ORIENTED_EDGE('',*,*,#1699,.T.);
#1699 = EDGE_CURVE('',#625,#649,#1700,.T.);
#1700 = LINE('',#1701,#1702);
#1701 = CARTESIAN_POINT('',(-0.1,-5.38,0.2));
#1702 = VECTOR('',#1703,1.);
#1703 = DIRECTION('',(1.,4.440892098501E-16,0.));
#1704 = ORIENTED_EDGE('',*,*,#648,.T.);
#1705 = PLANE('',#1706);
#1706 = AXIS2_PLACEMENT_3D('',#1707,#1708,#1709);
#1707 = CARTESIAN_POINT('',(-0.1,-5.53,0.2));
#1708 = DIRECTION('',(-0.,0.,-1.));
#1709 = DIRECTION('',(4.440892098501E-16,-1.,-0.));
#1710 = ADVANCED_FACE('',(#1711),#1722,.T.);
#1711 = FACE_BOUND('',#1712,.T.);
#1712 = EDGE_LOOP('',(#1713,#1719,#1720,#1721));
#1713 = ORIENTED_EDGE('',*,*,#1714,.F.);
#1714 = EDGE_CURVE('',#691,#731,#1715,.T.);
#1715 = LINE('',#1716,#1717);
#1716 = CARTESIAN_POINT('',(-0.1,-9.86,0.2));
#1717 = VECTOR('',#1718,1.);
#1718 = DIRECTION('',(1.,4.440892098501E-16,0.));
#1719 = ORIENTED_EDGE('',*,*,#688,.F.);
#1720 = ORIENTED_EDGE('',*,*,#746,.T.);
#1721 = ORIENTED_EDGE('',*,*,#738,.T.);
#1722 = PLANE('',#1723);
#1723 = AXIS2_PLACEMENT_3D('',#1724,#1725,#1726);
#1724 = CARTESIAN_POINT('',(-0.1,-10.61,0.2));
#1725 = DIRECTION('',(-0.,0.,-1.));
#1726 = DIRECTION('',(4.440892098501E-16,-1.,-0.));
#1727 = ADVANCED_FACE('',(#1728),#1769,.F.);
#1728 = FACE_BOUND('',#1729,.F.);
#1729 = EDGE_LOOP('',(#1730,#1731,#1739,#1747,#1755,#1763));
#1730 = ORIENTED_EDGE('',*,*,#730,.T.);
#1731 = ORIENTED_EDGE('',*,*,#1732,.T.);
#1732 = EDGE_CURVE('',#731,#1733,#1735,.T.);
#1733 = VERTEX_POINT('',#1734);
#1734 = CARTESIAN_POINT('',(0.1,-9.86,-2.5));
#1735 = LINE('',#1736,#1737);
#1736 = CARTESIAN_POINT('',(0.1,-9.86,0.2));
#1737 = VECTOR('',#1738,1.);
#1738 = DIRECTION('',(-0.,0.,-1.));
#1739 = ORIENTED_EDGE('',*,*,#1740,.T.);
#1740 = EDGE_CURVE('',#1733,#1741,#1743,.T.);
#1741 = VERTEX_POINT('',#1742);
#1742 = CARTESIAN_POINT('',(0.1,-10.01,-3.1));
#1743 = LINE('',#1744,#1745);
#1744 = CARTESIAN_POINT('',(0.1,-9.86,-2.5));
#1745 = VECTOR('',#1746,1.);
#1746 = DIRECTION('',(1.077074540829E-16,-0.242535625036,-0.970142500145
    ));
#1747 = ORIENTED_EDGE('',*,*,#1748,.T.);
#1748 = EDGE_CURVE('',#1741,#1749,#1751,.T.);
#1749 = VERTEX_POINT('',#1750);
#1750 = CARTESIAN_POINT('',(0.1,-10.31,-3.1));
#1751 = LINE('',#1752,#1753);
#1752 = CARTESIAN_POINT('',(0.1,-10.16,-3.1));
#1753 = VECTOR('',#1754,1.);
#1754 = DIRECTION('',(4.440892098501E-16,-1.,0.));
#1755 = ORIENTED_EDGE('',*,*,#1756,.T.);
#1756 = EDGE_CURVE('',#1749,#1757,#1759,.T.);
#1757 = VERTEX_POINT('',#1758);
#1758 = CARTESIAN_POINT('',(0.1,-10.46,-2.5));
#1759 = LINE('',#1760,#1761);
#1760 = CARTESIAN_POINT('',(0.1,-10.31,-3.1));
#1761 = VECTOR('',#1762,1.);
#1762 = DIRECTION('',(1.077074540829E-16,-0.242535625036,0.970142500145)
  );
#1763 = ORIENTED_EDGE('',*,*,#1764,.T.);
#1764 = EDGE_CURVE('',#1757,#723,#1765,.T.);
#1765 = LINE('',#1766,#1767);
#1766 = CARTESIAN_POINT('',(0.1,-10.46,-2.5));
#1767 = VECTOR('',#1768,1.);
#1768 = DIRECTION('',(0.,0.,1.));
#1769 = PLANE('',#1770);
#1770 = AXIS2_PLACEMENT_3D('',#1771,#1772,#1773);
#1771 = CARTESIAN_POINT('',(0.1,-9.86,0.2));
#1772 = DIRECTION('',(-1.,-4.440892098501E-16,0.));
#1773 = DIRECTION('',(0.,0.,1.));
#1774 = ADVANCED_FACE('',(#1775),#1786,.T.);
#1775 = FACE_BOUND('',#1776,.T.);
#1776 = EDGE_LOOP('',(#1777,#1778,#1779,#1785));
#1777 = ORIENTED_EDGE('',*,*,#714,.F.);
#1778 = ORIENTED_EDGE('',*,*,#706,.F.);
#1779 = ORIENTED_EDGE('',*,*,#1780,.T.);
#1780 = EDGE_CURVE('',#699,#723,#1781,.T.);
#1781 = LINE('',#1782,#1783);
#1782 = CARTESIAN_POINT('',(-0.1,-10.46,0.2));
#1783 = VECTOR('',#1784,1.);
#1784 = DIRECTION('',(1.,4.440892098501E-16,0.));
#1785 = ORIENTED_EDGE('',*,*,#722,.T.);
#1786 = PLANE('',#1787);
#1787 = AXIS2_PLACEMENT_3D('',#1788,#1789,#1790);
#1788 = CARTESIAN_POINT('',(-0.1,-10.61,0.2));
#1789 = DIRECTION('',(-0.,0.,-1.));
#1790 = DIRECTION('',(4.440892098501E-16,-1.,-0.));
#1791 = ADVANCED_FACE('',(#1792),#1833,.F.);
#1792 = FACE_BOUND('',#1793,.F.);
#1793 = EDGE_LOOP('',(#1794,#1802,#1803,#1811,#1819,#1827));
#1794 = ORIENTED_EDGE('',*,*,#1795,.F.);
#1795 = EDGE_CURVE('',#691,#1796,#1798,.T.);
#1796 = VERTEX_POINT('',#1797);
#1797 = CARTESIAN_POINT('',(-0.1,-9.86,-2.5));
#1798 = LINE('',#1799,#1800);
#1799 = CARTESIAN_POINT('',(-0.1,-9.86,0.2));
#1800 = VECTOR('',#1801,1.);
#1801 = DIRECTION('',(-0.,0.,-1.));
#1802 = ORIENTED_EDGE('',*,*,#698,.T.);
#1803 = ORIENTED_EDGE('',*,*,#1804,.F.);
#1804 = EDGE_CURVE('',#1805,#699,#1807,.T.);
#1805 = VERTEX_POINT('',#1806);
#1806 = CARTESIAN_POINT('',(-0.1,-10.46,-2.5));
#1807 = LINE('',#1808,#1809);
#1808 = CARTESIAN_POINT('',(-0.1,-10.46,-2.5));
#1809 = VECTOR('',#1810,1.);
#1810 = DIRECTION('',(0.,0.,1.));
#1811 = ORIENTED_EDGE('',*,*,#1812,.F.);
#1812 = EDGE_CURVE('',#1813,#1805,#1815,.T.);
#1813 = VERTEX_POINT('',#1814);
#1814 = CARTESIAN_POINT('',(-0.1,-10.31,-3.1));
#1815 = LINE('',#1816,#1817);
#1816 = CARTESIAN_POINT('',(-0.1,-10.31,-3.1));
#1817 = VECTOR('',#1818,1.);
#1818 = DIRECTION('',(1.077074540829E-16,-0.242535625036,0.970142500145)
  );
#1819 = ORIENTED_EDGE('',*,*,#1820,.F.);
#1820 = EDGE_CURVE('',#1821,#1813,#1823,.T.);
#1821 = VERTEX_POINT('',#1822);
#1822 = CARTESIAN_POINT('',(-0.1,-10.01,-3.1));
#1823 = LINE('',#1824,#1825);
#1824 = CARTESIAN_POINT('',(-0.1,-10.01,-3.1));
#1825 = VECTOR('',#1826,1.);
#1826 = DIRECTION('',(4.440892098501E-16,-1.,0.));
#1827 = ORIENTED_EDGE('',*,*,#1828,.F.);
#1828 = EDGE_CURVE('',#1796,#1821,#1829,.T.);
#1829 = LINE('',#1830,#1831);
#1830 = CARTESIAN_POINT('',(-0.1,-9.86,-2.5));
#1831 = VECTOR('',#1832,1.);
#1832 = DIRECTION('',(1.077074540829E-16,-0.242535625036,-0.970142500145
    ));
#1833 = PLANE('',#1834);
#1834 = AXIS2_PLACEMENT_3D('',#1835,#1836,#1837);
#1835 = CARTESIAN_POINT('',(-0.1,-9.86,0.2));
#1836 = DIRECTION('',(1.,4.440892098501E-16,0.));
#1837 = DIRECTION('',(0.,0.,-1.));
#1838 = ADVANCED_FACE('',(#1839),#1880,.F.);
#1839 = FACE_BOUND('',#1840,.F.);
#1840 = EDGE_LOOP('',(#1841,#1849,#1850,#1858,#1866,#1874));
#1841 = ORIENTED_EDGE('',*,*,#1842,.F.);
#1842 = EDGE_CURVE('',#755,#1843,#1845,.T.);
#1843 = VERTEX_POINT('',#1844);
#1844 = CARTESIAN_POINT('',(-0.1,-7.32,-2.5));
#1845 = LINE('',#1846,#1847);
#1846 = CARTESIAN_POINT('',(-0.1,-7.32,0.2));
#1847 = VECTOR('',#1848,1.);
#1848 = DIRECTION('',(-0.,0.,-1.));
#1849 = ORIENTED_EDGE('',*,*,#754,.T.);
#1850 = ORIENTED_EDGE('',*,*,#1851,.F.);
#1851 = EDGE_CURVE('',#1852,#757,#1854,.T.);
#1852 = VERTEX_POINT('',#1853);
#1853 = CARTESIAN_POINT('',(-0.1,-7.92,-2.5));
#1854 = LINE('',#1855,#1856);
#1855 = CARTESIAN_POINT('',(-0.1,-7.92,-2.5));
#1856 = VECTOR('',#1857,1.);
#1857 = DIRECTION('',(0.,0.,1.));
#1858 = ORIENTED_EDGE('',*,*,#1859,.F.);
#1859 = EDGE_CURVE('',#1860,#1852,#1862,.T.);
#1860 = VERTEX_POINT('',#1861);
#1861 = CARTESIAN_POINT('',(-0.1,-7.77,-3.1));
#1862 = LINE('',#1863,#1864);
#1863 = CARTESIAN_POINT('',(-0.1,-7.77,-3.1));
#1864 = VECTOR('',#1865,1.);
#1865 = DIRECTION('',(1.077074540829E-16,-0.242535625036,0.970142500145)
  );
#1866 = ORIENTED_EDGE('',*,*,#1867,.F.);
#1867 = EDGE_CURVE('',#1868,#1860,#1870,.T.);
#1868 = VERTEX_POINT('',#1869);
#1869 = CARTESIAN_POINT('',(-0.1,-7.47,-3.1));
#1870 = LINE('',#1871,#1872);
#1871 = CARTESIAN_POINT('',(-0.1,-7.47,-3.1));
#1872 = VECTOR('',#1873,1.);
#1873 = DIRECTION('',(4.440892098501E-16,-1.,0.));
#1874 = ORIENTED_EDGE('',*,*,#1875,.F.);
#1875 = EDGE_CURVE('',#1843,#1868,#1876,.T.);
#1876 = LINE('',#1877,#1878);
#1877 = CARTESIAN_POINT('',(-0.1,-7.32,-2.5));
#1878 = VECTOR('',#1879,1.);
#1879 = DIRECTION('',(1.077074540829E-16,-0.242535625036,-0.970142500145
    ));
#1880 = PLANE('',#1881);
#1881 = AXIS2_PLACEMENT_3D('',#1882,#1883,#1884);
#1882 = CARTESIAN_POINT('',(-0.1,-7.32,0.2));
#1883 = DIRECTION('',(1.,4.440892098501E-16,0.));
#1884 = DIRECTION('',(0.,0.,-1.));
#1885 = ADVANCED_FACE('',(#1886),#1897,.T.);
#1886 = FACE_BOUND('',#1887,.T.);
#1887 = EDGE_LOOP('',(#1888,#1894,#1895,#1896));
#1888 = ORIENTED_EDGE('',*,*,#1889,.F.);
#1889 = EDGE_CURVE('',#755,#789,#1890,.T.);
#1890 = LINE('',#1891,#1892);
#1891 = CARTESIAN_POINT('',(-0.1,-7.32,0.2));
#1892 = VECTOR('',#1893,1.);
#1893 = DIRECTION('',(1.,4.440892098501E-16,0.));
#1894 = ORIENTED_EDGE('',*,*,#812,.F.);
#1895 = ORIENTED_EDGE('',*,*,#804,.T.);
#1896 = ORIENTED_EDGE('',*,*,#796,.T.);
#1897 = PLANE('',#1898);
#1898 = AXIS2_PLACEMENT_3D('',#1899,#1900,#1901);
#1899 = CARTESIAN_POINT('',(-0.1,-8.07,0.2));
#1900 = DIRECTION('',(-0.,0.,-1.));
#1901 = DIRECTION('',(4.440892098501E-16,-1.,-0.));
#1902 = ADVANCED_FACE('',(#1903),#1944,.F.);
#1903 = FACE_BOUND('',#1904,.F.);
#1904 = EDGE_LOOP('',(#1905,#1906,#1914,#1922,#1930,#1938));
#1905 = ORIENTED_EDGE('',*,*,#788,.T.);
#1906 = ORIENTED_EDGE('',*,*,#1907,.T.);
#1907 = EDGE_CURVE('',#789,#1908,#1910,.T.);
#1908 = VERTEX_POINT('',#1909);
#1909 = CARTESIAN_POINT('',(0.1,-7.32,-2.5));
#1910 = LINE('',#1911,#1912);
#1911 = CARTESIAN_POINT('',(0.1,-7.32,0.2));
#1912 = VECTOR('',#1913,1.);
#1913 = DIRECTION('',(-0.,0.,-1.));
#1914 = ORIENTED_EDGE('',*,*,#1915,.T.);
#1915 = EDGE_CURVE('',#1908,#1916,#1918,.T.);
#1916 = VERTEX_POINT('',#1917);
#1917 = CARTESIAN_POINT('',(0.1,-7.47,-3.1));
#1918 = LINE('',#1919,#1920);
#1919 = CARTESIAN_POINT('',(0.1,-7.32,-2.5));
#1920 = VECTOR('',#1921,1.);
#1921 = DIRECTION('',(1.077074540829E-16,-0.242535625036,-0.970142500145
    ));
#1922 = ORIENTED_EDGE('',*,*,#1923,.T.);
#1923 = EDGE_CURVE('',#1916,#1924,#1926,.T.);
#1924 = VERTEX_POINT('',#1925);
#1925 = CARTESIAN_POINT('',(0.1,-7.77,-3.1));
#1926 = LINE('',#1927,#1928);
#1927 = CARTESIAN_POINT('',(0.1,-7.62,-3.1));
#1928 = VECTOR('',#1929,1.);
#1929 = DIRECTION('',(4.440892098501E-16,-1.,0.));
#1930 = ORIENTED_EDGE('',*,*,#1931,.T.);
#1931 = EDGE_CURVE('',#1924,#1932,#1934,.T.);
#1932 = VERTEX_POINT('',#1933);
#1933 = CARTESIAN_POINT('',(0.1,-7.92,-2.5));
#1934 = LINE('',#1935,#1936);
#1935 = CARTESIAN_POINT('',(0.1,-7.77,-3.1));
#1936 = VECTOR('',#1937,1.);
#1937 = DIRECTION('',(1.077074540829E-16,-0.242535625036,0.970142500145)
  );
#1938 = ORIENTED_EDGE('',*,*,#1939,.T.);
#1939 = EDGE_CURVE('',#1932,#781,#1940,.T.);
#1940 = LINE('',#1941,#1942);
#1941 = CARTESIAN_POINT('',(0.1,-7.92,-2.5));
#1942 = VECTOR('',#1943,1.);
#1943 = DIRECTION('',(0.,0.,1.));
#1944 = PLANE('',#1945);
#1945 = AXIS2_PLACEMENT_3D('',#1946,#1947,#1948);
#1946 = CARTESIAN_POINT('',(0.1,-7.32,0.2));
#1947 = DIRECTION('',(-1.,-4.440892098501E-16,0.));
#1948 = DIRECTION('',(0.,0.,1.));
#1949 = ADVANCED_FACE('',(#1950),#1961,.T.);
#1950 = FACE_BOUND('',#1951,.T.);
#1951 = EDGE_LOOP('',(#1952,#1953,#1954,#1960));
#1952 = ORIENTED_EDGE('',*,*,#772,.F.);
#1953 = ORIENTED_EDGE('',*,*,#764,.F.);
#1954 = ORIENTED_EDGE('',*,*,#1955,.T.);
#1955 = EDGE_CURVE('',#757,#781,#1956,.T.);
#1956 = LINE('',#1957,#1958);
#1957 = CARTESIAN_POINT('',(-0.1,-7.92,0.2));
#1958 = VECTOR('',#1959,1.);
#1959 = DIRECTION('',(1.,4.440892098501E-16,0.));
#1960 = ORIENTED_EDGE('',*,*,#780,.T.);
#1961 = PLANE('',#1962);
#1962 = AXIS2_PLACEMENT_3D('',#1963,#1964,#1965);
#1963 = CARTESIAN_POINT('',(-0.1,-8.07,0.2));
#1964 = DIRECTION('',(-0.,0.,-1.));
#1965 = DIRECTION('',(4.440892098501E-16,-1.,-0.));
#1966 = ADVANCED_FACE('',(#1967),#1992,.F.);
#1967 = FACE_BOUND('',#1968,.T.);
#1968 = EDGE_LOOP('',(#1969,#1977,#1978,#1986));
#1969 = ORIENTED_EDGE('',*,*,#1970,.F.);
#1970 = EDGE_CURVE('',#851,#1971,#1973,.T.);
#1971 = VERTEX_POINT('',#1972);
#1972 = CARTESIAN_POINT('',(0.301,-7.319,6.7));
#1973 = LINE('',#1974,#1975);
#1974 = CARTESIAN_POINT('',(0.300333333333,-7.319666666667,
    6.699333333333));
#1975 = VECTOR('',#1976,1.);
#1976 = DIRECTION('',(-0.57735026919,-0.57735026919,-0.57735026919));
#1977 = ORIENTED_EDGE('',*,*,#858,.T.);
#1978 = ORIENTED_EDGE('',*,*,#1979,.T.);
#1979 = EDGE_CURVE('',#859,#1980,#1982,.T.);
#1980 = VERTEX_POINT('',#1981);
#1981 = CARTESIAN_POINT('',(-0.301,-7.319,6.7));
#1982 = LINE('',#1983,#1984);
#1983 = CARTESIAN_POINT('',(-0.300333333333,-7.319666666667,
    6.699333333333));
#1984 = VECTOR('',#1985,1.);
#1985 = DIRECTION('',(0.57735026919,-0.57735026919,-0.57735026919));
#1986 = ORIENTED_EDGE('',*,*,#1987,.F.);
#1987 = EDGE_CURVE('',#1971,#1980,#1988,.T.);
#1988 = LINE('',#1989,#1990);
#1989 = CARTESIAN_POINT('',(0.6,-7.319,6.7));
#1990 = VECTOR('',#1991,1.);
#1991 = DIRECTION('',(-1.,-4.440892098501E-16,0.));
#1992 = PLANE('',#1993);
#1993 = AXIS2_PLACEMENT_3D('',#1994,#1995,#1996);
#1994 = CARTESIAN_POINT('',(0.6,-7.1695,6.8495));
#1995 = DIRECTION('',(-3.140184917366E-16,0.707106781187,-0.707106781187
    ));
#1996 = DIRECTION('',(1.,4.4408920985E-16,1.289787580036E-28));
#1997 = ADVANCED_FACE('',(#1998),#2016,.F.);
#1998 = FACE_BOUND('',#1999,.T.);
#1999 = EDGE_LOOP('',(#2000,#2008,#2009,#2010));
#2000 = ORIENTED_EDGE('',*,*,#2001,.F.);
#2001 = EDGE_CURVE('',#882,#2002,#2004,.T.);
#2002 = VERTEX_POINT('',#2003);
#2003 = CARTESIAN_POINT('',(0.301,-7.921,6.7));
#2004 = LINE('',#2005,#2006);
#2005 = CARTESIAN_POINT('',(0.300333333333,-7.920333333333,
    6.699333333333));
#2006 = VECTOR('',#2007,1.);
#2007 = DIRECTION('',(-0.57735026919,0.57735026919,-0.57735026919));
#2008 = ORIENTED_EDGE('',*,*,#889,.T.);
#2009 = ORIENTED_EDGE('',*,*,#1970,.T.);
#2010 = ORIENTED_EDGE('',*,*,#2011,.F.);
#2011 = EDGE_CURVE('',#2002,#1971,#2012,.T.);
#2012 = LINE('',#2013,#2014);
#2013 = CARTESIAN_POINT('',(0.301,-8.22,6.7));
#2014 = VECTOR('',#2015,1.);
#2015 = DIRECTION('',(-4.440892098501E-16,1.,0.));
#2016 = PLANE('',#2017);
#2017 = AXIS2_PLACEMENT_3D('',#2018,#2019,#2020);
#2018 = CARTESIAN_POINT('',(0.4505,-8.22,6.8495));
#2019 = DIRECTION('',(0.707106781187,3.140184917366E-16,-0.707106781187)
  );
#2020 = DIRECTION('',(4.4408920985E-16,-1.,1.289787580036E-28));
#2021 = ADVANCED_FACE('',(#2022),#2040,.F.);
#2022 = FACE_BOUND('',#2023,.T.);
#2023 = EDGE_LOOP('',(#2024,#2032,#2033,#2034));
#2024 = ORIENTED_EDGE('',*,*,#2025,.F.);
#2025 = EDGE_CURVE('',#906,#2026,#2028,.T.);
#2026 = VERTEX_POINT('',#2027);
#2027 = CARTESIAN_POINT('',(-0.301,-7.921,6.7));
#2028 = LINE('',#2029,#2030);
#2029 = CARTESIAN_POINT('',(-0.300333333333,-7.920333333333,
    6.699333333333));
#2030 = VECTOR('',#2031,1.);
#2031 = DIRECTION('',(0.57735026919,0.57735026919,-0.57735026919));
#2032 = ORIENTED_EDGE('',*,*,#913,.T.);
#2033 = ORIENTED_EDGE('',*,*,#2001,.T.);
#2034 = ORIENTED_EDGE('',*,*,#2035,.F.);
#2035 = EDGE_CURVE('',#2026,#2002,#2036,.T.);
#2036 = LINE('',#2037,#2038);
#2037 = CARTESIAN_POINT('',(-0.6,-7.921,6.7));
#2038 = VECTOR('',#2039,1.);
#2039 = DIRECTION('',(1.,4.440892098501E-16,0.));
#2040 = PLANE('',#2041);
#2041 = AXIS2_PLACEMENT_3D('',#2042,#2043,#2044);
#2042 = CARTESIAN_POINT('',(-0.6,-8.0705,6.8495));
#2043 = DIRECTION('',(3.140184917366E-16,-0.707106781187,-0.707106781187
    ));
#2044 = DIRECTION('',(-1.,-4.4408920985E-16,1.289787580036E-28));
#2045 = ADVANCED_FACE('',(#2046),#2057,.F.);
#2046 = FACE_BOUND('',#2047,.T.);
#2047 = EDGE_LOOP('',(#2048,#2049,#2050,#2051));
#2048 = ORIENTED_EDGE('',*,*,#1979,.F.);
#2049 = ORIENTED_EDGE('',*,*,#930,.T.);
#2050 = ORIENTED_EDGE('',*,*,#2025,.T.);
#2051 = ORIENTED_EDGE('',*,*,#2052,.F.);
#2052 = EDGE_CURVE('',#1980,#2026,#2053,.T.);
#2053 = LINE('',#2054,#2055);
#2054 = CARTESIAN_POINT('',(-0.301,-7.02,6.7));
#2055 = VECTOR('',#2056,1.);
#2056 = DIRECTION('',(4.440892098501E-16,-1.,0.));
#2057 = PLANE('',#2058);
#2058 = AXIS2_PLACEMENT_3D('',#2059,#2060,#2061);
#2059 = CARTESIAN_POINT('',(-0.4505,-7.02,6.8495));
#2060 = DIRECTION('',(-0.707106781187,-3.140184917366E-16,
    -0.707106781187));
#2061 = DIRECTION('',(-4.4408920985E-16,1.,1.289787580036E-28));
#2062 = ADVANCED_FACE('',(#2063),#2088,.F.);
#2063 = FACE_BOUND('',#2064,.T.);
#2064 = EDGE_LOOP('',(#2065,#2073,#2074,#2082));
#2065 = ORIENTED_EDGE('',*,*,#2066,.F.);
#2066 = EDGE_CURVE('',#947,#2067,#2069,.T.);
#2067 = VERTEX_POINT('',#2068);
#2068 = CARTESIAN_POINT('',(-0.301,-5.381,6.7));
#2069 = LINE('',#2070,#2071);
#2070 = CARTESIAN_POINT('',(-0.300333333333,-5.380333333333,
    6.699333333333));
#2071 = VECTOR('',#2072,1.);
#2072 = DIRECTION('',(0.57735026919,0.57735026919,-0.57735026919));
#2073 = ORIENTED_EDGE('',*,*,#954,.T.);
#2074 = ORIENTED_EDGE('',*,*,#2075,.T.);
#2075 = EDGE_CURVE('',#955,#2076,#2078,.T.);
#2076 = VERTEX_POINT('',#2077);
#2077 = CARTESIAN_POINT('',(0.301,-5.381,6.7));
#2078 = LINE('',#2079,#2080);
#2079 = CARTESIAN_POINT('',(0.300333333333,-5.380333333333,
    6.699333333333));
#2080 = VECTOR('',#2081,1.);
#2081 = DIRECTION('',(-0.57735026919,0.57735026919,-0.57735026919));
#2082 = ORIENTED_EDGE('',*,*,#2083,.F.);
#2083 = EDGE_CURVE('',#2067,#2076,#2084,.T.);
#2084 = LINE('',#2085,#2086);
#2085 = CARTESIAN_POINT('',(-0.6,-5.381,6.7));
#2086 = VECTOR('',#2087,1.);
#2087 = DIRECTION('',(1.,4.440892098501E-16,0.));
#2088 = PLANE('',#2089);
#2089 = AXIS2_PLACEMENT_3D('',#2090,#2091,#2092);
#2090 = CARTESIAN_POINT('',(-0.6,-5.5305,6.8495));
#2091 = DIRECTION('',(3.140184917366E-16,-0.707106781187,-0.707106781187
    ));
#2092 = DIRECTION('',(-1.,-4.4408920985E-16,1.289787580036E-28));
#2093 = ADVANCED_FACE('',(#2094),#2112,.F.);
#2094 = FACE_BOUND('',#2095,.T.);
#2095 = EDGE_LOOP('',(#2096,#2104,#2105,#2106));
#2096 = ORIENTED_EDGE('',*,*,#2097,.F.);
#2097 = EDGE_CURVE('',#978,#2098,#2100,.T.);
#2098 = VERTEX_POINT('',#2099);
#2099 = CARTESIAN_POINT('',(-0.301,-4.779,6.7));
#2100 = LINE('',#2101,#2102);
#2101 = CARTESIAN_POINT('',(-0.300333333333,-4.779666666667,
    6.699333333333));
#2102 = VECTOR('',#2103,1.);
#2103 = DIRECTION('',(0.57735026919,-0.57735026919,-0.57735026919));
#2104 = ORIENTED_EDGE('',*,*,#985,.T.);
#2105 = ORIENTED_EDGE('',*,*,#2066,.T.);
#2106 = ORIENTED_EDGE('',*,*,#2107,.F.);
#2107 = EDGE_CURVE('',#2098,#2067,#2108,.T.);
#2108 = LINE('',#2109,#2110);
#2109 = CARTESIAN_POINT('',(-0.301,-4.48,6.7));
#2110 = VECTOR('',#2111,1.);
#2111 = DIRECTION('',(4.440892098501E-16,-1.,0.));
#2112 = PLANE('',#2113);
#2113 = AXIS2_PLACEMENT_3D('',#2114,#2115,#2116);
#2114 = CARTESIAN_POINT('',(-0.4505,-4.48,6.8495));
#2115 = DIRECTION('',(-0.707106781187,-3.140184917366E-16,
    -0.707106781187));
#2116 = DIRECTION('',(-4.4408920985E-16,1.,1.289787580036E-28));
#2117 = ADVANCED_FACE('',(#2118),#2136,.F.);
#2118 = FACE_BOUND('',#2119,.T.);
#2119 = EDGE_LOOP('',(#2120,#2128,#2129,#2130));
#2120 = ORIENTED_EDGE('',*,*,#2121,.F.);
#2121 = EDGE_CURVE('',#1002,#2122,#2124,.T.);
#2122 = VERTEX_POINT('',#2123);
#2123 = CARTESIAN_POINT('',(0.301,-4.779,6.7));
#2124 = LINE('',#2125,#2126);
#2125 = CARTESIAN_POINT('',(0.300333333333,-4.779666666667,
    6.699333333333));
#2126 = VECTOR('',#2127,1.);
#2127 = DIRECTION('',(-0.57735026919,-0.57735026919,-0.57735026919));
#2128 = ORIENTED_EDGE('',*,*,#1009,.T.);
#2129 = ORIENTED_EDGE('',*,*,#2097,.T.);
#2130 = ORIENTED_EDGE('',*,*,#2131,.F.);
#2131 = EDGE_CURVE('',#2122,#2098,#2132,.T.);
#2132 = LINE('',#2133,#2134);
#2133 = CARTESIAN_POINT('',(0.6,-4.779,6.7));
#2134 = VECTOR('',#2135,1.);
#2135 = DIRECTION('',(-1.,-4.440892098501E-16,0.));
#2136 = PLANE('',#2137);
#2137 = AXIS2_PLACEMENT_3D('',#2138,#2139,#2140);
#2138 = CARTESIAN_POINT('',(0.6,-4.6295,6.8495));
#2139 = DIRECTION('',(-3.140184917366E-16,0.707106781187,-0.707106781187
    ));
#2140 = DIRECTION('',(1.,4.4408920985E-16,1.289787580036E-28));
#2141 = ADVANCED_FACE('',(#2142),#2153,.F.);
#2142 = FACE_BOUND('',#2143,.T.);
#2143 = EDGE_LOOP('',(#2144,#2145,#2146,#2147));
#2144 = ORIENTED_EDGE('',*,*,#2075,.F.);
#2145 = ORIENTED_EDGE('',*,*,#1026,.T.);
#2146 = ORIENTED_EDGE('',*,*,#2121,.T.);
#2147 = ORIENTED_EDGE('',*,*,#2148,.F.);
#2148 = EDGE_CURVE('',#2076,#2122,#2149,.T.);
#2149 = LINE('',#2150,#2151);
#2150 = CARTESIAN_POINT('',(0.301,-5.68,6.7));
#2151 = VECTOR('',#2152,1.);
#2152 = DIRECTION('',(-4.440892098501E-16,1.,0.));
#2153 = PLANE('',#2154);
#2154 = AXIS2_PLACEMENT_3D('',#2155,#2156,#2157);
#2155 = CARTESIAN_POINT('',(0.4505,-5.68,6.8495));
#2156 = DIRECTION('',(0.707106781187,3.140184917366E-16,-0.707106781187)
  );
#2157 = DIRECTION('',(4.4408920985E-16,-1.,1.289787580036E-28));
#2158 = ADVANCED_FACE('',(#2159),#2184,.F.);
#2159 = FACE_BOUND('',#2160,.T.);
#2160 = EDGE_LOOP('',(#2161,#2169,#2170,#2178));
#2161 = ORIENTED_EDGE('',*,*,#2162,.F.);
#2162 = EDGE_CURVE('',#1043,#2163,#2165,.T.);
#2163 = VERTEX_POINT('',#2164);
#2164 = CARTESIAN_POINT('',(-0.301,-2.841,6.7));
#2165 = LINE('',#2166,#2167);
#2166 = CARTESIAN_POINT('',(-0.300333333333,-2.840333333333,
    6.699333333333));
#2167 = VECTOR('',#2168,1.);
#2168 = DIRECTION('',(0.57735026919,0.57735026919,-0.57735026919));
#2169 = ORIENTED_EDGE('',*,*,#1050,.T.);
#2170 = ORIENTED_EDGE('',*,*,#2171,.T.);
#2171 = EDGE_CURVE('',#1051,#2172,#2174,.T.);
#2172 = VERTEX_POINT('',#2173);
#2173 = CARTESIAN_POINT('',(0.301,-2.841,6.7));
#2174 = LINE('',#2175,#2176);
#2175 = CARTESIAN_POINT('',(0.300333333333,-2.840333333333,
    6.699333333333));
#2176 = VECTOR('',#2177,1.);
#2177 = DIRECTION('',(-0.57735026919,0.57735026919,-0.57735026919));
#2178 = ORIENTED_EDGE('',*,*,#2179,.F.);
#2179 = EDGE_CURVE('',#2163,#2172,#2180,.T.);
#2180 = LINE('',#2181,#2182);
#2181 = CARTESIAN_POINT('',(-0.6,-2.841,6.7));
#2182 = VECTOR('',#2183,1.);
#2183 = DIRECTION('',(1.,4.440892098501E-16,0.));
#2184 = PLANE('',#2185);
#2185 = AXIS2_PLACEMENT_3D('',#2186,#2187,#2188);
#2186 = CARTESIAN_POINT('',(-0.6,-2.9905,6.8495));
#2187 = DIRECTION('',(3.140184917366E-16,-0.707106781187,-0.707106781187
    ));
#2188 = DIRECTION('',(-1.,-4.4408920985E-16,1.289787580036E-28));
#2189 = ADVANCED_FACE('',(#2190),#2208,.F.);
#2190 = FACE_BOUND('',#2191,.T.);
#2191 = EDGE_LOOP('',(#2192,#2200,#2201,#2202));
#2192 = ORIENTED_EDGE('',*,*,#2193,.F.);
#2193 = EDGE_CURVE('',#1074,#2194,#2196,.T.);
#2194 = VERTEX_POINT('',#2195);
#2195 = CARTESIAN_POINT('',(-0.301,-2.239,6.7));
#2196 = LINE('',#2197,#2198);
#2197 = CARTESIAN_POINT('',(-0.300333333333,-2.239666666667,
    6.699333333333));
#2198 = VECTOR('',#2199,1.);
#2199 = DIRECTION('',(0.57735026919,-0.57735026919,-0.57735026919));
#2200 = ORIENTED_EDGE('',*,*,#1081,.T.);
#2201 = ORIENTED_EDGE('',*,*,#2162,.T.);
#2202 = ORIENTED_EDGE('',*,*,#2203,.F.);
#2203 = EDGE_CURVE('',#2194,#2163,#2204,.T.);
#2204 = LINE('',#2205,#2206);
#2205 = CARTESIAN_POINT('',(-0.301,-1.94,6.7));
#2206 = VECTOR('',#2207,1.);
#2207 = DIRECTION('',(4.440892098501E-16,-1.,0.));
#2208 = PLANE('',#2209);
#2209 = AXIS2_PLACEMENT_3D('',#2210,#2211,#2212);
#2210 = CARTESIAN_POINT('',(-0.4505,-1.94,6.8495));
#2211 = DIRECTION('',(-0.707106781187,-3.140184917366E-16,
    -0.707106781187));
#2212 = DIRECTION('',(-4.4408920985E-16,1.,1.289787580036E-28));
#2213 = ADVANCED_FACE('',(#2214),#2232,.F.);
#2214 = FACE_BOUND('',#2215,.T.);
#2215 = EDGE_LOOP('',(#2216,#2224,#2225,#2226));
#2216 = ORIENTED_EDGE('',*,*,#2217,.F.);
#2217 = EDGE_CURVE('',#1098,#2218,#2220,.T.);
#2218 = VERTEX_POINT('',#2219);
#2219 = CARTESIAN_POINT('',(0.301,-2.239,6.7));
#2220 = LINE('',#2221,#2222);
#2221 = CARTESIAN_POINT('',(0.300333333333,-2.239666666667,
    6.699333333333));
#2222 = VECTOR('',#2223,1.);
#2223 = DIRECTION('',(-0.57735026919,-0.57735026919,-0.57735026919));
#2224 = ORIENTED_EDGE('',*,*,#1105,.T.);
#2225 = ORIENTED_EDGE('',*,*,#2193,.T.);
#2226 = ORIENTED_EDGE('',*,*,#2227,.F.);
#2227 = EDGE_CURVE('',#2218,#2194,#2228,.T.);
#2228 = LINE('',#2229,#2230);
#2229 = CARTESIAN_POINT('',(0.6,-2.239,6.7));
#2230 = VECTOR('',#2231,1.);
#2231 = DIRECTION('',(-1.,-4.440892098501E-16,0.));
#2232 = PLANE('',#2233);
#2233 = AXIS2_PLACEMENT_3D('',#2234,#2235,#2236);
#2234 = CARTESIAN_POINT('',(0.6,-2.0895,6.8495));
#2235 = DIRECTION('',(-3.140184917366E-16,0.707106781187,-0.707106781187
    ));
#2236 = DIRECTION('',(1.,4.4408920985E-16,1.289787580036E-28));
#2237 = ADVANCED_FACE('',(#2238),#2249,.F.);
#2238 = FACE_BOUND('',#2239,.T.);
#2239 = EDGE_LOOP('',(#2240,#2241,#2242,#2243));
#2240 = ORIENTED_EDGE('',*,*,#2171,.F.);
#2241 = ORIENTED_EDGE('',*,*,#1122,.T.);
#2242 = ORIENTED_EDGE('',*,*,#2217,.T.);
#2243 = ORIENTED_EDGE('',*,*,#2244,.F.);
#2244 = EDGE_CURVE('',#2172,#2218,#2245,.T.);
#2245 = LINE('',#2246,#2247);
#2246 = CARTESIAN_POINT('',(0.301,-3.14,6.7));
#2247 = VECTOR('',#2248,1.);
#2248 = DIRECTION('',(-4.440892098501E-16,1.,0.));
#2249 = PLANE('',#2250);
#2250 = AXIS2_PLACEMENT_3D('',#2251,#2252,#2253);
#2251 = CARTESIAN_POINT('',(0.4505,-3.14,6.8495));
#2252 = DIRECTION('',(0.707106781187,3.140184917366E-16,-0.707106781187)
  );
#2253 = DIRECTION('',(4.4408920985E-16,-1.,1.289787580036E-28));
#2254 = ADVANCED_FACE('',(#2255),#2280,.F.);
#2255 = FACE_BOUND('',#2256,.T.);
#2256 = EDGE_LOOP('',(#2257,#2265,#2266,#2274));
#2257 = ORIENTED_EDGE('',*,*,#2258,.F.);
#2258 = EDGE_CURVE('',#1139,#2259,#2261,.T.);
#2259 = VERTEX_POINT('',#2260);
#2260 = CARTESIAN_POINT('',(0.301,-0.301,6.7));
#2261 = LINE('',#2262,#2263);
#2262 = CARTESIAN_POINT('',(0.300333333333,-0.300333333333,
    6.699333333333));
#2263 = VECTOR('',#2264,1.);
#2264 = DIRECTION('',(-0.57735026919,0.57735026919,-0.57735026919));
#2265 = ORIENTED_EDGE('',*,*,#1146,.T.);
#2266 = ORIENTED_EDGE('',*,*,#2267,.T.);
#2267 = EDGE_CURVE('',#1147,#2268,#2270,.T.);
#2268 = VERTEX_POINT('',#2269);
#2269 = CARTESIAN_POINT('',(0.301,0.301,6.7));
#2270 = LINE('',#2271,#2272);
#2271 = CARTESIAN_POINT('',(0.300333333333,0.300333333333,6.699333333333
    ));
#2272 = VECTOR('',#2273,1.);
#2273 = DIRECTION('',(-0.57735026919,-0.57735026919,-0.57735026919));
#2274 = ORIENTED_EDGE('',*,*,#2275,.F.);
#2275 = EDGE_CURVE('',#2259,#2268,#2276,.T.);
#2276 = LINE('',#2277,#2278);
#2277 = CARTESIAN_POINT('',(0.301,-0.6,6.7));
#2278 = VECTOR('',#2279,1.);
#2279 = DIRECTION('',(-4.440892098501E-16,1.,0.));
#2280 = PLANE('',#2281);
#2281 = AXIS2_PLACEMENT_3D('',#2282,#2283,#2284);
#2282 = CARTESIAN_POINT('',(0.4505,-0.6,6.8495));
#2283 = DIRECTION('',(0.707106781187,3.140184917366E-16,-0.707106781187)
  );
#2284 = DIRECTION('',(4.4408920985E-16,-1.,1.289787580036E-28));
#2285 = ADVANCED_FACE('',(#2286),#2304,.F.);
#2286 = FACE_BOUND('',#2287,.T.);
#2287 = EDGE_LOOP('',(#2288,#2296,#2297,#2298));
#2288 = ORIENTED_EDGE('',*,*,#2289,.F.);
#2289 = EDGE_CURVE('',#1170,#2290,#2292,.T.);
#2290 = VERTEX_POINT('',#2291);
#2291 = CARTESIAN_POINT('',(-0.301,-0.301,6.7));
#2292 = LINE('',#2293,#2294);
#2293 = CARTESIAN_POINT('',(-0.300333333333,-0.300333333333,
    6.699333333333));
#2294 = VECTOR('',#2295,1.);
#2295 = DIRECTION('',(0.57735026919,0.57735026919,-0.57735026919));
#2296 = ORIENTED_EDGE('',*,*,#1177,.T.);
#2297 = ORIENTED_EDGE('',*,*,#2258,.T.);
#2298 = ORIENTED_EDGE('',*,*,#2299,.F.);
#2299 = EDGE_CURVE('',#2290,#2259,#2300,.T.);
#2300 = LINE('',#2301,#2302);
#2301 = CARTESIAN_POINT('',(-0.6,-0.301,6.7));
#2302 = VECTOR('',#2303,1.);
#2303 = DIRECTION('',(1.,4.440892098501E-16,0.));
#2304 = PLANE('',#2305);
#2305 = AXIS2_PLACEMENT_3D('',#2306,#2307,#2308);
#2306 = CARTESIAN_POINT('',(-0.6,-0.4505,6.8495));
#2307 = DIRECTION('',(3.140184917366E-16,-0.707106781187,-0.707106781187
    ));
#2308 = DIRECTION('',(-1.,-4.4408920985E-16,1.289787580036E-28));
#2309 = ADVANCED_FACE('',(#2310),#2328,.F.);
#2310 = FACE_BOUND('',#2311,.T.);
#2311 = EDGE_LOOP('',(#2312,#2320,#2321,#2322));
#2312 = ORIENTED_EDGE('',*,*,#2313,.F.);
#2313 = EDGE_CURVE('',#1194,#2314,#2316,.T.);
#2314 = VERTEX_POINT('',#2315);
#2315 = CARTESIAN_POINT('',(-0.301,0.301,6.7));
#2316 = LINE('',#2317,#2318);
#2317 = CARTESIAN_POINT('',(-0.300333333333,0.300333333333,
    6.699333333333));
#2318 = VECTOR('',#2319,1.);
#2319 = DIRECTION('',(0.57735026919,-0.57735026919,-0.57735026919));
#2320 = ORIENTED_EDGE('',*,*,#1201,.T.);
#2321 = ORIENTED_EDGE('',*,*,#2289,.T.);
#2322 = ORIENTED_EDGE('',*,*,#2323,.F.);
#2323 = EDGE_CURVE('',#2314,#2290,#2324,.T.);
#2324 = LINE('',#2325,#2326);
#2325 = CARTESIAN_POINT('',(-0.301,0.6,6.7));
#2326 = VECTOR('',#2327,1.);
#2327 = DIRECTION('',(4.440892098501E-16,-1.,0.));
#2328 = PLANE('',#2329);
#2329 = AXIS2_PLACEMENT_3D('',#2330,#2331,#2332);
#2330 = CARTESIAN_POINT('',(-0.4505,0.6,6.8495));
#2331 = DIRECTION('',(-0.707106781187,-3.140184917366E-16,
    -0.707106781187));
#2332 = DIRECTION('',(-4.4408920985E-16,1.,1.289787580036E-28));
#2333 = ADVANCED_FACE('',(#2334),#2345,.F.);
#2334 = FACE_BOUND('',#2335,.T.);
#2335 = EDGE_LOOP('',(#2336,#2337,#2338,#2339));
#2336 = ORIENTED_EDGE('',*,*,#2267,.F.);
#2337 = ORIENTED_EDGE('',*,*,#1218,.T.);
#2338 = ORIENTED_EDGE('',*,*,#2313,.T.);
#2339 = ORIENTED_EDGE('',*,*,#2340,.F.);
#2340 = EDGE_CURVE('',#2268,#2314,#2341,.T.);
#2341 = LINE('',#2342,#2343);
#2342 = CARTESIAN_POINT('',(0.6,0.301,6.7));
#2343 = VECTOR('',#2344,1.);
#2344 = DIRECTION('',(-1.,-4.440892098501E-16,0.));
#2345 = PLANE('',#2346);
#2346 = AXIS2_PLACEMENT_3D('',#2347,#2348,#2349);
#2347 = CARTESIAN_POINT('',(0.6,0.4505,6.8495));
#2348 = DIRECTION('',(-3.140184917366E-16,0.707106781187,-0.707106781187
    ));
#2349 = DIRECTION('',(1.,4.4408920985E-16,1.289787580036E-28));
#2350 = ADVANCED_FACE('',(#2351),#2376,.F.);
#2351 = FACE_BOUND('',#2352,.T.);
#2352 = EDGE_LOOP('',(#2353,#2361,#2362,#2370));
#2353 = ORIENTED_EDGE('',*,*,#2354,.F.);
#2354 = EDGE_CURVE('',#1235,#2355,#2357,.T.);
#2355 = VERTEX_POINT('',#2356);
#2356 = CARTESIAN_POINT('',(-0.301,-10.461,6.7));
#2357 = LINE('',#2358,#2359);
#2358 = CARTESIAN_POINT('',(-0.300333333333,-10.46033333333,
    6.699333333333));
#2359 = VECTOR('',#2360,1.);
#2360 = DIRECTION('',(0.57735026919,0.57735026919,-0.57735026919));
#2361 = ORIENTED_EDGE('',*,*,#1242,.T.);
#2362 = ORIENTED_EDGE('',*,*,#2363,.T.);
#2363 = EDGE_CURVE('',#1243,#2364,#2366,.T.);
#2364 = VERTEX_POINT('',#2365);
#2365 = CARTESIAN_POINT('',(0.301,-10.461,6.7));
#2366 = LINE('',#2367,#2368);
#2367 = CARTESIAN_POINT('',(0.300333333333,-10.46033333333,
    6.699333333333));
#2368 = VECTOR('',#2369,1.);
#2369 = DIRECTION('',(-0.57735026919,0.57735026919,-0.57735026919));
#2370 = ORIENTED_EDGE('',*,*,#2371,.F.);
#2371 = EDGE_CURVE('',#2355,#2364,#2372,.T.);
#2372 = LINE('',#2373,#2374);
#2373 = CARTESIAN_POINT('',(-0.6,-10.461,6.7));
#2374 = VECTOR('',#2375,1.);
#2375 = DIRECTION('',(1.,4.440892098501E-16,0.));
#2376 = PLANE('',#2377);
#2377 = AXIS2_PLACEMENT_3D('',#2378,#2379,#2380);
#2378 = CARTESIAN_POINT('',(-0.6,-10.6105,6.8495));
#2379 = DIRECTION('',(3.140184917366E-16,-0.707106781187,-0.707106781187
    ));
#2380 = DIRECTION('',(-1.,-4.4408920985E-16,1.289787580036E-28));
#2381 = ADVANCED_FACE('',(#2382),#2400,.F.);
#2382 = FACE_BOUND('',#2383,.T.);
#2383 = EDGE_LOOP('',(#2384,#2392,#2393,#2394));
#2384 = ORIENTED_EDGE('',*,*,#2385,.F.);
#2385 = EDGE_CURVE('',#1266,#2386,#2388,.T.);
#2386 = VERTEX_POINT('',#2387);
#2387 = CARTESIAN_POINT('',(-0.301,-9.859,6.7));
#2388 = LINE('',#2389,#2390);
#2389 = CARTESIAN_POINT('',(-0.300333333333,-9.859666666667,
    6.699333333333));
#2390 = VECTOR('',#2391,1.);
#2391 = DIRECTION('',(0.57735026919,-0.57735026919,-0.57735026919));
#2392 = ORIENTED_EDGE('',*,*,#1273,.T.);
#2393 = ORIENTED_EDGE('',*,*,#2354,.T.);
#2394 = ORIENTED_EDGE('',*,*,#2395,.F.);
#2395 = EDGE_CURVE('',#2386,#2355,#2396,.T.);
#2396 = LINE('',#2397,#2398);
#2397 = CARTESIAN_POINT('',(-0.301,-9.56,6.7));
#2398 = VECTOR('',#2399,1.);
#2399 = DIRECTION('',(4.440892098501E-16,-1.,0.));
#2400 = PLANE('',#2401);
#2401 = AXIS2_PLACEMENT_3D('',#2402,#2403,#2404);
#2402 = CARTESIAN_POINT('',(-0.4505,-9.56,6.8495));
#2403 = DIRECTION('',(-0.707106781187,-3.140184917366E-16,
    -0.707106781187));
#2404 = DIRECTION('',(-4.4408920985E-16,1.,1.289787580036E-28));
#2405 = ADVANCED_FACE('',(#2406),#2424,.F.);
#2406 = FACE_BOUND('',#2407,.T.);
#2407 = EDGE_LOOP('',(#2408,#2416,#2417,#2418));
#2408 = ORIENTED_EDGE('',*,*,#2409,.F.);
#2409 = EDGE_CURVE('',#1290,#2410,#2412,.T.);
#2410 = VERTEX_POINT('',#2411);
#2411 = CARTESIAN_POINT('',(0.301,-9.859,6.7));
#2412 = LINE('',#2413,#2414);
#2413 = CARTESIAN_POINT('',(0.300333333333,-9.859666666667,
    6.699333333333));
#2414 = VECTOR('',#2415,1.);
#2415 = DIRECTION('',(-0.57735026919,-0.57735026919,-0.57735026919));
#2416 = ORIENTED_EDGE('',*,*,#1297,.T.);
#2417 = ORIENTED_EDGE('',*,*,#2385,.T.);
#2418 = ORIENTED_EDGE('',*,*,#2419,.F.);
#2419 = EDGE_CURVE('',#2410,#2386,#2420,.T.);
#2420 = LINE('',#2421,#2422);
#2421 = CARTESIAN_POINT('',(0.6,-9.859,6.7));
#2422 = VECTOR('',#2423,1.);
#2423 = DIRECTION('',(-1.,-4.440892098501E-16,0.));
#2424 = PLANE('',#2425);
#2425 = AXIS2_PLACEMENT_3D('',#2426,#2427,#2428);
#2426 = CARTESIAN_POINT('',(0.6,-9.7095,6.8495));
#2427 = DIRECTION('',(-3.140184917366E-16,0.707106781187,-0.707106781187
    ));
#2428 = DIRECTION('',(1.,4.4408920985E-16,1.289787580036E-28));
#2429 = ADVANCED_FACE('',(#2430),#2441,.F.);
#2430 = FACE_BOUND('',#2431,.T.);
#2431 = EDGE_LOOP('',(#2432,#2433,#2434,#2435));
#2432 = ORIENTED_EDGE('',*,*,#2363,.F.);
#2433 = ORIENTED_EDGE('',*,*,#1314,.T.);
#2434 = ORIENTED_EDGE('',*,*,#2409,.T.);
#2435 = ORIENTED_EDGE('',*,*,#2436,.F.);
#2436 = EDGE_CURVE('',#2364,#2410,#2437,.T.);
#2437 = LINE('',#2438,#2439);
#2438 = CARTESIAN_POINT('',(0.301,-10.76,6.7));
#2439 = VECTOR('',#2440,1.);
#2440 = DIRECTION('',(-4.440892098501E-16,1.,0.));
#2441 = PLANE('',#2442);
#2442 = AXIS2_PLACEMENT_3D('',#2443,#2444,#2445);
#2443 = CARTESIAN_POINT('',(0.4505,-10.76,6.8495));
#2444 = DIRECTION('',(0.707106781187,3.140184917366E-16,-0.707106781187)
  );
#2445 = DIRECTION('',(4.4408920985E-16,-1.,1.289787580036E-28));
#2446 = ADVANCED_FACE('',(#2447),#2458,.T.);
#2447 = FACE_BOUND('',#2448,.T.);
#2448 = EDGE_LOOP('',(#2449,#2450,#2451,#2457));
#2449 = ORIENTED_EDGE('',*,*,#1330,.T.);
#2450 = ORIENTED_EDGE('',*,*,#1348,.T.);
#2451 = ORIENTED_EDGE('',*,*,#2452,.F.);
#2452 = EDGE_CURVE('',#1412,#1349,#2453,.T.);
#2453 = LINE('',#2454,#2455);
#2454 = CARTESIAN_POINT('',(-0.1,0.3,-2.5));
#2455 = VECTOR('',#2456,1.);
#2456 = DIRECTION('',(1.,4.440892098501E-16,0.));
#2457 = ORIENTED_EDGE('',*,*,#1411,.F.);
#2458 = PLANE('',#2459);
#2459 = AXIS2_PLACEMENT_3D('',#2460,#2461,#2462);
#2460 = CARTESIAN_POINT('',(-0.1,0.3,0.2));
#2461 = DIRECTION('',(-4.440892098501E-16,1.,0.));
#2462 = DIRECTION('',(0.,0.,-1.));
#2463 = ADVANCED_FACE('',(#2464),#2475,.T.);
#2464 = FACE_BOUND('',#2465,.T.);
#2465 = EDGE_LOOP('',(#2466,#2472,#2473,#2474));
#2466 = ORIENTED_EDGE('',*,*,#2467,.T.);
#2467 = EDGE_CURVE('',#1421,#1373,#2468,.T.);
#2468 = LINE('',#2469,#2470);
#2469 = CARTESIAN_POINT('',(-0.1,-0.3,-2.5));
#2470 = VECTOR('',#2471,1.);
#2471 = DIRECTION('',(1.,4.440892098501E-16,0.));
#2472 = ORIENTED_EDGE('',*,*,#1380,.T.);
#2473 = ORIENTED_EDGE('',*,*,#1396,.F.);
#2474 = ORIENTED_EDGE('',*,*,#1420,.F.);
#2475 = PLANE('',#2476);
#2476 = AXIS2_PLACEMENT_3D('',#2477,#2478,#2479);
#2477 = CARTESIAN_POINT('',(-0.1,-0.3,-2.5));
#2478 = DIRECTION('',(4.440892098501E-16,-1.,0.));
#2479 = DIRECTION('',(0.,0.,1.));
#2480 = ADVANCED_FACE('',(#2481),#2492,.T.);
#2481 = FACE_BOUND('',#2482,.T.);
#2482 = EDGE_LOOP('',(#2483,#2489,#2490,#2491));
#2483 = ORIENTED_EDGE('',*,*,#2484,.T.);
#2484 = EDGE_CURVE('',#1429,#1365,#2485,.T.);
#2485 = LINE('',#2486,#2487);
#2486 = CARTESIAN_POINT('',(-0.1,-0.15,-3.1));
#2487 = VECTOR('',#2488,1.);
#2488 = DIRECTION('',(1.,4.440892098501E-16,0.));
#2489 = ORIENTED_EDGE('',*,*,#1372,.T.);
#2490 = ORIENTED_EDGE('',*,*,#2467,.F.);
#2491 = ORIENTED_EDGE('',*,*,#1428,.F.);
#2492 = PLANE('',#2493);
#2493 = AXIS2_PLACEMENT_3D('',#2494,#2495,#2496);
#2494 = CARTESIAN_POINT('',(-0.1,-0.15,-3.1));
#2495 = DIRECTION('',(4.308298163317E-16,-0.970142500145,-0.242535625036
    ));
#2496 = DIRECTION('',(1.077074540829E-16,-0.242535625036,0.970142500145)
  );
#2497 = ADVANCED_FACE('',(#2498),#2509,.F.);
#2498 = FACE_BOUND('',#2499,.T.);
#2499 = EDGE_LOOP('',(#2500,#2506,#2507,#2508));
#2500 = ORIENTED_EDGE('',*,*,#2501,.T.);
#2501 = EDGE_CURVE('',#1437,#1357,#2502,.T.);
#2502 = LINE('',#2503,#2504);
#2503 = CARTESIAN_POINT('',(-0.1,0.15,-3.1));
#2504 = VECTOR('',#2505,1.);
#2505 = DIRECTION('',(1.,4.440892098501E-16,0.));
#2506 = ORIENTED_EDGE('',*,*,#1364,.T.);
#2507 = ORIENTED_EDGE('',*,*,#2484,.F.);
#2508 = ORIENTED_EDGE('',*,*,#1436,.F.);
#2509 = PLANE('',#2510);
#2510 = AXIS2_PLACEMENT_3D('',#2511,#2512,#2513);
#2511 = CARTESIAN_POINT('',(-0.1,0.15,-3.1));
#2512 = DIRECTION('',(0.,0.,1.));
#2513 = DIRECTION('',(-4.440892098501E-16,1.,0.));
#2514 = ADVANCED_FACE('',(#2515),#2521,.T.);
#2515 = FACE_BOUND('',#2516,.T.);
#2516 = EDGE_LOOP('',(#2517,#2518,#2519,#2520));
#2517 = ORIENTED_EDGE('',*,*,#2452,.T.);
#2518 = ORIENTED_EDGE('',*,*,#1356,.T.);
#2519 = ORIENTED_EDGE('',*,*,#2501,.F.);
#2520 = ORIENTED_EDGE('',*,*,#1444,.F.);
#2521 = PLANE('',#2522);
#2522 = AXIS2_PLACEMENT_3D('',#2523,#2524,#2525);
#2523 = CARTESIAN_POINT('',(-0.1,0.3,-2.5));
#2524 = DIRECTION('',(-4.308298163317E-16,0.970142500145,-0.242535625036
    ));
#2525 = DIRECTION('',(1.077074540829E-16,-0.242535625036,-0.970142500145
    ));
#2526 = ADVANCED_FACE('',(#2527),#2538,.T.);
#2527 = FACE_BOUND('',#2528,.T.);
#2528 = EDGE_LOOP('',(#2529,#2530,#2531,#2537));
#2529 = ORIENTED_EDGE('',*,*,#1458,.T.);
#2530 = ORIENTED_EDGE('',*,*,#1476,.T.);
#2531 = ORIENTED_EDGE('',*,*,#2532,.F.);
#2532 = EDGE_CURVE('',#1540,#1477,#2533,.T.);
#2533 = LINE('',#2534,#2535);
#2534 = CARTESIAN_POINT('',(-0.1,-2.24,-2.5));
#2535 = VECTOR('',#2536,1.);
#2536 = DIRECTION('',(1.,4.440892098501E-16,0.));
#2537 = ORIENTED_EDGE('',*,*,#1539,.F.);
#2538 = PLANE('',#2539);
#2539 = AXIS2_PLACEMENT_3D('',#2540,#2541,#2542);
#2540 = CARTESIAN_POINT('',(-0.1,-2.24,0.2));
#2541 = DIRECTION('',(-4.440892098501E-16,1.,0.));
#2542 = DIRECTION('',(0.,0.,-1.));
#2543 = ADVANCED_FACE('',(#2544),#2555,.T.);
#2544 = FACE_BOUND('',#2545,.T.);
#2545 = EDGE_LOOP('',(#2546,#2552,#2553,#2554));
#2546 = ORIENTED_EDGE('',*,*,#2547,.T.);
#2547 = EDGE_CURVE('',#1549,#1501,#2548,.T.);
#2548 = LINE('',#2549,#2550);
#2549 = CARTESIAN_POINT('',(-0.1,-2.84,-2.5));
#2550 = VECTOR('',#2551,1.);
#2551 = DIRECTION('',(1.,4.440892098501E-16,0.));
#2552 = ORIENTED_EDGE('',*,*,#1508,.T.);
#2553 = ORIENTED_EDGE('',*,*,#1524,.F.);
#2554 = ORIENTED_EDGE('',*,*,#1548,.F.);
#2555 = PLANE('',#2556);
#2556 = AXIS2_PLACEMENT_3D('',#2557,#2558,#2559);
#2557 = CARTESIAN_POINT('',(-0.1,-2.84,-2.5));
#2558 = DIRECTION('',(4.440892098501E-16,-1.,0.));
#2559 = DIRECTION('',(0.,0.,1.));
#2560 = ADVANCED_FACE('',(#2561),#2572,.T.);
#2561 = FACE_BOUND('',#2562,.T.);
#2562 = EDGE_LOOP('',(#2563,#2569,#2570,#2571));
#2563 = ORIENTED_EDGE('',*,*,#2564,.T.);
#2564 = EDGE_CURVE('',#1557,#1493,#2565,.T.);
#2565 = LINE('',#2566,#2567);
#2566 = CARTESIAN_POINT('',(-0.1,-2.69,-3.1));
#2567 = VECTOR('',#2568,1.);
#2568 = DIRECTION('',(1.,4.440892098501E-16,0.));
#2569 = ORIENTED_EDGE('',*,*,#1500,.T.);
#2570 = ORIENTED_EDGE('',*,*,#2547,.F.);
#2571 = ORIENTED_EDGE('',*,*,#1556,.F.);
#2572 = PLANE('',#2573);
#2573 = AXIS2_PLACEMENT_3D('',#2574,#2575,#2576);
#2574 = CARTESIAN_POINT('',(-0.1,-2.69,-3.1));
#2575 = DIRECTION('',(4.308298163317E-16,-0.970142500145,-0.242535625036
    ));
#2576 = DIRECTION('',(1.077074540829E-16,-0.242535625036,0.970142500145)
  );
#2577 = ADVANCED_FACE('',(#2578),#2589,.F.);
#2578 = FACE_BOUND('',#2579,.T.);
#2579 = EDGE_LOOP('',(#2580,#2586,#2587,#2588));
#2580 = ORIENTED_EDGE('',*,*,#2581,.T.);
#2581 = EDGE_CURVE('',#1565,#1485,#2582,.T.);
#2582 = LINE('',#2583,#2584);
#2583 = CARTESIAN_POINT('',(-0.1,-2.39,-3.1));
#2584 = VECTOR('',#2585,1.);
#2585 = DIRECTION('',(1.,4.440892098501E-16,0.));
#2586 = ORIENTED_EDGE('',*,*,#1492,.T.);
#2587 = ORIENTED_EDGE('',*,*,#2564,.F.);
#2588 = ORIENTED_EDGE('',*,*,#1564,.F.);
#2589 = PLANE('',#2590);
#2590 = AXIS2_PLACEMENT_3D('',#2591,#2592,#2593);
#2591 = CARTESIAN_POINT('',(-0.1,-2.39,-3.1));
#2592 = DIRECTION('',(0.,0.,1.));
#2593 = DIRECTION('',(-4.440892098501E-16,1.,0.));
#2594 = ADVANCED_FACE('',(#2595),#2601,.T.);
#2595 = FACE_BOUND('',#2596,.T.);
#2596 = EDGE_LOOP('',(#2597,#2598,#2599,#2600));
#2597 = ORIENTED_EDGE('',*,*,#2532,.T.);
#2598 = ORIENTED_EDGE('',*,*,#1484,.T.);
#2599 = ORIENTED_EDGE('',*,*,#2581,.F.);
#2600 = ORIENTED_EDGE('',*,*,#1572,.F.);
#2601 = PLANE('',#2602);
#2602 = AXIS2_PLACEMENT_3D('',#2603,#2604,#2605);
#2603 = CARTESIAN_POINT('',(-0.1,-2.24,-2.5));
#2604 = DIRECTION('',(-4.308298163317E-16,0.970142500145,-0.242535625036
    ));
#2605 = DIRECTION('',(1.077074540829E-16,-0.242535625036,-0.970142500145
    ));
#2606 = ADVANCED_FACE('',(#2607),#2618,.T.);
#2607 = FACE_BOUND('',#2608,.T.);
#2608 = EDGE_LOOP('',(#2609,#2610,#2611,#2617));
#2609 = ORIENTED_EDGE('',*,*,#1633,.T.);
#2610 = ORIENTED_EDGE('',*,*,#1651,.T.);
#2611 = ORIENTED_EDGE('',*,*,#2612,.F.);
#2612 = EDGE_CURVE('',#1587,#1652,#2613,.T.);
#2613 = LINE('',#2614,#2615);
#2614 = CARTESIAN_POINT('',(-0.1,-4.78,-2.5));
#2615 = VECTOR('',#2616,1.);
#2616 = DIRECTION('',(1.,4.440892098501E-16,0.));
#2617 = ORIENTED_EDGE('',*,*,#1586,.F.);
#2618 = PLANE('',#2619);
#2619 = AXIS2_PLACEMENT_3D('',#2620,#2621,#2622);
#2620 = CARTESIAN_POINT('',(-0.1,-4.78,0.2));
#2621 = DIRECTION('',(-4.440892098501E-16,1.,0.));
#2622 = DIRECTION('',(0.,0.,-1.));
#2623 = ADVANCED_FACE('',(#2624),#2635,.T.);
#2624 = FACE_BOUND('',#2625,.T.);
#2625 = EDGE_LOOP('',(#2626,#2627,#2628,#2634));
#2626 = ORIENTED_EDGE('',*,*,#2612,.T.);
#2627 = ORIENTED_EDGE('',*,*,#1659,.T.);
#2628 = ORIENTED_EDGE('',*,*,#2629,.F.);
#2629 = EDGE_CURVE('',#1612,#1660,#2630,.T.);
#2630 = LINE('',#2631,#2632);
#2631 = CARTESIAN_POINT('',(-0.1,-4.93,-3.1));
#2632 = VECTOR('',#2633,1.);
#2633 = DIRECTION('',(1.,4.440892098501E-16,0.));
#2634 = ORIENTED_EDGE('',*,*,#1619,.F.);
#2635 = PLANE('',#2636);
#2636 = AXIS2_PLACEMENT_3D('',#2637,#2638,#2639);
#2637 = CARTESIAN_POINT('',(-0.1,-4.78,-2.5));
#2638 = DIRECTION('',(-4.308298163317E-16,0.970142500145,-0.242535625036
    ));
#2639 = DIRECTION('',(1.077074540829E-16,-0.242535625036,-0.970142500145
    ));
#2640 = ADVANCED_FACE('',(#2641),#2652,.F.);
#2641 = FACE_BOUND('',#2642,.T.);
#2642 = EDGE_LOOP('',(#2643,#2644,#2645,#2651));
#2643 = ORIENTED_EDGE('',*,*,#2629,.T.);
#2644 = ORIENTED_EDGE('',*,*,#1667,.T.);
#2645 = ORIENTED_EDGE('',*,*,#2646,.F.);
#2646 = EDGE_CURVE('',#1604,#1668,#2647,.T.);
#2647 = LINE('',#2648,#2649);
#2648 = CARTESIAN_POINT('',(-0.1,-5.23,-3.1));
#2649 = VECTOR('',#2650,1.);
#2650 = DIRECTION('',(1.,4.440892098501E-16,0.));
#2651 = ORIENTED_EDGE('',*,*,#1611,.F.);
#2652 = PLANE('',#2653);
#2653 = AXIS2_PLACEMENT_3D('',#2654,#2655,#2656);
#2654 = CARTESIAN_POINT('',(-0.1,-4.93,-3.1));
#2655 = DIRECTION('',(0.,0.,1.));
#2656 = DIRECTION('',(-4.440892098501E-16,1.,0.));
#2657 = ADVANCED_FACE('',(#2658),#2669,.T.);
#2658 = FACE_BOUND('',#2659,.T.);
#2659 = EDGE_LOOP('',(#2660,#2661,#2662,#2668));
#2660 = ORIENTED_EDGE('',*,*,#2646,.T.);
#2661 = ORIENTED_EDGE('',*,*,#1675,.T.);
#2662 = ORIENTED_EDGE('',*,*,#2663,.F.);
#2663 = EDGE_CURVE('',#1596,#1676,#2664,.T.);
#2664 = LINE('',#2665,#2666);
#2665 = CARTESIAN_POINT('',(-0.1,-5.38,-2.5));
#2666 = VECTOR('',#2667,1.);
#2667 = DIRECTION('',(1.,4.440892098501E-16,0.));
#2668 = ORIENTED_EDGE('',*,*,#1603,.F.);
#2669 = PLANE('',#2670);
#2670 = AXIS2_PLACEMENT_3D('',#2671,#2672,#2673);
#2671 = CARTESIAN_POINT('',(-0.1,-5.23,-3.1));
#2672 = DIRECTION('',(4.308298163317E-16,-0.970142500145,-0.242535625036
    ));
#2673 = DIRECTION('',(1.077074540829E-16,-0.242535625036,0.970142500145)
  );
#2674 = ADVANCED_FACE('',(#2675),#2681,.T.);
#2675 = FACE_BOUND('',#2676,.T.);
#2676 = EDGE_LOOP('',(#2677,#2678,#2679,#2680));
#2677 = ORIENTED_EDGE('',*,*,#2663,.T.);
#2678 = ORIENTED_EDGE('',*,*,#1683,.T.);
#2679 = ORIENTED_EDGE('',*,*,#1699,.F.);
#2680 = ORIENTED_EDGE('',*,*,#1595,.F.);
#2681 = PLANE('',#2682);
#2682 = AXIS2_PLACEMENT_3D('',#2683,#2684,#2685);
#2683 = CARTESIAN_POINT('',(-0.1,-5.38,-2.5));
#2684 = DIRECTION('',(4.440892098501E-16,-1.,0.));
#2685 = DIRECTION('',(0.,0.,1.));
#2686 = ADVANCED_FACE('',(#2687),#2698,.T.);
#2687 = FACE_BOUND('',#2688,.T.);
#2688 = EDGE_LOOP('',(#2689,#2690,#2691,#2697));
#2689 = ORIENTED_EDGE('',*,*,#1714,.T.);
#2690 = ORIENTED_EDGE('',*,*,#1732,.T.);
#2691 = ORIENTED_EDGE('',*,*,#2692,.F.);
#2692 = EDGE_CURVE('',#1796,#1733,#2693,.T.);
#2693 = LINE('',#2694,#2695);
#2694 = CARTESIAN_POINT('',(-0.1,-9.86,-2.5));
#2695 = VECTOR('',#2696,1.);
#2696 = DIRECTION('',(1.,4.440892098501E-16,0.));
#2697 = ORIENTED_EDGE('',*,*,#1795,.F.);
#2698 = PLANE('',#2699);
#2699 = AXIS2_PLACEMENT_3D('',#2700,#2701,#2702);
#2700 = CARTESIAN_POINT('',(-0.1,-9.86,0.2));
#2701 = DIRECTION('',(-4.440892098501E-16,1.,0.));
#2702 = DIRECTION('',(0.,0.,-1.));
#2703 = ADVANCED_FACE('',(#2704),#2715,.T.);
#2704 = FACE_BOUND('',#2705,.T.);
#2705 = EDGE_LOOP('',(#2706,#2712,#2713,#2714));
#2706 = ORIENTED_EDGE('',*,*,#2707,.T.);
#2707 = EDGE_CURVE('',#1805,#1757,#2708,.T.);
#2708 = LINE('',#2709,#2710);
#2709 = CARTESIAN_POINT('',(-0.1,-10.46,-2.5));
#2710 = VECTOR('',#2711,1.);
#2711 = DIRECTION('',(1.,4.440892098501E-16,0.));
#2712 = ORIENTED_EDGE('',*,*,#1764,.T.);
#2713 = ORIENTED_EDGE('',*,*,#1780,.F.);
#2714 = ORIENTED_EDGE('',*,*,#1804,.F.);
#2715 = PLANE('',#2716);
#2716 = AXIS2_PLACEMENT_3D('',#2717,#2718,#2719);
#2717 = CARTESIAN_POINT('',(-0.1,-10.46,-2.5));
#2718 = DIRECTION('',(4.440892098501E-16,-1.,0.));
#2719 = DIRECTION('',(0.,0.,1.));
#2720 = ADVANCED_FACE('',(#2721),#2732,.T.);
#2721 = FACE_BOUND('',#2722,.T.);
#2722 = EDGE_LOOP('',(#2723,#2729,#2730,#2731));
#2723 = ORIENTED_EDGE('',*,*,#2724,.T.);
#2724 = EDGE_CURVE('',#1813,#1749,#2725,.T.);
#2725 = LINE('',#2726,#2727);
#2726 = CARTESIAN_POINT('',(-0.1,-10.31,-3.1));
#2727 = VECTOR('',#2728,1.);
#2728 = DIRECTION('',(1.,4.440892098501E-16,0.));
#2729 = ORIENTED_EDGE('',*,*,#1756,.T.);
#2730 = ORIENTED_EDGE('',*,*,#2707,.F.);
#2731 = ORIENTED_EDGE('',*,*,#1812,.F.);
#2732 = PLANE('',#2733);
#2733 = AXIS2_PLACEMENT_3D('',#2734,#2735,#2736);
#2734 = CARTESIAN_POINT('',(-0.1,-10.31,-3.1));
#2735 = DIRECTION('',(4.308298163317E-16,-0.970142500145,-0.242535625036
    ));
#2736 = DIRECTION('',(1.077074540829E-16,-0.242535625036,0.970142500145)
  );
#2737 = ADVANCED_FACE('',(#2738),#2749,.F.);
#2738 = FACE_BOUND('',#2739,.T.);
#2739 = EDGE_LOOP('',(#2740,#2746,#2747,#2748));
#2740 = ORIENTED_EDGE('',*,*,#2741,.T.);
#2741 = EDGE_CURVE('',#1821,#1741,#2742,.T.);
#2742 = LINE('',#2743,#2744);
#2743 = CARTESIAN_POINT('',(-0.1,-10.01,-3.1));
#2744 = VECTOR('',#2745,1.);
#2745 = DIRECTION('',(1.,4.440892098501E-16,0.));
#2746 = ORIENTED_EDGE('',*,*,#1748,.T.);
#2747 = ORIENTED_EDGE('',*,*,#2724,.F.);
#2748 = ORIENTED_EDGE('',*,*,#1820,.F.);
#2749 = PLANE('',#2750);
#2750 = AXIS2_PLACEMENT_3D('',#2751,#2752,#2753);
#2751 = CARTESIAN_POINT('',(-0.1,-10.01,-3.1));
#2752 = DIRECTION('',(0.,0.,1.));
#2753 = DIRECTION('',(-4.440892098501E-16,1.,0.));
#2754 = ADVANCED_FACE('',(#2755),#2761,.T.);
#2755 = FACE_BOUND('',#2756,.T.);
#2756 = EDGE_LOOP('',(#2757,#2758,#2759,#2760));
#2757 = ORIENTED_EDGE('',*,*,#2692,.T.);
#2758 = ORIENTED_EDGE('',*,*,#1740,.T.);
#2759 = ORIENTED_EDGE('',*,*,#2741,.F.);
#2760 = ORIENTED_EDGE('',*,*,#1828,.F.);
#2761 = PLANE('',#2762);
#2762 = AXIS2_PLACEMENT_3D('',#2763,#2764,#2765);
#2763 = CARTESIAN_POINT('',(-0.1,-9.86,-2.5));
#2764 = DIRECTION('',(-4.308298163317E-16,0.970142500145,-0.242535625036
    ));
#2765 = DIRECTION('',(1.077074540829E-16,-0.242535625036,-0.970142500145
    ));
#2766 = ADVANCED_FACE('',(#2767),#2778,.T.);
#2767 = FACE_BOUND('',#2768,.T.);
#2768 = EDGE_LOOP('',(#2769,#2770,#2771,#2777));
#2769 = ORIENTED_EDGE('',*,*,#1889,.T.);
#2770 = ORIENTED_EDGE('',*,*,#1907,.T.);
#2771 = ORIENTED_EDGE('',*,*,#2772,.F.);
#2772 = EDGE_CURVE('',#1843,#1908,#2773,.T.);
#2773 = LINE('',#2774,#2775);
#2774 = CARTESIAN_POINT('',(-0.1,-7.32,-2.5));
#2775 = VECTOR('',#2776,1.);
#2776 = DIRECTION('',(1.,4.440892098501E-16,0.));
#2777 = ORIENTED_EDGE('',*,*,#1842,.F.);
#2778 = PLANE('',#2779);
#2779 = AXIS2_PLACEMENT_3D('',#2780,#2781,#2782);
#2780 = CARTESIAN_POINT('',(-0.1,-7.32,0.2));
#2781 = DIRECTION('',(-4.440892098501E-16,1.,0.));
#2782 = DIRECTION('',(0.,0.,-1.));
#2783 = ADVANCED_FACE('',(#2784),#2795,.T.);
#2784 = FACE_BOUND('',#2785,.T.);
#2785 = EDGE_LOOP('',(#2786,#2787,#2788,#2794));
#2786 = ORIENTED_EDGE('',*,*,#2772,.T.);
#2787 = ORIENTED_EDGE('',*,*,#1915,.T.);
#2788 = ORIENTED_EDGE('',*,*,#2789,.F.);
#2789 = EDGE_CURVE('',#1868,#1916,#2790,.T.);
#2790 = LINE('',#2791,#2792);
#2791 = CARTESIAN_POINT('',(-0.1,-7.47,-3.1));
#2792 = VECTOR('',#2793,1.);
#2793 = DIRECTION('',(1.,4.440892098501E-16,0.));
#2794 = ORIENTED_EDGE('',*,*,#1875,.F.);
#2795 = PLANE('',#2796);
#2796 = AXIS2_PLACEMENT_3D('',#2797,#2798,#2799);
#2797 = CARTESIAN_POINT('',(-0.1,-7.32,-2.5));
#2798 = DIRECTION('',(-4.308298163317E-16,0.970142500145,-0.242535625036
    ));
#2799 = DIRECTION('',(1.077074540829E-16,-0.242535625036,-0.970142500145
    ));
#2800 = ADVANCED_FACE('',(#2801),#2812,.F.);
#2801 = FACE_BOUND('',#2802,.T.);
#2802 = EDGE_LOOP('',(#2803,#2804,#2805,#2811));
#2803 = ORIENTED_EDGE('',*,*,#2789,.T.);
#2804 = ORIENTED_EDGE('',*,*,#1923,.T.);
#2805 = ORIENTED_EDGE('',*,*,#2806,.F.);
#2806 = EDGE_CURVE('',#1860,#1924,#2807,.T.);
#2807 = LINE('',#2808,#2809);
#2808 = CARTESIAN_POINT('',(-0.1,-7.77,-3.1));
#2809 = VECTOR('',#2810,1.);
#2810 = DIRECTION('',(1.,4.440892098501E-16,0.));
#2811 = ORIENTED_EDGE('',*,*,#1867,.F.);
#2812 = PLANE('',#2813);
#2813 = AXIS2_PLACEMENT_3D('',#2814,#2815,#2816);
#2814 = CARTESIAN_POINT('',(-0.1,-7.47,-3.1));
#2815 = DIRECTION('',(0.,0.,1.));
#2816 = DIRECTION('',(-4.440892098501E-16,1.,0.));
#2817 = ADVANCED_FACE('',(#2818),#2829,.T.);
#2818 = FACE_BOUND('',#2819,.T.);
#2819 = EDGE_LOOP('',(#2820,#2821,#2822,#2828));
#2820 = ORIENTED_EDGE('',*,*,#2806,.T.);
#2821 = ORIENTED_EDGE('',*,*,#1931,.T.);
#2822 = ORIENTED_EDGE('',*,*,#2823,.F.);
#2823 = EDGE_CURVE('',#1852,#1932,#2824,.T.);
#2824 = LINE('',#2825,#2826);
#2825 = CARTESIAN_POINT('',(-0.1,-7.92,-2.5));
#2826 = VECTOR('',#2827,1.);
#2827 = DIRECTION('',(1.,4.440892098501E-16,0.));
#2828 = ORIENTED_EDGE('',*,*,#1859,.F.);
#2829 = PLANE('',#2830);
#2830 = AXIS2_PLACEMENT_3D('',#2831,#2832,#2833);
#2831 = CARTESIAN_POINT('',(-0.1,-7.77,-3.1));
#2832 = DIRECTION('',(4.308298163317E-16,-0.970142500145,-0.242535625036
    ));
#2833 = DIRECTION('',(1.077074540829E-16,-0.242535625036,0.970142500145)
  );
#2834 = ADVANCED_FACE('',(#2835),#2841,.T.);
#2835 = FACE_BOUND('',#2836,.T.);
#2836 = EDGE_LOOP('',(#2837,#2838,#2839,#2840));
#2837 = ORIENTED_EDGE('',*,*,#2823,.T.);
#2838 = ORIENTED_EDGE('',*,*,#1939,.T.);
#2839 = ORIENTED_EDGE('',*,*,#1955,.F.);
#2840 = ORIENTED_EDGE('',*,*,#1851,.F.);
#2841 = PLANE('',#2842);
#2842 = AXIS2_PLACEMENT_3D('',#2843,#2844,#2845);
#2843 = CARTESIAN_POINT('',(-0.1,-7.92,-2.5));
#2844 = DIRECTION('',(4.440892098501E-16,-1.,0.));
#2845 = DIRECTION('',(0.,0.,1.));
#2846 = ADVANCED_FACE('',(#2847,#2853),#2887,.F.);
#2847 = FACE_BOUND('',#2848,.F.);
#2848 = EDGE_LOOP('',(#2849,#2850,#2851,#2852));
#2849 = ORIENTED_EDGE('',*,*,#2011,.F.);
#2850 = ORIENTED_EDGE('',*,*,#2035,.F.);
#2851 = ORIENTED_EDGE('',*,*,#2052,.F.);
#2852 = ORIENTED_EDGE('',*,*,#1987,.F.);
#2853 = FACE_BOUND('',#2854,.F.);
#2854 = EDGE_LOOP('',(#2855,#2865,#2873,#2881));
#2855 = ORIENTED_EDGE('',*,*,#2856,.T.);
#2856 = EDGE_CURVE('',#2857,#2859,#2861,.T.);
#2857 = VERTEX_POINT('',#2858);
#2858 = CARTESIAN_POINT('',(-0.3,-7.92,6.7));
#2859 = VERTEX_POINT('',#2860);
#2860 = CARTESIAN_POINT('',(0.3,-7.92,6.7));
#2861 = LINE('',#2862,#2863);
#2862 = CARTESIAN_POINT('',(-0.3,-7.92,6.7));
#2863 = VECTOR('',#2864,1.);
#2864 = DIRECTION('',(1.,4.440892098501E-16,0.));
#2865 = ORIENTED_EDGE('',*,*,#2866,.T.);
#2866 = EDGE_CURVE('',#2859,#2867,#2869,.T.);
#2867 = VERTEX_POINT('',#2868);
#2868 = CARTESIAN_POINT('',(0.3,-7.32,6.7));
#2869 = LINE('',#2870,#2871);
#2870 = CARTESIAN_POINT('',(0.3,-7.92,6.7));
#2871 = VECTOR('',#2872,1.);
#2872 = DIRECTION('',(-4.440892098501E-16,1.,0.));
#2873 = ORIENTED_EDGE('',*,*,#2874,.T.);
#2874 = EDGE_CURVE('',#2867,#2875,#2877,.T.);
#2875 = VERTEX_POINT('',#2876);
#2876 = CARTESIAN_POINT('',(-0.3,-7.32,6.7));
#2877 = LINE('',#2878,#2879);
#2878 = CARTESIAN_POINT('',(0.3,-7.32,6.7));
#2879 = VECTOR('',#2880,1.);
#2880 = DIRECTION('',(-1.,-4.440892098501E-16,0.));
#2881 = ORIENTED_EDGE('',*,*,#2882,.T.);
#2882 = EDGE_CURVE('',#2875,#2857,#2883,.T.);
#2883 = LINE('',#2884,#2885);
#2884 = CARTESIAN_POINT('',(-0.3,-7.32,6.7));
#2885 = VECTOR('',#2886,1.);
#2886 = DIRECTION('',(4.440892098501E-16,-1.,0.));
#2887 = PLANE('',#2888);
#2888 = AXIS2_PLACEMENT_3D('',#2889,#2890,#2891);
#2889 = CARTESIAN_POINT('',(0.6,-8.22,6.7));
#2890 = DIRECTION('',(-0.,0.,-1.));
#2891 = DIRECTION('',(4.440892098501E-16,-1.,-0.));
#2892 = ADVANCED_FACE('',(#2893,#2899),#2933,.F.);
#2893 = FACE_BOUND('',#2894,.F.);
#2894 = EDGE_LOOP('',(#2895,#2896,#2897,#2898));
#2895 = ORIENTED_EDGE('',*,*,#2148,.F.);
#2896 = ORIENTED_EDGE('',*,*,#2083,.F.);
#2897 = ORIENTED_EDGE('',*,*,#2107,.F.);
#2898 = ORIENTED_EDGE('',*,*,#2131,.F.);
#2899 = FACE_BOUND('',#2900,.F.);
#2900 = EDGE_LOOP('',(#2901,#2911,#2919,#2927));
#2901 = ORIENTED_EDGE('',*,*,#2902,.T.);
#2902 = EDGE_CURVE('',#2903,#2905,#2907,.T.);
#2903 = VERTEX_POINT('',#2904);
#2904 = CARTESIAN_POINT('',(-0.3,-5.38,6.7));
#2905 = VERTEX_POINT('',#2906);
#2906 = CARTESIAN_POINT('',(0.3,-5.38,6.7));
#2907 = LINE('',#2908,#2909);
#2908 = CARTESIAN_POINT('',(-0.3,-5.38,6.7));
#2909 = VECTOR('',#2910,1.);
#2910 = DIRECTION('',(1.,4.440892098501E-16,0.));
#2911 = ORIENTED_EDGE('',*,*,#2912,.T.);
#2912 = EDGE_CURVE('',#2905,#2913,#2915,.T.);
#2913 = VERTEX_POINT('',#2914);
#2914 = CARTESIAN_POINT('',(0.3,-4.78,6.7));
#2915 = LINE('',#2916,#2917);
#2916 = CARTESIAN_POINT('',(0.3,-5.38,6.7));
#2917 = VECTOR('',#2918,1.);
#2918 = DIRECTION('',(-4.440892098501E-16,1.,0.));
#2919 = ORIENTED_EDGE('',*,*,#2920,.T.);
#2920 = EDGE_CURVE('',#2913,#2921,#2923,.T.);
#2921 = VERTEX_POINT('',#2922);
#2922 = CARTESIAN_POINT('',(-0.3,-4.78,6.7));
#2923 = LINE('',#2924,#2925);
#2924 = CARTESIAN_POINT('',(0.3,-4.78,6.7));
#2925 = VECTOR('',#2926,1.);
#2926 = DIRECTION('',(-1.,-4.440892098501E-16,0.));
#2927 = ORIENTED_EDGE('',*,*,#2928,.T.);
#2928 = EDGE_CURVE('',#2921,#2903,#2929,.T.);
#2929 = LINE('',#2930,#2931);
#2930 = CARTESIAN_POINT('',(-0.3,-4.78,6.7));
#2931 = VECTOR('',#2932,1.);
#2932 = DIRECTION('',(4.440892098501E-16,-1.,0.));
#2933 = PLANE('',#2934);
#2934 = AXIS2_PLACEMENT_3D('',#2935,#2936,#2937);
#2935 = CARTESIAN_POINT('',(0.6,-5.68,6.7));
#2936 = DIRECTION('',(-0.,0.,-1.));
#2937 = DIRECTION('',(4.440892098501E-16,-1.,-0.));
#2938 = ADVANCED_FACE('',(#2939,#2945),#2979,.F.);
#2939 = FACE_BOUND('',#2940,.F.);
#2940 = EDGE_LOOP('',(#2941,#2942,#2943,#2944));
#2941 = ORIENTED_EDGE('',*,*,#2244,.F.);
#2942 = ORIENTED_EDGE('',*,*,#2179,.F.);
#2943 = ORIENTED_EDGE('',*,*,#2203,.F.);
#2944 = ORIENTED_EDGE('',*,*,#2227,.F.);
#2945 = FACE_BOUND('',#2946,.F.);
#2946 = EDGE_LOOP('',(#2947,#2957,#2965,#2973));
#2947 = ORIENTED_EDGE('',*,*,#2948,.T.);
#2948 = EDGE_CURVE('',#2949,#2951,#2953,.T.);
#2949 = VERTEX_POINT('',#2950);
#2950 = CARTESIAN_POINT('',(-0.3,-2.84,6.7));
#2951 = VERTEX_POINT('',#2952);
#2952 = CARTESIAN_POINT('',(0.3,-2.84,6.7));
#2953 = LINE('',#2954,#2955);
#2954 = CARTESIAN_POINT('',(-0.3,-2.84,6.7));
#2955 = VECTOR('',#2956,1.);
#2956 = DIRECTION('',(1.,4.440892098501E-16,0.));
#2957 = ORIENTED_EDGE('',*,*,#2958,.T.);
#2958 = EDGE_CURVE('',#2951,#2959,#2961,.T.);
#2959 = VERTEX_POINT('',#2960);
#2960 = CARTESIAN_POINT('',(0.3,-2.24,6.7));
#2961 = LINE('',#2962,#2963);
#2962 = CARTESIAN_POINT('',(0.3,-2.84,6.7));
#2963 = VECTOR('',#2964,1.);
#2964 = DIRECTION('',(-4.440892098501E-16,1.,0.));
#2965 = ORIENTED_EDGE('',*,*,#2966,.T.);
#2966 = EDGE_CURVE('',#2959,#2967,#2969,.T.);
#2967 = VERTEX_POINT('',#2968);
#2968 = CARTESIAN_POINT('',(-0.3,-2.24,6.7));
#2969 = LINE('',#2970,#2971);
#2970 = CARTESIAN_POINT('',(0.3,-2.24,6.7));
#2971 = VECTOR('',#2972,1.);
#2972 = DIRECTION('',(-1.,-4.440892098501E-16,0.));
#2973 = ORIENTED_EDGE('',*,*,#2974,.T.);
#2974 = EDGE_CURVE('',#2967,#2949,#2975,.T.);
#2975 = LINE('',#2976,#2977);
#2976 = CARTESIAN_POINT('',(-0.3,-2.24,6.7));
#2977 = VECTOR('',#2978,1.);
#2978 = DIRECTION('',(4.440892098501E-16,-1.,0.));
#2979 = PLANE('',#2980);
#2980 = AXIS2_PLACEMENT_3D('',#2981,#2982,#2983);
#2981 = CARTESIAN_POINT('',(0.6,-3.14,6.7));
#2982 = DIRECTION('',(-0.,0.,-1.));
#2983 = DIRECTION('',(4.440892098501E-16,-1.,-0.));
#2984 = ADVANCED_FACE('',(#2985,#2991),#3025,.F.);
#2985 = FACE_BOUND('',#2986,.F.);
#2986 = EDGE_LOOP('',(#2987,#2988,#2989,#2990));
#2987 = ORIENTED_EDGE('',*,*,#2275,.F.);
#2988 = ORIENTED_EDGE('',*,*,#2299,.F.);
#2989 = ORIENTED_EDGE('',*,*,#2323,.F.);
#2990 = ORIENTED_EDGE('',*,*,#2340,.F.);
#2991 = FACE_BOUND('',#2992,.F.);
#2992 = EDGE_LOOP('',(#2993,#3003,#3011,#3019));
#2993 = ORIENTED_EDGE('',*,*,#2994,.T.);
#2994 = EDGE_CURVE('',#2995,#2997,#2999,.T.);
#2995 = VERTEX_POINT('',#2996);
#2996 = CARTESIAN_POINT('',(-0.3,-0.3,6.7));
#2997 = VERTEX_POINT('',#2998);
#2998 = CARTESIAN_POINT('',(0.3,-0.3,6.7));
#2999 = LINE('',#3000,#3001);
#3000 = CARTESIAN_POINT('',(-0.3,-0.3,6.7));
#3001 = VECTOR('',#3002,1.);
#3002 = DIRECTION('',(1.,4.440892098501E-16,0.));
#3003 = ORIENTED_EDGE('',*,*,#3004,.T.);
#3004 = EDGE_CURVE('',#2997,#3005,#3007,.T.);
#3005 = VERTEX_POINT('',#3006);
#3006 = CARTESIAN_POINT('',(0.3,0.3,6.7));
#3007 = LINE('',#3008,#3009);
#3008 = CARTESIAN_POINT('',(0.3,-0.3,6.7));
#3009 = VECTOR('',#3010,1.);
#3010 = DIRECTION('',(-4.440892098501E-16,1.,0.));
#3011 = ORIENTED_EDGE('',*,*,#3012,.T.);
#3012 = EDGE_CURVE('',#3005,#3013,#3015,.T.);
#3013 = VERTEX_POINT('',#3014);
#3014 = CARTESIAN_POINT('',(-0.3,0.3,6.7));
#3015 = LINE('',#3016,#3017);
#3016 = CARTESIAN_POINT('',(0.3,0.3,6.7));
#3017 = VECTOR('',#3018,1.);
#3018 = DIRECTION('',(-1.,-4.440892098501E-16,0.));
#3019 = ORIENTED_EDGE('',*,*,#3020,.T.);
#3020 = EDGE_CURVE('',#3013,#2995,#3021,.T.);
#3021 = LINE('',#3022,#3023);
#3022 = CARTESIAN_POINT('',(-0.3,0.3,6.7));
#3023 = VECTOR('',#3024,1.);
#3024 = DIRECTION('',(4.440892098501E-16,-1.,0.));
#3025 = PLANE('',#3026);
#3026 = AXIS2_PLACEMENT_3D('',#3027,#3028,#3029);
#3027 = CARTESIAN_POINT('',(0.6,-0.6,6.7));
#3028 = DIRECTION('',(-0.,0.,-1.));
#3029 = DIRECTION('',(4.440892098501E-16,-1.,-0.));
#3030 = ADVANCED_FACE('',(#3031,#3037),#3071,.F.);
#3031 = FACE_BOUND('',#3032,.F.);
#3032 = EDGE_LOOP('',(#3033,#3034,#3035,#3036));
#3033 = ORIENTED_EDGE('',*,*,#2436,.F.);
#3034 = ORIENTED_EDGE('',*,*,#2371,.F.);
#3035 = ORIENTED_EDGE('',*,*,#2395,.F.);
#3036 = ORIENTED_EDGE('',*,*,#2419,.F.);
#3037 = FACE_BOUND('',#3038,.F.);
#3038 = EDGE_LOOP('',(#3039,#3049,#3057,#3065));
#3039 = ORIENTED_EDGE('',*,*,#3040,.T.);
#3040 = EDGE_CURVE('',#3041,#3043,#3045,.T.);
#3041 = VERTEX_POINT('',#3042);
#3042 = CARTESIAN_POINT('',(-0.3,-10.46,6.7));
#3043 = VERTEX_POINT('',#3044);
#3044 = CARTESIAN_POINT('',(0.3,-10.46,6.7));
#3045 = LINE('',#3046,#3047);
#3046 = CARTESIAN_POINT('',(-0.3,-10.46,6.7));
#3047 = VECTOR('',#3048,1.);
#3048 = DIRECTION('',(1.,4.440892098501E-16,0.));
#3049 = ORIENTED_EDGE('',*,*,#3050,.T.);
#3050 = EDGE_CURVE('',#3043,#3051,#3053,.T.);
#3051 = VERTEX_POINT('',#3052);
#3052 = CARTESIAN_POINT('',(0.3,-9.86,6.7));
#3053 = LINE('',#3054,#3055);
#3054 = CARTESIAN_POINT('',(0.3,-10.46,6.7));
#3055 = VECTOR('',#3056,1.);
#3056 = DIRECTION('',(-4.440892098501E-16,1.,0.));
#3057 = ORIENTED_EDGE('',*,*,#3058,.T.);
#3058 = EDGE_CURVE('',#3051,#3059,#3061,.T.);
#3059 = VERTEX_POINT('',#3060);
#3060 = CARTESIAN_POINT('',(-0.3,-9.86,6.7));
#3061 = LINE('',#3062,#3063);
#3062 = CARTESIAN_POINT('',(0.3,-9.86,6.7));
#3063 = VECTOR('',#3064,1.);
#3064 = DIRECTION('',(-1.,-4.440892098501E-16,0.));
#3065 = ORIENTED_EDGE('',*,*,#3066,.T.);
#3066 = EDGE_CURVE('',#3059,#3041,#3067,.T.);
#3067 = LINE('',#3068,#3069);
#3068 = CARTESIAN_POINT('',(-0.3,-9.86,6.7));
#3069 = VECTOR('',#3070,1.);
#3070 = DIRECTION('',(4.440892098501E-16,-1.,0.));
#3071 = PLANE('',#3072);
#3072 = AXIS2_PLACEMENT_3D('',#3073,#3074,#3075);
#3073 = CARTESIAN_POINT('',(0.6,-10.76,6.7));
#3074 = DIRECTION('',(-0.,0.,-1.));
#3075 = DIRECTION('',(4.440892098501E-16,-1.,-0.));
#3076 = ADVANCED_FACE('',(#3077),#3134,.T.);
#3077 = FACE_BOUND('',#3078,.T.);
#3078 = EDGE_LOOP('',(#3079,#3087,#3088,#3096,#3104,#3112,#3120,#3128));
#3079 = ORIENTED_EDGE('',*,*,#3080,.F.);
#3080 = EDGE_CURVE('',#2857,#3081,#3083,.T.);
#3081 = VERTEX_POINT('',#3082);
#3082 = CARTESIAN_POINT('',(-0.3,-7.92,0.9));
#3083 = LINE('',#3084,#3085);
#3084 = CARTESIAN_POINT('',(-0.3,-7.92,6.7));
#3085 = VECTOR('',#3086,1.);
#3086 = DIRECTION('',(0.,0.,-1.));
#3087 = ORIENTED_EDGE('',*,*,#2856,.T.);
#3088 = ORIENTED_EDGE('',*,*,#3089,.T.);
#3089 = EDGE_CURVE('',#2859,#3090,#3092,.T.);
#3090 = VERTEX_POINT('',#3091);
#3091 = CARTESIAN_POINT('',(0.3,-7.92,0.9));
#3092 = LINE('',#3093,#3094);
#3093 = CARTESIAN_POINT('',(0.3,-7.92,6.7));
#3094 = VECTOR('',#3095,1.);
#3095 = DIRECTION('',(0.,0.,-1.));
#3096 = ORIENTED_EDGE('',*,*,#3097,.F.);
#3097 = EDGE_CURVE('',#3098,#3090,#3100,.T.);
#3098 = VERTEX_POINT('',#3099);
#3099 = CARTESIAN_POINT('',(0.1,-7.92,0.9));
#3100 = LINE('',#3101,#3102);
#3101 = CARTESIAN_POINT('',(-0.3,-7.92,0.9));
#3102 = VECTOR('',#3103,1.);
#3103 = DIRECTION('',(1.,4.440892098501E-16,0.));
#3104 = ORIENTED_EDGE('',*,*,#3105,.T.);
#3105 = EDGE_CURVE('',#3098,#3106,#3108,.T.);
#3106 = VERTEX_POINT('',#3107);
#3107 = CARTESIAN_POINT('',(0.1,-7.92,5.9));
#3108 = LINE('',#3109,#3110);
#3109 = CARTESIAN_POINT('',(0.1,-7.92,3.45));
#3110 = VECTOR('',#3111,1.);
#3111 = DIRECTION('',(0.,0.,1.));
#3112 = ORIENTED_EDGE('',*,*,#3113,.F.);
#3113 = EDGE_CURVE('',#3114,#3106,#3116,.T.);
#3114 = VERTEX_POINT('',#3115);
#3115 = CARTESIAN_POINT('',(-0.1,-7.92,5.9));
#3116 = LINE('',#3117,#3118);
#3117 = CARTESIAN_POINT('',(-0.1,-7.92,5.9));
#3118 = VECTOR('',#3119,1.);
#3119 = DIRECTION('',(1.,4.440892098501E-16,0.));
#3120 = ORIENTED_EDGE('',*,*,#3121,.T.);
#3121 = EDGE_CURVE('',#3114,#3122,#3124,.T.);
#3122 = VERTEX_POINT('',#3123);
#3123 = CARTESIAN_POINT('',(-0.1,-7.92,0.9));
#3124 = LINE('',#3125,#3126);
#3125 = CARTESIAN_POINT('',(-0.1,-7.92,3.45));
#3126 = VECTOR('',#3127,1.);
#3127 = DIRECTION('',(-0.,0.,-1.));
#3128 = ORIENTED_EDGE('',*,*,#3129,.F.);
#3129 = EDGE_CURVE('',#3081,#3122,#3130,.T.);
#3130 = LINE('',#3131,#3132);
#3131 = CARTESIAN_POINT('',(-0.3,-7.92,0.9));
#3132 = VECTOR('',#3133,1.);
#3133 = DIRECTION('',(1.,4.440892098501E-16,0.));
#3134 = PLANE('',#3135);
#3135 = AXIS2_PLACEMENT_3D('',#3136,#3137,#3138);
#3136 = CARTESIAN_POINT('',(-0.3,-7.92,6.7));
#3137 = DIRECTION('',(-4.440892098501E-16,1.,0.));
#3138 = DIRECTION('',(0.,0.,1.));
#3139 = ADVANCED_FACE('',(#3140),#3158,.F.);
#3140 = FACE_BOUND('',#3141,.F.);
#3141 = EDGE_LOOP('',(#3142,#3150,#3156,#3157));
#3142 = ORIENTED_EDGE('',*,*,#3143,.T.);
#3143 = EDGE_CURVE('',#2875,#3144,#3146,.T.);
#3144 = VERTEX_POINT('',#3145);
#3145 = CARTESIAN_POINT('',(-0.3,-7.32,0.9));
#3146 = LINE('',#3147,#3148);
#3147 = CARTESIAN_POINT('',(-0.3,-7.32,6.7));
#3148 = VECTOR('',#3149,1.);
#3149 = DIRECTION('',(0.,0.,-1.));
#3150 = ORIENTED_EDGE('',*,*,#3151,.T.);
#3151 = EDGE_CURVE('',#3144,#3081,#3152,.T.);
#3152 = LINE('',#3153,#3154);
#3153 = CARTESIAN_POINT('',(-0.3,-7.32,0.9));
#3154 = VECTOR('',#3155,1.);
#3155 = DIRECTION('',(4.440892098501E-16,-1.,0.));
#3156 = ORIENTED_EDGE('',*,*,#3080,.F.);
#3157 = ORIENTED_EDGE('',*,*,#2882,.F.);
#3158 = PLANE('',#3159);
#3159 = AXIS2_PLACEMENT_3D('',#3160,#3161,#3162);
#3160 = CARTESIAN_POINT('',(-0.3,-7.32,6.7));
#3161 = DIRECTION('',(-1.,-4.440892098501E-16,0.));
#3162 = DIRECTION('',(4.440892098501E-16,-1.,0.));
#3163 = ADVANCED_FACE('',(#3164),#3214,.T.);
#3164 = FACE_BOUND('',#3165,.T.);
#3165 = EDGE_LOOP('',(#3166,#3174,#3175,#3176,#3184,#3192,#3200,#3208));
#3166 = ORIENTED_EDGE('',*,*,#3167,.F.);
#3167 = EDGE_CURVE('',#2867,#3168,#3170,.T.);
#3168 = VERTEX_POINT('',#3169);
#3169 = CARTESIAN_POINT('',(0.3,-7.32,0.9));
#3170 = LINE('',#3171,#3172);
#3171 = CARTESIAN_POINT('',(0.3,-7.32,6.7));
#3172 = VECTOR('',#3173,1.);
#3173 = DIRECTION('',(0.,0.,-1.));
#3174 = ORIENTED_EDGE('',*,*,#2874,.T.);
#3175 = ORIENTED_EDGE('',*,*,#3143,.T.);
#3176 = ORIENTED_EDGE('',*,*,#3177,.F.);
#3177 = EDGE_CURVE('',#3178,#3144,#3180,.T.);
#3178 = VERTEX_POINT('',#3179);
#3179 = CARTESIAN_POINT('',(-0.1,-7.32,0.9));
#3180 = LINE('',#3181,#3182);
#3181 = CARTESIAN_POINT('',(0.3,-7.32,0.9));
#3182 = VECTOR('',#3183,1.);
#3183 = DIRECTION('',(-1.,-4.440892098501E-16,0.));
#3184 = ORIENTED_EDGE('',*,*,#3185,.T.);
#3185 = EDGE_CURVE('',#3178,#3186,#3188,.T.);
#3186 = VERTEX_POINT('',#3187);
#3187 = CARTESIAN_POINT('',(-0.1,-7.32,5.9));
#3188 = LINE('',#3189,#3190);
#3189 = CARTESIAN_POINT('',(-0.1,-7.32,3.45));
#3190 = VECTOR('',#3191,1.);
#3191 = DIRECTION('',(0.,0.,1.));
#3192 = ORIENTED_EDGE('',*,*,#3193,.T.);
#3193 = EDGE_CURVE('',#3186,#3194,#3196,.T.);
#3194 = VERTEX_POINT('',#3195);
#3195 = CARTESIAN_POINT('',(0.1,-7.32,5.9));
#3196 = LINE('',#3197,#3198);
#3197 = CARTESIAN_POINT('',(-0.1,-7.32,5.9));
#3198 = VECTOR('',#3199,1.);
#3199 = DIRECTION('',(1.,4.440892098501E-16,0.));
#3200 = ORIENTED_EDGE('',*,*,#3201,.T.);
#3201 = EDGE_CURVE('',#3194,#3202,#3204,.T.);
#3202 = VERTEX_POINT('',#3203);
#3203 = CARTESIAN_POINT('',(0.1,-7.32,0.9));
#3204 = LINE('',#3205,#3206);
#3205 = CARTESIAN_POINT('',(0.1,-7.32,3.45));
#3206 = VECTOR('',#3207,1.);
#3207 = DIRECTION('',(-0.,0.,-1.));
#3208 = ORIENTED_EDGE('',*,*,#3209,.F.);
#3209 = EDGE_CURVE('',#3168,#3202,#3210,.T.);
#3210 = LINE('',#3211,#3212);
#3211 = CARTESIAN_POINT('',(0.3,-7.32,0.9));
#3212 = VECTOR('',#3213,1.);
#3213 = DIRECTION('',(-1.,-4.440892098501E-16,0.));
#3214 = PLANE('',#3215);
#3215 = AXIS2_PLACEMENT_3D('',#3216,#3217,#3218);
#3216 = CARTESIAN_POINT('',(0.3,-7.32,6.7));
#3217 = DIRECTION('',(4.440892098501E-16,-1.,0.));
#3218 = DIRECTION('',(0.,-0.,-1.));
#3219 = ADVANCED_FACE('',(#3220),#3231,.F.);
#3220 = FACE_BOUND('',#3221,.F.);
#3221 = EDGE_LOOP('',(#3222,#3223,#3229,#3230));
#3222 = ORIENTED_EDGE('',*,*,#3089,.T.);
#3223 = ORIENTED_EDGE('',*,*,#3224,.T.);
#3224 = EDGE_CURVE('',#3090,#3168,#3225,.T.);
#3225 = LINE('',#3226,#3227);
#3226 = CARTESIAN_POINT('',(0.3,-7.92,0.9));
#3227 = VECTOR('',#3228,1.);
#3228 = DIRECTION('',(-4.440892098501E-16,1.,0.));
#3229 = ORIENTED_EDGE('',*,*,#3167,.F.);
#3230 = ORIENTED_EDGE('',*,*,#2866,.F.);
#3231 = PLANE('',#3232);
#3232 = AXIS2_PLACEMENT_3D('',#3233,#3234,#3235);
#3233 = CARTESIAN_POINT('',(0.3,-7.92,6.7));
#3234 = DIRECTION('',(1.,4.440892098501E-16,0.));
#3235 = DIRECTION('',(-4.440892098501E-16,1.,0.));
#3236 = ADVANCED_FACE('',(#3237),#3294,.T.);
#3237 = FACE_BOUND('',#3238,.T.);
#3238 = EDGE_LOOP('',(#3239,#3247,#3248,#3256,#3264,#3272,#3280,#3288));
#3239 = ORIENTED_EDGE('',*,*,#3240,.F.);
#3240 = EDGE_CURVE('',#2903,#3241,#3243,.T.);
#3241 = VERTEX_POINT('',#3242);
#3242 = CARTESIAN_POINT('',(-0.3,-5.38,0.9));
#3243 = LINE('',#3244,#3245);
#3244 = CARTESIAN_POINT('',(-0.3,-5.38,6.7));
#3245 = VECTOR('',#3246,1.);
#3246 = DIRECTION('',(0.,0.,-1.));
#3247 = ORIENTED_EDGE('',*,*,#2902,.T.);
#3248 = ORIENTED_EDGE('',*,*,#3249,.T.);
#3249 = EDGE_CURVE('',#2905,#3250,#3252,.T.);
#3250 = VERTEX_POINT('',#3251);
#3251 = CARTESIAN_POINT('',(0.3,-5.38,0.9));
#3252 = LINE('',#3253,#3254);
#3253 = CARTESIAN_POINT('',(0.3,-5.38,6.7));
#3254 = VECTOR('',#3255,1.);
#3255 = DIRECTION('',(0.,0.,-1.));
#3256 = ORIENTED_EDGE('',*,*,#3257,.F.);
#3257 = EDGE_CURVE('',#3258,#3250,#3260,.T.);
#3258 = VERTEX_POINT('',#3259);
#3259 = CARTESIAN_POINT('',(0.1,-5.38,0.9));
#3260 = LINE('',#3261,#3262);
#3261 = CARTESIAN_POINT('',(-0.3,-5.38,0.9));
#3262 = VECTOR('',#3263,1.);
#3263 = DIRECTION('',(1.,4.440892098501E-16,0.));
#3264 = ORIENTED_EDGE('',*,*,#3265,.T.);
#3265 = EDGE_CURVE('',#3258,#3266,#3268,.T.);
#3266 = VERTEX_POINT('',#3267);
#3267 = CARTESIAN_POINT('',(0.1,-5.38,5.9));
#3268 = LINE('',#3269,#3270);
#3269 = CARTESIAN_POINT('',(0.1,-5.38,3.45));
#3270 = VECTOR('',#3271,1.);
#3271 = DIRECTION('',(0.,0.,1.));
#3272 = ORIENTED_EDGE('',*,*,#3273,.F.);
#3273 = EDGE_CURVE('',#3274,#3266,#3276,.T.);
#3274 = VERTEX_POINT('',#3275);
#3275 = CARTESIAN_POINT('',(-0.1,-5.38,5.9));
#3276 = LINE('',#3277,#3278);
#3277 = CARTESIAN_POINT('',(-0.1,-5.38,5.9));
#3278 = VECTOR('',#3279,1.);
#3279 = DIRECTION('',(1.,4.440892098501E-16,0.));
#3280 = ORIENTED_EDGE('',*,*,#3281,.T.);
#3281 = EDGE_CURVE('',#3274,#3282,#3284,.T.);
#3282 = VERTEX_POINT('',#3283);
#3283 = CARTESIAN_POINT('',(-0.1,-5.38,0.9));
#3284 = LINE('',#3285,#3286);
#3285 = CARTESIAN_POINT('',(-0.1,-5.38,3.45));
#3286 = VECTOR('',#3287,1.);
#3287 = DIRECTION('',(-0.,0.,-1.));
#3288 = ORIENTED_EDGE('',*,*,#3289,.F.);
#3289 = EDGE_CURVE('',#3241,#3282,#3290,.T.);
#3290 = LINE('',#3291,#3292);
#3291 = CARTESIAN_POINT('',(-0.3,-5.38,0.9));
#3292 = VECTOR('',#3293,1.);
#3293 = DIRECTION('',(1.,4.440892098501E-16,0.));
#3294 = PLANE('',#3295);
#3295 = AXIS2_PLACEMENT_3D('',#3296,#3297,#3298);
#3296 = CARTESIAN_POINT('',(-0.3,-5.38,6.7));
#3297 = DIRECTION('',(-4.440892098501E-16,1.,0.));
#3298 = DIRECTION('',(0.,0.,1.));
#3299 = ADVANCED_FACE('',(#3300),#3318,.F.);
#3300 = FACE_BOUND('',#3301,.F.);
#3301 = EDGE_LOOP('',(#3302,#3310,#3316,#3317));
#3302 = ORIENTED_EDGE('',*,*,#3303,.T.);
#3303 = EDGE_CURVE('',#2921,#3304,#3306,.T.);
#3304 = VERTEX_POINT('',#3305);
#3305 = CARTESIAN_POINT('',(-0.3,-4.78,0.9));
#3306 = LINE('',#3307,#3308);
#3307 = CARTESIAN_POINT('',(-0.3,-4.78,6.7));
#3308 = VECTOR('',#3309,1.);
#3309 = DIRECTION('',(0.,0.,-1.));
#3310 = ORIENTED_EDGE('',*,*,#3311,.T.);
#3311 = EDGE_CURVE('',#3304,#3241,#3312,.T.);
#3312 = LINE('',#3313,#3314);
#3313 = CARTESIAN_POINT('',(-0.3,-4.78,0.9));
#3314 = VECTOR('',#3315,1.);
#3315 = DIRECTION('',(4.440892098501E-16,-1.,0.));
#3316 = ORIENTED_EDGE('',*,*,#3240,.F.);
#3317 = ORIENTED_EDGE('',*,*,#2928,.F.);
#3318 = PLANE('',#3319);
#3319 = AXIS2_PLACEMENT_3D('',#3320,#3321,#3322);
#3320 = CARTESIAN_POINT('',(-0.3,-4.78,6.7));
#3321 = DIRECTION('',(-1.,-4.440892098501E-16,0.));
#3322 = DIRECTION('',(4.440892098501E-16,-1.,0.));
#3323 = ADVANCED_FACE('',(#3324),#3374,.T.);
#3324 = FACE_BOUND('',#3325,.T.);
#3325 = EDGE_LOOP('',(#3326,#3334,#3335,#3336,#3344,#3352,#3360,#3368));
#3326 = ORIENTED_EDGE('',*,*,#3327,.F.);
#3327 = EDGE_CURVE('',#2913,#3328,#3330,.T.);
#3328 = VERTEX_POINT('',#3329);
#3329 = CARTESIAN_POINT('',(0.3,-4.78,0.9));
#3330 = LINE('',#3331,#3332);
#3331 = CARTESIAN_POINT('',(0.3,-4.78,6.7));
#3332 = VECTOR('',#3333,1.);
#3333 = DIRECTION('',(0.,0.,-1.));
#3334 = ORIENTED_EDGE('',*,*,#2920,.T.);
#3335 = ORIENTED_EDGE('',*,*,#3303,.T.);
#3336 = ORIENTED_EDGE('',*,*,#3337,.F.);
#3337 = EDGE_CURVE('',#3338,#3304,#3340,.T.);
#3338 = VERTEX_POINT('',#3339);
#3339 = CARTESIAN_POINT('',(-0.1,-4.78,0.9));
#3340 = LINE('',#3341,#3342);
#3341 = CARTESIAN_POINT('',(0.3,-4.78,0.9));
#3342 = VECTOR('',#3343,1.);
#3343 = DIRECTION('',(-1.,-4.440892098501E-16,0.));
#3344 = ORIENTED_EDGE('',*,*,#3345,.T.);
#3345 = EDGE_CURVE('',#3338,#3346,#3348,.T.);
#3346 = VERTEX_POINT('',#3347);
#3347 = CARTESIAN_POINT('',(-0.1,-4.78,5.9));
#3348 = LINE('',#3349,#3350);
#3349 = CARTESIAN_POINT('',(-0.1,-4.78,3.45));
#3350 = VECTOR('',#3351,1.);
#3351 = DIRECTION('',(0.,0.,1.));
#3352 = ORIENTED_EDGE('',*,*,#3353,.T.);
#3353 = EDGE_CURVE('',#3346,#3354,#3356,.T.);
#3354 = VERTEX_POINT('',#3355);
#3355 = CARTESIAN_POINT('',(0.1,-4.78,5.9));
#3356 = LINE('',#3357,#3358);
#3357 = CARTESIAN_POINT('',(-0.1,-4.78,5.9));
#3358 = VECTOR('',#3359,1.);
#3359 = DIRECTION('',(1.,4.440892098501E-16,0.));
#3360 = ORIENTED_EDGE('',*,*,#3361,.T.);
#3361 = EDGE_CURVE('',#3354,#3362,#3364,.T.);
#3362 = VERTEX_POINT('',#3363);
#3363 = CARTESIAN_POINT('',(0.1,-4.78,0.9));
#3364 = LINE('',#3365,#3366);
#3365 = CARTESIAN_POINT('',(0.1,-4.78,3.45));
#3366 = VECTOR('',#3367,1.);
#3367 = DIRECTION('',(-0.,0.,-1.));
#3368 = ORIENTED_EDGE('',*,*,#3369,.F.);
#3369 = EDGE_CURVE('',#3328,#3362,#3370,.T.);
#3370 = LINE('',#3371,#3372);
#3371 = CARTESIAN_POINT('',(0.3,-4.78,0.9));
#3372 = VECTOR('',#3373,1.);
#3373 = DIRECTION('',(-1.,-4.440892098501E-16,0.));
#3374 = PLANE('',#3375);
#3375 = AXIS2_PLACEMENT_3D('',#3376,#3377,#3378);
#3376 = CARTESIAN_POINT('',(0.3,-4.78,6.7));
#3377 = DIRECTION('',(4.440892098501E-16,-1.,0.));
#3378 = DIRECTION('',(0.,-0.,-1.));
#3379 = ADVANCED_FACE('',(#3380),#3391,.F.);
#3380 = FACE_BOUND('',#3381,.F.);
#3381 = EDGE_LOOP('',(#3382,#3383,#3389,#3390));
#3382 = ORIENTED_EDGE('',*,*,#3249,.T.);
#3383 = ORIENTED_EDGE('',*,*,#3384,.T.);
#3384 = EDGE_CURVE('',#3250,#3328,#3385,.T.);
#3385 = LINE('',#3386,#3387);
#3386 = CARTESIAN_POINT('',(0.3,-5.38,0.9));
#3387 = VECTOR('',#3388,1.);
#3388 = DIRECTION('',(-4.440892098501E-16,1.,0.));
#3389 = ORIENTED_EDGE('',*,*,#3327,.F.);
#3390 = ORIENTED_EDGE('',*,*,#2912,.F.);
#3391 = PLANE('',#3392);
#3392 = AXIS2_PLACEMENT_3D('',#3393,#3394,#3395);
#3393 = CARTESIAN_POINT('',(0.3,-5.38,6.7));
#3394 = DIRECTION('',(1.,4.440892098501E-16,0.));
#3395 = DIRECTION('',(-4.440892098501E-16,1.,0.));
#3396 = ADVANCED_FACE('',(#3397),#3454,.T.);
#3397 = FACE_BOUND('',#3398,.T.);
#3398 = EDGE_LOOP('',(#3399,#3407,#3408,#3416,#3424,#3432,#3440,#3448));
#3399 = ORIENTED_EDGE('',*,*,#3400,.F.);
#3400 = EDGE_CURVE('',#2949,#3401,#3403,.T.);
#3401 = VERTEX_POINT('',#3402);
#3402 = CARTESIAN_POINT('',(-0.3,-2.84,0.9));
#3403 = LINE('',#3404,#3405);
#3404 = CARTESIAN_POINT('',(-0.3,-2.84,6.7));
#3405 = VECTOR('',#3406,1.);
#3406 = DIRECTION('',(0.,0.,-1.));
#3407 = ORIENTED_EDGE('',*,*,#2948,.T.);
#3408 = ORIENTED_EDGE('',*,*,#3409,.T.);
#3409 = EDGE_CURVE('',#2951,#3410,#3412,.T.);
#3410 = VERTEX_POINT('',#3411);
#3411 = CARTESIAN_POINT('',(0.3,-2.84,0.9));
#3412 = LINE('',#3413,#3414);
#3413 = CARTESIAN_POINT('',(0.3,-2.84,6.7));
#3414 = VECTOR('',#3415,1.);
#3415 = DIRECTION('',(0.,0.,-1.));
#3416 = ORIENTED_EDGE('',*,*,#3417,.F.);
#3417 = EDGE_CURVE('',#3418,#3410,#3420,.T.);
#3418 = VERTEX_POINT('',#3419);
#3419 = CARTESIAN_POINT('',(0.1,-2.84,0.9));
#3420 = LINE('',#3421,#3422);
#3421 = CARTESIAN_POINT('',(-0.3,-2.84,0.9));
#3422 = VECTOR('',#3423,1.);
#3423 = DIRECTION('',(1.,4.440892098501E-16,0.));
#3424 = ORIENTED_EDGE('',*,*,#3425,.T.);
#3425 = EDGE_CURVE('',#3418,#3426,#3428,.T.);
#3426 = VERTEX_POINT('',#3427);
#3427 = CARTESIAN_POINT('',(0.1,-2.84,5.9));
#3428 = LINE('',#3429,#3430);
#3429 = CARTESIAN_POINT('',(0.1,-2.84,3.45));
#3430 = VECTOR('',#3431,1.);
#3431 = DIRECTION('',(0.,0.,1.));
#3432 = ORIENTED_EDGE('',*,*,#3433,.F.);
#3433 = EDGE_CURVE('',#3434,#3426,#3436,.T.);
#3434 = VERTEX_POINT('',#3435);
#3435 = CARTESIAN_POINT('',(-0.1,-2.84,5.9));
#3436 = LINE('',#3437,#3438);
#3437 = CARTESIAN_POINT('',(-0.1,-2.84,5.9));
#3438 = VECTOR('',#3439,1.);
#3439 = DIRECTION('',(1.,4.440892098501E-16,0.));
#3440 = ORIENTED_EDGE('',*,*,#3441,.T.);
#3441 = EDGE_CURVE('',#3434,#3442,#3444,.T.);
#3442 = VERTEX_POINT('',#3443);
#3443 = CARTESIAN_POINT('',(-0.1,-2.84,0.9));
#3444 = LINE('',#3445,#3446);
#3445 = CARTESIAN_POINT('',(-0.1,-2.84,3.45));
#3446 = VECTOR('',#3447,1.);
#3447 = DIRECTION('',(-0.,0.,-1.));
#3448 = ORIENTED_EDGE('',*,*,#3449,.F.);
#3449 = EDGE_CURVE('',#3401,#3442,#3450,.T.);
#3450 = LINE('',#3451,#3452);
#3451 = CARTESIAN_POINT('',(-0.3,-2.84,0.9));
#3452 = VECTOR('',#3453,1.);
#3453 = DIRECTION('',(1.,4.440892098501E-16,0.));
#3454 = PLANE('',#3455);
#3455 = AXIS2_PLACEMENT_3D('',#3456,#3457,#3458);
#3456 = CARTESIAN_POINT('',(-0.3,-2.84,6.7));
#3457 = DIRECTION('',(-4.440892098501E-16,1.,0.));
#3458 = DIRECTION('',(0.,0.,1.));
#3459 = ADVANCED_FACE('',(#3460),#3478,.F.);
#3460 = FACE_BOUND('',#3461,.F.);
#3461 = EDGE_LOOP('',(#3462,#3470,#3476,#3477));
#3462 = ORIENTED_EDGE('',*,*,#3463,.T.);
#3463 = EDGE_CURVE('',#2967,#3464,#3466,.T.);
#3464 = VERTEX_POINT('',#3465);
#3465 = CARTESIAN_POINT('',(-0.3,-2.24,0.9));
#3466 = LINE('',#3467,#3468);
#3467 = CARTESIAN_POINT('',(-0.3,-2.24,6.7));
#3468 = VECTOR('',#3469,1.);
#3469 = DIRECTION('',(0.,0.,-1.));
#3470 = ORIENTED_EDGE('',*,*,#3471,.T.);
#3471 = EDGE_CURVE('',#3464,#3401,#3472,.T.);
#3472 = LINE('',#3473,#3474);
#3473 = CARTESIAN_POINT('',(-0.3,-2.24,0.9));
#3474 = VECTOR('',#3475,1.);
#3475 = DIRECTION('',(4.440892098501E-16,-1.,0.));
#3476 = ORIENTED_EDGE('',*,*,#3400,.F.);
#3477 = ORIENTED_EDGE('',*,*,#2974,.F.);
#3478 = PLANE('',#3479);
#3479 = AXIS2_PLACEMENT_3D('',#3480,#3481,#3482);
#3480 = CARTESIAN_POINT('',(-0.3,-2.24,6.7));
#3481 = DIRECTION('',(-1.,-4.440892098501E-16,0.));
#3482 = DIRECTION('',(4.440892098501E-16,-1.,0.));
#3483 = ADVANCED_FACE('',(#3484),#3534,.T.);
#3484 = FACE_BOUND('',#3485,.T.);
#3485 = EDGE_LOOP('',(#3486,#3494,#3495,#3496,#3504,#3512,#3520,#3528));
#3486 = ORIENTED_EDGE('',*,*,#3487,.F.);
#3487 = EDGE_CURVE('',#2959,#3488,#3490,.T.);
#3488 = VERTEX_POINT('',#3489);
#3489 = CARTESIAN_POINT('',(0.3,-2.24,0.9));
#3490 = LINE('',#3491,#3492);
#3491 = CARTESIAN_POINT('',(0.3,-2.24,6.7));
#3492 = VECTOR('',#3493,1.);
#3493 = DIRECTION('',(0.,0.,-1.));
#3494 = ORIENTED_EDGE('',*,*,#2966,.T.);
#3495 = ORIENTED_EDGE('',*,*,#3463,.T.);
#3496 = ORIENTED_EDGE('',*,*,#3497,.F.);
#3497 = EDGE_CURVE('',#3498,#3464,#3500,.T.);
#3498 = VERTEX_POINT('',#3499);
#3499 = CARTESIAN_POINT('',(-0.1,-2.24,0.9));
#3500 = LINE('',#3501,#3502);
#3501 = CARTESIAN_POINT('',(0.3,-2.24,0.9));
#3502 = VECTOR('',#3503,1.);
#3503 = DIRECTION('',(-1.,-4.440892098501E-16,0.));
#3504 = ORIENTED_EDGE('',*,*,#3505,.T.);
#3505 = EDGE_CURVE('',#3498,#3506,#3508,.T.);
#3506 = VERTEX_POINT('',#3507);
#3507 = CARTESIAN_POINT('',(-0.1,-2.24,5.9));
#3508 = LINE('',#3509,#3510);
#3509 = CARTESIAN_POINT('',(-0.1,-2.24,3.45));
#3510 = VECTOR('',#3511,1.);
#3511 = DIRECTION('',(0.,0.,1.));
#3512 = ORIENTED_EDGE('',*,*,#3513,.T.);
#3513 = EDGE_CURVE('',#3506,#3514,#3516,.T.);
#3514 = VERTEX_POINT('',#3515);
#3515 = CARTESIAN_POINT('',(0.1,-2.24,5.9));
#3516 = LINE('',#3517,#3518);
#3517 = CARTESIAN_POINT('',(-0.1,-2.24,5.9));
#3518 = VECTOR('',#3519,1.);
#3519 = DIRECTION('',(1.,4.440892098501E-16,0.));
#3520 = ORIENTED_EDGE('',*,*,#3521,.T.);
#3521 = EDGE_CURVE('',#3514,#3522,#3524,.T.);
#3522 = VERTEX_POINT('',#3523);
#3523 = CARTESIAN_POINT('',(0.1,-2.24,0.9));
#3524 = LINE('',#3525,#3526);
#3525 = CARTESIAN_POINT('',(0.1,-2.24,3.45));
#3526 = VECTOR('',#3527,1.);
#3527 = DIRECTION('',(-0.,0.,-1.));
#3528 = ORIENTED_EDGE('',*,*,#3529,.F.);
#3529 = EDGE_CURVE('',#3488,#3522,#3530,.T.);
#3530 = LINE('',#3531,#3532);
#3531 = CARTESIAN_POINT('',(0.3,-2.24,0.9));
#3532 = VECTOR('',#3533,1.);
#3533 = DIRECTION('',(-1.,-4.440892098501E-16,0.));
#3534 = PLANE('',#3535);
#3535 = AXIS2_PLACEMENT_3D('',#3536,#3537,#3538);
#3536 = CARTESIAN_POINT('',(0.3,-2.24,6.7));
#3537 = DIRECTION('',(4.440892098501E-16,-1.,0.));
#3538 = DIRECTION('',(0.,-0.,-1.));
#3539 = ADVANCED_FACE('',(#3540),#3551,.F.);
#3540 = FACE_BOUND('',#3541,.F.);
#3541 = EDGE_LOOP('',(#3542,#3543,#3549,#3550));
#3542 = ORIENTED_EDGE('',*,*,#3409,.T.);
#3543 = ORIENTED_EDGE('',*,*,#3544,.T.);
#3544 = EDGE_CURVE('',#3410,#3488,#3545,.T.);
#3545 = LINE('',#3546,#3547);
#3546 = CARTESIAN_POINT('',(0.3,-2.84,0.9));
#3547 = VECTOR('',#3548,1.);
#3548 = DIRECTION('',(-4.440892098501E-16,1.,0.));
#3549 = ORIENTED_EDGE('',*,*,#3487,.F.);
#3550 = ORIENTED_EDGE('',*,*,#2958,.F.);
#3551 = PLANE('',#3552);
#3552 = AXIS2_PLACEMENT_3D('',#3553,#3554,#3555);
#3553 = CARTESIAN_POINT('',(0.3,-2.84,6.7));
#3554 = DIRECTION('',(1.,4.440892098501E-16,0.));
#3555 = DIRECTION('',(-4.440892098501E-16,1.,0.));
#3556 = ADVANCED_FACE('',(#3557),#3614,.T.);
#3557 = FACE_BOUND('',#3558,.T.);
#3558 = EDGE_LOOP('',(#3559,#3567,#3568,#3576,#3584,#3592,#3600,#3608));
#3559 = ORIENTED_EDGE('',*,*,#3560,.F.);
#3560 = EDGE_CURVE('',#2995,#3561,#3563,.T.);
#3561 = VERTEX_POINT('',#3562);
#3562 = CARTESIAN_POINT('',(-0.3,-0.3,0.9));
#3563 = LINE('',#3564,#3565);
#3564 = CARTESIAN_POINT('',(-0.3,-0.3,6.7));
#3565 = VECTOR('',#3566,1.);
#3566 = DIRECTION('',(0.,0.,-1.));
#3567 = ORIENTED_EDGE('',*,*,#2994,.T.);
#3568 = ORIENTED_EDGE('',*,*,#3569,.T.);
#3569 = EDGE_CURVE('',#2997,#3570,#3572,.T.);
#3570 = VERTEX_POINT('',#3571);
#3571 = CARTESIAN_POINT('',(0.3,-0.3,0.9));
#3572 = LINE('',#3573,#3574);
#3573 = CARTESIAN_POINT('',(0.3,-0.3,6.7));
#3574 = VECTOR('',#3575,1.);
#3575 = DIRECTION('',(0.,0.,-1.));
#3576 = ORIENTED_EDGE('',*,*,#3577,.F.);
#3577 = EDGE_CURVE('',#3578,#3570,#3580,.T.);
#3578 = VERTEX_POINT('',#3579);
#3579 = CARTESIAN_POINT('',(0.1,-0.3,0.9));
#3580 = LINE('',#3581,#3582);
#3581 = CARTESIAN_POINT('',(-0.3,-0.3,0.9));
#3582 = VECTOR('',#3583,1.);
#3583 = DIRECTION('',(1.,4.440892098501E-16,0.));
#3584 = ORIENTED_EDGE('',*,*,#3585,.T.);
#3585 = EDGE_CURVE('',#3578,#3586,#3588,.T.);
#3586 = VERTEX_POINT('',#3587);
#3587 = CARTESIAN_POINT('',(0.1,-0.3,5.9));
#3588 = LINE('',#3589,#3590);
#3589 = CARTESIAN_POINT('',(0.1,-0.3,3.45));
#3590 = VECTOR('',#3591,1.);
#3591 = DIRECTION('',(0.,0.,1.));
#3592 = ORIENTED_EDGE('',*,*,#3593,.F.);
#3593 = EDGE_CURVE('',#3594,#3586,#3596,.T.);
#3594 = VERTEX_POINT('',#3595);
#3595 = CARTESIAN_POINT('',(-0.1,-0.3,5.9));
#3596 = LINE('',#3597,#3598);
#3597 = CARTESIAN_POINT('',(-0.1,-0.3,5.9));
#3598 = VECTOR('',#3599,1.);
#3599 = DIRECTION('',(1.,4.440892098501E-16,0.));
#3600 = ORIENTED_EDGE('',*,*,#3601,.T.);
#3601 = EDGE_CURVE('',#3594,#3602,#3604,.T.);
#3602 = VERTEX_POINT('',#3603);
#3603 = CARTESIAN_POINT('',(-0.1,-0.3,0.9));
#3604 = LINE('',#3605,#3606);
#3605 = CARTESIAN_POINT('',(-0.1,-0.3,3.45));
#3606 = VECTOR('',#3607,1.);
#3607 = DIRECTION('',(-0.,0.,-1.));
#3608 = ORIENTED_EDGE('',*,*,#3609,.F.);
#3609 = EDGE_CURVE('',#3561,#3602,#3610,.T.);
#3610 = LINE('',#3611,#3612);
#3611 = CARTESIAN_POINT('',(-0.3,-0.3,0.9));
#3612 = VECTOR('',#3613,1.);
#3613 = DIRECTION('',(1.,4.440892098501E-16,0.));
#3614 = PLANE('',#3615);
#3615 = AXIS2_PLACEMENT_3D('',#3616,#3617,#3618);
#3616 = CARTESIAN_POINT('',(-0.3,-0.3,6.7));
#3617 = DIRECTION('',(-4.440892098501E-16,1.,0.));
#3618 = DIRECTION('',(0.,0.,1.));
#3619 = ADVANCED_FACE('',(#3620),#3638,.F.);
#3620 = FACE_BOUND('',#3621,.F.);
#3621 = EDGE_LOOP('',(#3622,#3630,#3636,#3637));
#3622 = ORIENTED_EDGE('',*,*,#3623,.T.);
#3623 = EDGE_CURVE('',#3013,#3624,#3626,.T.);
#3624 = VERTEX_POINT('',#3625);
#3625 = CARTESIAN_POINT('',(-0.3,0.3,0.9));
#3626 = LINE('',#3627,#3628);
#3627 = CARTESIAN_POINT('',(-0.3,0.3,6.7));
#3628 = VECTOR('',#3629,1.);
#3629 = DIRECTION('',(0.,0.,-1.));
#3630 = ORIENTED_EDGE('',*,*,#3631,.T.);
#3631 = EDGE_CURVE('',#3624,#3561,#3632,.T.);
#3632 = LINE('',#3633,#3634);
#3633 = CARTESIAN_POINT('',(-0.3,0.3,0.9));
#3634 = VECTOR('',#3635,1.);
#3635 = DIRECTION('',(4.440892098501E-16,-1.,0.));
#3636 = ORIENTED_EDGE('',*,*,#3560,.F.);
#3637 = ORIENTED_EDGE('',*,*,#3020,.F.);
#3638 = PLANE('',#3639);
#3639 = AXIS2_PLACEMENT_3D('',#3640,#3641,#3642);
#3640 = CARTESIAN_POINT('',(-0.3,0.3,6.7));
#3641 = DIRECTION('',(-1.,-4.440892098501E-16,0.));
#3642 = DIRECTION('',(4.440892098501E-16,-1.,0.));
#3643 = ADVANCED_FACE('',(#3644),#3694,.T.);
#3644 = FACE_BOUND('',#3645,.T.);
#3645 = EDGE_LOOP('',(#3646,#3654,#3655,#3656,#3664,#3672,#3680,#3688));
#3646 = ORIENTED_EDGE('',*,*,#3647,.F.);
#3647 = EDGE_CURVE('',#3005,#3648,#3650,.T.);
#3648 = VERTEX_POINT('',#3649);
#3649 = CARTESIAN_POINT('',(0.3,0.3,0.9));
#3650 = LINE('',#3651,#3652);
#3651 = CARTESIAN_POINT('',(0.3,0.3,6.7));
#3652 = VECTOR('',#3653,1.);
#3653 = DIRECTION('',(0.,0.,-1.));
#3654 = ORIENTED_EDGE('',*,*,#3012,.T.);
#3655 = ORIENTED_EDGE('',*,*,#3623,.T.);
#3656 = ORIENTED_EDGE('',*,*,#3657,.F.);
#3657 = EDGE_CURVE('',#3658,#3624,#3660,.T.);
#3658 = VERTEX_POINT('',#3659);
#3659 = CARTESIAN_POINT('',(-0.1,0.3,0.9));
#3660 = LINE('',#3661,#3662);
#3661 = CARTESIAN_POINT('',(0.3,0.3,0.9));
#3662 = VECTOR('',#3663,1.);
#3663 = DIRECTION('',(-1.,-4.440892098501E-16,0.));
#3664 = ORIENTED_EDGE('',*,*,#3665,.T.);
#3665 = EDGE_CURVE('',#3658,#3666,#3668,.T.);
#3666 = VERTEX_POINT('',#3667);
#3667 = CARTESIAN_POINT('',(-0.1,0.3,5.9));
#3668 = LINE('',#3669,#3670);
#3669 = CARTESIAN_POINT('',(-0.1,0.3,3.45));
#3670 = VECTOR('',#3671,1.);
#3671 = DIRECTION('',(0.,0.,1.));
#3672 = ORIENTED_EDGE('',*,*,#3673,.T.);
#3673 = EDGE_CURVE('',#3666,#3674,#3676,.T.);
#3674 = VERTEX_POINT('',#3675);
#3675 = CARTESIAN_POINT('',(0.1,0.3,5.9));
#3676 = LINE('',#3677,#3678);
#3677 = CARTESIAN_POINT('',(-0.1,0.3,5.9));
#3678 = VECTOR('',#3679,1.);
#3679 = DIRECTION('',(1.,4.440892098501E-16,0.));
#3680 = ORIENTED_EDGE('',*,*,#3681,.T.);
#3681 = EDGE_CURVE('',#3674,#3682,#3684,.T.);
#3682 = VERTEX_POINT('',#3683);
#3683 = CARTESIAN_POINT('',(0.1,0.3,0.9));
#3684 = LINE('',#3685,#3686);
#3685 = CARTESIAN_POINT('',(0.1,0.3,3.45));
#3686 = VECTOR('',#3687,1.);
#3687 = DIRECTION('',(-0.,0.,-1.));
#3688 = ORIENTED_EDGE('',*,*,#3689,.F.);
#3689 = EDGE_CURVE('',#3648,#3682,#3690,.T.);
#3690 = LINE('',#3691,#3692);
#3691 = CARTESIAN_POINT('',(0.3,0.3,0.9));
#3692 = VECTOR('',#3693,1.);
#3693 = DIRECTION('',(-1.,-4.440892098501E-16,0.));
#3694 = PLANE('',#3695);
#3695 = AXIS2_PLACEMENT_3D('',#3696,#3697,#3698);
#3696 = CARTESIAN_POINT('',(0.3,0.3,6.7));
#3697 = DIRECTION('',(4.440892098501E-16,-1.,0.));
#3698 = DIRECTION('',(0.,-0.,-1.));
#3699 = ADVANCED_FACE('',(#3700),#3711,.F.);
#3700 = FACE_BOUND('',#3701,.F.);
#3701 = EDGE_LOOP('',(#3702,#3703,#3709,#3710));
#3702 = ORIENTED_EDGE('',*,*,#3569,.T.);
#3703 = ORIENTED_EDGE('',*,*,#3704,.T.);
#3704 = EDGE_CURVE('',#3570,#3648,#3705,.T.);
#3705 = LINE('',#3706,#3707);
#3706 = CARTESIAN_POINT('',(0.3,-0.3,0.9));
#3707 = VECTOR('',#3708,1.);
#3708 = DIRECTION('',(-4.440892098501E-16,1.,0.));
#3709 = ORIENTED_EDGE('',*,*,#3647,.F.);
#3710 = ORIENTED_EDGE('',*,*,#3004,.F.);
#3711 = PLANE('',#3712);
#3712 = AXIS2_PLACEMENT_3D('',#3713,#3714,#3715);
#3713 = CARTESIAN_POINT('',(0.3,-0.3,6.7));
#3714 = DIRECTION('',(1.,4.440892098501E-16,0.));
#3715 = DIRECTION('',(-4.440892098501E-16,1.,0.));
#3716 = ADVANCED_FACE('',(#3717),#3774,.T.);
#3717 = FACE_BOUND('',#3718,.T.);
#3718 = EDGE_LOOP('',(#3719,#3727,#3728,#3736,#3744,#3752,#3760,#3768));
#3719 = ORIENTED_EDGE('',*,*,#3720,.F.);
#3720 = EDGE_CURVE('',#3041,#3721,#3723,.T.);
#3721 = VERTEX_POINT('',#3722);
#3722 = CARTESIAN_POINT('',(-0.3,-10.46,0.9));
#3723 = LINE('',#3724,#3725);
#3724 = CARTESIAN_POINT('',(-0.3,-10.46,6.7));
#3725 = VECTOR('',#3726,1.);
#3726 = DIRECTION('',(0.,0.,-1.));
#3727 = ORIENTED_EDGE('',*,*,#3040,.T.);
#3728 = ORIENTED_EDGE('',*,*,#3729,.T.);
#3729 = EDGE_CURVE('',#3043,#3730,#3732,.T.);
#3730 = VERTEX_POINT('',#3731);
#3731 = CARTESIAN_POINT('',(0.3,-10.46,0.9));
#3732 = LINE('',#3733,#3734);
#3733 = CARTESIAN_POINT('',(0.3,-10.46,6.7));
#3734 = VECTOR('',#3735,1.);
#3735 = DIRECTION('',(0.,0.,-1.));
#3736 = ORIENTED_EDGE('',*,*,#3737,.F.);
#3737 = EDGE_CURVE('',#3738,#3730,#3740,.T.);
#3738 = VERTEX_POINT('',#3739);
#3739 = CARTESIAN_POINT('',(0.1,-10.46,0.9));
#3740 = LINE('',#3741,#3742);
#3741 = CARTESIAN_POINT('',(-0.3,-10.46,0.9));
#3742 = VECTOR('',#3743,1.);
#3743 = DIRECTION('',(1.,4.440892098501E-16,0.));
#3744 = ORIENTED_EDGE('',*,*,#3745,.T.);
#3745 = EDGE_CURVE('',#3738,#3746,#3748,.T.);
#3746 = VERTEX_POINT('',#3747);
#3747 = CARTESIAN_POINT('',(0.1,-10.46,5.9));
#3748 = LINE('',#3749,#3750);
#3749 = CARTESIAN_POINT('',(0.1,-10.46,3.45));
#3750 = VECTOR('',#3751,1.);
#3751 = DIRECTION('',(0.,0.,1.));
#3752 = ORIENTED_EDGE('',*,*,#3753,.F.);
#3753 = EDGE_CURVE('',#3754,#3746,#3756,.T.);
#3754 = VERTEX_POINT('',#3755);
#3755 = CARTESIAN_POINT('',(-0.1,-10.46,5.9));
#3756 = LINE('',#3757,#3758);
#3757 = CARTESIAN_POINT('',(-0.1,-10.46,5.9));
#3758 = VECTOR('',#3759,1.);
#3759 = DIRECTION('',(1.,4.440892098501E-16,0.));
#3760 = ORIENTED_EDGE('',*,*,#3761,.T.);
#3761 = EDGE_CURVE('',#3754,#3762,#3764,.T.);
#3762 = VERTEX_POINT('',#3763);
#3763 = CARTESIAN_POINT('',(-0.1,-10.46,0.9));
#3764 = LINE('',#3765,#3766);
#3765 = CARTESIAN_POINT('',(-0.1,-10.46,3.45));
#3766 = VECTOR('',#3767,1.);
#3767 = DIRECTION('',(-0.,0.,-1.));
#3768 = ORIENTED_EDGE('',*,*,#3769,.F.);
#3769 = EDGE_CURVE('',#3721,#3762,#3770,.T.);
#3770 = LINE('',#3771,#3772);
#3771 = CARTESIAN_POINT('',(-0.3,-10.46,0.9));
#3772 = VECTOR('',#3773,1.);
#3773 = DIRECTION('',(1.,4.440892098501E-16,0.));
#3774 = PLANE('',#3775);
#3775 = AXIS2_PLACEMENT_3D('',#3776,#3777,#3778);
#3776 = CARTESIAN_POINT('',(-0.3,-10.46,6.7));
#3777 = DIRECTION('',(-4.440892098501E-16,1.,0.));
#3778 = DIRECTION('',(0.,0.,1.));
#3779 = ADVANCED_FACE('',(#3780),#3798,.F.);
#3780 = FACE_BOUND('',#3781,.F.);
#3781 = EDGE_LOOP('',(#3782,#3790,#3796,#3797));
#3782 = ORIENTED_EDGE('',*,*,#3783,.T.);
#3783 = EDGE_CURVE('',#3059,#3784,#3786,.T.);
#3784 = VERTEX_POINT('',#3785);
#3785 = CARTESIAN_POINT('',(-0.3,-9.86,0.9));
#3786 = LINE('',#3787,#3788);
#3787 = CARTESIAN_POINT('',(-0.3,-9.86,6.7));
#3788 = VECTOR('',#3789,1.);
#3789 = DIRECTION('',(0.,0.,-1.));
#3790 = ORIENTED_EDGE('',*,*,#3791,.T.);
#3791 = EDGE_CURVE('',#3784,#3721,#3792,.T.);
#3792 = LINE('',#3793,#3794);
#3793 = CARTESIAN_POINT('',(-0.3,-9.86,0.9));
#3794 = VECTOR('',#3795,1.);
#3795 = DIRECTION('',(4.440892098501E-16,-1.,0.));
#3796 = ORIENTED_EDGE('',*,*,#3720,.F.);
#3797 = ORIENTED_EDGE('',*,*,#3066,.F.);
#3798 = PLANE('',#3799);
#3799 = AXIS2_PLACEMENT_3D('',#3800,#3801,#3802);
#3800 = CARTESIAN_POINT('',(-0.3,-9.86,6.7));
#3801 = DIRECTION('',(-1.,-4.440892098501E-16,0.));
#3802 = DIRECTION('',(4.440892098501E-16,-1.,0.));
#3803 = ADVANCED_FACE('',(#3804),#3854,.T.);
#3804 = FACE_BOUND('',#3805,.T.);
#3805 = EDGE_LOOP('',(#3806,#3814,#3815,#3816,#3824,#3832,#3840,#3848));
#3806 = ORIENTED_EDGE('',*,*,#3807,.F.);
#3807 = EDGE_CURVE('',#3051,#3808,#3810,.T.);
#3808 = VERTEX_POINT('',#3809);
#3809 = CARTESIAN_POINT('',(0.3,-9.86,0.9));
#3810 = LINE('',#3811,#3812);
#3811 = CARTESIAN_POINT('',(0.3,-9.86,6.7));
#3812 = VECTOR('',#3813,1.);
#3813 = DIRECTION('',(0.,0.,-1.));
#3814 = ORIENTED_EDGE('',*,*,#3058,.T.);
#3815 = ORIENTED_EDGE('',*,*,#3783,.T.);
#3816 = ORIENTED_EDGE('',*,*,#3817,.F.);
#3817 = EDGE_CURVE('',#3818,#3784,#3820,.T.);
#3818 = VERTEX_POINT('',#3819);
#3819 = CARTESIAN_POINT('',(-0.1,-9.86,0.9));
#3820 = LINE('',#3821,#3822);
#3821 = CARTESIAN_POINT('',(0.3,-9.86,0.9));
#3822 = VECTOR('',#3823,1.);
#3823 = DIRECTION('',(-1.,-4.440892098501E-16,0.));
#3824 = ORIENTED_EDGE('',*,*,#3825,.T.);
#3825 = EDGE_CURVE('',#3818,#3826,#3828,.T.);
#3826 = VERTEX_POINT('',#3827);
#3827 = CARTESIAN_POINT('',(-0.1,-9.86,5.9));
#3828 = LINE('',#3829,#3830);
#3829 = CARTESIAN_POINT('',(-0.1,-9.86,3.45));
#3830 = VECTOR('',#3831,1.);
#3831 = DIRECTION('',(0.,0.,1.));
#3832 = ORIENTED_EDGE('',*,*,#3833,.T.);
#3833 = EDGE_CURVE('',#3826,#3834,#3836,.T.);
#3834 = VERTEX_POINT('',#3835);
#3835 = CARTESIAN_POINT('',(0.1,-9.86,5.9));
#3836 = LINE('',#3837,#3838);
#3837 = CARTESIAN_POINT('',(-0.1,-9.86,5.9));
#3838 = VECTOR('',#3839,1.);
#3839 = DIRECTION('',(1.,4.440892098501E-16,0.));
#3840 = ORIENTED_EDGE('',*,*,#3841,.T.);
#3841 = EDGE_CURVE('',#3834,#3842,#3844,.T.);
#3842 = VERTEX_POINT('',#3843);
#3843 = CARTESIAN_POINT('',(0.1,-9.86,0.9));
#3844 = LINE('',#3845,#3846);
#3845 = CARTESIAN_POINT('',(0.1,-9.86,3.45));
#3846 = VECTOR('',#3847,1.);
#3847 = DIRECTION('',(-0.,0.,-1.));
#3848 = ORIENTED_EDGE('',*,*,#3849,.F.);
#3849 = EDGE_CURVE('',#3808,#3842,#3850,.T.);
#3850 = LINE('',#3851,#3852);
#3851 = CARTESIAN_POINT('',(0.3,-9.86,0.9));
#3852 = VECTOR('',#3853,1.);
#3853 = DIRECTION('',(-1.,-4.440892098501E-16,0.));
#3854 = PLANE('',#3855);
#3855 = AXIS2_PLACEMENT_3D('',#3856,#3857,#3858);
#3856 = CARTESIAN_POINT('',(0.3,-9.86,6.7));
#3857 = DIRECTION('',(4.440892098501E-16,-1.,0.));
#3858 = DIRECTION('',(0.,-0.,-1.));
#3859 = ADVANCED_FACE('',(#3860),#3871,.F.);
#3860 = FACE_BOUND('',#3861,.F.);
#3861 = EDGE_LOOP('',(#3862,#3863,#3869,#3870));
#3862 = ORIENTED_EDGE('',*,*,#3729,.T.);
#3863 = ORIENTED_EDGE('',*,*,#3864,.T.);
#3864 = EDGE_CURVE('',#3730,#3808,#3865,.T.);
#3865 = LINE('',#3866,#3867);
#3866 = CARTESIAN_POINT('',(0.3,-10.46,0.9));
#3867 = VECTOR('',#3868,1.);
#3868 = DIRECTION('',(-4.440892098501E-16,1.,0.));
#3869 = ORIENTED_EDGE('',*,*,#3807,.F.);
#3870 = ORIENTED_EDGE('',*,*,#3050,.F.);
#3871 = PLANE('',#3872);
#3872 = AXIS2_PLACEMENT_3D('',#3873,#3874,#3875);
#3873 = CARTESIAN_POINT('',(0.3,-10.46,6.7));
#3874 = DIRECTION('',(1.,4.440892098501E-16,0.));
#3875 = DIRECTION('',(-4.440892098501E-16,1.,0.));
#3876 = ADVANCED_FACE('',(#3877),#3888,.F.);
#3877 = FACE_BOUND('',#3878,.F.);
#3878 = EDGE_LOOP('',(#3879,#3885,#3886,#3887));
#3879 = ORIENTED_EDGE('',*,*,#3880,.T.);
#3880 = EDGE_CURVE('',#3178,#3122,#3881,.T.);
#3881 = LINE('',#3882,#3883);
#3882 = CARTESIAN_POINT('',(-0.1,-7.32,0.9));
#3883 = VECTOR('',#3884,1.);
#3884 = DIRECTION('',(4.440892098501E-16,-1.,0.));
#3885 = ORIENTED_EDGE('',*,*,#3129,.F.);
#3886 = ORIENTED_EDGE('',*,*,#3151,.F.);
#3887 = ORIENTED_EDGE('',*,*,#3177,.F.);
#3888 = PLANE('',#3889);
#3889 = AXIS2_PLACEMENT_3D('',#3890,#3891,#3892);
#3890 = CARTESIAN_POINT('',(0.3,-7.92,0.9));
#3891 = DIRECTION('',(-0.,0.,-1.));
#3892 = DIRECTION('',(4.440892098501E-16,-1.,-0.));
#3893 = ADVANCED_FACE('',(#3894),#3937,.F.);
#3894 = FACE_BOUND('',#3895,.F.);
#3895 = EDGE_LOOP('',(#3896,#3897,#3898,#3906,#3914,#3922,#3930,#3936));
#3896 = ORIENTED_EDGE('',*,*,#3880,.F.);
#3897 = ORIENTED_EDGE('',*,*,#3185,.T.);
#3898 = ORIENTED_EDGE('',*,*,#3899,.F.);
#3899 = EDGE_CURVE('',#3900,#3186,#3902,.T.);
#3900 = VERTEX_POINT('',#3901);
#3901 = CARTESIAN_POINT('',(-0.1,-7.37,5.85));
#3902 = LINE('',#3903,#3904);
#3903 = CARTESIAN_POINT('',(-0.1,-7.37,5.85));
#3904 = VECTOR('',#3905,1.);
#3905 = DIRECTION('',(-3.140184917366E-16,0.707106781187,0.707106781187)
  );
#3906 = ORIENTED_EDGE('',*,*,#3907,.F.);
#3907 = EDGE_CURVE('',#3908,#3900,#3910,.T.);
#3908 = VERTEX_POINT('',#3909);
#3909 = CARTESIAN_POINT('',(-0.1,-7.37,1.25));
#3910 = LINE('',#3911,#3912);
#3911 = CARTESIAN_POINT('',(-0.1,-7.37,1.25));
#3912 = VECTOR('',#3913,1.);
#3913 = DIRECTION('',(0.,0.,1.));
#3914 = ORIENTED_EDGE('',*,*,#3915,.F.);
#3915 = EDGE_CURVE('',#3916,#3908,#3918,.T.);
#3916 = VERTEX_POINT('',#3917);
#3917 = CARTESIAN_POINT('',(-0.1,-7.87,1.25));
#3918 = LINE('',#3919,#3920);
#3919 = CARTESIAN_POINT('',(-0.1,-7.87,1.25));
#3920 = VECTOR('',#3921,1.);
#3921 = DIRECTION('',(-4.440892098501E-16,1.,0.));
#3922 = ORIENTED_EDGE('',*,*,#3923,.F.);
#3923 = EDGE_CURVE('',#3924,#3916,#3926,.T.);
#3924 = VERTEX_POINT('',#3925);
#3925 = CARTESIAN_POINT('',(-0.1,-7.87,5.85));
#3926 = LINE('',#3927,#3928);
#3927 = CARTESIAN_POINT('',(-0.1,-7.87,5.85));
#3928 = VECTOR('',#3929,1.);
#3929 = DIRECTION('',(-0.,0.,-1.));
#3930 = ORIENTED_EDGE('',*,*,#3931,.F.);
#3931 = EDGE_CURVE('',#3114,#3924,#3932,.T.);
#3932 = LINE('',#3933,#3934);
#3933 = CARTESIAN_POINT('',(-0.1,-7.92,5.9));
#3934 = VECTOR('',#3935,1.);
#3935 = DIRECTION('',(-3.140184917366E-16,0.707106781187,-0.707106781187
    ));
#3936 = ORIENTED_EDGE('',*,*,#3121,.T.);
#3937 = PLANE('',#3938);
#3938 = AXIS2_PLACEMENT_3D('',#3939,#3940,#3941);
#3939 = CARTESIAN_POINT('',(-0.1,-7.32,0.2));
#3940 = DIRECTION('',(1.,4.440892098501E-16,0.));
#3941 = DIRECTION('',(0.,0.,-1.));
#3942 = ADVANCED_FACE('',(#3943),#3961,.T.);
#3943 = FACE_BOUND('',#3944,.T.);
#3944 = EDGE_LOOP('',(#3945,#3946,#3954,#3960));
#3945 = ORIENTED_EDGE('',*,*,#3113,.T.);
#3946 = ORIENTED_EDGE('',*,*,#3947,.T.);
#3947 = EDGE_CURVE('',#3106,#3948,#3950,.T.);
#3948 = VERTEX_POINT('',#3949);
#3949 = CARTESIAN_POINT('',(0.1,-7.87,5.85));
#3950 = LINE('',#3951,#3952);
#3951 = CARTESIAN_POINT('',(0.1,-7.92,5.9));
#3952 = VECTOR('',#3953,1.);
#3953 = DIRECTION('',(-3.140184917366E-16,0.707106781187,-0.707106781187
    ));
#3954 = ORIENTED_EDGE('',*,*,#3955,.F.);
#3955 = EDGE_CURVE('',#3924,#3948,#3956,.T.);
#3956 = LINE('',#3957,#3958);
#3957 = CARTESIAN_POINT('',(-0.1,-7.87,5.85));
#3958 = VECTOR('',#3959,1.);
#3959 = DIRECTION('',(1.,4.440892098501E-16,0.));
#3960 = ORIENTED_EDGE('',*,*,#3931,.F.);
#3961 = PLANE('',#3962);
#3962 = AXIS2_PLACEMENT_3D('',#3963,#3964,#3965);
#3963 = CARTESIAN_POINT('',(-0.1,-7.92,5.9));
#3964 = DIRECTION('',(-3.140184917366E-16,0.707106781187,0.707106781187)
  );
#3965 = DIRECTION('',(-3.140184917366E-16,0.707106781187,-0.707106781187
    ));
#3966 = ADVANCED_FACE('',(#3967),#4008,.F.);
#3967 = FACE_BOUND('',#3968,.F.);
#3968 = EDGE_LOOP('',(#3969,#3970,#3976,#3977,#3978,#3986,#3994,#4002));
#3969 = ORIENTED_EDGE('',*,*,#3201,.T.);
#3970 = ORIENTED_EDGE('',*,*,#3971,.F.);
#3971 = EDGE_CURVE('',#3098,#3202,#3972,.T.);
#3972 = LINE('',#3973,#3974);
#3973 = CARTESIAN_POINT('',(0.1,-7.92,0.9));
#3974 = VECTOR('',#3975,1.);
#3975 = DIRECTION('',(-4.440892098501E-16,1.,0.));
#3976 = ORIENTED_EDGE('',*,*,#3105,.T.);
#3977 = ORIENTED_EDGE('',*,*,#3947,.T.);
#3978 = ORIENTED_EDGE('',*,*,#3979,.T.);
#3979 = EDGE_CURVE('',#3948,#3980,#3982,.T.);
#3980 = VERTEX_POINT('',#3981);
#3981 = CARTESIAN_POINT('',(0.1,-7.87,1.25));
#3982 = LINE('',#3983,#3984);
#3983 = CARTESIAN_POINT('',(0.1,-7.87,5.85));
#3984 = VECTOR('',#3985,1.);
#3985 = DIRECTION('',(-0.,0.,-1.));
#3986 = ORIENTED_EDGE('',*,*,#3987,.T.);
#3987 = EDGE_CURVE('',#3980,#3988,#3990,.T.);
#3988 = VERTEX_POINT('',#3989);
#3989 = CARTESIAN_POINT('',(0.1,-7.37,1.25));
#3990 = LINE('',#3991,#3992);
#3991 = CARTESIAN_POINT('',(0.1,-7.87,1.25));
#3992 = VECTOR('',#3993,1.);
#3993 = DIRECTION('',(-4.440892098501E-16,1.,0.));
#3994 = ORIENTED_EDGE('',*,*,#3995,.T.);
#3995 = EDGE_CURVE('',#3988,#3996,#3998,.T.);
#3996 = VERTEX_POINT('',#3997);
#3997 = CARTESIAN_POINT('',(0.1,-7.37,5.85));
#3998 = LINE('',#3999,#4000);
#3999 = CARTESIAN_POINT('',(0.1,-7.37,1.25));
#4000 = VECTOR('',#4001,1.);
#4001 = DIRECTION('',(0.,0.,1.));
#4002 = ORIENTED_EDGE('',*,*,#4003,.T.);
#4003 = EDGE_CURVE('',#3996,#3194,#4004,.T.);
#4004 = LINE('',#4005,#4006);
#4005 = CARTESIAN_POINT('',(0.1,-7.37,5.85));
#4006 = VECTOR('',#4007,1.);
#4007 = DIRECTION('',(-3.140184917366E-16,0.707106781187,0.707106781187)
  );
#4008 = PLANE('',#4009);
#4009 = AXIS2_PLACEMENT_3D('',#4010,#4011,#4012);
#4010 = CARTESIAN_POINT('',(0.1,-7.32,0.2));
#4011 = DIRECTION('',(-1.,-4.440892098501E-16,0.));
#4012 = DIRECTION('',(0.,0.,1.));
#4013 = ADVANCED_FACE('',(#4014),#4020,.F.);
#4014 = FACE_BOUND('',#4015,.F.);
#4015 = EDGE_LOOP('',(#4016,#4017,#4018,#4019));
#4016 = ORIENTED_EDGE('',*,*,#3224,.F.);
#4017 = ORIENTED_EDGE('',*,*,#3097,.F.);
#4018 = ORIENTED_EDGE('',*,*,#3971,.T.);
#4019 = ORIENTED_EDGE('',*,*,#3209,.F.);
#4020 = PLANE('',#4021);
#4021 = AXIS2_PLACEMENT_3D('',#4022,#4023,#4024);
#4022 = CARTESIAN_POINT('',(0.3,-7.92,0.9));
#4023 = DIRECTION('',(-0.,0.,-1.));
#4024 = DIRECTION('',(4.440892098501E-16,-1.,-0.));
#4025 = ADVANCED_FACE('',(#4026),#4037,.T.);
#4026 = FACE_BOUND('',#4027,.T.);
#4027 = EDGE_LOOP('',(#4028,#4034,#4035,#4036));
#4028 = ORIENTED_EDGE('',*,*,#4029,.T.);
#4029 = EDGE_CURVE('',#3900,#3996,#4030,.T.);
#4030 = LINE('',#4031,#4032);
#4031 = CARTESIAN_POINT('',(-0.1,-7.37,5.85));
#4032 = VECTOR('',#4033,1.);
#4033 = DIRECTION('',(1.,4.440892098501E-16,0.));
#4034 = ORIENTED_EDGE('',*,*,#4003,.T.);
#4035 = ORIENTED_EDGE('',*,*,#3193,.F.);
#4036 = ORIENTED_EDGE('',*,*,#3899,.F.);
#4037 = PLANE('',#4038);
#4038 = AXIS2_PLACEMENT_3D('',#4039,#4040,#4041);
#4039 = CARTESIAN_POINT('',(-0.1,-7.37,5.85));
#4040 = DIRECTION('',(3.140184917366E-16,-0.707106781187,0.707106781187)
  );
#4041 = DIRECTION('',(-3.140184917366E-16,0.707106781187,0.707106781187)
  );
#4042 = ADVANCED_FACE('',(#4043),#4054,.F.);
#4043 = FACE_BOUND('',#4044,.F.);
#4044 = EDGE_LOOP('',(#4045,#4051,#4052,#4053));
#4045 = ORIENTED_EDGE('',*,*,#4046,.T.);
#4046 = EDGE_CURVE('',#3338,#3282,#4047,.T.);
#4047 = LINE('',#4048,#4049);
#4048 = CARTESIAN_POINT('',(-0.1,-4.78,0.9));
#4049 = VECTOR('',#4050,1.);
#4050 = DIRECTION('',(4.440892098501E-16,-1.,0.));
#4051 = ORIENTED_EDGE('',*,*,#3289,.F.);
#4052 = ORIENTED_EDGE('',*,*,#3311,.F.);
#4053 = ORIENTED_EDGE('',*,*,#3337,.F.);
#4054 = PLANE('',#4055);
#4055 = AXIS2_PLACEMENT_3D('',#4056,#4057,#4058);
#4056 = CARTESIAN_POINT('',(0.3,-5.38,0.9));
#4057 = DIRECTION('',(-0.,0.,-1.));
#4058 = DIRECTION('',(4.440892098501E-16,-1.,-0.));
#4059 = ADVANCED_FACE('',(#4060),#4103,.F.);
#4060 = FACE_BOUND('',#4061,.F.);
#4061 = EDGE_LOOP('',(#4062,#4063,#4064,#4072,#4080,#4088,#4096,#4102));
#4062 = ORIENTED_EDGE('',*,*,#4046,.F.);
#4063 = ORIENTED_EDGE('',*,*,#3345,.T.);
#4064 = ORIENTED_EDGE('',*,*,#4065,.F.);
#4065 = EDGE_CURVE('',#4066,#3346,#4068,.T.);
#4066 = VERTEX_POINT('',#4067);
#4067 = CARTESIAN_POINT('',(-0.1,-4.83,5.85));
#4068 = LINE('',#4069,#4070);
#4069 = CARTESIAN_POINT('',(-0.1,-4.83,5.85));
#4070 = VECTOR('',#4071,1.);
#4071 = DIRECTION('',(-3.140184917366E-16,0.707106781187,0.707106781187)
  );
#4072 = ORIENTED_EDGE('',*,*,#4073,.F.);
#4073 = EDGE_CURVE('',#4074,#4066,#4076,.T.);
#4074 = VERTEX_POINT('',#4075);
#4075 = CARTESIAN_POINT('',(-0.1,-4.83,1.25));
#4076 = LINE('',#4077,#4078);
#4077 = CARTESIAN_POINT('',(-0.1,-4.83,1.25));
#4078 = VECTOR('',#4079,1.);
#4079 = DIRECTION('',(0.,0.,1.));
#4080 = ORIENTED_EDGE('',*,*,#4081,.F.);
#4081 = EDGE_CURVE('',#4082,#4074,#4084,.T.);
#4082 = VERTEX_POINT('',#4083);
#4083 = CARTESIAN_POINT('',(-0.1,-5.33,1.25));
#4084 = LINE('',#4085,#4086);
#4085 = CARTESIAN_POINT('',(-0.1,-5.33,1.25));
#4086 = VECTOR('',#4087,1.);
#4087 = DIRECTION('',(-4.440892098501E-16,1.,0.));
#4088 = ORIENTED_EDGE('',*,*,#4089,.F.);
#4089 = EDGE_CURVE('',#4090,#4082,#4092,.T.);
#4090 = VERTEX_POINT('',#4091);
#4091 = CARTESIAN_POINT('',(-0.1,-5.33,5.85));
#4092 = LINE('',#4093,#4094);
#4093 = CARTESIAN_POINT('',(-0.1,-5.33,5.85));
#4094 = VECTOR('',#4095,1.);
#4095 = DIRECTION('',(-0.,0.,-1.));
#4096 = ORIENTED_EDGE('',*,*,#4097,.F.);
#4097 = EDGE_CURVE('',#3274,#4090,#4098,.T.);
#4098 = LINE('',#4099,#4100);
#4099 = CARTESIAN_POINT('',(-0.1,-5.38,5.9));
#4100 = VECTOR('',#4101,1.);
#4101 = DIRECTION('',(-3.140184917366E-16,0.707106781187,-0.707106781187
    ));
#4102 = ORIENTED_EDGE('',*,*,#3281,.T.);
#4103 = PLANE('',#4104);
#4104 = AXIS2_PLACEMENT_3D('',#4105,#4106,#4107);
#4105 = CARTESIAN_POINT('',(-0.1,-4.78,0.2));
#4106 = DIRECTION('',(1.,4.440892098501E-16,0.));
#4107 = DIRECTION('',(0.,0.,-1.));
#4108 = ADVANCED_FACE('',(#4109),#4127,.T.);
#4109 = FACE_BOUND('',#4110,.T.);
#4110 = EDGE_LOOP('',(#4111,#4112,#4120,#4126));
#4111 = ORIENTED_EDGE('',*,*,#3273,.T.);
#4112 = ORIENTED_EDGE('',*,*,#4113,.T.);
#4113 = EDGE_CURVE('',#3266,#4114,#4116,.T.);
#4114 = VERTEX_POINT('',#4115);
#4115 = CARTESIAN_POINT('',(0.1,-5.33,5.85));
#4116 = LINE('',#4117,#4118);
#4117 = CARTESIAN_POINT('',(0.1,-5.38,5.9));
#4118 = VECTOR('',#4119,1.);
#4119 = DIRECTION('',(-3.140184917366E-16,0.707106781187,-0.707106781187
    ));
#4120 = ORIENTED_EDGE('',*,*,#4121,.F.);
#4121 = EDGE_CURVE('',#4090,#4114,#4122,.T.);
#4122 = LINE('',#4123,#4124);
#4123 = CARTESIAN_POINT('',(-0.1,-5.33,5.85));
#4124 = VECTOR('',#4125,1.);
#4125 = DIRECTION('',(1.,4.440892098501E-16,0.));
#4126 = ORIENTED_EDGE('',*,*,#4097,.F.);
#4127 = PLANE('',#4128);
#4128 = AXIS2_PLACEMENT_3D('',#4129,#4130,#4131);
#4129 = CARTESIAN_POINT('',(-0.1,-5.38,5.9));
#4130 = DIRECTION('',(-3.140184917366E-16,0.707106781187,0.707106781187)
  );
#4131 = DIRECTION('',(-3.140184917366E-16,0.707106781187,-0.707106781187
    ));
#4132 = ADVANCED_FACE('',(#4133),#4174,.F.);
#4133 = FACE_BOUND('',#4134,.F.);
#4134 = EDGE_LOOP('',(#4135,#4136,#4142,#4143,#4144,#4152,#4160,#4168));
#4135 = ORIENTED_EDGE('',*,*,#3361,.T.);
#4136 = ORIENTED_EDGE('',*,*,#4137,.F.);
#4137 = EDGE_CURVE('',#3258,#3362,#4138,.T.);
#4138 = LINE('',#4139,#4140);
#4139 = CARTESIAN_POINT('',(0.1,-5.38,0.9));
#4140 = VECTOR('',#4141,1.);
#4141 = DIRECTION('',(-4.440892098501E-16,1.,0.));
#4142 = ORIENTED_EDGE('',*,*,#3265,.T.);
#4143 = ORIENTED_EDGE('',*,*,#4113,.T.);
#4144 = ORIENTED_EDGE('',*,*,#4145,.T.);
#4145 = EDGE_CURVE('',#4114,#4146,#4148,.T.);
#4146 = VERTEX_POINT('',#4147);
#4147 = CARTESIAN_POINT('',(0.1,-5.33,1.25));
#4148 = LINE('',#4149,#4150);
#4149 = CARTESIAN_POINT('',(0.1,-5.33,5.85));
#4150 = VECTOR('',#4151,1.);
#4151 = DIRECTION('',(-0.,0.,-1.));
#4152 = ORIENTED_EDGE('',*,*,#4153,.T.);
#4153 = EDGE_CURVE('',#4146,#4154,#4156,.T.);
#4154 = VERTEX_POINT('',#4155);
#4155 = CARTESIAN_POINT('',(0.1,-4.83,1.25));
#4156 = LINE('',#4157,#4158);
#4157 = CARTESIAN_POINT('',(0.1,-5.33,1.25));
#4158 = VECTOR('',#4159,1.);
#4159 = DIRECTION('',(-4.440892098501E-16,1.,0.));
#4160 = ORIENTED_EDGE('',*,*,#4161,.T.);
#4161 = EDGE_CURVE('',#4154,#4162,#4164,.T.);
#4162 = VERTEX_POINT('',#4163);
#4163 = CARTESIAN_POINT('',(0.1,-4.83,5.85));
#4164 = LINE('',#4165,#4166);
#4165 = CARTESIAN_POINT('',(0.1,-4.83,1.25));
#4166 = VECTOR('',#4167,1.);
#4167 = DIRECTION('',(0.,0.,1.));
#4168 = ORIENTED_EDGE('',*,*,#4169,.T.);
#4169 = EDGE_CURVE('',#4162,#3354,#4170,.T.);
#4170 = LINE('',#4171,#4172);
#4171 = CARTESIAN_POINT('',(0.1,-4.83,5.85));
#4172 = VECTOR('',#4173,1.);
#4173 = DIRECTION('',(-3.140184917366E-16,0.707106781187,0.707106781187)
  );
#4174 = PLANE('',#4175);
#4175 = AXIS2_PLACEMENT_3D('',#4176,#4177,#4178);
#4176 = CARTESIAN_POINT('',(0.1,-4.78,0.2));
#4177 = DIRECTION('',(-1.,-4.440892098501E-16,0.));
#4178 = DIRECTION('',(0.,0.,1.));
#4179 = ADVANCED_FACE('',(#4180),#4186,.F.);
#4180 = FACE_BOUND('',#4181,.F.);
#4181 = EDGE_LOOP('',(#4182,#4183,#4184,#4185));
#4182 = ORIENTED_EDGE('',*,*,#3384,.F.);
#4183 = ORIENTED_EDGE('',*,*,#3257,.F.);
#4184 = ORIENTED_EDGE('',*,*,#4137,.T.);
#4185 = ORIENTED_EDGE('',*,*,#3369,.F.);
#4186 = PLANE('',#4187);
#4187 = AXIS2_PLACEMENT_3D('',#4188,#4189,#4190);
#4188 = CARTESIAN_POINT('',(0.3,-5.38,0.9));
#4189 = DIRECTION('',(-0.,0.,-1.));
#4190 = DIRECTION('',(4.440892098501E-16,-1.,-0.));
#4191 = ADVANCED_FACE('',(#4192),#4203,.T.);
#4192 = FACE_BOUND('',#4193,.T.);
#4193 = EDGE_LOOP('',(#4194,#4200,#4201,#4202));
#4194 = ORIENTED_EDGE('',*,*,#4195,.T.);
#4195 = EDGE_CURVE('',#4066,#4162,#4196,.T.);
#4196 = LINE('',#4197,#4198);
#4197 = CARTESIAN_POINT('',(-0.1,-4.83,5.85));
#4198 = VECTOR('',#4199,1.);
#4199 = DIRECTION('',(1.,4.440892098501E-16,0.));
#4200 = ORIENTED_EDGE('',*,*,#4169,.T.);
#4201 = ORIENTED_EDGE('',*,*,#3353,.F.);
#4202 = ORIENTED_EDGE('',*,*,#4065,.F.);
#4203 = PLANE('',#4204);
#4204 = AXIS2_PLACEMENT_3D('',#4205,#4206,#4207);
#4205 = CARTESIAN_POINT('',(-0.1,-4.83,5.85));
#4206 = DIRECTION('',(3.140184917366E-16,-0.707106781187,0.707106781187)
  );
#4207 = DIRECTION('',(-3.140184917366E-16,0.707106781187,0.707106781187)
  );
#4208 = ADVANCED_FACE('',(#4209),#4220,.F.);
#4209 = FACE_BOUND('',#4210,.F.);
#4210 = EDGE_LOOP('',(#4211,#4217,#4218,#4219));
#4211 = ORIENTED_EDGE('',*,*,#4212,.T.);
#4212 = EDGE_CURVE('',#3498,#3442,#4213,.T.);
#4213 = LINE('',#4214,#4215);
#4214 = CARTESIAN_POINT('',(-0.1,-2.24,0.9));
#4215 = VECTOR('',#4216,1.);
#4216 = DIRECTION('',(4.440892098501E-16,-1.,0.));
#4217 = ORIENTED_EDGE('',*,*,#3449,.F.);
#4218 = ORIENTED_EDGE('',*,*,#3471,.F.);
#4219 = ORIENTED_EDGE('',*,*,#3497,.F.);
#4220 = PLANE('',#4221);
#4221 = AXIS2_PLACEMENT_3D('',#4222,#4223,#4224);
#4222 = CARTESIAN_POINT('',(0.3,-2.84,0.9));
#4223 = DIRECTION('',(-0.,0.,-1.));
#4224 = DIRECTION('',(4.440892098501E-16,-1.,-0.));
#4225 = ADVANCED_FACE('',(#4226),#4269,.F.);
#4226 = FACE_BOUND('',#4227,.F.);
#4227 = EDGE_LOOP('',(#4228,#4229,#4230,#4238,#4246,#4254,#4262,#4268));
#4228 = ORIENTED_EDGE('',*,*,#4212,.F.);
#4229 = ORIENTED_EDGE('',*,*,#3505,.T.);
#4230 = ORIENTED_EDGE('',*,*,#4231,.F.);
#4231 = EDGE_CURVE('',#4232,#3506,#4234,.T.);
#4232 = VERTEX_POINT('',#4233);
#4233 = CARTESIAN_POINT('',(-0.1,-2.29,5.85));
#4234 = LINE('',#4235,#4236);
#4235 = CARTESIAN_POINT('',(-0.1,-2.29,5.85));
#4236 = VECTOR('',#4237,1.);
#4237 = DIRECTION('',(-3.140184917366E-16,0.707106781187,0.707106781187)
  );
#4238 = ORIENTED_EDGE('',*,*,#4239,.F.);
#4239 = EDGE_CURVE('',#4240,#4232,#4242,.T.);
#4240 = VERTEX_POINT('',#4241);
#4241 = CARTESIAN_POINT('',(-0.1,-2.29,1.25));
#4242 = LINE('',#4243,#4244);
#4243 = CARTESIAN_POINT('',(-0.1,-2.29,1.25));
#4244 = VECTOR('',#4245,1.);
#4245 = DIRECTION('',(0.,0.,1.));
#4246 = ORIENTED_EDGE('',*,*,#4247,.F.);
#4247 = EDGE_CURVE('',#4248,#4240,#4250,.T.);
#4248 = VERTEX_POINT('',#4249);
#4249 = CARTESIAN_POINT('',(-0.1,-2.79,1.25));
#4250 = LINE('',#4251,#4252);
#4251 = CARTESIAN_POINT('',(-0.1,-2.79,1.25));
#4252 = VECTOR('',#4253,1.);
#4253 = DIRECTION('',(-4.440892098501E-16,1.,0.));
#4254 = ORIENTED_EDGE('',*,*,#4255,.F.);
#4255 = EDGE_CURVE('',#4256,#4248,#4258,.T.);
#4256 = VERTEX_POINT('',#4257);
#4257 = CARTESIAN_POINT('',(-0.1,-2.79,5.85));
#4258 = LINE('',#4259,#4260);
#4259 = CARTESIAN_POINT('',(-0.1,-2.79,5.85));
#4260 = VECTOR('',#4261,1.);
#4261 = DIRECTION('',(-0.,0.,-1.));
#4262 = ORIENTED_EDGE('',*,*,#4263,.F.);
#4263 = EDGE_CURVE('',#3434,#4256,#4264,.T.);
#4264 = LINE('',#4265,#4266);
#4265 = CARTESIAN_POINT('',(-0.1,-2.84,5.9));
#4266 = VECTOR('',#4267,1.);
#4267 = DIRECTION('',(-3.140184917366E-16,0.707106781187,-0.707106781187
    ));
#4268 = ORIENTED_EDGE('',*,*,#3441,.T.);
#4269 = PLANE('',#4270);
#4270 = AXIS2_PLACEMENT_3D('',#4271,#4272,#4273);
#4271 = CARTESIAN_POINT('',(-0.1,-2.24,0.2));
#4272 = DIRECTION('',(1.,4.440892098501E-16,0.));
#4273 = DIRECTION('',(0.,0.,-1.));
#4274 = ADVANCED_FACE('',(#4275),#4293,.T.);
#4275 = FACE_BOUND('',#4276,.T.);
#4276 = EDGE_LOOP('',(#4277,#4278,#4286,#4292));
#4277 = ORIENTED_EDGE('',*,*,#3433,.T.);
#4278 = ORIENTED_EDGE('',*,*,#4279,.T.);
#4279 = EDGE_CURVE('',#3426,#4280,#4282,.T.);
#4280 = VERTEX_POINT('',#4281);
#4281 = CARTESIAN_POINT('',(0.1,-2.79,5.85));
#4282 = LINE('',#4283,#4284);
#4283 = CARTESIAN_POINT('',(0.1,-2.84,5.9));
#4284 = VECTOR('',#4285,1.);
#4285 = DIRECTION('',(-3.140184917366E-16,0.707106781187,-0.707106781187
    ));
#4286 = ORIENTED_EDGE('',*,*,#4287,.F.);
#4287 = EDGE_CURVE('',#4256,#4280,#4288,.T.);
#4288 = LINE('',#4289,#4290);
#4289 = CARTESIAN_POINT('',(-0.1,-2.79,5.85));
#4290 = VECTOR('',#4291,1.);
#4291 = DIRECTION('',(1.,4.440892098501E-16,0.));
#4292 = ORIENTED_EDGE('',*,*,#4263,.F.);
#4293 = PLANE('',#4294);
#4294 = AXIS2_PLACEMENT_3D('',#4295,#4296,#4297);
#4295 = CARTESIAN_POINT('',(-0.1,-2.84,5.9));
#4296 = DIRECTION('',(-3.140184917366E-16,0.707106781187,0.707106781187)
  );
#4297 = DIRECTION('',(-3.140184917366E-16,0.707106781187,-0.707106781187
    ));
#4298 = ADVANCED_FACE('',(#4299),#4340,.F.);
#4299 = FACE_BOUND('',#4300,.F.);
#4300 = EDGE_LOOP('',(#4301,#4302,#4308,#4309,#4310,#4318,#4326,#4334));
#4301 = ORIENTED_EDGE('',*,*,#3521,.T.);
#4302 = ORIENTED_EDGE('',*,*,#4303,.F.);
#4303 = EDGE_CURVE('',#3418,#3522,#4304,.T.);
#4304 = LINE('',#4305,#4306);
#4305 = CARTESIAN_POINT('',(0.1,-2.84,0.9));
#4306 = VECTOR('',#4307,1.);
#4307 = DIRECTION('',(-4.440892098501E-16,1.,0.));
#4308 = ORIENTED_EDGE('',*,*,#3425,.T.);
#4309 = ORIENTED_EDGE('',*,*,#4279,.T.);
#4310 = ORIENTED_EDGE('',*,*,#4311,.T.);
#4311 = EDGE_CURVE('',#4280,#4312,#4314,.T.);
#4312 = VERTEX_POINT('',#4313);
#4313 = CARTESIAN_POINT('',(0.1,-2.79,1.25));
#4314 = LINE('',#4315,#4316);
#4315 = CARTESIAN_POINT('',(0.1,-2.79,5.85));
#4316 = VECTOR('',#4317,1.);
#4317 = DIRECTION('',(-0.,0.,-1.));
#4318 = ORIENTED_EDGE('',*,*,#4319,.T.);
#4319 = EDGE_CURVE('',#4312,#4320,#4322,.T.);
#4320 = VERTEX_POINT('',#4321);
#4321 = CARTESIAN_POINT('',(0.1,-2.29,1.25));
#4322 = LINE('',#4323,#4324);
#4323 = CARTESIAN_POINT('',(0.1,-2.79,1.25));
#4324 = VECTOR('',#4325,1.);
#4325 = DIRECTION('',(-4.440892098501E-16,1.,0.));
#4326 = ORIENTED_EDGE('',*,*,#4327,.T.);
#4327 = EDGE_CURVE('',#4320,#4328,#4330,.T.);
#4328 = VERTEX_POINT('',#4329);
#4329 = CARTESIAN_POINT('',(0.1,-2.29,5.85));
#4330 = LINE('',#4331,#4332);
#4331 = CARTESIAN_POINT('',(0.1,-2.29,1.25));
#4332 = VECTOR('',#4333,1.);
#4333 = DIRECTION('',(0.,0.,1.));
#4334 = ORIENTED_EDGE('',*,*,#4335,.T.);
#4335 = EDGE_CURVE('',#4328,#3514,#4336,.T.);
#4336 = LINE('',#4337,#4338);
#4337 = CARTESIAN_POINT('',(0.1,-2.29,5.85));
#4338 = VECTOR('',#4339,1.);
#4339 = DIRECTION('',(-3.140184917366E-16,0.707106781187,0.707106781187)
  );
#4340 = PLANE('',#4341);
#4341 = AXIS2_PLACEMENT_3D('',#4342,#4343,#4344);
#4342 = CARTESIAN_POINT('',(0.1,-2.24,0.2));
#4343 = DIRECTION('',(-1.,-4.440892098501E-16,0.));
#4344 = DIRECTION('',(0.,0.,1.));
#4345 = ADVANCED_FACE('',(#4346),#4352,.F.);
#4346 = FACE_BOUND('',#4347,.F.);
#4347 = EDGE_LOOP('',(#4348,#4349,#4350,#4351));
#4348 = ORIENTED_EDGE('',*,*,#3544,.F.);
#4349 = ORIENTED_EDGE('',*,*,#3417,.F.);
#4350 = ORIENTED_EDGE('',*,*,#4303,.T.);
#4351 = ORIENTED_EDGE('',*,*,#3529,.F.);
#4352 = PLANE('',#4353);
#4353 = AXIS2_PLACEMENT_3D('',#4354,#4355,#4356);
#4354 = CARTESIAN_POINT('',(0.3,-2.84,0.9));
#4355 = DIRECTION('',(-0.,0.,-1.));
#4356 = DIRECTION('',(4.440892098501E-16,-1.,-0.));
#4357 = ADVANCED_FACE('',(#4358),#4369,.T.);
#4358 = FACE_BOUND('',#4359,.T.);
#4359 = EDGE_LOOP('',(#4360,#4366,#4367,#4368));
#4360 = ORIENTED_EDGE('',*,*,#4361,.T.);
#4361 = EDGE_CURVE('',#4232,#4328,#4362,.T.);
#4362 = LINE('',#4363,#4364);
#4363 = CARTESIAN_POINT('',(-0.1,-2.29,5.85));
#4364 = VECTOR('',#4365,1.);
#4365 = DIRECTION('',(1.,4.440892098501E-16,0.));
#4366 = ORIENTED_EDGE('',*,*,#4335,.T.);
#4367 = ORIENTED_EDGE('',*,*,#3513,.F.);
#4368 = ORIENTED_EDGE('',*,*,#4231,.F.);
#4369 = PLANE('',#4370);
#4370 = AXIS2_PLACEMENT_3D('',#4371,#4372,#4373);
#4371 = CARTESIAN_POINT('',(-0.1,-2.29,5.85));
#4372 = DIRECTION('',(3.140184917366E-16,-0.707106781187,0.707106781187)
  );
#4373 = DIRECTION('',(-3.140184917366E-16,0.707106781187,0.707106781187)
  );
#4374 = ADVANCED_FACE('',(#4375),#4386,.F.);
#4375 = FACE_BOUND('',#4376,.F.);
#4376 = EDGE_LOOP('',(#4377,#4383,#4384,#4385));
#4377 = ORIENTED_EDGE('',*,*,#4378,.T.);
#4378 = EDGE_CURVE('',#3658,#3602,#4379,.T.);
#4379 = LINE('',#4380,#4381);
#4380 = CARTESIAN_POINT('',(-0.1,0.3,0.9));
#4381 = VECTOR('',#4382,1.);
#4382 = DIRECTION('',(4.440892098501E-16,-1.,0.));
#4383 = ORIENTED_EDGE('',*,*,#3609,.F.);
#4384 = ORIENTED_EDGE('',*,*,#3631,.F.);
#4385 = ORIENTED_EDGE('',*,*,#3657,.F.);
#4386 = PLANE('',#4387);
#4387 = AXIS2_PLACEMENT_3D('',#4388,#4389,#4390);
#4388 = CARTESIAN_POINT('',(0.3,-0.3,0.9));
#4389 = DIRECTION('',(-0.,0.,-1.));
#4390 = DIRECTION('',(4.440892098501E-16,-1.,-0.));
#4391 = ADVANCED_FACE('',(#4392),#4435,.F.);
#4392 = FACE_BOUND('',#4393,.F.);
#4393 = EDGE_LOOP('',(#4394,#4395,#4396,#4404,#4412,#4420,#4428,#4434));
#4394 = ORIENTED_EDGE('',*,*,#4378,.F.);
#4395 = ORIENTED_EDGE('',*,*,#3665,.T.);
#4396 = ORIENTED_EDGE('',*,*,#4397,.F.);
#4397 = EDGE_CURVE('',#4398,#3666,#4400,.T.);
#4398 = VERTEX_POINT('',#4399);
#4399 = CARTESIAN_POINT('',(-0.1,0.25,5.85));
#4400 = LINE('',#4401,#4402);
#4401 = CARTESIAN_POINT('',(-0.1,0.25,5.85));
#4402 = VECTOR('',#4403,1.);
#4403 = DIRECTION('',(-3.140184917366E-16,0.707106781187,0.707106781187)
  );
#4404 = ORIENTED_EDGE('',*,*,#4405,.F.);
#4405 = EDGE_CURVE('',#4406,#4398,#4408,.T.);
#4406 = VERTEX_POINT('',#4407);
#4407 = CARTESIAN_POINT('',(-0.1,0.25,1.25));
#4408 = LINE('',#4409,#4410);
#4409 = CARTESIAN_POINT('',(-0.1,0.25,1.25));
#4410 = VECTOR('',#4411,1.);
#4411 = DIRECTION('',(0.,0.,1.));
#4412 = ORIENTED_EDGE('',*,*,#4413,.F.);
#4413 = EDGE_CURVE('',#4414,#4406,#4416,.T.);
#4414 = VERTEX_POINT('',#4415);
#4415 = CARTESIAN_POINT('',(-0.1,-0.25,1.25));
#4416 = LINE('',#4417,#4418);
#4417 = CARTESIAN_POINT('',(-0.1,-0.25,1.25));
#4418 = VECTOR('',#4419,1.);
#4419 = DIRECTION('',(-4.440892098501E-16,1.,0.));
#4420 = ORIENTED_EDGE('',*,*,#4421,.F.);
#4421 = EDGE_CURVE('',#4422,#4414,#4424,.T.);
#4422 = VERTEX_POINT('',#4423);
#4423 = CARTESIAN_POINT('',(-0.1,-0.25,5.85));
#4424 = LINE('',#4425,#4426);
#4425 = CARTESIAN_POINT('',(-0.1,-0.25,5.85));
#4426 = VECTOR('',#4427,1.);
#4427 = DIRECTION('',(-0.,0.,-1.));
#4428 = ORIENTED_EDGE('',*,*,#4429,.F.);
#4429 = EDGE_CURVE('',#3594,#4422,#4430,.T.);
#4430 = LINE('',#4431,#4432);
#4431 = CARTESIAN_POINT('',(-0.1,-0.3,5.9));
#4432 = VECTOR('',#4433,1.);
#4433 = DIRECTION('',(-3.140184917366E-16,0.707106781187,-0.707106781187
    ));
#4434 = ORIENTED_EDGE('',*,*,#3601,.T.);
#4435 = PLANE('',#4436);
#4436 = AXIS2_PLACEMENT_3D('',#4437,#4438,#4439);
#4437 = CARTESIAN_POINT('',(-0.1,0.3,0.2));
#4438 = DIRECTION('',(1.,4.440892098501E-16,0.));
#4439 = DIRECTION('',(0.,0.,-1.));
#4440 = ADVANCED_FACE('',(#4441),#4459,.T.);
#4441 = FACE_BOUND('',#4442,.T.);
#4442 = EDGE_LOOP('',(#4443,#4444,#4452,#4458));
#4443 = ORIENTED_EDGE('',*,*,#3593,.T.);
#4444 = ORIENTED_EDGE('',*,*,#4445,.T.);
#4445 = EDGE_CURVE('',#3586,#4446,#4448,.T.);
#4446 = VERTEX_POINT('',#4447);
#4447 = CARTESIAN_POINT('',(0.1,-0.25,5.85));
#4448 = LINE('',#4449,#4450);
#4449 = CARTESIAN_POINT('',(0.1,-0.3,5.9));
#4450 = VECTOR('',#4451,1.);
#4451 = DIRECTION('',(-3.140184917366E-16,0.707106781187,-0.707106781187
    ));
#4452 = ORIENTED_EDGE('',*,*,#4453,.F.);
#4453 = EDGE_CURVE('',#4422,#4446,#4454,.T.);
#4454 = LINE('',#4455,#4456);
#4455 = CARTESIAN_POINT('',(-0.1,-0.25,5.85));
#4456 = VECTOR('',#4457,1.);
#4457 = DIRECTION('',(1.,4.440892098501E-16,0.));
#4458 = ORIENTED_EDGE('',*,*,#4429,.F.);
#4459 = PLANE('',#4460);
#4460 = AXIS2_PLACEMENT_3D('',#4461,#4462,#4463);
#4461 = CARTESIAN_POINT('',(-0.1,-0.3,5.9));
#4462 = DIRECTION('',(-3.140184917366E-16,0.707106781187,0.707106781187)
  );
#4463 = DIRECTION('',(-3.140184917366E-16,0.707106781187,-0.707106781187
    ));
#4464 = ADVANCED_FACE('',(#4465),#4506,.F.);
#4465 = FACE_BOUND('',#4466,.F.);
#4466 = EDGE_LOOP('',(#4467,#4468,#4474,#4475,#4476,#4484,#4492,#4500));
#4467 = ORIENTED_EDGE('',*,*,#3681,.T.);
#4468 = ORIENTED_EDGE('',*,*,#4469,.F.);
#4469 = EDGE_CURVE('',#3578,#3682,#4470,.T.);
#4470 = LINE('',#4471,#4472);
#4471 = CARTESIAN_POINT('',(0.1,-0.3,0.9));
#4472 = VECTOR('',#4473,1.);
#4473 = DIRECTION('',(-4.440892098501E-16,1.,0.));
#4474 = ORIENTED_EDGE('',*,*,#3585,.T.);
#4475 = ORIENTED_EDGE('',*,*,#4445,.T.);
#4476 = ORIENTED_EDGE('',*,*,#4477,.T.);
#4477 = EDGE_CURVE('',#4446,#4478,#4480,.T.);
#4478 = VERTEX_POINT('',#4479);
#4479 = CARTESIAN_POINT('',(0.1,-0.25,1.25));
#4480 = LINE('',#4481,#4482);
#4481 = CARTESIAN_POINT('',(0.1,-0.25,5.85));
#4482 = VECTOR('',#4483,1.);
#4483 = DIRECTION('',(-0.,0.,-1.));
#4484 = ORIENTED_EDGE('',*,*,#4485,.T.);
#4485 = EDGE_CURVE('',#4478,#4486,#4488,.T.);
#4486 = VERTEX_POINT('',#4487);
#4487 = CARTESIAN_POINT('',(0.1,0.25,1.25));
#4488 = LINE('',#4489,#4490);
#4489 = CARTESIAN_POINT('',(0.1,-0.25,1.25));
#4490 = VECTOR('',#4491,1.);
#4491 = DIRECTION('',(-4.440892098501E-16,1.,0.));
#4492 = ORIENTED_EDGE('',*,*,#4493,.T.);
#4493 = EDGE_CURVE('',#4486,#4494,#4496,.T.);
#4494 = VERTEX_POINT('',#4495);
#4495 = CARTESIAN_POINT('',(0.1,0.25,5.85));
#4496 = LINE('',#4497,#4498);
#4497 = CARTESIAN_POINT('',(0.1,0.25,1.25));
#4498 = VECTOR('',#4499,1.);
#4499 = DIRECTION('',(0.,0.,1.));
#4500 = ORIENTED_EDGE('',*,*,#4501,.T.);
#4501 = EDGE_CURVE('',#4494,#3674,#4502,.T.);
#4502 = LINE('',#4503,#4504);
#4503 = CARTESIAN_POINT('',(0.1,0.25,5.85));
#4504 = VECTOR('',#4505,1.);
#4505 = DIRECTION('',(-3.140184917366E-16,0.707106781187,0.707106781187)
  );
#4506 = PLANE('',#4507);
#4507 = AXIS2_PLACEMENT_3D('',#4508,#4509,#4510);
#4508 = CARTESIAN_POINT('',(0.1,0.3,0.2));
#4509 = DIRECTION('',(-1.,-4.440892098501E-16,0.));
#4510 = DIRECTION('',(0.,0.,1.));
#4511 = ADVANCED_FACE('',(#4512),#4518,.F.);
#4512 = FACE_BOUND('',#4513,.F.);
#4513 = EDGE_LOOP('',(#4514,#4515,#4516,#4517));
#4514 = ORIENTED_EDGE('',*,*,#3704,.F.);
#4515 = ORIENTED_EDGE('',*,*,#3577,.F.);
#4516 = ORIENTED_EDGE('',*,*,#4469,.T.);
#4517 = ORIENTED_EDGE('',*,*,#3689,.F.);
#4518 = PLANE('',#4519);
#4519 = AXIS2_PLACEMENT_3D('',#4520,#4521,#4522);
#4520 = CARTESIAN_POINT('',(0.3,-0.3,0.9));
#4521 = DIRECTION('',(-0.,0.,-1.));
#4522 = DIRECTION('',(4.440892098501E-16,-1.,-0.));
#4523 = ADVANCED_FACE('',(#4524),#4535,.T.);
#4524 = FACE_BOUND('',#4525,.T.);
#4525 = EDGE_LOOP('',(#4526,#4532,#4533,#4534));
#4526 = ORIENTED_EDGE('',*,*,#4527,.T.);
#4527 = EDGE_CURVE('',#4398,#4494,#4528,.T.);
#4528 = LINE('',#4529,#4530);
#4529 = CARTESIAN_POINT('',(-0.1,0.25,5.85));
#4530 = VECTOR('',#4531,1.);
#4531 = DIRECTION('',(1.,4.440892098501E-16,0.));
#4532 = ORIENTED_EDGE('',*,*,#4501,.T.);
#4533 = ORIENTED_EDGE('',*,*,#3673,.F.);
#4534 = ORIENTED_EDGE('',*,*,#4397,.F.);
#4535 = PLANE('',#4536);
#4536 = AXIS2_PLACEMENT_3D('',#4537,#4538,#4539);
#4537 = CARTESIAN_POINT('',(-0.1,0.25,5.85));
#4538 = DIRECTION('',(3.140184917366E-16,-0.707106781187,0.707106781187)
  );
#4539 = DIRECTION('',(-3.140184917366E-16,0.707106781187,0.707106781187)
  );
#4540 = ADVANCED_FACE('',(#4541),#4552,.F.);
#4541 = FACE_BOUND('',#4542,.F.);
#4542 = EDGE_LOOP('',(#4543,#4549,#4550,#4551));
#4543 = ORIENTED_EDGE('',*,*,#4544,.T.);
#4544 = EDGE_CURVE('',#3818,#3762,#4545,.T.);
#4545 = LINE('',#4546,#4547);
#4546 = CARTESIAN_POINT('',(-0.1,-9.86,0.9));
#4547 = VECTOR('',#4548,1.);
#4548 = DIRECTION('',(4.440892098501E-16,-1.,0.));
#4549 = ORIENTED_EDGE('',*,*,#3769,.F.);
#4550 = ORIENTED_EDGE('',*,*,#3791,.F.);
#4551 = ORIENTED_EDGE('',*,*,#3817,.F.);
#4552 = PLANE('',#4553);
#4553 = AXIS2_PLACEMENT_3D('',#4554,#4555,#4556);
#4554 = CARTESIAN_POINT('',(0.3,-10.46,0.9));
#4555 = DIRECTION('',(-0.,0.,-1.));
#4556 = DIRECTION('',(4.440892098501E-16,-1.,-0.));
#4557 = ADVANCED_FACE('',(#4558),#4601,.F.);
#4558 = FACE_BOUND('',#4559,.F.);
#4559 = EDGE_LOOP('',(#4560,#4561,#4562,#4570,#4578,#4586,#4594,#4600));
#4560 = ORIENTED_EDGE('',*,*,#4544,.F.);
#4561 = ORIENTED_EDGE('',*,*,#3825,.T.);
#4562 = ORIENTED_EDGE('',*,*,#4563,.F.);
#4563 = EDGE_CURVE('',#4564,#3826,#4566,.T.);
#4564 = VERTEX_POINT('',#4565);
#4565 = CARTESIAN_POINT('',(-0.1,-9.91,5.85));
#4566 = LINE('',#4567,#4568);
#4567 = CARTESIAN_POINT('',(-0.1,-9.91,5.85));
#4568 = VECTOR('',#4569,1.);
#4569 = DIRECTION('',(-3.140184917366E-16,0.707106781187,0.707106781187)
  );
#4570 = ORIENTED_EDGE('',*,*,#4571,.F.);
#4571 = EDGE_CURVE('',#4572,#4564,#4574,.T.);
#4572 = VERTEX_POINT('',#4573);
#4573 = CARTESIAN_POINT('',(-0.1,-9.91,1.25));
#4574 = LINE('',#4575,#4576);
#4575 = CARTESIAN_POINT('',(-0.1,-9.91,1.25));
#4576 = VECTOR('',#4577,1.);
#4577 = DIRECTION('',(0.,0.,1.));
#4578 = ORIENTED_EDGE('',*,*,#4579,.F.);
#4579 = EDGE_CURVE('',#4580,#4572,#4582,.T.);
#4580 = VERTEX_POINT('',#4581);
#4581 = CARTESIAN_POINT('',(-0.1,-10.41,1.25));
#4582 = LINE('',#4583,#4584);
#4583 = CARTESIAN_POINT('',(-0.1,-10.41,1.25));
#4584 = VECTOR('',#4585,1.);
#4585 = DIRECTION('',(-4.440892098501E-16,1.,0.));
#4586 = ORIENTED_EDGE('',*,*,#4587,.F.);
#4587 = EDGE_CURVE('',#4588,#4580,#4590,.T.);
#4588 = VERTEX_POINT('',#4589);
#4589 = CARTESIAN_POINT('',(-0.1,-10.41,5.85));
#4590 = LINE('',#4591,#4592);
#4591 = CARTESIAN_POINT('',(-0.1,-10.41,5.85));
#4592 = VECTOR('',#4593,1.);
#4593 = DIRECTION('',(-0.,0.,-1.));
#4594 = ORIENTED_EDGE('',*,*,#4595,.F.);
#4595 = EDGE_CURVE('',#3754,#4588,#4596,.T.);
#4596 = LINE('',#4597,#4598);
#4597 = CARTESIAN_POINT('',(-0.1,-10.46,5.9));
#4598 = VECTOR('',#4599,1.);
#4599 = DIRECTION('',(-3.140184917366E-16,0.707106781187,-0.707106781187
    ));
#4600 = ORIENTED_EDGE('',*,*,#3761,.T.);
#4601 = PLANE('',#4602);
#4602 = AXIS2_PLACEMENT_3D('',#4603,#4604,#4605);
#4603 = CARTESIAN_POINT('',(-0.1,-9.86,0.2));
#4604 = DIRECTION('',(1.,4.440892098501E-16,0.));
#4605 = DIRECTION('',(0.,0.,-1.));
#4606 = ADVANCED_FACE('',(#4607),#4625,.T.);
#4607 = FACE_BOUND('',#4608,.T.);
#4608 = EDGE_LOOP('',(#4609,#4610,#4618,#4624));
#4609 = ORIENTED_EDGE('',*,*,#3753,.T.);
#4610 = ORIENTED_EDGE('',*,*,#4611,.T.);
#4611 = EDGE_CURVE('',#3746,#4612,#4614,.T.);
#4612 = VERTEX_POINT('',#4613);
#4613 = CARTESIAN_POINT('',(0.1,-10.41,5.85));
#4614 = LINE('',#4615,#4616);
#4615 = CARTESIAN_POINT('',(0.1,-10.46,5.9));
#4616 = VECTOR('',#4617,1.);
#4617 = DIRECTION('',(-3.140184917366E-16,0.707106781187,-0.707106781187
    ));
#4618 = ORIENTED_EDGE('',*,*,#4619,.F.);
#4619 = EDGE_CURVE('',#4588,#4612,#4620,.T.);
#4620 = LINE('',#4621,#4622);
#4621 = CARTESIAN_POINT('',(-0.1,-10.41,5.85));
#4622 = VECTOR('',#4623,1.);
#4623 = DIRECTION('',(1.,4.440892098501E-16,0.));
#4624 = ORIENTED_EDGE('',*,*,#4595,.F.);
#4625 = PLANE('',#4626);
#4626 = AXIS2_PLACEMENT_3D('',#4627,#4628,#4629);
#4627 = CARTESIAN_POINT('',(-0.1,-10.46,5.9));
#4628 = DIRECTION('',(-3.140184917366E-16,0.707106781187,0.707106781187)
  );
#4629 = DIRECTION('',(-3.140184917366E-16,0.707106781187,-0.707106781187
    ));
#4630 = ADVANCED_FACE('',(#4631),#4672,.F.);
#4631 = FACE_BOUND('',#4632,.F.);
#4632 = EDGE_LOOP('',(#4633,#4634,#4640,#4641,#4642,#4650,#4658,#4666));
#4633 = ORIENTED_EDGE('',*,*,#3841,.T.);
#4634 = ORIENTED_EDGE('',*,*,#4635,.F.);
#4635 = EDGE_CURVE('',#3738,#3842,#4636,.T.);
#4636 = LINE('',#4637,#4638);
#4637 = CARTESIAN_POINT('',(0.1,-10.46,0.9));
#4638 = VECTOR('',#4639,1.);
#4639 = DIRECTION('',(-4.440892098501E-16,1.,0.));
#4640 = ORIENTED_EDGE('',*,*,#3745,.T.);
#4641 = ORIENTED_EDGE('',*,*,#4611,.T.);
#4642 = ORIENTED_EDGE('',*,*,#4643,.T.);
#4643 = EDGE_CURVE('',#4612,#4644,#4646,.T.);
#4644 = VERTEX_POINT('',#4645);
#4645 = CARTESIAN_POINT('',(0.1,-10.41,1.25));
#4646 = LINE('',#4647,#4648);
#4647 = CARTESIAN_POINT('',(0.1,-10.41,5.85));
#4648 = VECTOR('',#4649,1.);
#4649 = DIRECTION('',(-0.,0.,-1.));
#4650 = ORIENTED_EDGE('',*,*,#4651,.T.);
#4651 = EDGE_CURVE('',#4644,#4652,#4654,.T.);
#4652 = VERTEX_POINT('',#4653);
#4653 = CARTESIAN_POINT('',(0.1,-9.91,1.25));
#4654 = LINE('',#4655,#4656);
#4655 = CARTESIAN_POINT('',(0.1,-10.41,1.25));
#4656 = VECTOR('',#4657,1.);
#4657 = DIRECTION('',(-4.440892098501E-16,1.,0.));
#4658 = ORIENTED_EDGE('',*,*,#4659,.T.);
#4659 = EDGE_CURVE('',#4652,#4660,#4662,.T.);
#4660 = VERTEX_POINT('',#4661);
#4661 = CARTESIAN_POINT('',(0.1,-9.91,5.85));
#4662 = LINE('',#4663,#4664);
#4663 = CARTESIAN_POINT('',(0.1,-9.91,1.25));
#4664 = VECTOR('',#4665,1.);
#4665 = DIRECTION('',(0.,0.,1.));
#4666 = ORIENTED_EDGE('',*,*,#4667,.T.);
#4667 = EDGE_CURVE('',#4660,#3834,#4668,.T.);
#4668 = LINE('',#4669,#4670);
#4669 = CARTESIAN_POINT('',(0.1,-9.91,5.85));
#4670 = VECTOR('',#4671,1.);
#4671 = DIRECTION('',(-3.140184917366E-16,0.707106781187,0.707106781187)
  );
#4672 = PLANE('',#4673);
#4673 = AXIS2_PLACEMENT_3D('',#4674,#4675,#4676);
#4674 = CARTESIAN_POINT('',(0.1,-9.86,0.2));
#4675 = DIRECTION('',(-1.,-4.440892098501E-16,0.));
#4676 = DIRECTION('',(0.,0.,1.));
#4677 = ADVANCED_FACE('',(#4678),#4684,.F.);
#4678 = FACE_BOUND('',#4679,.F.);
#4679 = EDGE_LOOP('',(#4680,#4681,#4682,#4683));
#4680 = ORIENTED_EDGE('',*,*,#3864,.F.);
#4681 = ORIENTED_EDGE('',*,*,#3737,.F.);
#4682 = ORIENTED_EDGE('',*,*,#4635,.T.);
#4683 = ORIENTED_EDGE('',*,*,#3849,.F.);
#4684 = PLANE('',#4685);
#4685 = AXIS2_PLACEMENT_3D('',#4686,#4687,#4688);
#4686 = CARTESIAN_POINT('',(0.3,-10.46,0.9));
#4687 = DIRECTION('',(-0.,0.,-1.));
#4688 = DIRECTION('',(4.440892098501E-16,-1.,-0.));
#4689 = ADVANCED_FACE('',(#4690),#4701,.T.);
#4690 = FACE_BOUND('',#4691,.T.);
#4691 = EDGE_LOOP('',(#4692,#4698,#4699,#4700));
#4692 = ORIENTED_EDGE('',*,*,#4693,.T.);
#4693 = EDGE_CURVE('',#4564,#4660,#4694,.T.);
#4694 = LINE('',#4695,#4696);
#4695 = CARTESIAN_POINT('',(-0.1,-9.91,5.85));
#4696 = VECTOR('',#4697,1.);
#4697 = DIRECTION('',(1.,4.440892098501E-16,0.));
#4698 = ORIENTED_EDGE('',*,*,#4667,.T.);
#4699 = ORIENTED_EDGE('',*,*,#3833,.F.);
#4700 = ORIENTED_EDGE('',*,*,#4563,.F.);
#4701 = PLANE('',#4702);
#4702 = AXIS2_PLACEMENT_3D('',#4703,#4704,#4705);
#4703 = CARTESIAN_POINT('',(-0.1,-9.91,5.85));
#4704 = DIRECTION('',(3.140184917366E-16,-0.707106781187,0.707106781187)
  );
#4705 = DIRECTION('',(-3.140184917366E-16,0.707106781187,0.707106781187)
  );
#4706 = ADVANCED_FACE('',(#4707),#4718,.T.);
#4707 = FACE_BOUND('',#4708,.T.);
#4708 = EDGE_LOOP('',(#4709,#4710,#4711,#4717));
#4709 = ORIENTED_EDGE('',*,*,#3955,.T.);
#4710 = ORIENTED_EDGE('',*,*,#3979,.T.);
#4711 = ORIENTED_EDGE('',*,*,#4712,.F.);
#4712 = EDGE_CURVE('',#3916,#3980,#4713,.T.);
#4713 = LINE('',#4714,#4715);
#4714 = CARTESIAN_POINT('',(-0.1,-7.87,1.25));
#4715 = VECTOR('',#4716,1.);
#4716 = DIRECTION('',(1.,4.440892098501E-16,0.));
#4717 = ORIENTED_EDGE('',*,*,#3923,.F.);
#4718 = PLANE('',#4719);
#4719 = AXIS2_PLACEMENT_3D('',#4720,#4721,#4722);
#4720 = CARTESIAN_POINT('',(-0.1,-7.87,5.85));
#4721 = DIRECTION('',(-4.440892098501E-16,1.,0.));
#4722 = DIRECTION('',(0.,0.,-1.));
#4723 = ADVANCED_FACE('',(#4724),#4735,.T.);
#4724 = FACE_BOUND('',#4725,.T.);
#4725 = EDGE_LOOP('',(#4726,#4727,#4728,#4734));
#4726 = ORIENTED_EDGE('',*,*,#4712,.T.);
#4727 = ORIENTED_EDGE('',*,*,#3987,.T.);
#4728 = ORIENTED_EDGE('',*,*,#4729,.F.);
#4729 = EDGE_CURVE('',#3908,#3988,#4730,.T.);
#4730 = LINE('',#4731,#4732);
#4731 = CARTESIAN_POINT('',(-0.1,-7.37,1.25));
#4732 = VECTOR('',#4733,1.);
#4733 = DIRECTION('',(1.,4.440892098501E-16,0.));
#4734 = ORIENTED_EDGE('',*,*,#3915,.F.);
#4735 = PLANE('',#4736);
#4736 = AXIS2_PLACEMENT_3D('',#4737,#4738,#4739);
#4737 = CARTESIAN_POINT('',(-0.1,-7.87,1.25));
#4738 = DIRECTION('',(0.,0.,1.));
#4739 = DIRECTION('',(-4.440892098501E-16,1.,0.));
#4740 = ADVANCED_FACE('',(#4741),#4747,.T.);
#4741 = FACE_BOUND('',#4742,.T.);
#4742 = EDGE_LOOP('',(#4743,#4744,#4745,#4746));
#4743 = ORIENTED_EDGE('',*,*,#4729,.T.);
#4744 = ORIENTED_EDGE('',*,*,#3995,.T.);
#4745 = ORIENTED_EDGE('',*,*,#4029,.F.);
#4746 = ORIENTED_EDGE('',*,*,#3907,.F.);
#4747 = PLANE('',#4748);
#4748 = AXIS2_PLACEMENT_3D('',#4749,#4750,#4751);
#4749 = CARTESIAN_POINT('',(-0.1,-7.37,1.25));
#4750 = DIRECTION('',(4.440892098501E-16,-1.,0.));
#4751 = DIRECTION('',(0.,0.,1.));
#4752 = ADVANCED_FACE('',(#4753),#4764,.T.);
#4753 = FACE_BOUND('',#4754,.T.);
#4754 = EDGE_LOOP('',(#4755,#4756,#4757,#4763));
#4755 = ORIENTED_EDGE('',*,*,#4121,.T.);
#4756 = ORIENTED_EDGE('',*,*,#4145,.T.);
#4757 = ORIENTED_EDGE('',*,*,#4758,.F.);
#4758 = EDGE_CURVE('',#4082,#4146,#4759,.T.);
#4759 = LINE('',#4760,#4761);
#4760 = CARTESIAN_POINT('',(-0.1,-5.33,1.25));
#4761 = VECTOR('',#4762,1.);
#4762 = DIRECTION('',(1.,4.440892098501E-16,0.));
#4763 = ORIENTED_EDGE('',*,*,#4089,.F.);
#4764 = PLANE('',#4765);
#4765 = AXIS2_PLACEMENT_3D('',#4766,#4767,#4768);
#4766 = CARTESIAN_POINT('',(-0.1,-5.33,5.85));
#4767 = DIRECTION('',(-4.440892098501E-16,1.,0.));
#4768 = DIRECTION('',(0.,0.,-1.));
#4769 = ADVANCED_FACE('',(#4770),#4781,.T.);
#4770 = FACE_BOUND('',#4771,.T.);
#4771 = EDGE_LOOP('',(#4772,#4773,#4774,#4780));
#4772 = ORIENTED_EDGE('',*,*,#4758,.T.);
#4773 = ORIENTED_EDGE('',*,*,#4153,.T.);
#4774 = ORIENTED_EDGE('',*,*,#4775,.F.);
#4775 = EDGE_CURVE('',#4074,#4154,#4776,.T.);
#4776 = LINE('',#4777,#4778);
#4777 = CARTESIAN_POINT('',(-0.1,-4.83,1.25));
#4778 = VECTOR('',#4779,1.);
#4779 = DIRECTION('',(1.,4.440892098501E-16,0.));
#4780 = ORIENTED_EDGE('',*,*,#4081,.F.);
#4781 = PLANE('',#4782);
#4782 = AXIS2_PLACEMENT_3D('',#4783,#4784,#4785);
#4783 = CARTESIAN_POINT('',(-0.1,-5.33,1.25));
#4784 = DIRECTION('',(0.,0.,1.));
#4785 = DIRECTION('',(-4.440892098501E-16,1.,0.));
#4786 = ADVANCED_FACE('',(#4787),#4793,.T.);
#4787 = FACE_BOUND('',#4788,.T.);
#4788 = EDGE_LOOP('',(#4789,#4790,#4791,#4792));
#4789 = ORIENTED_EDGE('',*,*,#4775,.T.);
#4790 = ORIENTED_EDGE('',*,*,#4161,.T.);
#4791 = ORIENTED_EDGE('',*,*,#4195,.F.);
#4792 = ORIENTED_EDGE('',*,*,#4073,.F.);
#4793 = PLANE('',#4794);
#4794 = AXIS2_PLACEMENT_3D('',#4795,#4796,#4797);
#4795 = CARTESIAN_POINT('',(-0.1,-4.83,1.25));
#4796 = DIRECTION('',(4.440892098501E-16,-1.,0.));
#4797 = DIRECTION('',(0.,0.,1.));
#4798 = ADVANCED_FACE('',(#4799),#4810,.T.);
#4799 = FACE_BOUND('',#4800,.T.);
#4800 = EDGE_LOOP('',(#4801,#4802,#4803,#4809));
#4801 = ORIENTED_EDGE('',*,*,#4287,.T.);
#4802 = ORIENTED_EDGE('',*,*,#4311,.T.);
#4803 = ORIENTED_EDGE('',*,*,#4804,.F.);
#4804 = EDGE_CURVE('',#4248,#4312,#4805,.T.);
#4805 = LINE('',#4806,#4807);
#4806 = CARTESIAN_POINT('',(-0.1,-2.79,1.25));
#4807 = VECTOR('',#4808,1.);
#4808 = DIRECTION('',(1.,4.440892098501E-16,0.));
#4809 = ORIENTED_EDGE('',*,*,#4255,.F.);
#4810 = PLANE('',#4811);
#4811 = AXIS2_PLACEMENT_3D('',#4812,#4813,#4814);
#4812 = CARTESIAN_POINT('',(-0.1,-2.79,5.85));
#4813 = DIRECTION('',(-4.440892098501E-16,1.,0.));
#4814 = DIRECTION('',(0.,0.,-1.));
#4815 = ADVANCED_FACE('',(#4816),#4827,.T.);
#4816 = FACE_BOUND('',#4817,.T.);
#4817 = EDGE_LOOP('',(#4818,#4819,#4820,#4826));
#4818 = ORIENTED_EDGE('',*,*,#4804,.T.);
#4819 = ORIENTED_EDGE('',*,*,#4319,.T.);
#4820 = ORIENTED_EDGE('',*,*,#4821,.F.);
#4821 = EDGE_CURVE('',#4240,#4320,#4822,.T.);
#4822 = LINE('',#4823,#4824);
#4823 = CARTESIAN_POINT('',(-0.1,-2.29,1.25));
#4824 = VECTOR('',#4825,1.);
#4825 = DIRECTION('',(1.,4.440892098501E-16,0.));
#4826 = ORIENTED_EDGE('',*,*,#4247,.F.);
#4827 = PLANE('',#4828);
#4828 = AXIS2_PLACEMENT_3D('',#4829,#4830,#4831);
#4829 = CARTESIAN_POINT('',(-0.1,-2.79,1.25));
#4830 = DIRECTION('',(0.,0.,1.));
#4831 = DIRECTION('',(-4.440892098501E-16,1.,0.));
#4832 = ADVANCED_FACE('',(#4833),#4839,.T.);
#4833 = FACE_BOUND('',#4834,.T.);
#4834 = EDGE_LOOP('',(#4835,#4836,#4837,#4838));
#4835 = ORIENTED_EDGE('',*,*,#4821,.T.);
#4836 = ORIENTED_EDGE('',*,*,#4327,.T.);
#4837 = ORIENTED_EDGE('',*,*,#4361,.F.);
#4838 = ORIENTED_EDGE('',*,*,#4239,.F.);
#4839 = PLANE('',#4840);
#4840 = AXIS2_PLACEMENT_3D('',#4841,#4842,#4843);
#4841 = CARTESIAN_POINT('',(-0.1,-2.29,1.25));
#4842 = DIRECTION('',(4.440892098501E-16,-1.,0.));
#4843 = DIRECTION('',(0.,0.,1.));
#4844 = ADVANCED_FACE('',(#4845),#4856,.T.);
#4845 = FACE_BOUND('',#4846,.T.);
#4846 = EDGE_LOOP('',(#4847,#4848,#4849,#4855));
#4847 = ORIENTED_EDGE('',*,*,#4453,.T.);
#4848 = ORIENTED_EDGE('',*,*,#4477,.T.);
#4849 = ORIENTED_EDGE('',*,*,#4850,.F.);
#4850 = EDGE_CURVE('',#4414,#4478,#4851,.T.);
#4851 = LINE('',#4852,#4853);
#4852 = CARTESIAN_POINT('',(-0.1,-0.25,1.25));
#4853 = VECTOR('',#4854,1.);
#4854 = DIRECTION('',(1.,4.440892098501E-16,0.));
#4855 = ORIENTED_EDGE('',*,*,#4421,.F.);
#4856 = PLANE('',#4857);
#4857 = AXIS2_PLACEMENT_3D('',#4858,#4859,#4860);
#4858 = CARTESIAN_POINT('',(-0.1,-0.25,5.85));
#4859 = DIRECTION('',(-4.440892098501E-16,1.,0.));
#4860 = DIRECTION('',(0.,0.,-1.));
#4861 = ADVANCED_FACE('',(#4862),#4873,.T.);
#4862 = FACE_BOUND('',#4863,.T.);
#4863 = EDGE_LOOP('',(#4864,#4865,#4866,#4872));
#4864 = ORIENTED_EDGE('',*,*,#4850,.T.);
#4865 = ORIENTED_EDGE('',*,*,#4485,.T.);
#4866 = ORIENTED_EDGE('',*,*,#4867,.F.);
#4867 = EDGE_CURVE('',#4406,#4486,#4868,.T.);
#4868 = LINE('',#4869,#4870);
#4869 = CARTESIAN_POINT('',(-0.1,0.25,1.25));
#4870 = VECTOR('',#4871,1.);
#4871 = DIRECTION('',(1.,4.440892098501E-16,0.));
#4872 = ORIENTED_EDGE('',*,*,#4413,.F.);
#4873 = PLANE('',#4874);
#4874 = AXIS2_PLACEMENT_3D('',#4875,#4876,#4877);
#4875 = CARTESIAN_POINT('',(-0.1,-0.25,1.25));
#4876 = DIRECTION('',(0.,0.,1.));
#4877 = DIRECTION('',(-4.440892098501E-16,1.,0.));
#4878 = ADVANCED_FACE('',(#4879),#4885,.T.);
#4879 = FACE_BOUND('',#4880,.T.);
#4880 = EDGE_LOOP('',(#4881,#4882,#4883,#4884));
#4881 = ORIENTED_EDGE('',*,*,#4867,.T.);
#4882 = ORIENTED_EDGE('',*,*,#4493,.T.);
#4883 = ORIENTED_EDGE('',*,*,#4527,.F.);
#4884 = ORIENTED_EDGE('',*,*,#4405,.F.);
#4885 = PLANE('',#4886);
#4886 = AXIS2_PLACEMENT_3D('',#4887,#4888,#4889);
#4887 = CARTESIAN_POINT('',(-0.1,0.25,1.25));
#4888 = DIRECTION('',(4.440892098501E-16,-1.,0.));
#4889 = DIRECTION('',(0.,0.,1.));
#4890 = ADVANCED_FACE('',(#4891),#4902,.T.);
#4891 = FACE_BOUND('',#4892,.T.);
#4892 = EDGE_LOOP('',(#4893,#4894,#4895,#4901));
#4893 = ORIENTED_EDGE('',*,*,#4619,.T.);
#4894 = ORIENTED_EDGE('',*,*,#4643,.T.);
#4895 = ORIENTED_EDGE('',*,*,#4896,.F.);
#4896 = EDGE_CURVE('',#4580,#4644,#4897,.T.);
#4897 = LINE('',#4898,#4899);
#4898 = CARTESIAN_POINT('',(-0.1,-10.41,1.25));
#4899 = VECTOR('',#4900,1.);
#4900 = DIRECTION('',(1.,4.440892098501E-16,0.));
#4901 = ORIENTED_EDGE('',*,*,#4587,.F.);
#4902 = PLANE('',#4903);
#4903 = AXIS2_PLACEMENT_3D('',#4904,#4905,#4906);
#4904 = CARTESIAN_POINT('',(-0.1,-10.41,5.85));
#4905 = DIRECTION('',(-4.440892098501E-16,1.,0.));
#4906 = DIRECTION('',(0.,0.,-1.));
#4907 = ADVANCED_FACE('',(#4908),#4919,.T.);
#4908 = FACE_BOUND('',#4909,.T.);
#4909 = EDGE_LOOP('',(#4910,#4911,#4912,#4918));
#4910 = ORIENTED_EDGE('',*,*,#4896,.T.);
#4911 = ORIENTED_EDGE('',*,*,#4651,.T.);
#4912 = ORIENTED_EDGE('',*,*,#4913,.F.);
#4913 = EDGE_CURVE('',#4572,#4652,#4914,.T.);
#4914 = LINE('',#4915,#4916);
#4915 = CARTESIAN_POINT('',(-0.1,-9.91,1.25));
#4916 = VECTOR('',#4917,1.);
#4917 = DIRECTION('',(1.,4.440892098501E-16,0.));
#4918 = ORIENTED_EDGE('',*,*,#4579,.F.);
#4919 = PLANE('',#4920);
#4920 = AXIS2_PLACEMENT_3D('',#4921,#4922,#4923);
#4921 = CARTESIAN_POINT('',(-0.1,-10.41,1.25));
#4922 = DIRECTION('',(0.,0.,1.));
#4923 = DIRECTION('',(-4.440892098501E-16,1.,0.));
#4924 = ADVANCED_FACE('',(#4925),#4931,.T.);
#4925 = FACE_BOUND('',#4926,.T.);
#4926 = EDGE_LOOP('',(#4927,#4928,#4929,#4930));
#4927 = ORIENTED_EDGE('',*,*,#4913,.T.);
#4928 = ORIENTED_EDGE('',*,*,#4659,.T.);
#4929 = ORIENTED_EDGE('',*,*,#4693,.F.);
#4930 = ORIENTED_EDGE('',*,*,#4571,.F.);
#4931 = PLANE('',#4932);
#4932 = AXIS2_PLACEMENT_3D('',#4933,#4934,#4935);
#4933 = CARTESIAN_POINT('',(-0.1,-9.91,1.25));
#4934 = DIRECTION('',(4.440892098501E-16,-1.,0.));
#4935 = DIRECTION('',(0.,0.,1.));
#4936 = ( GEOMETRIC_REPRESENTATION_CONTEXT(3) 
GLOBAL_UNCERTAINTY_ASSIGNED_CONTEXT((#4940)) 
GLOBAL_UNIT_ASSIGNED_CONTEXT((#4937,#4938,#4939)) REPRESENTATION_CONTEXT
('Context #1','3D Context with UNIT and UNCERTAINTY') );
#4937 = ( LENGTH_UNIT() NAMED_UNIT(*) SI_UNIT(.MILLI.,.METRE.) );
#4938 = ( NAMED_UNIT(*) PLANE_ANGLE_UNIT() SI_UNIT($,.RADIAN.) );
#4939 = ( NAMED_UNIT(*) SI_UNIT($,.STERADIAN.) SOLID_ANGLE_UNIT() );
#4940 = UNCERTAINTY_MEASURE_WITH_UNIT(LENGTH_MEASURE(1.E-07),#4937,
  'distance_accuracy_value','confusion accuracy');
#4941 = CONTEXT_DEPENDENT_SHAPE_REPRESENTATION(#4942,#4944);
#4942 = ( REPRESENTATION_RELATIONSHIP('','',#63,#40) 
REPRESENTATION_RELATIONSHIP_WITH_TRANSFORMATION(#4943) 
SHAPE_REPRESENTATION_RELATIONSHIP() );
#4943 = ITEM_DEFINED_TRANSFORMATION('','',#11,#41);
#4944 = PRODUCT_DEFINITION_SHAPE('Placement','Placement of an item',
  #4945);
#4945 = NEXT_ASSEMBLY_USAGE_OCCURRENCE('1','=>[0:1:1:3]','',#35,#58,$);
#4946 = PRODUCT_RELATED_PRODUCT_CATEGORY('part',$,(#60));
#4947 = CONTEXT_DEPENDENT_SHAPE_REPRESENTATION(#4948,#4950);
#4948 = ( REPRESENTATION_RELATIONSHIP('','',#40,#10) 
REPRESENTATION_RELATIONSHIP_WITH_TRANSFORMATION(#4949) 
SHAPE_REPRESENTATION_RELATIONSHIP() );
#4949 = ITEM_DEFINED_TRANSFORMATION('','',#11,#19);
#4950 = PRODUCT_DEFINITION_SHAPE('Placement','Placement of an item',
  #4951);
#4951 = NEXT_ASSEMBLY_USAGE_OCCURRENCE('3','J4','',#5,#35,$);
#4952 = SHAPE_DEFINITION_REPRESENTATION(#4953,#4959);
#4953 = PRODUCT_DEFINITION_SHAPE('','',#4954);
#4954 = PRODUCT_DEFINITION('design','',#4955,#4958);
#4955 = PRODUCT_DEFINITION_FORMATION('','',#4956);
#4956 = PRODUCT('rev3_PCB','rev3_PCB','',(#4957));
#4957 = PRODUCT_CONTEXT('',#2,'mechanical');
#4958 = PRODUCT_DEFINITION_CONTEXT('part definition',#2,'design');
#4959 = ADVANCED_BREP_SHAPE_REPRESENTATION('',(#11,#4960),#10078);
#4960 = MANIFOLD_SOLID_BREP('',#4961);
#4961 = CLOSED_SHELL('',(#4962,#5004,#5035,#5068,#5099,#5132,#5163,#5194
    ,#5225,#5258,#5289,#5322,#5353,#5386,#5417,#5450,#5481,#5512,#5545,
    #5576,#5609,#5640,#5673,#5704,#5737,#5768,#5801,#5832,#5863,#5894,
    #5925,#5958,#5989,#6022,#6053,#6086,#6117,#6150,#6181,#6212,#6243,
    #6276,#6307,#6340,#6371,#6404,#6426,#6468,#6499,#6530,#6561,#6594,
    #6627,#6658,#6689,#6722,#6753,#6784,#6815,#6846,#6877,#6908,#6939,
    #6972,#7003,#7036,#7067,#7100,#7131,#7164,#7195,#7228,#7259,#7292,
    #7323,#7354,#7385,#7416,#7447,#7478,#7509,#7542,#7573,#7604,#7637,
    #7670,#7701,#7732,#7763,#7796,#7818,#7860,#7891,#7924,#7946,#7988,
    #8019,#8052,#8074,#8116,#8147,#8180,#8202,#8244,#8275,#8308,#8330,
    #8372,#8403,#8436,#8458,#8500,#8531,#8564,#8586,#8628,#8659,#8690,
    #8721,#8754,#8785,#8818,#8849,#8882,#8913,#8946,#8977,#9008,#9039,
    #9072,#9103,#9134,#9156,#9198,#9229,#9260,#9291,#9324,#9355,#9388,
    #9419,#9452,#9483,#9516,#9547,#9578,#9609,#9642,#9673,#9704,#9726,
    #9902));
#4962 = ADVANCED_FACE('',(#4963),#4999,.T.);
#4963 = FACE_BOUND('',#4964,.T.);
#4964 = EDGE_LOOP('',(#4965,#4975,#4984,#4992));
#4965 = ORIENTED_EDGE('',*,*,#4966,.T.);
#4966 = EDGE_CURVE('',#4967,#4969,#4971,.T.);
#4967 = VERTEX_POINT('',#4968);
#4968 = CARTESIAN_POINT('',(324.085786,-32.014214,0.));
#4969 = VERTEX_POINT('',#4970);
#4970 = CARTESIAN_POINT('',(324.085786,-32.014214,1.6));
#4971 = LINE('',#4972,#4973);
#4972 = CARTESIAN_POINT('',(324.085786,-32.014214,0.));
#4973 = VECTOR('',#4974,1.);
#4974 = DIRECTION('',(0.,0.,1.));
#4975 = ORIENTED_EDGE('',*,*,#4976,.T.);
#4976 = EDGE_CURVE('',#4969,#4977,#4979,.T.);
#4977 = VERTEX_POINT('',#4978);
#4978 = CARTESIAN_POINT('',(325.085786,-33.014214,1.6));
#4979 = CIRCLE('',#4980,0.999999252925);
#4980 = AXIS2_PLACEMENT_3D('',#4981,#4982,#4983);
#4981 = CARTESIAN_POINT('',(324.08578674707,-33.01421325292,1.6));
#4982 = DIRECTION('',(0.,0.,-1.));
#4983 = DIRECTION('',(-7.470757065322E-07,1.,0.));
#4984 = ORIENTED_EDGE('',*,*,#4985,.F.);
#4985 = EDGE_CURVE('',#4986,#4977,#4988,.T.);
#4986 = VERTEX_POINT('',#4987);
#4987 = CARTESIAN_POINT('',(325.085786,-33.014214,0.));
#4988 = LINE('',#4989,#4990);
#4989 = CARTESIAN_POINT('',(325.085786,-33.014214,0.));
#4990 = VECTOR('',#4991,1.);
#4991 = DIRECTION('',(0.,0.,1.));
#4992 = ORIENTED_EDGE('',*,*,#4993,.F.);
#4993 = EDGE_CURVE('',#4967,#4986,#4994,.T.);
#4994 = CIRCLE('',#4995,0.999999252925);
#4995 = AXIS2_PLACEMENT_3D('',#4996,#4997,#4998);
#4996 = CARTESIAN_POINT('',(324.08578674707,-33.01421325292,0.));
#4997 = DIRECTION('',(0.,0.,-1.));
#4998 = DIRECTION('',(-7.470757065322E-07,1.,0.));
#4999 = CYLINDRICAL_SURFACE('',#5000,0.999999252925);
#5000 = AXIS2_PLACEMENT_3D('',#5001,#5002,#5003);
#5001 = CARTESIAN_POINT('',(324.08578674707,-33.01421325292,0.));
#5002 = DIRECTION('',(0.,0.,-1.));
#5003 = DIRECTION('',(-7.470757065322E-07,1.,0.));
#5004 = ADVANCED_FACE('',(#5005),#5030,.T.);
#5005 = FACE_BOUND('',#5006,.T.);
#5006 = EDGE_LOOP('',(#5007,#5008,#5016,#5024));
#5007 = ORIENTED_EDGE('',*,*,#4985,.T.);
#5008 = ORIENTED_EDGE('',*,*,#5009,.T.);
#5009 = EDGE_CURVE('',#4977,#5010,#5012,.T.);
#5010 = VERTEX_POINT('',#5011);
#5011 = CARTESIAN_POINT('',(325.085786,-36.014214,1.6));
#5012 = LINE('',#5013,#5014);
#5013 = CARTESIAN_POINT('',(325.085786,-33.014214,1.6));
#5014 = VECTOR('',#5015,1.);
#5015 = DIRECTION('',(0.,-1.,0.));
#5016 = ORIENTED_EDGE('',*,*,#5017,.F.);
#5017 = EDGE_CURVE('',#5018,#5010,#5020,.T.);
#5018 = VERTEX_POINT('',#5019);
#5019 = CARTESIAN_POINT('',(325.085786,-36.014214,0.));
#5020 = LINE('',#5021,#5022);
#5021 = CARTESIAN_POINT('',(325.085786,-36.014214,0.));
#5022 = VECTOR('',#5023,1.);
#5023 = DIRECTION('',(0.,0.,1.));
#5024 = ORIENTED_EDGE('',*,*,#5025,.F.);
#5025 = EDGE_CURVE('',#4986,#5018,#5026,.T.);
#5026 = LINE('',#5027,#5028);
#5027 = CARTESIAN_POINT('',(325.085786,-33.014214,0.));
#5028 = VECTOR('',#5029,1.);
#5029 = DIRECTION('',(0.,-1.,0.));
#5030 = PLANE('',#5031);
#5031 = AXIS2_PLACEMENT_3D('',#5032,#5033,#5034);
#5032 = CARTESIAN_POINT('',(325.085786,-33.014214,0.));
#5033 = DIRECTION('',(1.,0.,-0.));
#5034 = DIRECTION('',(0.,-1.,0.));
#5035 = ADVANCED_FACE('',(#5036),#5063,.T.);
#5036 = FACE_BOUND('',#5037,.T.);
#5037 = EDGE_LOOP('',(#5038,#5039,#5048,#5056));
#5038 = ORIENTED_EDGE('',*,*,#5017,.T.);
#5039 = ORIENTED_EDGE('',*,*,#5040,.T.);
#5040 = EDGE_CURVE('',#5010,#5041,#5043,.T.);
#5041 = VERTEX_POINT('',#5042);
#5042 = CARTESIAN_POINT('',(324.085786,-37.014214,1.6));
#5043 = CIRCLE('',#5044,0.999999252925);
#5044 = AXIS2_PLACEMENT_3D('',#5045,#5046,#5047);
#5045 = CARTESIAN_POINT('',(324.08578674707,-36.01421474707,1.6));
#5046 = DIRECTION('',(0.,0.,-1.));
#5047 = DIRECTION('',(1.,7.470757491647E-07,0.));
#5048 = ORIENTED_EDGE('',*,*,#5049,.F.);
#5049 = EDGE_CURVE('',#5050,#5041,#5052,.T.);
#5050 = VERTEX_POINT('',#5051);
#5051 = CARTESIAN_POINT('',(324.085786,-37.014214,0.));
#5052 = LINE('',#5053,#5054);
#5053 = CARTESIAN_POINT('',(324.085786,-37.014214,0.));
#5054 = VECTOR('',#5055,1.);
#5055 = DIRECTION('',(0.,0.,1.));
#5056 = ORIENTED_EDGE('',*,*,#5057,.F.);
#5057 = EDGE_CURVE('',#5018,#5050,#5058,.T.);
#5058 = CIRCLE('',#5059,0.999999252925);
#5059 = AXIS2_PLACEMENT_3D('',#5060,#5061,#5062);
#5060 = CARTESIAN_POINT('',(324.08578674707,-36.01421474707,0.));
#5061 = DIRECTION('',(0.,0.,-1.));
#5062 = DIRECTION('',(1.,7.470757491647E-07,0.));
#5063 = CYLINDRICAL_SURFACE('',#5064,0.999999252925);
#5064 = AXIS2_PLACEMENT_3D('',#5065,#5066,#5067);
#5065 = CARTESIAN_POINT('',(324.08578674707,-36.01421474707,0.));
#5066 = DIRECTION('',(0.,0.,-1.));
#5067 = DIRECTION('',(1.,7.470757491647E-07,0.));
#5068 = ADVANCED_FACE('',(#5069),#5094,.T.);
#5069 = FACE_BOUND('',#5070,.T.);
#5070 = EDGE_LOOP('',(#5071,#5072,#5080,#5088));
#5071 = ORIENTED_EDGE('',*,*,#5049,.T.);
#5072 = ORIENTED_EDGE('',*,*,#5073,.T.);
#5073 = EDGE_CURVE('',#5041,#5074,#5076,.T.);
#5074 = VERTEX_POINT('',#5075);
#5075 = CARTESIAN_POINT('',(283.085786,-37.014214,1.6));
#5076 = LINE('',#5077,#5078);
#5077 = CARTESIAN_POINT('',(324.085786,-37.014214,1.6));
#5078 = VECTOR('',#5079,1.);
#5079 = DIRECTION('',(-1.,0.,0.));
#5080 = ORIENTED_EDGE('',*,*,#5081,.F.);
#5081 = EDGE_CURVE('',#5082,#5074,#5084,.T.);
#5082 = VERTEX_POINT('',#5083);
#5083 = CARTESIAN_POINT('',(283.085786,-37.014214,0.));
#5084 = LINE('',#5085,#5086);
#5085 = CARTESIAN_POINT('',(283.085786,-37.014214,0.));
#5086 = VECTOR('',#5087,1.);
#5087 = DIRECTION('',(0.,0.,1.));
#5088 = ORIENTED_EDGE('',*,*,#5089,.F.);
#5089 = EDGE_CURVE('',#5050,#5082,#5090,.T.);
#5090 = LINE('',#5091,#5092);
#5091 = CARTESIAN_POINT('',(324.085786,-37.014214,0.));
#5092 = VECTOR('',#5093,1.);
#5093 = DIRECTION('',(-1.,0.,0.));
#5094 = PLANE('',#5095);
#5095 = AXIS2_PLACEMENT_3D('',#5096,#5097,#5098);
#5096 = CARTESIAN_POINT('',(324.085786,-37.014214,0.));
#5097 = DIRECTION('',(0.,-1.,0.));
#5098 = DIRECTION('',(-1.,0.,0.));
#5099 = ADVANCED_FACE('',(#5100),#5127,.F.);
#5100 = FACE_BOUND('',#5101,.T.);
#5101 = EDGE_LOOP('',(#5102,#5103,#5112,#5120));
#5102 = ORIENTED_EDGE('',*,*,#5081,.T.);
#5103 = ORIENTED_EDGE('',*,*,#5104,.T.);
#5104 = EDGE_CURVE('',#5074,#5105,#5107,.T.);
#5105 = VERTEX_POINT('',#5106);
#5106 = CARTESIAN_POINT('',(281.085786,-39.014214,1.6));
#5107 = CIRCLE('',#5108,1.99999850585);
#5108 = AXIS2_PLACEMENT_3D('',#5109,#5110,#5111);
#5109 = CARTESIAN_POINT('',(283.08578450585,-39.01421250585,1.6));
#5110 = DIRECTION('',(0.,0.,1.));
#5111 = DIRECTION('',(7.470757065321E-07,1.,-0.));
#5112 = ORIENTED_EDGE('',*,*,#5113,.F.);
#5113 = EDGE_CURVE('',#5114,#5105,#5116,.T.);
#5114 = VERTEX_POINT('',#5115);
#5115 = CARTESIAN_POINT('',(281.085786,-39.014214,0.));
#5116 = LINE('',#5117,#5118);
#5117 = CARTESIAN_POINT('',(281.085786,-39.014214,0.));
#5118 = VECTOR('',#5119,1.);
#5119 = DIRECTION('',(0.,0.,1.));
#5120 = ORIENTED_EDGE('',*,*,#5121,.F.);
#5121 = EDGE_CURVE('',#5082,#5114,#5122,.T.);
#5122 = CIRCLE('',#5123,1.99999850585);
#5123 = AXIS2_PLACEMENT_3D('',#5124,#5125,#5126);
#5124 = CARTESIAN_POINT('',(283.08578450585,-39.01421250585,0.));
#5125 = DIRECTION('',(0.,0.,1.));
#5126 = DIRECTION('',(7.470757065321E-07,1.,-0.));
#5127 = CYLINDRICAL_SURFACE('',#5128,1.99999850585);
#5128 = AXIS2_PLACEMENT_3D('',#5129,#5130,#5131);
#5129 = CARTESIAN_POINT('',(283.08578450585,-39.01421250585,0.));
#5130 = DIRECTION('',(-0.,-0.,-1.));
#5131 = DIRECTION('',(7.470757065321E-07,1.,-0.));
#5132 = ADVANCED_FACE('',(#5133),#5158,.T.);
#5133 = FACE_BOUND('',#5134,.T.);
#5134 = EDGE_LOOP('',(#5135,#5136,#5144,#5152));
#5135 = ORIENTED_EDGE('',*,*,#5113,.T.);
#5136 = ORIENTED_EDGE('',*,*,#5137,.T.);
#5137 = EDGE_CURVE('',#5105,#5138,#5140,.T.);
#5138 = VERTEX_POINT('',#5139);
#5139 = CARTESIAN_POINT('',(281.085786,-40.014214,1.6));
#5140 = LINE('',#5141,#5142);
#5141 = CARTESIAN_POINT('',(281.085786,-39.014214,1.6));
#5142 = VECTOR('',#5143,1.);
#5143 = DIRECTION('',(0.,-1.,0.));
#5144 = ORIENTED_EDGE('',*,*,#5145,.F.);
#5145 = EDGE_CURVE('',#5146,#5138,#5148,.T.);
#5146 = VERTEX_POINT('',#5147);
#5147 = CARTESIAN_POINT('',(281.085786,-40.014214,0.));
#5148 = LINE('',#5149,#5150);
#5149 = CARTESIAN_POINT('',(281.085786,-40.014214,0.));
#5150 = VECTOR('',#5151,1.);
#5151 = DIRECTION('',(0.,0.,1.));
#5152 = ORIENTED_EDGE('',*,*,#5153,.F.);
#5153 = EDGE_CURVE('',#5114,#5146,#5154,.T.);
#5154 = LINE('',#5155,#5156);
#5155 = CARTESIAN_POINT('',(281.085786,-39.014214,0.));
#5156 = VECTOR('',#5157,1.);
#5157 = DIRECTION('',(0.,-1.,0.));
#5158 = PLANE('',#5159);
#5159 = AXIS2_PLACEMENT_3D('',#5160,#5161,#5162);
#5160 = CARTESIAN_POINT('',(281.085786,-39.014214,0.));
#5161 = DIRECTION('',(1.,0.,-0.));
#5162 = DIRECTION('',(0.,-1.,0.));
#5163 = ADVANCED_FACE('',(#5164),#5189,.T.);
#5164 = FACE_BOUND('',#5165,.T.);
#5165 = EDGE_LOOP('',(#5166,#5167,#5175,#5183));
#5166 = ORIENTED_EDGE('',*,*,#5145,.T.);
#5167 = ORIENTED_EDGE('',*,*,#5168,.T.);
#5168 = EDGE_CURVE('',#5138,#5169,#5171,.T.);
#5169 = VERTEX_POINT('',#5170);
#5170 = CARTESIAN_POINT('',(281.085786,-42.,1.6));
#5171 = LINE('',#5172,#5173);
#5172 = CARTESIAN_POINT('',(281.085786,-40.014214,1.6));
#5173 = VECTOR('',#5174,1.);
#5174 = DIRECTION('',(0.,-1.,0.));
#5175 = ORIENTED_EDGE('',*,*,#5176,.F.);
#5176 = EDGE_CURVE('',#5177,#5169,#5179,.T.);
#5177 = VERTEX_POINT('',#5178);
#5178 = CARTESIAN_POINT('',(281.085786,-42.,0.));
#5179 = LINE('',#5180,#5181);
#5180 = CARTESIAN_POINT('',(281.085786,-42.,0.));
#5181 = VECTOR('',#5182,1.);
#5182 = DIRECTION('',(0.,0.,1.));
#5183 = ORIENTED_EDGE('',*,*,#5184,.F.);
#5184 = EDGE_CURVE('',#5146,#5177,#5185,.T.);
#5185 = LINE('',#5186,#5187);
#5186 = CARTESIAN_POINT('',(281.085786,-40.014214,0.));
#5187 = VECTOR('',#5188,1.);
#5188 = DIRECTION('',(0.,-1.,0.));
#5189 = PLANE('',#5190);
#5190 = AXIS2_PLACEMENT_3D('',#5191,#5192,#5193);
#5191 = CARTESIAN_POINT('',(281.085786,-40.014214,0.));
#5192 = DIRECTION('',(1.,0.,-0.));
#5193 = DIRECTION('',(0.,-1.,0.));
#5194 = ADVANCED_FACE('',(#5195),#5220,.T.);
#5195 = FACE_BOUND('',#5196,.T.);
#5196 = EDGE_LOOP('',(#5197,#5198,#5206,#5214));
#5197 = ORIENTED_EDGE('',*,*,#5176,.T.);
#5198 = ORIENTED_EDGE('',*,*,#5199,.T.);
#5199 = EDGE_CURVE('',#5169,#5200,#5202,.T.);
#5200 = VERTEX_POINT('',#5201);
#5201 = CARTESIAN_POINT('',(286.,-42.,1.6));
#5202 = LINE('',#5203,#5204);
#5203 = CARTESIAN_POINT('',(281.085786,-42.,1.6));
#5204 = VECTOR('',#5205,1.);
#5205 = DIRECTION('',(1.,0.,0.));
#5206 = ORIENTED_EDGE('',*,*,#5207,.F.);
#5207 = EDGE_CURVE('',#5208,#5200,#5210,.T.);
#5208 = VERTEX_POINT('',#5209);
#5209 = CARTESIAN_POINT('',(286.,-42.,0.));
#5210 = LINE('',#5211,#5212);
#5211 = CARTESIAN_POINT('',(286.,-42.,0.));
#5212 = VECTOR('',#5213,1.);
#5213 = DIRECTION('',(0.,0.,1.));
#5214 = ORIENTED_EDGE('',*,*,#5215,.F.);
#5215 = EDGE_CURVE('',#5177,#5208,#5216,.T.);
#5216 = LINE('',#5217,#5218);
#5217 = CARTESIAN_POINT('',(281.085786,-42.,0.));
#5218 = VECTOR('',#5219,1.);
#5219 = DIRECTION('',(1.,0.,0.));
#5220 = PLANE('',#5221);
#5221 = AXIS2_PLACEMENT_3D('',#5222,#5223,#5224);
#5222 = CARTESIAN_POINT('',(281.085786,-42.,0.));
#5223 = DIRECTION('',(0.,1.,0.));
#5224 = DIRECTION('',(1.,0.,0.));
#5225 = ADVANCED_FACE('',(#5226),#5253,.T.);
#5226 = FACE_BOUND('',#5227,.T.);
#5227 = EDGE_LOOP('',(#5228,#5229,#5238,#5246));
#5228 = ORIENTED_EDGE('',*,*,#5207,.T.);
#5229 = ORIENTED_EDGE('',*,*,#5230,.T.);
#5230 = EDGE_CURVE('',#5200,#5231,#5233,.T.);
#5231 = VERTEX_POINT('',#5232);
#5232 = CARTESIAN_POINT('',(287.,-43.,1.6));
#5233 = CIRCLE('',#5234,0.999999252925);
#5234 = AXIS2_PLACEMENT_3D('',#5235,#5236,#5237);
#5235 = CARTESIAN_POINT('',(286.00000074707,-42.99999925292,1.6));
#5236 = DIRECTION('',(0.,0.,-1.));
#5237 = DIRECTION('',(-7.470757065322E-07,1.,0.));
#5238 = ORIENTED_EDGE('',*,*,#5239,.F.);
#5239 = EDGE_CURVE('',#5240,#5231,#5242,.T.);
#5240 = VERTEX_POINT('',#5241);
#5241 = CARTESIAN_POINT('',(287.,-43.,0.));
#5242 = LINE('',#5243,#5244);
#5243 = CARTESIAN_POINT('',(287.,-43.,0.));
#5244 = VECTOR('',#5245,1.);
#5245 = DIRECTION('',(0.,0.,1.));
#5246 = ORIENTED_EDGE('',*,*,#5247,.F.);
#5247 = EDGE_CURVE('',#5208,#5240,#5248,.T.);
#5248 = CIRCLE('',#5249,0.999999252925);
#5249 = AXIS2_PLACEMENT_3D('',#5250,#5251,#5252);
#5250 = CARTESIAN_POINT('',(286.00000074707,-42.99999925292,0.));
#5251 = DIRECTION('',(0.,0.,-1.));
#5252 = DIRECTION('',(-7.470757065322E-07,1.,0.));
#5253 = CYLINDRICAL_SURFACE('',#5254,0.999999252925);
#5254 = AXIS2_PLACEMENT_3D('',#5255,#5256,#5257);
#5255 = CARTESIAN_POINT('',(286.00000074707,-42.99999925292,0.));
#5256 = DIRECTION('',(0.,0.,-1.));
#5257 = DIRECTION('',(-7.470757065322E-07,1.,0.));
#5258 = ADVANCED_FACE('',(#5259),#5284,.T.);
#5259 = FACE_BOUND('',#5260,.T.);
#5260 = EDGE_LOOP('',(#5261,#5262,#5270,#5278));
#5261 = ORIENTED_EDGE('',*,*,#5239,.T.);
#5262 = ORIENTED_EDGE('',*,*,#5263,.T.);
#5263 = EDGE_CURVE('',#5231,#5264,#5266,.T.);
#5264 = VERTEX_POINT('',#5265);
#5265 = CARTESIAN_POINT('',(287.,-49.,1.6));
#5266 = LINE('',#5267,#5268);
#5267 = CARTESIAN_POINT('',(287.,-43.,1.6));
#5268 = VECTOR('',#5269,1.);
#5269 = DIRECTION('',(0.,-1.,0.));
#5270 = ORIENTED_EDGE('',*,*,#5271,.F.);
#5271 = EDGE_CURVE('',#5272,#5264,#5274,.T.);
#5272 = VERTEX_POINT('',#5273);
#5273 = CARTESIAN_POINT('',(287.,-49.,0.));
#5274 = LINE('',#5275,#5276);
#5275 = CARTESIAN_POINT('',(287.,-49.,0.));
#5276 = VECTOR('',#5277,1.);
#5277 = DIRECTION('',(0.,0.,1.));
#5278 = ORIENTED_EDGE('',*,*,#5279,.F.);
#5279 = EDGE_CURVE('',#5240,#5272,#5280,.T.);
#5280 = LINE('',#5281,#5282);
#5281 = CARTESIAN_POINT('',(287.,-43.,0.));
#5282 = VECTOR('',#5283,1.);
#5283 = DIRECTION('',(0.,-1.,0.));
#5284 = PLANE('',#5285);
#5285 = AXIS2_PLACEMENT_3D('',#5286,#5287,#5288);
#5286 = CARTESIAN_POINT('',(287.,-43.,0.));
#5287 = DIRECTION('',(1.,0.,-0.));
#5288 = DIRECTION('',(0.,-1.,0.));
#5289 = ADVANCED_FACE('',(#5290),#5317,.F.);
#5290 = FACE_BOUND('',#5291,.T.);
#5291 = EDGE_LOOP('',(#5292,#5293,#5302,#5310));
#5292 = ORIENTED_EDGE('',*,*,#5271,.T.);
#5293 = ORIENTED_EDGE('',*,*,#5294,.T.);
#5294 = EDGE_CURVE('',#5264,#5295,#5297,.T.);
#5295 = VERTEX_POINT('',#5296);
#5296 = CARTESIAN_POINT('',(288.,-50.,1.6));
#5297 = CIRCLE('',#5298,0.999999252925);
#5298 = AXIS2_PLACEMENT_3D('',#5299,#5300,#5301);
#5299 = CARTESIAN_POINT('',(287.99999925292,-49.00000074707,1.6));
#5300 = DIRECTION('',(0.,0.,1.));
#5301 = DIRECTION('',(-1.,7.470757562702E-07,0.));
#5302 = ORIENTED_EDGE('',*,*,#5303,.F.);
#5303 = EDGE_CURVE('',#5304,#5295,#5306,.T.);
#5304 = VERTEX_POINT('',#5305);
#5305 = CARTESIAN_POINT('',(288.,-50.,0.));
#5306 = LINE('',#5307,#5308);
#5307 = CARTESIAN_POINT('',(288.,-50.,0.));
#5308 = VECTOR('',#5309,1.);
#5309 = DIRECTION('',(0.,0.,1.));
#5310 = ORIENTED_EDGE('',*,*,#5311,.F.);
#5311 = EDGE_CURVE('',#5272,#5304,#5312,.T.);
#5312 = CIRCLE('',#5313,0.999999252925);
#5313 = AXIS2_PLACEMENT_3D('',#5314,#5315,#5316);
#5314 = CARTESIAN_POINT('',(287.99999925292,-49.00000074707,0.));
#5315 = DIRECTION('',(0.,0.,1.));
#5316 = DIRECTION('',(-1.,7.470757562702E-07,0.));
#5317 = CYLINDRICAL_SURFACE('',#5318,0.999999252925);
#5318 = AXIS2_PLACEMENT_3D('',#5319,#5320,#5321);
#5319 = CARTESIAN_POINT('',(287.99999925292,-49.00000074707,0.));
#5320 = DIRECTION('',(-0.,-0.,-1.));
#5321 = DIRECTION('',(-1.,7.470757562702E-07,0.));
#5322 = ADVANCED_FACE('',(#5323),#5348,.T.);
#5323 = FACE_BOUND('',#5324,.T.);
#5324 = EDGE_LOOP('',(#5325,#5326,#5334,#5342));
#5325 = ORIENTED_EDGE('',*,*,#5303,.T.);
#5326 = ORIENTED_EDGE('',*,*,#5327,.T.);
#5327 = EDGE_CURVE('',#5295,#5328,#5330,.T.);
#5328 = VERTEX_POINT('',#5329);
#5329 = CARTESIAN_POINT('',(324.,-50.,1.6));
#5330 = LINE('',#5331,#5332);
#5331 = CARTESIAN_POINT('',(288.,-50.,1.6));
#5332 = VECTOR('',#5333,1.);
#5333 = DIRECTION('',(1.,0.,0.));
#5334 = ORIENTED_EDGE('',*,*,#5335,.F.);
#5335 = EDGE_CURVE('',#5336,#5328,#5338,.T.);
#5336 = VERTEX_POINT('',#5337);
#5337 = CARTESIAN_POINT('',(324.,-50.,0.));
#5338 = LINE('',#5339,#5340);
#5339 = CARTESIAN_POINT('',(324.,-50.,0.));
#5340 = VECTOR('',#5341,1.);
#5341 = DIRECTION('',(0.,0.,1.));
#5342 = ORIENTED_EDGE('',*,*,#5343,.F.);
#5343 = EDGE_CURVE('',#5304,#5336,#5344,.T.);
#5344 = LINE('',#5345,#5346);
#5345 = CARTESIAN_POINT('',(288.,-50.,0.));
#5346 = VECTOR('',#5347,1.);
#5347 = DIRECTION('',(1.,0.,0.));
#5348 = PLANE('',#5349);
#5349 = AXIS2_PLACEMENT_3D('',#5350,#5351,#5352);
#5350 = CARTESIAN_POINT('',(288.,-50.,0.));
#5351 = DIRECTION('',(0.,1.,0.));
#5352 = DIRECTION('',(1.,0.,0.));
#5353 = ADVANCED_FACE('',(#5354),#5381,.T.);
#5354 = FACE_BOUND('',#5355,.T.);
#5355 = EDGE_LOOP('',(#5356,#5357,#5366,#5374));
#5356 = ORIENTED_EDGE('',*,*,#5335,.T.);
#5357 = ORIENTED_EDGE('',*,*,#5358,.T.);
#5358 = EDGE_CURVE('',#5328,#5359,#5361,.T.);
#5359 = VERTEX_POINT('',#5360);
#5360 = CARTESIAN_POINT('',(325.,-51.,1.6));
#5361 = CIRCLE('',#5362,0.999999252925);
#5362 = AXIS2_PLACEMENT_3D('',#5363,#5364,#5365);
#5363 = CARTESIAN_POINT('',(324.00000074707,-50.99999925292,1.6));
#5364 = DIRECTION('',(0.,0.,-1.));
#5365 = DIRECTION('',(-7.470757065322E-07,1.,0.));
#5366 = ORIENTED_EDGE('',*,*,#5367,.F.);
#5367 = EDGE_CURVE('',#5368,#5359,#5370,.T.);
#5368 = VERTEX_POINT('',#5369);
#5369 = CARTESIAN_POINT('',(325.,-51.,0.));
#5370 = LINE('',#5371,#5372);
#5371 = CARTESIAN_POINT('',(325.,-51.,0.));
#5372 = VECTOR('',#5373,1.);
#5373 = DIRECTION('',(0.,0.,1.));
#5374 = ORIENTED_EDGE('',*,*,#5375,.F.);
#5375 = EDGE_CURVE('',#5336,#5368,#5376,.T.);
#5376 = CIRCLE('',#5377,0.999999252925);
#5377 = AXIS2_PLACEMENT_3D('',#5378,#5379,#5380);
#5378 = CARTESIAN_POINT('',(324.00000074707,-50.99999925292,0.));
#5379 = DIRECTION('',(0.,0.,-1.));
#5380 = DIRECTION('',(-7.470757065322E-07,1.,0.));
#5381 = CYLINDRICAL_SURFACE('',#5382,0.999999252925);
#5382 = AXIS2_PLACEMENT_3D('',#5383,#5384,#5385);
#5383 = CARTESIAN_POINT('',(324.00000074707,-50.99999925292,0.));
#5384 = DIRECTION('',(0.,0.,-1.));
#5385 = DIRECTION('',(-7.470757065322E-07,1.,0.));
#5386 = ADVANCED_FACE('',(#5387),#5412,.T.);
#5387 = FACE_BOUND('',#5388,.T.);
#5388 = EDGE_LOOP('',(#5389,#5390,#5398,#5406));
#5389 = ORIENTED_EDGE('',*,*,#5367,.T.);
#5390 = ORIENTED_EDGE('',*,*,#5391,.T.);
#5391 = EDGE_CURVE('',#5359,#5392,#5394,.T.);
#5392 = VERTEX_POINT('',#5393);
#5393 = CARTESIAN_POINT('',(325.,-106.,1.6));
#5394 = LINE('',#5395,#5396);
#5395 = CARTESIAN_POINT('',(325.,-51.,1.6));
#5396 = VECTOR('',#5397,1.);
#5397 = DIRECTION('',(0.,-1.,0.));
#5398 = ORIENTED_EDGE('',*,*,#5399,.F.);
#5399 = EDGE_CURVE('',#5400,#5392,#5402,.T.);
#5400 = VERTEX_POINT('',#5401);
#5401 = CARTESIAN_POINT('',(325.,-106.,0.));
#5402 = LINE('',#5403,#5404);
#5403 = CARTESIAN_POINT('',(325.,-106.,0.));
#5404 = VECTOR('',#5405,1.);
#5405 = DIRECTION('',(0.,0.,1.));
#5406 = ORIENTED_EDGE('',*,*,#5407,.F.);
#5407 = EDGE_CURVE('',#5368,#5400,#5408,.T.);
#5408 = LINE('',#5409,#5410);
#5409 = CARTESIAN_POINT('',(325.,-51.,0.));
#5410 = VECTOR('',#5411,1.);
#5411 = DIRECTION('',(0.,-1.,0.));
#5412 = PLANE('',#5413);
#5413 = AXIS2_PLACEMENT_3D('',#5414,#5415,#5416);
#5414 = CARTESIAN_POINT('',(325.,-51.,0.));
#5415 = DIRECTION('',(1.,0.,-0.));
#5416 = DIRECTION('',(0.,-1.,0.));
#5417 = ADVANCED_FACE('',(#5418),#5445,.T.);
#5418 = FACE_BOUND('',#5419,.T.);
#5419 = EDGE_LOOP('',(#5420,#5421,#5430,#5438));
#5420 = ORIENTED_EDGE('',*,*,#5399,.T.);
#5421 = ORIENTED_EDGE('',*,*,#5422,.T.);
#5422 = EDGE_CURVE('',#5392,#5423,#5425,.T.);
#5423 = VERTEX_POINT('',#5424);
#5424 = CARTESIAN_POINT('',(324.,-107.,1.6));
#5425 = CIRCLE('',#5426,0.999999252925);
#5426 = AXIS2_PLACEMENT_3D('',#5427,#5428,#5429);
#5427 = CARTESIAN_POINT('',(324.00000074707,-106.000000747,1.6));
#5428 = DIRECTION('',(0.,0.,-1.));
#5429 = DIRECTION('',(1.,7.470757491647E-07,0.));
#5430 = ORIENTED_EDGE('',*,*,#5431,.F.);
#5431 = EDGE_CURVE('',#5432,#5423,#5434,.T.);
#5432 = VERTEX_POINT('',#5433);
#5433 = CARTESIAN_POINT('',(324.,-107.,0.));
#5434 = LINE('',#5435,#5436);
#5435 = CARTESIAN_POINT('',(324.,-107.,0.));
#5436 = VECTOR('',#5437,1.);
#5437 = DIRECTION('',(0.,0.,1.));
#5438 = ORIENTED_EDGE('',*,*,#5439,.F.);
#5439 = EDGE_CURVE('',#5400,#5432,#5440,.T.);
#5440 = CIRCLE('',#5441,0.999999252925);
#5441 = AXIS2_PLACEMENT_3D('',#5442,#5443,#5444);
#5442 = CARTESIAN_POINT('',(324.00000074707,-106.000000747,0.));
#5443 = DIRECTION('',(0.,0.,-1.));
#5444 = DIRECTION('',(1.,7.470757491647E-07,0.));
#5445 = CYLINDRICAL_SURFACE('',#5446,0.999999252925);
#5446 = AXIS2_PLACEMENT_3D('',#5447,#5448,#5449);
#5447 = CARTESIAN_POINT('',(324.00000074707,-106.000000747,0.));
#5448 = DIRECTION('',(0.,0.,-1.));
#5449 = DIRECTION('',(1.,7.470757491647E-07,0.));
#5450 = ADVANCED_FACE('',(#5451),#5476,.T.);
#5451 = FACE_BOUND('',#5452,.T.);
#5452 = EDGE_LOOP('',(#5453,#5454,#5462,#5470));
#5453 = ORIENTED_EDGE('',*,*,#5431,.T.);
#5454 = ORIENTED_EDGE('',*,*,#5455,.T.);
#5455 = EDGE_CURVE('',#5423,#5456,#5458,.T.);
#5456 = VERTEX_POINT('',#5457);
#5457 = CARTESIAN_POINT('',(282.000014,-107.,1.6));
#5458 = LINE('',#5459,#5460);
#5459 = CARTESIAN_POINT('',(324.,-107.,1.6));
#5460 = VECTOR('',#5461,1.);
#5461 = DIRECTION('',(-1.,0.,0.));
#5462 = ORIENTED_EDGE('',*,*,#5463,.F.);
#5463 = EDGE_CURVE('',#5464,#5456,#5466,.T.);
#5464 = VERTEX_POINT('',#5465);
#5465 = CARTESIAN_POINT('',(282.000014,-107.,0.));
#5466 = LINE('',#5467,#5468);
#5467 = CARTESIAN_POINT('',(282.000014,-107.,0.));
#5468 = VECTOR('',#5469,1.);
#5469 = DIRECTION('',(0.,0.,1.));
#5470 = ORIENTED_EDGE('',*,*,#5471,.F.);
#5471 = EDGE_CURVE('',#5432,#5464,#5472,.T.);
#5472 = LINE('',#5473,#5474);
#5473 = CARTESIAN_POINT('',(324.,-107.,0.));
#5474 = VECTOR('',#5475,1.);
#5475 = DIRECTION('',(-1.,0.,0.));
#5476 = PLANE('',#5477);
#5477 = AXIS2_PLACEMENT_3D('',#5478,#5479,#5480);
#5478 = CARTESIAN_POINT('',(324.,-107.,0.));
#5479 = DIRECTION('',(0.,-1.,0.));
#5480 = DIRECTION('',(-1.,0.,0.));
#5481 = ADVANCED_FACE('',(#5482),#5507,.T.);
#5482 = FACE_BOUND('',#5483,.T.);
#5483 = EDGE_LOOP('',(#5484,#5485,#5493,#5501));
#5484 = ORIENTED_EDGE('',*,*,#5463,.T.);
#5485 = ORIENTED_EDGE('',*,*,#5486,.T.);
#5486 = EDGE_CURVE('',#5456,#5487,#5489,.T.);
#5487 = VERTEX_POINT('',#5488);
#5488 = CARTESIAN_POINT('',(282.,-112.999986,1.6));
#5489 = LINE('',#5490,#5491);
#5490 = CARTESIAN_POINT('',(282.000014,-107.,1.6));
#5491 = VECTOR('',#5492,1.);
#5492 = DIRECTION('',(-2.333338781367E-06,-0.999999999997,0.));
#5493 = ORIENTED_EDGE('',*,*,#5494,.F.);
#5494 = EDGE_CURVE('',#5495,#5487,#5497,.T.);
#5495 = VERTEX_POINT('',#5496);
#5496 = CARTESIAN_POINT('',(282.,-112.999986,0.));
#5497 = LINE('',#5498,#5499);
#5498 = CARTESIAN_POINT('',(282.,-112.999986,0.));
#5499 = VECTOR('',#5500,1.);
#5500 = DIRECTION('',(0.,0.,1.));
#5501 = ORIENTED_EDGE('',*,*,#5502,.F.);
#5502 = EDGE_CURVE('',#5464,#5495,#5503,.T.);
#5503 = LINE('',#5504,#5505);
#5504 = CARTESIAN_POINT('',(282.000014,-107.,0.));
#5505 = VECTOR('',#5506,1.);
#5506 = DIRECTION('',(-2.333338781367E-06,-0.999999999997,0.));
#5507 = PLANE('',#5508);
#5508 = AXIS2_PLACEMENT_3D('',#5509,#5510,#5511);
#5509 = CARTESIAN_POINT('',(282.000014,-107.,0.));
#5510 = DIRECTION('',(0.999999999997,-2.333338781367E-06,0.));
#5511 = DIRECTION('',(-2.333338781367E-06,-0.999999999997,0.));
#5512 = ADVANCED_FACE('',(#5513),#5540,.F.);
#5513 = FACE_BOUND('',#5514,.T.);
#5514 = EDGE_LOOP('',(#5515,#5516,#5525,#5533));
#5515 = ORIENTED_EDGE('',*,*,#5494,.T.);
#5516 = ORIENTED_EDGE('',*,*,#5517,.T.);
#5517 = EDGE_CURVE('',#5487,#5518,#5520,.T.);
#5518 = VERTEX_POINT('',#5519);
#5519 = CARTESIAN_POINT('',(284.,-114.999986,1.6));
#5520 = CIRCLE('',#5521,1.999964364797);
#5521 = AXIS2_PLACEMENT_3D('',#5522,#5523,#5524);
#5522 = CARTESIAN_POINT('',(283.99996436447,-113.0000216355,1.6));
#5523 = DIRECTION('',(0.,0.,1.));
#5524 = DIRECTION('',(-0.999999999841,1.781807789806E-05,0.));
#5525 = ORIENTED_EDGE('',*,*,#5526,.F.);
#5526 = EDGE_CURVE('',#5527,#5518,#5529,.T.);
#5527 = VERTEX_POINT('',#5528);
#5528 = CARTESIAN_POINT('',(284.,-114.999986,0.));
#5529 = LINE('',#5530,#5531);
#5530 = CARTESIAN_POINT('',(284.,-114.999986,0.));
#5531 = VECTOR('',#5532,1.);
#5532 = DIRECTION('',(0.,0.,1.));
#5533 = ORIENTED_EDGE('',*,*,#5534,.F.);
#5534 = EDGE_CURVE('',#5495,#5527,#5535,.T.);
#5535 = CIRCLE('',#5536,1.999964364797);
#5536 = AXIS2_PLACEMENT_3D('',#5537,#5538,#5539);
#5537 = CARTESIAN_POINT('',(283.99996436447,-113.0000216355,0.));
#5538 = DIRECTION('',(0.,0.,1.));
#5539 = DIRECTION('',(-0.999999999841,1.781807789806E-05,0.));
#5540 = CYLINDRICAL_SURFACE('',#5541,1.999964364797);
#5541 = AXIS2_PLACEMENT_3D('',#5542,#5543,#5544);
#5542 = CARTESIAN_POINT('',(283.99996436447,-113.0000216355,0.));
#5543 = DIRECTION('',(-0.,-0.,-1.));
#5544 = DIRECTION('',(-0.999999999841,1.781807789806E-05,0.));
#5545 = ADVANCED_FACE('',(#5546),#5571,.T.);
#5546 = FACE_BOUND('',#5547,.T.);
#5547 = EDGE_LOOP('',(#5548,#5549,#5557,#5565));
#5548 = ORIENTED_EDGE('',*,*,#5526,.T.);
#5549 = ORIENTED_EDGE('',*,*,#5550,.T.);
#5550 = EDGE_CURVE('',#5518,#5551,#5553,.T.);
#5551 = VERTEX_POINT('',#5552);
#5552 = CARTESIAN_POINT('',(323.,-114.999986,1.6));
#5553 = LINE('',#5554,#5555);
#5554 = CARTESIAN_POINT('',(284.,-114.999986,1.6));
#5555 = VECTOR('',#5556,1.);
#5556 = DIRECTION('',(1.,0.,0.));
#5557 = ORIENTED_EDGE('',*,*,#5558,.F.);
#5558 = EDGE_CURVE('',#5559,#5551,#5561,.T.);
#5559 = VERTEX_POINT('',#5560);
#5560 = CARTESIAN_POINT('',(323.,-114.999986,0.));
#5561 = LINE('',#5562,#5563);
#5562 = CARTESIAN_POINT('',(323.,-114.999986,0.));
#5563 = VECTOR('',#5564,1.);
#5564 = DIRECTION('',(0.,0.,1.));
#5565 = ORIENTED_EDGE('',*,*,#5566,.F.);
#5566 = EDGE_CURVE('',#5527,#5559,#5567,.T.);
#5567 = LINE('',#5568,#5569);
#5568 = CARTESIAN_POINT('',(284.,-114.999986,0.));
#5569 = VECTOR('',#5570,1.);
#5570 = DIRECTION('',(1.,0.,0.));
#5571 = PLANE('',#5572);
#5572 = AXIS2_PLACEMENT_3D('',#5573,#5574,#5575);
#5573 = CARTESIAN_POINT('',(284.,-114.999986,0.));
#5574 = DIRECTION('',(0.,1.,0.));
#5575 = DIRECTION('',(1.,0.,0.));
#5576 = ADVANCED_FACE('',(#5577),#5604,.T.);
#5577 = FACE_BOUND('',#5578,.T.);
#5578 = EDGE_LOOP('',(#5579,#5580,#5589,#5597));
#5579 = ORIENTED_EDGE('',*,*,#5558,.T.);
#5580 = ORIENTED_EDGE('',*,*,#5581,.T.);
#5581 = EDGE_CURVE('',#5551,#5582,#5584,.T.);
#5582 = VERTEX_POINT('',#5583);
#5583 = CARTESIAN_POINT('',(324.,-115.999986,1.6));
#5584 = CIRCLE('',#5585,1.000033396964);
#5585 = AXIS2_PLACEMENT_3D('',#5586,#5587,#5588);
#5586 = CARTESIAN_POINT('',(322.99996660359,-116.0000193964,1.6));
#5587 = DIRECTION('',(0.,0.,-1.));
#5588 = DIRECTION('',(3.339529078015E-05,0.999999999442,0.));
#5589 = ORIENTED_EDGE('',*,*,#5590,.F.);
#5590 = EDGE_CURVE('',#5591,#5582,#5593,.T.);
#5591 = VERTEX_POINT('',#5592);
#5592 = CARTESIAN_POINT('',(324.,-115.999986,0.));
#5593 = LINE('',#5594,#5595);
#5594 = CARTESIAN_POINT('',(324.,-115.999986,0.));
#5595 = VECTOR('',#5596,1.);
#5596 = DIRECTION('',(0.,0.,1.));
#5597 = ORIENTED_EDGE('',*,*,#5598,.F.);
#5598 = EDGE_CURVE('',#5559,#5591,#5599,.T.);
#5599 = CIRCLE('',#5600,1.000033396964);
#5600 = AXIS2_PLACEMENT_3D('',#5601,#5602,#5603);
#5601 = CARTESIAN_POINT('',(322.99996660359,-116.0000193964,0.));
#5602 = DIRECTION('',(0.,0.,-1.));
#5603 = DIRECTION('',(3.339529078015E-05,0.999999999442,0.));
#5604 = CYLINDRICAL_SURFACE('',#5605,1.000033396964);
#5605 = AXIS2_PLACEMENT_3D('',#5606,#5607,#5608);
#5606 = CARTESIAN_POINT('',(322.99996660359,-116.0000193964,0.));
#5607 = DIRECTION('',(0.,0.,-1.));
#5608 = DIRECTION('',(3.339529078015E-05,0.999999999442,0.));
#5609 = ADVANCED_FACE('',(#5610),#5635,.T.);
#5610 = FACE_BOUND('',#5611,.T.);
#5611 = EDGE_LOOP('',(#5612,#5613,#5621,#5629));
#5612 = ORIENTED_EDGE('',*,*,#5590,.T.);
#5613 = ORIENTED_EDGE('',*,*,#5614,.T.);
#5614 = EDGE_CURVE('',#5582,#5615,#5617,.T.);
#5615 = VERTEX_POINT('',#5616);
#5616 = CARTESIAN_POINT('',(324.,-143.999986,1.6));
#5617 = LINE('',#5618,#5619);
#5618 = CARTESIAN_POINT('',(324.,-115.999986,1.6));
#5619 = VECTOR('',#5620,1.);
#5620 = DIRECTION('',(0.,-1.,0.));
#5621 = ORIENTED_EDGE('',*,*,#5622,.F.);
#5622 = EDGE_CURVE('',#5623,#5615,#5625,.T.);
#5623 = VERTEX_POINT('',#5624);
#5624 = CARTESIAN_POINT('',(324.,-143.999986,0.));
#5625 = LINE('',#5626,#5627);
#5626 = CARTESIAN_POINT('',(324.,-143.999986,0.));
#5627 = VECTOR('',#5628,1.);
#5628 = DIRECTION('',(0.,0.,1.));
#5629 = ORIENTED_EDGE('',*,*,#5630,.F.);
#5630 = EDGE_CURVE('',#5591,#5623,#5631,.T.);
#5631 = LINE('',#5632,#5633);
#5632 = CARTESIAN_POINT('',(324.,-115.999986,0.));
#5633 = VECTOR('',#5634,1.);
#5634 = DIRECTION('',(0.,-1.,0.));
#5635 = PLANE('',#5636);
#5636 = AXIS2_PLACEMENT_3D('',#5637,#5638,#5639);
#5637 = CARTESIAN_POINT('',(324.,-115.999986,0.));
#5638 = DIRECTION('',(1.,0.,-0.));
#5639 = DIRECTION('',(0.,-1.,0.));
#5640 = ADVANCED_FACE('',(#5641),#5668,.T.);
#5641 = FACE_BOUND('',#5642,.T.);
#5642 = EDGE_LOOP('',(#5643,#5644,#5653,#5661));
#5643 = ORIENTED_EDGE('',*,*,#5622,.T.);
#5644 = ORIENTED_EDGE('',*,*,#5645,.T.);
#5645 = EDGE_CURVE('',#5615,#5646,#5648,.T.);
#5646 = VERTEX_POINT('',#5647);
#5647 = CARTESIAN_POINT('',(323.,-144.999986,1.6));
#5648 = CIRCLE('',#5649,0.999985596424);
#5649 = AXIS2_PLACEMENT_3D('',#5650,#5651,#5652);
#5650 = CARTESIAN_POINT('',(323.00001440368,-144.0000004036,1.6));
#5651 = DIRECTION('',(0.,0.,-1.));
#5652 = DIRECTION('',(0.999999999896,1.440388713869E-05,0.));
#5653 = ORIENTED_EDGE('',*,*,#5654,.F.);
#5654 = EDGE_CURVE('',#5655,#5646,#5657,.T.);
#5655 = VERTEX_POINT('',#5656);
#5656 = CARTESIAN_POINT('',(323.,-144.999986,0.));
#5657 = LINE('',#5658,#5659);
#5658 = CARTESIAN_POINT('',(323.,-144.999986,0.));
#5659 = VECTOR('',#5660,1.);
#5660 = DIRECTION('',(0.,0.,1.));
#5661 = ORIENTED_EDGE('',*,*,#5662,.F.);
#5662 = EDGE_CURVE('',#5623,#5655,#5663,.T.);
#5663 = CIRCLE('',#5664,0.999985596424);
#5664 = AXIS2_PLACEMENT_3D('',#5665,#5666,#5667);
#5665 = CARTESIAN_POINT('',(323.00001440368,-144.0000004036,0.));
#5666 = DIRECTION('',(0.,0.,-1.));
#5667 = DIRECTION('',(0.999999999896,1.440388713869E-05,0.));
#5668 = CYLINDRICAL_SURFACE('',#5669,0.999985596424);
#5669 = AXIS2_PLACEMENT_3D('',#5670,#5671,#5672);
#5670 = CARTESIAN_POINT('',(323.00001440368,-144.0000004036,0.));
#5671 = DIRECTION('',(0.,0.,-1.));
#5672 = DIRECTION('',(0.999999999896,1.440388713869E-05,0.));
#5673 = ADVANCED_FACE('',(#5674),#5699,.T.);
#5674 = FACE_BOUND('',#5675,.T.);
#5675 = EDGE_LOOP('',(#5676,#5677,#5685,#5693));
#5676 = ORIENTED_EDGE('',*,*,#5654,.T.);
#5677 = ORIENTED_EDGE('',*,*,#5678,.T.);
#5678 = EDGE_CURVE('',#5646,#5679,#5681,.T.);
#5679 = VERTEX_POINT('',#5680);
#5680 = CARTESIAN_POINT('',(51.000014,-144.999986,1.6));
#5681 = LINE('',#5682,#5683);
#5682 = CARTESIAN_POINT('',(323.,-144.999986,1.6));
#5683 = VECTOR('',#5684,1.);
#5684 = DIRECTION('',(-1.,0.,0.));
#5685 = ORIENTED_EDGE('',*,*,#5686,.F.);
#5686 = EDGE_CURVE('',#5687,#5679,#5689,.T.);
#5687 = VERTEX_POINT('',#5688);
#5688 = CARTESIAN_POINT('',(51.000014,-144.999986,0.));
#5689 = LINE('',#5690,#5691);
#5690 = CARTESIAN_POINT('',(51.000014,-144.999986,0.));
#5691 = VECTOR('',#5692,1.);
#5692 = DIRECTION('',(0.,0.,1.));
#5693 = ORIENTED_EDGE('',*,*,#5694,.F.);
#5694 = EDGE_CURVE('',#5655,#5687,#5695,.T.);
#5695 = LINE('',#5696,#5697);
#5696 = CARTESIAN_POINT('',(323.,-144.999986,0.));
#5697 = VECTOR('',#5698,1.);
#5698 = DIRECTION('',(-1.,0.,0.));
#5699 = PLANE('',#5700);
#5700 = AXIS2_PLACEMENT_3D('',#5701,#5702,#5703);
#5701 = CARTESIAN_POINT('',(323.,-144.999986,0.));
#5702 = DIRECTION('',(0.,-1.,0.));
#5703 = DIRECTION('',(-1.,0.,0.));
#5704 = ADVANCED_FACE('',(#5705),#5732,.T.);
#5705 = FACE_BOUND('',#5706,.T.);
#5706 = EDGE_LOOP('',(#5707,#5708,#5717,#5725));
#5707 = ORIENTED_EDGE('',*,*,#5686,.T.);
#5708 = ORIENTED_EDGE('',*,*,#5709,.T.);
#5709 = EDGE_CURVE('',#5679,#5710,#5712,.T.);
#5710 = VERTEX_POINT('',#5711);
#5711 = CARTESIAN_POINT('',(50.000014,-143.999986,1.6));
#5712 = CIRCLE('',#5713,0.999985596424);
#5713 = AXIS2_PLACEMENT_3D('',#5714,#5715,#5716);
#5714 = CARTESIAN_POINT('',(50.99999959632,-144.0000004036,1.6));
#5715 = DIRECTION('',(0.,0.,-1.));
#5716 = DIRECTION('',(1.440388713158E-05,-0.999999999896,0.));
#5717 = ORIENTED_EDGE('',*,*,#5718,.F.);
#5718 = EDGE_CURVE('',#5719,#5710,#5721,.T.);
#5719 = VERTEX_POINT('',#5720);
#5720 = CARTESIAN_POINT('',(50.000014,-143.999986,0.));
#5721 = LINE('',#5722,#5723);
#5722 = CARTESIAN_POINT('',(50.000014,-143.999986,0.));
#5723 = VECTOR('',#5724,1.);
#5724 = DIRECTION('',(0.,0.,1.));
#5725 = ORIENTED_EDGE('',*,*,#5726,.F.);
#5726 = EDGE_CURVE('',#5687,#5719,#5727,.T.);
#5727 = CIRCLE('',#5728,0.999985596424);
#5728 = AXIS2_PLACEMENT_3D('',#5729,#5730,#5731);
#5729 = CARTESIAN_POINT('',(50.99999959632,-144.0000004036,0.));
#5730 = DIRECTION('',(0.,0.,-1.));
#5731 = DIRECTION('',(1.440388713158E-05,-0.999999999896,0.));
#5732 = CYLINDRICAL_SURFACE('',#5733,0.999985596424);
#5733 = AXIS2_PLACEMENT_3D('',#5734,#5735,#5736);
#5734 = CARTESIAN_POINT('',(50.99999959632,-144.0000004036,0.));
#5735 = DIRECTION('',(0.,0.,-1.));
#5736 = DIRECTION('',(1.440388713158E-05,-0.999999999896,0.));
#5737 = ADVANCED_FACE('',(#5738),#5763,.T.);
#5738 = FACE_BOUND('',#5739,.T.);
#5739 = EDGE_LOOP('',(#5740,#5741,#5749,#5757));
#5740 = ORIENTED_EDGE('',*,*,#5718,.T.);
#5741 = ORIENTED_EDGE('',*,*,#5742,.T.);
#5742 = EDGE_CURVE('',#5710,#5743,#5745,.T.);
#5743 = VERTEX_POINT('',#5744);
#5744 = CARTESIAN_POINT('',(50.000014,-115.999986,1.6));
#5745 = LINE('',#5746,#5747);
#5746 = CARTESIAN_POINT('',(50.000014,-143.999986,1.6));
#5747 = VECTOR('',#5748,1.);
#5748 = DIRECTION('',(0.,1.,0.));
#5749 = ORIENTED_EDGE('',*,*,#5750,.F.);
#5750 = EDGE_CURVE('',#5751,#5743,#5753,.T.);
#5751 = VERTEX_POINT('',#5752);
#5752 = CARTESIAN_POINT('',(50.000014,-115.999986,0.));
#5753 = LINE('',#5754,#5755);
#5754 = CARTESIAN_POINT('',(50.000014,-115.999986,0.));
#5755 = VECTOR('',#5756,1.);
#5756 = DIRECTION('',(0.,0.,1.));
#5757 = ORIENTED_EDGE('',*,*,#5758,.F.);
#5758 = EDGE_CURVE('',#5719,#5751,#5759,.T.);
#5759 = LINE('',#5760,#5761);
#5760 = CARTESIAN_POINT('',(50.000014,-143.999986,0.));
#5761 = VECTOR('',#5762,1.);
#5762 = DIRECTION('',(0.,1.,0.));
#5763 = PLANE('',#5764);
#5764 = AXIS2_PLACEMENT_3D('',#5765,#5766,#5767);
#5765 = CARTESIAN_POINT('',(50.000014,-143.999986,0.));
#5766 = DIRECTION('',(-1.,0.,0.));
#5767 = DIRECTION('',(0.,1.,0.));
#5768 = ADVANCED_FACE('',(#5769),#5796,.T.);
#5769 = FACE_BOUND('',#5770,.T.);
#5770 = EDGE_LOOP('',(#5771,#5772,#5781,#5789));
#5771 = ORIENTED_EDGE('',*,*,#5750,.T.);
#5772 = ORIENTED_EDGE('',*,*,#5773,.T.);
#5773 = EDGE_CURVE('',#5743,#5774,#5776,.T.);
#5774 = VERTEX_POINT('',#5775);
#5775 = CARTESIAN_POINT('',(51.000014,-114.999986,1.6));
#5776 = CIRCLE('',#5777,1.000033396925);
#5777 = AXIS2_PLACEMENT_3D('',#5778,#5779,#5780);
#5778 = CARTESIAN_POINT('',(51.000047396367,-116.0000193963,1.6));
#5779 = DIRECTION('',(0.,0.,-1.));
#5780 = DIRECTION('',(-0.999999999442,3.339525210079E-05,0.));
#5781 = ORIENTED_EDGE('',*,*,#5782,.F.);
#5782 = EDGE_CURVE('',#5783,#5774,#5785,.T.);
#5783 = VERTEX_POINT('',#5784);
#5784 = CARTESIAN_POINT('',(51.000014,-114.999986,0.));
#5785 = LINE('',#5786,#5787);
#5786 = CARTESIAN_POINT('',(51.000014,-114.999986,0.));
#5787 = VECTOR('',#5788,1.);
#5788 = DIRECTION('',(0.,0.,1.));
#5789 = ORIENTED_EDGE('',*,*,#5790,.F.);
#5790 = EDGE_CURVE('',#5751,#5783,#5791,.T.);
#5791 = CIRCLE('',#5792,1.000033396925);
#5792 = AXIS2_PLACEMENT_3D('',#5793,#5794,#5795);
#5793 = CARTESIAN_POINT('',(51.000047396367,-116.0000193963,0.));
#5794 = DIRECTION('',(0.,0.,-1.));
#5795 = DIRECTION('',(-0.999999999442,3.339525210079E-05,0.));
#5796 = CYLINDRICAL_SURFACE('',#5797,1.000033396925);
#5797 = AXIS2_PLACEMENT_3D('',#5798,#5799,#5800);
#5798 = CARTESIAN_POINT('',(51.000047396367,-116.0000193963,0.));
#5799 = DIRECTION('',(0.,0.,-1.));
#5800 = DIRECTION('',(-0.999999999442,3.339525210079E-05,0.));
#5801 = ADVANCED_FACE('',(#5802),#5827,.T.);
#5802 = FACE_BOUND('',#5803,.T.);
#5803 = EDGE_LOOP('',(#5804,#5805,#5813,#5821));
#5804 = ORIENTED_EDGE('',*,*,#5782,.T.);
#5805 = ORIENTED_EDGE('',*,*,#5806,.T.);
#5806 = EDGE_CURVE('',#5774,#5807,#5809,.T.);
#5807 = VERTEX_POINT('',#5808);
#5808 = CARTESIAN_POINT('',(90.,-115.,1.6));
#5809 = LINE('',#5810,#5811);
#5810 = CARTESIAN_POINT('',(51.000014,-114.999986,1.6));
#5811 = VECTOR('',#5812,1.);
#5812 = DIRECTION('',(1.,-3.589744876594E-07,0.));
#5813 = ORIENTED_EDGE('',*,*,#5814,.F.);
#5814 = EDGE_CURVE('',#5815,#5807,#5817,.T.);
#5815 = VERTEX_POINT('',#5816);
#5816 = CARTESIAN_POINT('',(90.,-115.,0.));
#5817 = LINE('',#5818,#5819);
#5818 = CARTESIAN_POINT('',(90.,-115.,0.));
#5819 = VECTOR('',#5820,1.);
#5820 = DIRECTION('',(0.,0.,1.));
#5821 = ORIENTED_EDGE('',*,*,#5822,.F.);
#5822 = EDGE_CURVE('',#5783,#5815,#5823,.T.);
#5823 = LINE('',#5824,#5825);
#5824 = CARTESIAN_POINT('',(51.000014,-114.999986,0.));
#5825 = VECTOR('',#5826,1.);
#5826 = DIRECTION('',(1.,-3.589744876594E-07,0.));
#5827 = PLANE('',#5828);
#5828 = AXIS2_PLACEMENT_3D('',#5829,#5830,#5831);
#5829 = CARTESIAN_POINT('',(51.000014,-114.999986,0.));
#5830 = DIRECTION('',(3.589744876594E-07,1.,-0.));
#5831 = DIRECTION('',(1.,-3.589744876594E-07,0.));
#5832 = ADVANCED_FACE('',(#5833),#5858,.T.);
#5833 = FACE_BOUND('',#5834,.T.);
#5834 = EDGE_LOOP('',(#5835,#5836,#5844,#5852));
#5835 = ORIENTED_EDGE('',*,*,#5814,.T.);
#5836 = ORIENTED_EDGE('',*,*,#5837,.T.);
#5837 = EDGE_CURVE('',#5807,#5838,#5840,.T.);
#5838 = VERTEX_POINT('',#5839);
#5839 = CARTESIAN_POINT('',(92.000014,-112.999986,1.6));
#5840 = LINE('',#5841,#5842);
#5841 = CARTESIAN_POINT('',(90.,-115.,1.6));
#5842 = VECTOR('',#5843,1.);
#5843 = DIRECTION('',(0.707106781187,0.707106781187,0.));
#5844 = ORIENTED_EDGE('',*,*,#5845,.F.);
#5845 = EDGE_CURVE('',#5846,#5838,#5848,.T.);
#5846 = VERTEX_POINT('',#5847);
#5847 = CARTESIAN_POINT('',(92.000014,-112.999986,0.));
#5848 = LINE('',#5849,#5850);
#5849 = CARTESIAN_POINT('',(92.000014,-112.999986,0.));
#5850 = VECTOR('',#5851,1.);
#5851 = DIRECTION('',(0.,0.,1.));
#5852 = ORIENTED_EDGE('',*,*,#5853,.F.);
#5853 = EDGE_CURVE('',#5815,#5846,#5854,.T.);
#5854 = LINE('',#5855,#5856);
#5855 = CARTESIAN_POINT('',(90.,-115.,0.));
#5856 = VECTOR('',#5857,1.);
#5857 = DIRECTION('',(0.707106781187,0.707106781187,0.));
#5858 = PLANE('',#5859);
#5859 = AXIS2_PLACEMENT_3D('',#5860,#5861,#5862);
#5860 = CARTESIAN_POINT('',(90.,-115.,0.));
#5861 = DIRECTION('',(-0.707106781187,0.707106781187,0.));
#5862 = DIRECTION('',(0.707106781187,0.707106781187,0.));
#5863 = ADVANCED_FACE('',(#5864),#5889,.T.);
#5864 = FACE_BOUND('',#5865,.T.);
#5865 = EDGE_LOOP('',(#5866,#5867,#5875,#5883));
#5866 = ORIENTED_EDGE('',*,*,#5845,.T.);
#5867 = ORIENTED_EDGE('',*,*,#5868,.T.);
#5868 = EDGE_CURVE('',#5838,#5869,#5871,.T.);
#5869 = VERTEX_POINT('',#5870);
#5870 = CARTESIAN_POINT('',(92.,-107.,1.6));
#5871 = LINE('',#5872,#5873);
#5872 = CARTESIAN_POINT('',(92.000014,-112.999986,1.6));
#5873 = VECTOR('',#5874,1.);
#5874 = DIRECTION('',(-2.33333877663E-06,0.999999999997,0.));
#5875 = ORIENTED_EDGE('',*,*,#5876,.F.);
#5876 = EDGE_CURVE('',#5877,#5869,#5879,.T.);
#5877 = VERTEX_POINT('',#5878);
#5878 = CARTESIAN_POINT('',(92.,-107.,0.));
#5879 = LINE('',#5880,#5881);
#5880 = CARTESIAN_POINT('',(92.,-107.,0.));
#5881 = VECTOR('',#5882,1.);
#5882 = DIRECTION('',(0.,0.,1.));
#5883 = ORIENTED_EDGE('',*,*,#5884,.F.);
#5884 = EDGE_CURVE('',#5846,#5877,#5885,.T.);
#5885 = LINE('',#5886,#5887);
#5886 = CARTESIAN_POINT('',(92.000014,-112.999986,0.));
#5887 = VECTOR('',#5888,1.);
#5888 = DIRECTION('',(-2.33333877663E-06,0.999999999997,0.));
#5889 = PLANE('',#5890);
#5890 = AXIS2_PLACEMENT_3D('',#5891,#5892,#5893);
#5891 = CARTESIAN_POINT('',(92.000014,-112.999986,0.));
#5892 = DIRECTION('',(-0.999999999997,-2.33333877663E-06,0.));
#5893 = DIRECTION('',(-2.33333877663E-06,0.999999999997,0.));
#5894 = ADVANCED_FACE('',(#5895),#5920,.T.);
#5895 = FACE_BOUND('',#5896,.T.);
#5896 = EDGE_LOOP('',(#5897,#5898,#5906,#5914));
#5897 = ORIENTED_EDGE('',*,*,#5876,.T.);
#5898 = ORIENTED_EDGE('',*,*,#5899,.T.);
#5899 = EDGE_CURVE('',#5869,#5900,#5902,.T.);
#5900 = VERTEX_POINT('',#5901);
#5901 = CARTESIAN_POINT('',(51.,-107.,1.6));
#5902 = LINE('',#5903,#5904);
#5903 = CARTESIAN_POINT('',(92.,-107.,1.6));
#5904 = VECTOR('',#5905,1.);
#5905 = DIRECTION('',(-1.,0.,0.));
#5906 = ORIENTED_EDGE('',*,*,#5907,.F.);
#5907 = EDGE_CURVE('',#5908,#5900,#5910,.T.);
#5908 = VERTEX_POINT('',#5909);
#5909 = CARTESIAN_POINT('',(51.,-107.,0.));
#5910 = LINE('',#5911,#5912);
#5911 = CARTESIAN_POINT('',(51.,-107.,0.));
#5912 = VECTOR('',#5913,1.);
#5913 = DIRECTION('',(0.,0.,1.));
#5914 = ORIENTED_EDGE('',*,*,#5915,.F.);
#5915 = EDGE_CURVE('',#5877,#5908,#5916,.T.);
#5916 = LINE('',#5917,#5918);
#5917 = CARTESIAN_POINT('',(92.,-107.,0.));
#5918 = VECTOR('',#5919,1.);
#5919 = DIRECTION('',(-1.,0.,0.));
#5920 = PLANE('',#5921);
#5921 = AXIS2_PLACEMENT_3D('',#5922,#5923,#5924);
#5922 = CARTESIAN_POINT('',(92.,-107.,0.));
#5923 = DIRECTION('',(0.,-1.,0.));
#5924 = DIRECTION('',(-1.,0.,0.));
#5925 = ADVANCED_FACE('',(#5926),#5953,.T.);
#5926 = FACE_BOUND('',#5927,.T.);
#5927 = EDGE_LOOP('',(#5928,#5929,#5938,#5946));
#5928 = ORIENTED_EDGE('',*,*,#5907,.T.);
#5929 = ORIENTED_EDGE('',*,*,#5930,.T.);
#5930 = EDGE_CURVE('',#5900,#5931,#5933,.T.);
#5931 = VERTEX_POINT('',#5932);
#5932 = CARTESIAN_POINT('',(50.,-106.,1.6));
#5933 = CIRCLE('',#5934,0.999999252925);
#5934 = AXIS2_PLACEMENT_3D('',#5935,#5936,#5937);
#5935 = CARTESIAN_POINT('',(50.999999252925,-106.000000747,1.6));
#5936 = DIRECTION('',(0.,0.,-1.));
#5937 = DIRECTION('',(7.470757349539E-07,-1.,0.));
#5938 = ORIENTED_EDGE('',*,*,#5939,.F.);
#5939 = EDGE_CURVE('',#5940,#5931,#5942,.T.);
#5940 = VERTEX_POINT('',#5941);
#5941 = CARTESIAN_POINT('',(50.,-106.,0.));
#5942 = LINE('',#5943,#5944);
#5943 = CARTESIAN_POINT('',(50.,-106.,0.));
#5944 = VECTOR('',#5945,1.);
#5945 = DIRECTION('',(0.,0.,1.));
#5946 = ORIENTED_EDGE('',*,*,#5947,.F.);
#5947 = EDGE_CURVE('',#5908,#5940,#5948,.T.);
#5948 = CIRCLE('',#5949,0.999999252925);
#5949 = AXIS2_PLACEMENT_3D('',#5950,#5951,#5952);
#5950 = CARTESIAN_POINT('',(50.999999252925,-106.000000747,0.));
#5951 = DIRECTION('',(0.,0.,-1.));
#5952 = DIRECTION('',(7.470757349539E-07,-1.,0.));
#5953 = CYLINDRICAL_SURFACE('',#5954,0.999999252925);
#5954 = AXIS2_PLACEMENT_3D('',#5955,#5956,#5957);
#5955 = CARTESIAN_POINT('',(50.999999252925,-106.000000747,0.));
#5956 = DIRECTION('',(0.,0.,-1.));
#5957 = DIRECTION('',(7.470757349539E-07,-1.,0.));
#5958 = ADVANCED_FACE('',(#5959),#5984,.T.);
#5959 = FACE_BOUND('',#5960,.T.);
#5960 = EDGE_LOOP('',(#5961,#5962,#5970,#5978));
#5961 = ORIENTED_EDGE('',*,*,#5939,.T.);
#5962 = ORIENTED_EDGE('',*,*,#5963,.T.);
#5963 = EDGE_CURVE('',#5931,#5964,#5966,.T.);
#5964 = VERTEX_POINT('',#5965);
#5965 = CARTESIAN_POINT('',(50.,-51.,1.6));
#5966 = LINE('',#5967,#5968);
#5967 = CARTESIAN_POINT('',(50.,-106.,1.6));
#5968 = VECTOR('',#5969,1.);
#5969 = DIRECTION('',(0.,1.,0.));
#5970 = ORIENTED_EDGE('',*,*,#5971,.F.);
#5971 = EDGE_CURVE('',#5972,#5964,#5974,.T.);
#5972 = VERTEX_POINT('',#5973);
#5973 = CARTESIAN_POINT('',(50.,-51.,0.));
#5974 = LINE('',#5975,#5976);
#5975 = CARTESIAN_POINT('',(50.,-51.,0.));
#5976 = VECTOR('',#5977,1.);
#5977 = DIRECTION('',(0.,0.,1.));
#5978 = ORIENTED_EDGE('',*,*,#5979,.F.);
#5979 = EDGE_CURVE('',#5940,#5972,#5980,.T.);
#5980 = LINE('',#5981,#5982);
#5981 = CARTESIAN_POINT('',(50.,-106.,0.));
#5982 = VECTOR('',#5983,1.);
#5983 = DIRECTION('',(0.,1.,0.));
#5984 = PLANE('',#5985);
#5985 = AXIS2_PLACEMENT_3D('',#5986,#5987,#5988);
#5986 = CARTESIAN_POINT('',(50.,-106.,0.));
#5987 = DIRECTION('',(-1.,0.,0.));
#5988 = DIRECTION('',(0.,1.,0.));
#5989 = ADVANCED_FACE('',(#5990),#6017,.T.);
#5990 = FACE_BOUND('',#5991,.T.);
#5991 = EDGE_LOOP('',(#5992,#5993,#6002,#6010));
#5992 = ORIENTED_EDGE('',*,*,#5971,.T.);
#5993 = ORIENTED_EDGE('',*,*,#5994,.T.);
#5994 = EDGE_CURVE('',#5964,#5995,#5997,.T.);
#5995 = VERTEX_POINT('',#5996);
#5996 = CARTESIAN_POINT('',(51.,-50.,1.6));
#5997 = CIRCLE('',#5998,0.999999252925);
#5998 = AXIS2_PLACEMENT_3D('',#5999,#6000,#6001);
#5999 = CARTESIAN_POINT('',(50.999999252925,-50.99999925292,1.6));
#6000 = DIRECTION('',(0.,0.,-1.));
#6001 = DIRECTION('',(-1.,-7.470757491648E-07,-0.));
#6002 = ORIENTED_EDGE('',*,*,#6003,.F.);
#6003 = EDGE_CURVE('',#6004,#5995,#6006,.T.);
#6004 = VERTEX_POINT('',#6005);
#6005 = CARTESIAN_POINT('',(51.,-50.,0.));
#6006 = LINE('',#6007,#6008);
#6007 = CARTESIAN_POINT('',(51.,-50.,0.));
#6008 = VECTOR('',#6009,1.);
#6009 = DIRECTION('',(0.,0.,1.));
#6010 = ORIENTED_EDGE('',*,*,#6011,.F.);
#6011 = EDGE_CURVE('',#5972,#6004,#6012,.T.);
#6012 = CIRCLE('',#6013,0.999999252925);
#6013 = AXIS2_PLACEMENT_3D('',#6014,#6015,#6016);
#6014 = CARTESIAN_POINT('',(50.999999252925,-50.99999925292,0.));
#6015 = DIRECTION('',(0.,0.,-1.));
#6016 = DIRECTION('',(-1.,-7.470757491648E-07,-0.));
#6017 = CYLINDRICAL_SURFACE('',#6018,0.999999252925);
#6018 = AXIS2_PLACEMENT_3D('',#6019,#6020,#6021);
#6019 = CARTESIAN_POINT('',(50.999999252925,-50.99999925292,0.));
#6020 = DIRECTION('',(0.,0.,-1.));
#6021 = DIRECTION('',(-1.,-7.470757491648E-07,-0.));
#6022 = ADVANCED_FACE('',(#6023),#6048,.T.);
#6023 = FACE_BOUND('',#6024,.T.);
#6024 = EDGE_LOOP('',(#6025,#6026,#6034,#6042));
#6025 = ORIENTED_EDGE('',*,*,#6003,.T.);
#6026 = ORIENTED_EDGE('',*,*,#6027,.T.);
#6027 = EDGE_CURVE('',#5995,#6028,#6030,.T.);
#6028 = VERTEX_POINT('',#6029);
#6029 = CARTESIAN_POINT('',(87.,-50.,1.6));
#6030 = LINE('',#6031,#6032);
#6031 = CARTESIAN_POINT('',(51.,-50.,1.6));
#6032 = VECTOR('',#6033,1.);
#6033 = DIRECTION('',(1.,0.,0.));
#6034 = ORIENTED_EDGE('',*,*,#6035,.F.);
#6035 = EDGE_CURVE('',#6036,#6028,#6038,.T.);
#6036 = VERTEX_POINT('',#6037);
#6037 = CARTESIAN_POINT('',(87.,-50.,0.));
#6038 = LINE('',#6039,#6040);
#6039 = CARTESIAN_POINT('',(87.,-50.,0.));
#6040 = VECTOR('',#6041,1.);
#6041 = DIRECTION('',(0.,0.,1.));
#6042 = ORIENTED_EDGE('',*,*,#6043,.F.);
#6043 = EDGE_CURVE('',#6004,#6036,#6044,.T.);
#6044 = LINE('',#6045,#6046);
#6045 = CARTESIAN_POINT('',(51.,-50.,0.));
#6046 = VECTOR('',#6047,1.);
#6047 = DIRECTION('',(1.,0.,0.));
#6048 = PLANE('',#6049);
#6049 = AXIS2_PLACEMENT_3D('',#6050,#6051,#6052);
#6050 = CARTESIAN_POINT('',(51.,-50.,0.));
#6051 = DIRECTION('',(0.,1.,0.));
#6052 = DIRECTION('',(1.,0.,0.));
#6053 = ADVANCED_FACE('',(#6054),#6081,.F.);
#6054 = FACE_BOUND('',#6055,.T.);
#6055 = EDGE_LOOP('',(#6056,#6057,#6066,#6074));
#6056 = ORIENTED_EDGE('',*,*,#6035,.T.);
#6057 = ORIENTED_EDGE('',*,*,#6058,.T.);
#6058 = EDGE_CURVE('',#6028,#6059,#6061,.T.);
#6059 = VERTEX_POINT('',#6060);
#6060 = CARTESIAN_POINT('',(88.,-49.,1.6));
#6061 = CIRCLE('',#6062,0.999999252925);
#6062 = AXIS2_PLACEMENT_3D('',#6063,#6064,#6065);
#6063 = CARTESIAN_POINT('',(87.000000747075,-49.00000074707,1.6));
#6064 = DIRECTION('',(0.,0.,1.));
#6065 = DIRECTION('',(-7.470757349539E-07,-1.,0.));
#6066 = ORIENTED_EDGE('',*,*,#6067,.F.);
#6067 = EDGE_CURVE('',#6068,#6059,#6070,.T.);
#6068 = VERTEX_POINT('',#6069);
#6069 = CARTESIAN_POINT('',(88.,-49.,0.));
#6070 = LINE('',#6071,#6072);
#6071 = CARTESIAN_POINT('',(88.,-49.,0.));
#6072 = VECTOR('',#6073,1.);
#6073 = DIRECTION('',(0.,0.,1.));
#6074 = ORIENTED_EDGE('',*,*,#6075,.F.);
#6075 = EDGE_CURVE('',#6036,#6068,#6076,.T.);
#6076 = CIRCLE('',#6077,0.999999252925);
#6077 = AXIS2_PLACEMENT_3D('',#6078,#6079,#6080);
#6078 = CARTESIAN_POINT('',(87.000000747075,-49.00000074707,0.));
#6079 = DIRECTION('',(0.,0.,1.));
#6080 = DIRECTION('',(-7.470757349539E-07,-1.,0.));
#6081 = CYLINDRICAL_SURFACE('',#6082,0.999999252925);
#6082 = AXIS2_PLACEMENT_3D('',#6083,#6084,#6085);
#6083 = CARTESIAN_POINT('',(87.000000747075,-49.00000074707,0.));
#6084 = DIRECTION('',(-0.,-0.,-1.));
#6085 = DIRECTION('',(-7.470757349539E-07,-1.,0.));
#6086 = ADVANCED_FACE('',(#6087),#6112,.T.);
#6087 = FACE_BOUND('',#6088,.T.);
#6088 = EDGE_LOOP('',(#6089,#6090,#6098,#6106));
#6089 = ORIENTED_EDGE('',*,*,#6067,.T.);
#6090 = ORIENTED_EDGE('',*,*,#6091,.T.);
#6091 = EDGE_CURVE('',#6059,#6092,#6094,.T.);
#6092 = VERTEX_POINT('',#6093);
#6093 = CARTESIAN_POINT('',(88.,-43.,1.6));
#6094 = LINE('',#6095,#6096);
#6095 = CARTESIAN_POINT('',(88.,-49.,1.6));
#6096 = VECTOR('',#6097,1.);
#6097 = DIRECTION('',(0.,1.,0.));
#6098 = ORIENTED_EDGE('',*,*,#6099,.F.);
#6099 = EDGE_CURVE('',#6100,#6092,#6102,.T.);
#6100 = VERTEX_POINT('',#6101);
#6101 = CARTESIAN_POINT('',(88.,-43.,0.));
#6102 = LINE('',#6103,#6104);
#6103 = CARTESIAN_POINT('',(88.,-43.,0.));
#6104 = VECTOR('',#6105,1.);
#6105 = DIRECTION('',(0.,0.,1.));
#6106 = ORIENTED_EDGE('',*,*,#6107,.F.);
#6107 = EDGE_CURVE('',#6068,#6100,#6108,.T.);
#6108 = LINE('',#6109,#6110);
#6109 = CARTESIAN_POINT('',(88.,-49.,0.));
#6110 = VECTOR('',#6111,1.);
#6111 = DIRECTION('',(0.,1.,0.));
#6112 = PLANE('',#6113);
#6113 = AXIS2_PLACEMENT_3D('',#6114,#6115,#6116);
#6114 = CARTESIAN_POINT('',(88.,-49.,0.));
#6115 = DIRECTION('',(-1.,0.,0.));
#6116 = DIRECTION('',(0.,1.,0.));
#6117 = ADVANCED_FACE('',(#6118),#6145,.T.);
#6118 = FACE_BOUND('',#6119,.T.);
#6119 = EDGE_LOOP('',(#6120,#6121,#6130,#6138));
#6120 = ORIENTED_EDGE('',*,*,#6099,.T.);
#6121 = ORIENTED_EDGE('',*,*,#6122,.T.);
#6122 = EDGE_CURVE('',#6092,#6123,#6125,.T.);
#6123 = VERTEX_POINT('',#6124);
#6124 = CARTESIAN_POINT('',(89.,-42.,1.6));
#6125 = CIRCLE('',#6126,0.999999252925);
#6126 = AXIS2_PLACEMENT_3D('',#6127,#6128,#6129);
#6127 = CARTESIAN_POINT('',(88.999999252925,-42.99999925292,1.6));
#6128 = DIRECTION('',(0.,0.,-1.));
#6129 = DIRECTION('',(-1.,-7.470757349539E-07,-0.));
#6130 = ORIENTED_EDGE('',*,*,#6131,.F.);
#6131 = EDGE_CURVE('',#6132,#6123,#6134,.T.);
#6132 = VERTEX_POINT('',#6133);
#6133 = CARTESIAN_POINT('',(89.,-42.,0.));
#6134 = LINE('',#6135,#6136);
#6135 = CARTESIAN_POINT('',(89.,-42.,0.));
#6136 = VECTOR('',#6137,1.);
#6137 = DIRECTION('',(0.,0.,1.));
#6138 = ORIENTED_EDGE('',*,*,#6139,.F.);
#6139 = EDGE_CURVE('',#6100,#6132,#6140,.T.);
#6140 = CIRCLE('',#6141,0.999999252925);
#6141 = AXIS2_PLACEMENT_3D('',#6142,#6143,#6144);
#6142 = CARTESIAN_POINT('',(88.999999252925,-42.99999925292,0.));
#6143 = DIRECTION('',(0.,0.,-1.));
#6144 = DIRECTION('',(-1.,-7.470757349539E-07,-0.));
#6145 = CYLINDRICAL_SURFACE('',#6146,0.999999252925);
#6146 = AXIS2_PLACEMENT_3D('',#6147,#6148,#6149);
#6147 = CARTESIAN_POINT('',(88.999999252925,-42.99999925292,0.));
#6148 = DIRECTION('',(0.,0.,-1.));
#6149 = DIRECTION('',(-1.,-7.470757349539E-07,-0.));
#6150 = ADVANCED_FACE('',(#6151),#6176,.T.);
#6151 = FACE_BOUND('',#6152,.T.);
#6152 = EDGE_LOOP('',(#6153,#6154,#6162,#6170));
#6153 = ORIENTED_EDGE('',*,*,#6131,.T.);
#6154 = ORIENTED_EDGE('',*,*,#6155,.T.);
#6155 = EDGE_CURVE('',#6123,#6156,#6158,.T.);
#6156 = VERTEX_POINT('',#6157);
#6157 = CARTESIAN_POINT('',(94.,-42.,1.6));
#6158 = LINE('',#6159,#6160);
#6159 = CARTESIAN_POINT('',(89.,-42.,1.6));
#6160 = VECTOR('',#6161,1.);
#6161 = DIRECTION('',(1.,0.,0.));
#6162 = ORIENTED_EDGE('',*,*,#6163,.F.);
#6163 = EDGE_CURVE('',#6164,#6156,#6166,.T.);
#6164 = VERTEX_POINT('',#6165);
#6165 = CARTESIAN_POINT('',(94.,-42.,0.));
#6166 = LINE('',#6167,#6168);
#6167 = CARTESIAN_POINT('',(94.,-42.,0.));
#6168 = VECTOR('',#6169,1.);
#6169 = DIRECTION('',(0.,0.,1.));
#6170 = ORIENTED_EDGE('',*,*,#6171,.F.);
#6171 = EDGE_CURVE('',#6132,#6164,#6172,.T.);
#6172 = LINE('',#6173,#6174);
#6173 = CARTESIAN_POINT('',(89.,-42.,0.));
#6174 = VECTOR('',#6175,1.);
#6175 = DIRECTION('',(1.,0.,0.));
#6176 = PLANE('',#6177);
#6177 = AXIS2_PLACEMENT_3D('',#6178,#6179,#6180);
#6178 = CARTESIAN_POINT('',(89.,-42.,0.));
#6179 = DIRECTION('',(0.,1.,0.));
#6180 = DIRECTION('',(1.,0.,0.));
#6181 = ADVANCED_FACE('',(#6182),#6207,.T.);
#6182 = FACE_BOUND('',#6183,.T.);
#6183 = EDGE_LOOP('',(#6184,#6185,#6193,#6201));
#6184 = ORIENTED_EDGE('',*,*,#6163,.T.);
#6185 = ORIENTED_EDGE('',*,*,#6186,.T.);
#6186 = EDGE_CURVE('',#6156,#6187,#6189,.T.);
#6187 = VERTEX_POINT('',#6188);
#6188 = CARTESIAN_POINT('',(94.,-40.,1.6));
#6189 = LINE('',#6190,#6191);
#6190 = CARTESIAN_POINT('',(94.,-42.,1.6));
#6191 = VECTOR('',#6192,1.);
#6192 = DIRECTION('',(0.,1.,0.));
#6193 = ORIENTED_EDGE('',*,*,#6194,.F.);
#6194 = EDGE_CURVE('',#6195,#6187,#6197,.T.);
#6195 = VERTEX_POINT('',#6196);
#6196 = CARTESIAN_POINT('',(94.,-40.,0.));
#6197 = LINE('',#6198,#6199);
#6198 = CARTESIAN_POINT('',(94.,-40.,0.));
#6199 = VECTOR('',#6200,1.);
#6200 = DIRECTION('',(0.,0.,1.));
#6201 = ORIENTED_EDGE('',*,*,#6202,.F.);
#6202 = EDGE_CURVE('',#6164,#6195,#6203,.T.);
#6203 = LINE('',#6204,#6205);
#6204 = CARTESIAN_POINT('',(94.,-42.,0.));
#6205 = VECTOR('',#6206,1.);
#6206 = DIRECTION('',(0.,1.,0.));
#6207 = PLANE('',#6208);
#6208 = AXIS2_PLACEMENT_3D('',#6209,#6210,#6211);
#6209 = CARTESIAN_POINT('',(94.,-42.,0.));
#6210 = DIRECTION('',(-1.,0.,0.));
#6211 = DIRECTION('',(0.,1.,0.));
#6212 = ADVANCED_FACE('',(#6213),#6238,.T.);
#6213 = FACE_BOUND('',#6214,.T.);
#6214 = EDGE_LOOP('',(#6215,#6216,#6224,#6232));
#6215 = ORIENTED_EDGE('',*,*,#6194,.T.);
#6216 = ORIENTED_EDGE('',*,*,#6217,.T.);
#6217 = EDGE_CURVE('',#6187,#6218,#6220,.T.);
#6218 = VERTEX_POINT('',#6219);
#6219 = CARTESIAN_POINT('',(94.,-39.,1.6));
#6220 = LINE('',#6221,#6222);
#6221 = CARTESIAN_POINT('',(94.,-40.,1.6));
#6222 = VECTOR('',#6223,1.);
#6223 = DIRECTION('',(0.,1.,0.));
#6224 = ORIENTED_EDGE('',*,*,#6225,.F.);
#6225 = EDGE_CURVE('',#6226,#6218,#6228,.T.);
#6226 = VERTEX_POINT('',#6227);
#6227 = CARTESIAN_POINT('',(94.,-39.,0.));
#6228 = LINE('',#6229,#6230);
#6229 = CARTESIAN_POINT('',(94.,-39.,0.));
#6230 = VECTOR('',#6231,1.);
#6231 = DIRECTION('',(0.,0.,1.));
#6232 = ORIENTED_EDGE('',*,*,#6233,.F.);
#6233 = EDGE_CURVE('',#6195,#6226,#6234,.T.);
#6234 = LINE('',#6235,#6236);
#6235 = CARTESIAN_POINT('',(94.,-40.,0.));
#6236 = VECTOR('',#6237,1.);
#6237 = DIRECTION('',(0.,1.,0.));
#6238 = PLANE('',#6239);
#6239 = AXIS2_PLACEMENT_3D('',#6240,#6241,#6242);
#6240 = CARTESIAN_POINT('',(94.,-40.,0.));
#6241 = DIRECTION('',(-1.,0.,0.));
#6242 = DIRECTION('',(0.,1.,0.));
#6243 = ADVANCED_FACE('',(#6244),#6271,.F.);
#6244 = FACE_BOUND('',#6245,.T.);
#6245 = EDGE_LOOP('',(#6246,#6247,#6256,#6264));
#6246 = ORIENTED_EDGE('',*,*,#6225,.T.);
#6247 = ORIENTED_EDGE('',*,*,#6248,.T.);
#6248 = EDGE_CURVE('',#6218,#6249,#6251,.T.);
#6249 = VERTEX_POINT('',#6250);
#6250 = CARTESIAN_POINT('',(92.,-37.,1.6));
#6251 = CIRCLE('',#6252,1.99999850585);
#6252 = AXIS2_PLACEMENT_3D('',#6253,#6254,#6255);
#6253 = CARTESIAN_POINT('',(92.00000149415,-38.99999850585,1.6));
#6254 = DIRECTION('',(0.,0.,1.));
#6255 = DIRECTION('',(1.,-7.470757420593E-07,0.));
#6256 = ORIENTED_EDGE('',*,*,#6257,.F.);
#6257 = EDGE_CURVE('',#6258,#6249,#6260,.T.);
#6258 = VERTEX_POINT('',#6259);
#6259 = CARTESIAN_POINT('',(92.,-37.,0.));
#6260 = LINE('',#6261,#6262);
#6261 = CARTESIAN_POINT('',(92.,-37.,0.));
#6262 = VECTOR('',#6263,1.);
#6263 = DIRECTION('',(0.,0.,1.));
#6264 = ORIENTED_EDGE('',*,*,#6265,.F.);
#6265 = EDGE_CURVE('',#6226,#6258,#6266,.T.);
#6266 = CIRCLE('',#6267,1.99999850585);
#6267 = AXIS2_PLACEMENT_3D('',#6268,#6269,#6270);
#6268 = CARTESIAN_POINT('',(92.00000149415,-38.99999850585,0.));
#6269 = DIRECTION('',(0.,0.,1.));
#6270 = DIRECTION('',(1.,-7.470757420593E-07,0.));
#6271 = CYLINDRICAL_SURFACE('',#6272,1.99999850585);
#6272 = AXIS2_PLACEMENT_3D('',#6273,#6274,#6275);
#6273 = CARTESIAN_POINT('',(92.00000149415,-38.99999850585,0.));
#6274 = DIRECTION('',(-0.,-0.,-1.));
#6275 = DIRECTION('',(1.,-7.470757420593E-07,0.));
#6276 = ADVANCED_FACE('',(#6277),#6302,.T.);
#6277 = FACE_BOUND('',#6278,.T.);
#6278 = EDGE_LOOP('',(#6279,#6280,#6288,#6296));
#6279 = ORIENTED_EDGE('',*,*,#6257,.T.);
#6280 = ORIENTED_EDGE('',*,*,#6281,.T.);
#6281 = EDGE_CURVE('',#6249,#6282,#6284,.T.);
#6282 = VERTEX_POINT('',#6283);
#6283 = CARTESIAN_POINT('',(51.,-37.,1.6));
#6284 = LINE('',#6285,#6286);
#6285 = CARTESIAN_POINT('',(92.,-37.,1.6));
#6286 = VECTOR('',#6287,1.);
#6287 = DIRECTION('',(-1.,0.,0.));
#6288 = ORIENTED_EDGE('',*,*,#6289,.F.);
#6289 = EDGE_CURVE('',#6290,#6282,#6292,.T.);
#6290 = VERTEX_POINT('',#6291);
#6291 = CARTESIAN_POINT('',(51.,-37.,0.));
#6292 = LINE('',#6293,#6294);
#6293 = CARTESIAN_POINT('',(51.,-37.,0.));
#6294 = VECTOR('',#6295,1.);
#6295 = DIRECTION('',(0.,0.,1.));
#6296 = ORIENTED_EDGE('',*,*,#6297,.F.);
#6297 = EDGE_CURVE('',#6258,#6290,#6298,.T.);
#6298 = LINE('',#6299,#6300);
#6299 = CARTESIAN_POINT('',(92.,-37.,0.));
#6300 = VECTOR('',#6301,1.);
#6301 = DIRECTION('',(-1.,0.,0.));
#6302 = PLANE('',#6303);
#6303 = AXIS2_PLACEMENT_3D('',#6304,#6305,#6306);
#6304 = CARTESIAN_POINT('',(92.,-37.,0.));
#6305 = DIRECTION('',(0.,-1.,0.));
#6306 = DIRECTION('',(-1.,0.,0.));
#6307 = ADVANCED_FACE('',(#6308),#6335,.T.);
#6308 = FACE_BOUND('',#6309,.T.);
#6309 = EDGE_LOOP('',(#6310,#6311,#6320,#6328));
#6310 = ORIENTED_EDGE('',*,*,#6289,.T.);
#6311 = ORIENTED_EDGE('',*,*,#6312,.T.);
#6312 = EDGE_CURVE('',#6282,#6313,#6315,.T.);
#6313 = VERTEX_POINT('',#6314);
#6314 = CARTESIAN_POINT('',(50.,-36.,1.6));
#6315 = CIRCLE('',#6316,0.999999252925);
#6316 = AXIS2_PLACEMENT_3D('',#6317,#6318,#6319);
#6317 = CARTESIAN_POINT('',(50.999999252925,-36.00000074707,1.6));
#6318 = DIRECTION('',(0.,0.,-1.));
#6319 = DIRECTION('',(7.470757491648E-07,-1.,0.));
#6320 = ORIENTED_EDGE('',*,*,#6321,.F.);
#6321 = EDGE_CURVE('',#6322,#6313,#6324,.T.);
#6322 = VERTEX_POINT('',#6323);
#6323 = CARTESIAN_POINT('',(50.,-36.,0.));
#6324 = LINE('',#6325,#6326);
#6325 = CARTESIAN_POINT('',(50.,-36.,0.));
#6326 = VECTOR('',#6327,1.);
#6327 = DIRECTION('',(0.,0.,1.));
#6328 = ORIENTED_EDGE('',*,*,#6329,.F.);
#6329 = EDGE_CURVE('',#6290,#6322,#6330,.T.);
#6330 = CIRCLE('',#6331,0.999999252925);
#6331 = AXIS2_PLACEMENT_3D('',#6332,#6333,#6334);
#6332 = CARTESIAN_POINT('',(50.999999252925,-36.00000074707,0.));
#6333 = DIRECTION('',(0.,0.,-1.));
#6334 = DIRECTION('',(7.470757491648E-07,-1.,0.));
#6335 = CYLINDRICAL_SURFACE('',#6336,0.999999252925);
#6336 = AXIS2_PLACEMENT_3D('',#6337,#6338,#6339);
#6337 = CARTESIAN_POINT('',(50.999999252925,-36.00000074707,0.));
#6338 = DIRECTION('',(0.,0.,-1.));
#6339 = DIRECTION('',(7.470757491648E-07,-1.,0.));
#6340 = ADVANCED_FACE('',(#6341),#6366,.T.);
#6341 = FACE_BOUND('',#6342,.T.);
#6342 = EDGE_LOOP('',(#6343,#6344,#6352,#6360));
#6343 = ORIENTED_EDGE('',*,*,#6321,.T.);
#6344 = ORIENTED_EDGE('',*,*,#6345,.T.);
#6345 = EDGE_CURVE('',#6313,#6346,#6348,.T.);
#6346 = VERTEX_POINT('',#6347);
#6347 = CARTESIAN_POINT('',(50.,-33.,1.6));
#6348 = LINE('',#6349,#6350);
#6349 = CARTESIAN_POINT('',(50.,-36.,1.6));
#6350 = VECTOR('',#6351,1.);
#6351 = DIRECTION('',(0.,1.,0.));
#6352 = ORIENTED_EDGE('',*,*,#6353,.F.);
#6353 = EDGE_CURVE('',#6354,#6346,#6356,.T.);
#6354 = VERTEX_POINT('',#6355);
#6355 = CARTESIAN_POINT('',(50.,-33.,0.));
#6356 = LINE('',#6357,#6358);
#6357 = CARTESIAN_POINT('',(50.,-33.,0.));
#6358 = VECTOR('',#6359,1.);
#6359 = DIRECTION('',(0.,0.,1.));
#6360 = ORIENTED_EDGE('',*,*,#6361,.F.);
#6361 = EDGE_CURVE('',#6322,#6354,#6362,.T.);
#6362 = LINE('',#6363,#6364);
#6363 = CARTESIAN_POINT('',(50.,-36.,0.));
#6364 = VECTOR('',#6365,1.);
#6365 = DIRECTION('',(0.,1.,0.));
#6366 = PLANE('',#6367);
#6367 = AXIS2_PLACEMENT_3D('',#6368,#6369,#6370);
#6368 = CARTESIAN_POINT('',(50.,-36.,0.));
#6369 = DIRECTION('',(-1.,0.,0.));
#6370 = DIRECTION('',(0.,1.,0.));
#6371 = ADVANCED_FACE('',(#6372),#6399,.T.);
#6372 = FACE_BOUND('',#6373,.T.);
#6373 = EDGE_LOOP('',(#6374,#6375,#6384,#6392));
#6374 = ORIENTED_EDGE('',*,*,#6353,.T.);
#6375 = ORIENTED_EDGE('',*,*,#6376,.T.);
#6376 = EDGE_CURVE('',#6346,#6377,#6379,.T.);
#6377 = VERTEX_POINT('',#6378);
#6378 = CARTESIAN_POINT('',(51.,-32.,1.6));
#6379 = CIRCLE('',#6380,0.999999252925);
#6380 = AXIS2_PLACEMENT_3D('',#6381,#6382,#6383);
#6381 = CARTESIAN_POINT('',(50.999999252925,-32.99999925292,1.6));
#6382 = DIRECTION('',(0.,0.,-1.));
#6383 = DIRECTION('',(-1.,-7.470757491648E-07,-0.));
#6384 = ORIENTED_EDGE('',*,*,#6385,.F.);
#6385 = EDGE_CURVE('',#6386,#6377,#6388,.T.);
#6386 = VERTEX_POINT('',#6387);
#6387 = CARTESIAN_POINT('',(51.,-32.,0.));
#6388 = LINE('',#6389,#6390);
#6389 = CARTESIAN_POINT('',(51.,-32.,0.));
#6390 = VECTOR('',#6391,1.);
#6391 = DIRECTION('',(0.,0.,1.));
#6392 = ORIENTED_EDGE('',*,*,#6393,.F.);
#6393 = EDGE_CURVE('',#6354,#6386,#6394,.T.);
#6394 = CIRCLE('',#6395,0.999999252925);
#6395 = AXIS2_PLACEMENT_3D('',#6396,#6397,#6398);
#6396 = CARTESIAN_POINT('',(50.999999252925,-32.99999925292,0.));
#6397 = DIRECTION('',(0.,0.,-1.));
#6398 = DIRECTION('',(-1.,-7.470757491648E-07,-0.));
#6399 = CYLINDRICAL_SURFACE('',#6400,0.999999252925);
#6400 = AXIS2_PLACEMENT_3D('',#6401,#6402,#6403);
#6401 = CARTESIAN_POINT('',(50.999999252925,-32.99999925292,0.));
#6402 = DIRECTION('',(0.,0.,-1.));
#6403 = DIRECTION('',(-1.,-7.470757491648E-07,-0.));
#6404 = ADVANCED_FACE('',(#6405),#6421,.T.);
#6405 = FACE_BOUND('',#6406,.T.);
#6406 = EDGE_LOOP('',(#6407,#6408,#6414,#6415));
#6407 = ORIENTED_EDGE('',*,*,#6385,.T.);
#6408 = ORIENTED_EDGE('',*,*,#6409,.T.);
#6409 = EDGE_CURVE('',#6377,#4969,#6410,.T.);
#6410 = LINE('',#6411,#6412);
#6411 = CARTESIAN_POINT('',(51.,-32.,1.6));
#6412 = VECTOR('',#6413,1.);
#6413 = DIRECTION('',(0.999999998645,-5.204957822575E-05,0.));
#6414 = ORIENTED_EDGE('',*,*,#4966,.F.);
#6415 = ORIENTED_EDGE('',*,*,#6416,.F.);
#6416 = EDGE_CURVE('',#6386,#4967,#6417,.T.);
#6417 = LINE('',#6418,#6419);
#6418 = CARTESIAN_POINT('',(51.,-32.,0.));
#6419 = VECTOR('',#6420,1.);
#6420 = DIRECTION('',(0.999999998645,-5.204957822575E-05,0.));
#6421 = PLANE('',#6422);
#6422 = AXIS2_PLACEMENT_3D('',#6423,#6424,#6425);
#6423 = CARTESIAN_POINT('',(51.,-32.,0.));
#6424 = DIRECTION('',(5.204957822575E-05,0.999999998645,-0.));
#6425 = DIRECTION('',(0.999999998645,-5.204957822575E-05,0.));
#6426 = ADVANCED_FACE('',(#6427),#6463,.T.);
#6427 = FACE_BOUND('',#6428,.F.);
#6428 = EDGE_LOOP('',(#6429,#6439,#6448,#6456));
#6429 = ORIENTED_EDGE('',*,*,#6430,.T.);
#6430 = EDGE_CURVE('',#6431,#6433,#6435,.T.);
#6431 = VERTEX_POINT('',#6432);
#6432 = CARTESIAN_POINT('',(140.5,-37.,0.));
#6433 = VERTEX_POINT('',#6434);
#6434 = CARTESIAN_POINT('',(140.5,-37.,1.6));
#6435 = LINE('',#6436,#6437);
#6436 = CARTESIAN_POINT('',(140.5,-37.,0.));
#6437 = VECTOR('',#6438,1.);
#6438 = DIRECTION('',(0.,0.,1.));
#6439 = ORIENTED_EDGE('',*,*,#6440,.T.);
#6440 = EDGE_CURVE('',#6433,#6441,#6443,.T.);
#6441 = VERTEX_POINT('',#6442);
#6442 = CARTESIAN_POINT('',(138.5,-39.,1.6));
#6443 = CIRCLE('',#6444,1.99999850585);
#6444 = AXIS2_PLACEMENT_3D('',#6445,#6446,#6447);
#6445 = CARTESIAN_POINT('',(140.49999850585,-38.99999850585,1.6));
#6446 = DIRECTION('',(0.,0.,1.));
#6447 = DIRECTION('',(7.470757349539E-07,1.,-0.));
#6448 = ORIENTED_EDGE('',*,*,#6449,.F.);
#6449 = EDGE_CURVE('',#6450,#6441,#6452,.T.);
#6450 = VERTEX_POINT('',#6451);
#6451 = CARTESIAN_POINT('',(138.5,-39.,0.));
#6452 = LINE('',#6453,#6454);
#6453 = CARTESIAN_POINT('',(138.5,-39.,0.));
#6454 = VECTOR('',#6455,1.);
#6455 = DIRECTION('',(0.,0.,1.));
#6456 = ORIENTED_EDGE('',*,*,#6457,.F.);
#6457 = EDGE_CURVE('',#6431,#6450,#6458,.T.);
#6458 = CIRCLE('',#6459,1.99999850585);
#6459 = AXIS2_PLACEMENT_3D('',#6460,#6461,#6462);
#6460 = CARTESIAN_POINT('',(140.49999850585,-38.99999850585,0.));
#6461 = DIRECTION('',(0.,0.,1.));
#6462 = DIRECTION('',(7.470757349539E-07,1.,-0.));
#6463 = CYLINDRICAL_SURFACE('',#6464,1.99999850585);
#6464 = AXIS2_PLACEMENT_3D('',#6465,#6466,#6467);
#6465 = CARTESIAN_POINT('',(140.49999850585,-38.99999850585,0.));
#6466 = DIRECTION('',(-0.,-0.,-1.));
#6467 = DIRECTION('',(7.470757349539E-07,1.,-0.));
#6468 = ADVANCED_FACE('',(#6469),#6494,.F.);
#6469 = FACE_BOUND('',#6470,.F.);
#6470 = EDGE_LOOP('',(#6471,#6472,#6480,#6488));
#6471 = ORIENTED_EDGE('',*,*,#6449,.T.);
#6472 = ORIENTED_EDGE('',*,*,#6473,.T.);
#6473 = EDGE_CURVE('',#6441,#6474,#6476,.T.);
#6474 = VERTEX_POINT('',#6475);
#6475 = CARTESIAN_POINT('',(138.5,-42.,1.6));
#6476 = LINE('',#6477,#6478);
#6477 = CARTESIAN_POINT('',(138.5,-39.,1.6));
#6478 = VECTOR('',#6479,1.);
#6479 = DIRECTION('',(0.,-1.,0.));
#6480 = ORIENTED_EDGE('',*,*,#6481,.F.);
#6481 = EDGE_CURVE('',#6482,#6474,#6484,.T.);
#6482 = VERTEX_POINT('',#6483);
#6483 = CARTESIAN_POINT('',(138.5,-42.,0.));
#6484 = LINE('',#6485,#6486);
#6485 = CARTESIAN_POINT('',(138.5,-42.,0.));
#6486 = VECTOR('',#6487,1.);
#6487 = DIRECTION('',(0.,0.,1.));
#6488 = ORIENTED_EDGE('',*,*,#6489,.F.);
#6489 = EDGE_CURVE('',#6450,#6482,#6490,.T.);
#6490 = LINE('',#6491,#6492);
#6491 = CARTESIAN_POINT('',(138.5,-39.,0.));
#6492 = VECTOR('',#6493,1.);
#6493 = DIRECTION('',(0.,-1.,0.));
#6494 = PLANE('',#6495);
#6495 = AXIS2_PLACEMENT_3D('',#6496,#6497,#6498);
#6496 = CARTESIAN_POINT('',(138.5,-39.,0.));
#6497 = DIRECTION('',(1.,0.,-0.));
#6498 = DIRECTION('',(0.,-1.,0.));
#6499 = ADVANCED_FACE('',(#6500),#6525,.F.);
#6500 = FACE_BOUND('',#6501,.F.);
#6501 = EDGE_LOOP('',(#6502,#6503,#6511,#6519));
#6502 = ORIENTED_EDGE('',*,*,#6481,.T.);
#6503 = ORIENTED_EDGE('',*,*,#6504,.T.);
#6504 = EDGE_CURVE('',#6474,#6505,#6507,.T.);
#6505 = VERTEX_POINT('',#6506);
#6506 = CARTESIAN_POINT('',(138.5,-44.,1.6));
#6507 = LINE('',#6508,#6509);
#6508 = CARTESIAN_POINT('',(138.5,-42.,1.6));
#6509 = VECTOR('',#6510,1.);
#6510 = DIRECTION('',(0.,-1.,0.));
#6511 = ORIENTED_EDGE('',*,*,#6512,.F.);
#6512 = EDGE_CURVE('',#6513,#6505,#6515,.T.);
#6513 = VERTEX_POINT('',#6514);
#6514 = CARTESIAN_POINT('',(138.5,-44.,0.));
#6515 = LINE('',#6516,#6517);
#6516 = CARTESIAN_POINT('',(138.5,-44.,0.));
#6517 = VECTOR('',#6518,1.);
#6518 = DIRECTION('',(0.,0.,1.));
#6519 = ORIENTED_EDGE('',*,*,#6520,.F.);
#6520 = EDGE_CURVE('',#6482,#6513,#6521,.T.);
#6521 = LINE('',#6522,#6523);
#6522 = CARTESIAN_POINT('',(138.5,-42.,0.));
#6523 = VECTOR('',#6524,1.);
#6524 = DIRECTION('',(0.,-1.,0.));
#6525 = PLANE('',#6526);
#6526 = AXIS2_PLACEMENT_3D('',#6527,#6528,#6529);
#6527 = CARTESIAN_POINT('',(138.5,-42.,0.));
#6528 = DIRECTION('',(1.,0.,-0.));
#6529 = DIRECTION('',(0.,-1.,0.));
#6530 = ADVANCED_FACE('',(#6531),#6556,.F.);
#6531 = FACE_BOUND('',#6532,.F.);
#6532 = EDGE_LOOP('',(#6533,#6534,#6542,#6550));
#6533 = ORIENTED_EDGE('',*,*,#6512,.T.);
#6534 = ORIENTED_EDGE('',*,*,#6535,.T.);
#6535 = EDGE_CURVE('',#6505,#6536,#6538,.T.);
#6536 = VERTEX_POINT('',#6537);
#6537 = CARTESIAN_POINT('',(144.,-44.,1.6));
#6538 = LINE('',#6539,#6540);
#6539 = CARTESIAN_POINT('',(138.5,-44.,1.6));
#6540 = VECTOR('',#6541,1.);
#6541 = DIRECTION('',(1.,0.,0.));
#6542 = ORIENTED_EDGE('',*,*,#6543,.F.);
#6543 = EDGE_CURVE('',#6544,#6536,#6546,.T.);
#6544 = VERTEX_POINT('',#6545);
#6545 = CARTESIAN_POINT('',(144.,-44.,0.));
#6546 = LINE('',#6547,#6548);
#6547 = CARTESIAN_POINT('',(144.,-44.,0.));
#6548 = VECTOR('',#6549,1.);
#6549 = DIRECTION('',(0.,0.,1.));
#6550 = ORIENTED_EDGE('',*,*,#6551,.F.);
#6551 = EDGE_CURVE('',#6513,#6544,#6552,.T.);
#6552 = LINE('',#6553,#6554);
#6553 = CARTESIAN_POINT('',(138.5,-44.,0.));
#6554 = VECTOR('',#6555,1.);
#6555 = DIRECTION('',(1.,0.,0.));
#6556 = PLANE('',#6557);
#6557 = AXIS2_PLACEMENT_3D('',#6558,#6559,#6560);
#6558 = CARTESIAN_POINT('',(138.5,-44.,0.));
#6559 = DIRECTION('',(0.,1.,0.));
#6560 = DIRECTION('',(1.,0.,0.));
#6561 = ADVANCED_FACE('',(#6562),#6589,.F.);
#6562 = FACE_BOUND('',#6563,.F.);
#6563 = EDGE_LOOP('',(#6564,#6565,#6574,#6582));
#6564 = ORIENTED_EDGE('',*,*,#6543,.T.);
#6565 = ORIENTED_EDGE('',*,*,#6566,.T.);
#6566 = EDGE_CURVE('',#6536,#6567,#6569,.T.);
#6567 = VERTEX_POINT('',#6568);
#6568 = CARTESIAN_POINT('',(145.,-45.,1.6));
#6569 = CIRCLE('',#6570,0.999999252925);
#6570 = AXIS2_PLACEMENT_3D('',#6571,#6572,#6573);
#6571 = CARTESIAN_POINT('',(144.00000074707,-44.99999925292,1.6));
#6572 = DIRECTION('',(0.,0.,-1.));
#6573 = DIRECTION('',(-7.470757633756E-07,1.,0.));
#6574 = ORIENTED_EDGE('',*,*,#6575,.F.);
#6575 = EDGE_CURVE('',#6576,#6567,#6578,.T.);
#6576 = VERTEX_POINT('',#6577);
#6577 = CARTESIAN_POINT('',(145.,-45.,0.));
#6578 = LINE('',#6579,#6580);
#6579 = CARTESIAN_POINT('',(145.,-45.,0.));
#6580 = VECTOR('',#6581,1.);
#6581 = DIRECTION('',(0.,0.,1.));
#6582 = ORIENTED_EDGE('',*,*,#6583,.F.);
#6583 = EDGE_CURVE('',#6544,#6576,#6584,.T.);
#6584 = CIRCLE('',#6585,0.999999252925);
#6585 = AXIS2_PLACEMENT_3D('',#6586,#6587,#6588);
#6586 = CARTESIAN_POINT('',(144.00000074707,-44.99999925292,0.));
#6587 = DIRECTION('',(0.,0.,-1.));
#6588 = DIRECTION('',(-7.470757633756E-07,1.,0.));
#6589 = CYLINDRICAL_SURFACE('',#6590,0.999999252925);
#6590 = AXIS2_PLACEMENT_3D('',#6591,#6592,#6593);
#6591 = CARTESIAN_POINT('',(144.00000074707,-44.99999925292,0.));
#6592 = DIRECTION('',(0.,0.,-1.));
#6593 = DIRECTION('',(-7.470757633756E-07,1.,0.));
#6594 = ADVANCED_FACE('',(#6595),#6622,.T.);
#6595 = FACE_BOUND('',#6596,.F.);
#6596 = EDGE_LOOP('',(#6597,#6598,#6607,#6615));
#6597 = ORIENTED_EDGE('',*,*,#6575,.T.);
#6598 = ORIENTED_EDGE('',*,*,#6599,.T.);
#6599 = EDGE_CURVE('',#6567,#6600,#6602,.T.);
#6600 = VERTEX_POINT('',#6601);
#6601 = CARTESIAN_POINT('',(146.,-46.,1.6));
#6602 = CIRCLE('',#6603,0.999999252925);
#6603 = AXIS2_PLACEMENT_3D('',#6604,#6605,#6606);
#6604 = CARTESIAN_POINT('',(145.99999925292,-45.00000074707,1.6));
#6605 = DIRECTION('',(0.,0.,1.));
#6606 = DIRECTION('',(-1.,7.470757562702E-07,0.));
#6607 = ORIENTED_EDGE('',*,*,#6608,.F.);
#6608 = EDGE_CURVE('',#6609,#6600,#6611,.T.);
#6609 = VERTEX_POINT('',#6610);
#6610 = CARTESIAN_POINT('',(146.,-46.,0.));
#6611 = LINE('',#6612,#6613);
#6612 = CARTESIAN_POINT('',(146.,-46.,0.));
#6613 = VECTOR('',#6614,1.);
#6614 = DIRECTION('',(0.,0.,1.));
#6615 = ORIENTED_EDGE('',*,*,#6616,.F.);
#6616 = EDGE_CURVE('',#6576,#6609,#6617,.T.);
#6617 = CIRCLE('',#6618,0.999999252925);
#6618 = AXIS2_PLACEMENT_3D('',#6619,#6620,#6621);
#6619 = CARTESIAN_POINT('',(145.99999925292,-45.00000074707,0.));
#6620 = DIRECTION('',(0.,0.,1.));
#6621 = DIRECTION('',(-1.,7.470757562702E-07,0.));
#6622 = CYLINDRICAL_SURFACE('',#6623,0.999999252925);
#6623 = AXIS2_PLACEMENT_3D('',#6624,#6625,#6626);
#6624 = CARTESIAN_POINT('',(145.99999925292,-45.00000074707,0.));
#6625 = DIRECTION('',(-0.,-0.,-1.));
#6626 = DIRECTION('',(-1.,7.470757562702E-07,0.));
#6627 = ADVANCED_FACE('',(#6628),#6653,.F.);
#6628 = FACE_BOUND('',#6629,.F.);
#6629 = EDGE_LOOP('',(#6630,#6631,#6639,#6647));
#6630 = ORIENTED_EDGE('',*,*,#6608,.T.);
#6631 = ORIENTED_EDGE('',*,*,#6632,.T.);
#6632 = EDGE_CURVE('',#6600,#6633,#6635,.T.);
#6633 = VERTEX_POINT('',#6634);
#6634 = CARTESIAN_POINT('',(164.025,-46.,1.6));
#6635 = LINE('',#6636,#6637);
#6636 = CARTESIAN_POINT('',(146.,-46.,1.6));
#6637 = VECTOR('',#6638,1.);
#6638 = DIRECTION('',(1.,0.,0.));
#6639 = ORIENTED_EDGE('',*,*,#6640,.F.);
#6640 = EDGE_CURVE('',#6641,#6633,#6643,.T.);
#6641 = VERTEX_POINT('',#6642);
#6642 = CARTESIAN_POINT('',(164.025,-46.,0.));
#6643 = LINE('',#6644,#6645);
#6644 = CARTESIAN_POINT('',(164.025,-46.,0.));
#6645 = VECTOR('',#6646,1.);
#6646 = DIRECTION('',(0.,0.,1.));
#6647 = ORIENTED_EDGE('',*,*,#6648,.F.);
#6648 = EDGE_CURVE('',#6609,#6641,#6649,.T.);
#6649 = LINE('',#6650,#6651);
#6650 = CARTESIAN_POINT('',(146.,-46.,0.));
#6651 = VECTOR('',#6652,1.);
#6652 = DIRECTION('',(1.,0.,0.));
#6653 = PLANE('',#6654);
#6654 = AXIS2_PLACEMENT_3D('',#6655,#6656,#6657);
#6655 = CARTESIAN_POINT('',(146.,-46.,0.));
#6656 = DIRECTION('',(0.,1.,0.));
#6657 = DIRECTION('',(1.,0.,0.));
#6658 = ADVANCED_FACE('',(#6659),#6684,.F.);
#6659 = FACE_BOUND('',#6660,.F.);
#6660 = EDGE_LOOP('',(#6661,#6662,#6670,#6678));
#6661 = ORIENTED_EDGE('',*,*,#6640,.T.);
#6662 = ORIENTED_EDGE('',*,*,#6663,.T.);
#6663 = EDGE_CURVE('',#6633,#6664,#6666,.T.);
#6664 = VERTEX_POINT('',#6665);
#6665 = CARTESIAN_POINT('',(183.,-46.,1.6));
#6666 = LINE('',#6667,#6668);
#6667 = CARTESIAN_POINT('',(164.025,-46.,1.6));
#6668 = VECTOR('',#6669,1.);
#6669 = DIRECTION('',(1.,0.,0.));
#6670 = ORIENTED_EDGE('',*,*,#6671,.F.);
#6671 = EDGE_CURVE('',#6672,#6664,#6674,.T.);
#6672 = VERTEX_POINT('',#6673);
#6673 = CARTESIAN_POINT('',(183.,-46.,0.));
#6674 = LINE('',#6675,#6676);
#6675 = CARTESIAN_POINT('',(183.,-46.,0.));
#6676 = VECTOR('',#6677,1.);
#6677 = DIRECTION('',(0.,0.,1.));
#6678 = ORIENTED_EDGE('',*,*,#6679,.F.);
#6679 = EDGE_CURVE('',#6641,#6672,#6680,.T.);
#6680 = LINE('',#6681,#6682);
#6681 = CARTESIAN_POINT('',(164.025,-46.,0.));
#6682 = VECTOR('',#6683,1.);
#6683 = DIRECTION('',(1.,0.,0.));
#6684 = PLANE('',#6685);
#6685 = AXIS2_PLACEMENT_3D('',#6686,#6687,#6688);
#6686 = CARTESIAN_POINT('',(164.025,-46.,0.));
#6687 = DIRECTION('',(0.,1.,0.));
#6688 = DIRECTION('',(1.,0.,0.));
#6689 = ADVANCED_FACE('',(#6690),#6717,.F.);
#6690 = FACE_BOUND('',#6691,.F.);
#6691 = EDGE_LOOP('',(#6692,#6693,#6702,#6710));
#6692 = ORIENTED_EDGE('',*,*,#6671,.T.);
#6693 = ORIENTED_EDGE('',*,*,#6694,.T.);
#6694 = EDGE_CURVE('',#6664,#6695,#6697,.T.);
#6695 = VERTEX_POINT('',#6696);
#6696 = CARTESIAN_POINT('',(184.,-47.,1.6));
#6697 = CIRCLE('',#6698,0.999999252925);
#6698 = AXIS2_PLACEMENT_3D('',#6699,#6700,#6701);
#6699 = CARTESIAN_POINT('',(183.00000074707,-46.99999925292,1.6));
#6700 = DIRECTION('',(0.,0.,-1.));
#6701 = DIRECTION('',(-7.470757633756E-07,1.,0.));
#6702 = ORIENTED_EDGE('',*,*,#6703,.F.);
#6703 = EDGE_CURVE('',#6704,#6695,#6706,.T.);
#6704 = VERTEX_POINT('',#6705);
#6705 = CARTESIAN_POINT('',(184.,-47.,0.));
#6706 = LINE('',#6707,#6708);
#6707 = CARTESIAN_POINT('',(184.,-47.,0.));
#6708 = VECTOR('',#6709,1.);
#6709 = DIRECTION('',(0.,0.,1.));
#6710 = ORIENTED_EDGE('',*,*,#6711,.F.);
#6711 = EDGE_CURVE('',#6672,#6704,#6712,.T.);
#6712 = CIRCLE('',#6713,0.999999252925);
#6713 = AXIS2_PLACEMENT_3D('',#6714,#6715,#6716);
#6714 = CARTESIAN_POINT('',(183.00000074707,-46.99999925292,0.));
#6715 = DIRECTION('',(0.,0.,-1.));
#6716 = DIRECTION('',(-7.470757633756E-07,1.,0.));
#6717 = CYLINDRICAL_SURFACE('',#6718,0.999999252925);
#6718 = AXIS2_PLACEMENT_3D('',#6719,#6720,#6721);
#6719 = CARTESIAN_POINT('',(183.00000074707,-46.99999925292,0.));
#6720 = DIRECTION('',(0.,0.,-1.));
#6721 = DIRECTION('',(-7.470757633756E-07,1.,0.));
#6722 = ADVANCED_FACE('',(#6723),#6748,.F.);
#6723 = FACE_BOUND('',#6724,.F.);
#6724 = EDGE_LOOP('',(#6725,#6726,#6734,#6742));
#6725 = ORIENTED_EDGE('',*,*,#6703,.T.);
#6726 = ORIENTED_EDGE('',*,*,#6727,.T.);
#6727 = EDGE_CURVE('',#6695,#6728,#6730,.T.);
#6728 = VERTEX_POINT('',#6729);
#6729 = CARTESIAN_POINT('',(184.,-111.5,1.6));
#6730 = LINE('',#6731,#6732);
#6731 = CARTESIAN_POINT('',(184.,-47.,1.6));
#6732 = VECTOR('',#6733,1.);
#6733 = DIRECTION('',(0.,-1.,0.));
#6734 = ORIENTED_EDGE('',*,*,#6735,.F.);
#6735 = EDGE_CURVE('',#6736,#6728,#6738,.T.);
#6736 = VERTEX_POINT('',#6737);
#6737 = CARTESIAN_POINT('',(184.,-111.5,0.));
#6738 = LINE('',#6739,#6740);
#6739 = CARTESIAN_POINT('',(184.,-111.5,0.));
#6740 = VECTOR('',#6741,1.);
#6741 = DIRECTION('',(0.,0.,1.));
#6742 = ORIENTED_EDGE('',*,*,#6743,.F.);
#6743 = EDGE_CURVE('',#6704,#6736,#6744,.T.);
#6744 = LINE('',#6745,#6746);
#6745 = CARTESIAN_POINT('',(184.,-47.,0.));
#6746 = VECTOR('',#6747,1.);
#6747 = DIRECTION('',(0.,-1.,0.));
#6748 = PLANE('',#6749);
#6749 = AXIS2_PLACEMENT_3D('',#6750,#6751,#6752);
#6750 = CARTESIAN_POINT('',(184.,-47.,0.));
#6751 = DIRECTION('',(1.,0.,-0.));
#6752 = DIRECTION('',(0.,-1.,0.));
#6753 = ADVANCED_FACE('',(#6754),#6779,.F.);
#6754 = FACE_BOUND('',#6755,.F.);
#6755 = EDGE_LOOP('',(#6756,#6757,#6765,#6773));
#6756 = ORIENTED_EDGE('',*,*,#6735,.T.);
#6757 = ORIENTED_EDGE('',*,*,#6758,.T.);
#6758 = EDGE_CURVE('',#6728,#6759,#6761,.T.);
#6759 = VERTEX_POINT('',#6760);
#6760 = CARTESIAN_POINT('',(170.6,-134.675,1.6));
#6761 = LINE('',#6762,#6763);
#6762 = CARTESIAN_POINT('',(184.,-111.5,1.6));
#6763 = VECTOR('',#6764,1.);
#6764 = DIRECTION('',(-0.500557630834,-0.865703216012,0.));
#6765 = ORIENTED_EDGE('',*,*,#6766,.F.);
#6766 = EDGE_CURVE('',#6767,#6759,#6769,.T.);
#6767 = VERTEX_POINT('',#6768);
#6768 = CARTESIAN_POINT('',(170.6,-134.675,0.));
#6769 = LINE('',#6770,#6771);
#6770 = CARTESIAN_POINT('',(170.6,-134.675,0.));
#6771 = VECTOR('',#6772,1.);
#6772 = DIRECTION('',(0.,0.,1.));
#6773 = ORIENTED_EDGE('',*,*,#6774,.F.);
#6774 = EDGE_CURVE('',#6736,#6767,#6775,.T.);
#6775 = LINE('',#6776,#6777);
#6776 = CARTESIAN_POINT('',(184.,-111.5,0.));
#6777 = VECTOR('',#6778,1.);
#6778 = DIRECTION('',(-0.500557630834,-0.865703216012,0.));
#6779 = PLANE('',#6780);
#6780 = AXIS2_PLACEMENT_3D('',#6781,#6782,#6783);
#6781 = CARTESIAN_POINT('',(184.,-111.5,0.));
#6782 = DIRECTION('',(0.865703216012,-0.500557630834,0.));
#6783 = DIRECTION('',(-0.500557630834,-0.865703216012,0.));
#6784 = ADVANCED_FACE('',(#6785),#6810,.F.);
#6785 = FACE_BOUND('',#6786,.F.);
#6786 = EDGE_LOOP('',(#6787,#6788,#6796,#6804));
#6787 = ORIENTED_EDGE('',*,*,#6766,.T.);
#6788 = ORIENTED_EDGE('',*,*,#6789,.T.);
#6789 = EDGE_CURVE('',#6759,#6790,#6792,.T.);
#6790 = VERTEX_POINT('',#6791);
#6791 = CARTESIAN_POINT('',(154.125,-125.175,1.6));
#6792 = LINE('',#6793,#6794);
#6793 = CARTESIAN_POINT('',(170.6,-134.675,1.6));
#6794 = VECTOR('',#6795,1.);
#6795 = DIRECTION('',(-0.866294990359,0.499532771376,0.));
#6796 = ORIENTED_EDGE('',*,*,#6797,.F.);
#6797 = EDGE_CURVE('',#6798,#6790,#6800,.T.);
#6798 = VERTEX_POINT('',#6799);
#6799 = CARTESIAN_POINT('',(154.125,-125.175,0.));
#6800 = LINE('',#6801,#6802);
#6801 = CARTESIAN_POINT('',(154.125,-125.175,0.));
#6802 = VECTOR('',#6803,1.);
#6803 = DIRECTION('',(0.,0.,1.));
#6804 = ORIENTED_EDGE('',*,*,#6805,.F.);
#6805 = EDGE_CURVE('',#6767,#6798,#6806,.T.);
#6806 = LINE('',#6807,#6808);
#6807 = CARTESIAN_POINT('',(170.6,-134.675,0.));
#6808 = VECTOR('',#6809,1.);
#6809 = DIRECTION('',(-0.866294990359,0.499532771376,0.));
#6810 = PLANE('',#6811);
#6811 = AXIS2_PLACEMENT_3D('',#6812,#6813,#6814);
#6812 = CARTESIAN_POINT('',(170.6,-134.675,0.));
#6813 = DIRECTION('',(-0.499532771376,-0.866294990359,0.));
#6814 = DIRECTION('',(-0.866294990359,0.499532771376,0.));
#6815 = ADVANCED_FACE('',(#6816),#6841,.F.);
#6816 = FACE_BOUND('',#6817,.F.);
#6817 = EDGE_LOOP('',(#6818,#6819,#6827,#6835));
#6818 = ORIENTED_EDGE('',*,*,#6797,.T.);
#6819 = ORIENTED_EDGE('',*,*,#6820,.T.);
#6820 = EDGE_CURVE('',#6790,#6821,#6823,.T.);
#6821 = VERTEX_POINT('',#6822);
#6822 = CARTESIAN_POINT('',(116.525,-120.2,1.6));
#6823 = LINE('',#6824,#6825);
#6824 = CARTESIAN_POINT('',(154.125,-125.175,1.6));
#6825 = VECTOR('',#6826,1.);
#6826 = DIRECTION('',(-0.991359808692,0.131170612985,0.));
#6827 = ORIENTED_EDGE('',*,*,#6828,.F.);
#6828 = EDGE_CURVE('',#6829,#6821,#6831,.T.);
#6829 = VERTEX_POINT('',#6830);
#6830 = CARTESIAN_POINT('',(116.525,-120.2,0.));
#6831 = LINE('',#6832,#6833);
#6832 = CARTESIAN_POINT('',(116.525,-120.2,0.));
#6833 = VECTOR('',#6834,1.);
#6834 = DIRECTION('',(0.,0.,1.));
#6835 = ORIENTED_EDGE('',*,*,#6836,.F.);
#6836 = EDGE_CURVE('',#6798,#6829,#6837,.T.);
#6837 = LINE('',#6838,#6839);
#6838 = CARTESIAN_POINT('',(154.125,-125.175,0.));
#6839 = VECTOR('',#6840,1.);
#6840 = DIRECTION('',(-0.991359808692,0.131170612985,0.));
#6841 = PLANE('',#6842);
#6842 = AXIS2_PLACEMENT_3D('',#6843,#6844,#6845);
#6843 = CARTESIAN_POINT('',(154.125,-125.175,0.));
#6844 = DIRECTION('',(-0.131170612985,-0.991359808692,0.));
#6845 = DIRECTION('',(-0.991359808692,0.131170612985,0.));
#6846 = ADVANCED_FACE('',(#6847),#6872,.F.);
#6847 = FACE_BOUND('',#6848,.F.);
#6848 = EDGE_LOOP('',(#6849,#6850,#6858,#6866));
#6849 = ORIENTED_EDGE('',*,*,#6828,.T.);
#6850 = ORIENTED_EDGE('',*,*,#6851,.T.);
#6851 = EDGE_CURVE('',#6821,#6852,#6854,.T.);
#6852 = VERTEX_POINT('',#6853);
#6853 = CARTESIAN_POINT('',(106.975,-107.,1.6));
#6854 = LINE('',#6855,#6856);
#6855 = CARTESIAN_POINT('',(116.525,-120.2,1.6));
#6856 = VECTOR('',#6857,1.);
#6857 = DIRECTION('',(-0.586162650189,0.810193401308,0.));
#6858 = ORIENTED_EDGE('',*,*,#6859,.F.);
#6859 = EDGE_CURVE('',#6860,#6852,#6862,.T.);
#6860 = VERTEX_POINT('',#6861);
#6861 = CARTESIAN_POINT('',(106.975,-107.,0.));
#6862 = LINE('',#6863,#6864);
#6863 = CARTESIAN_POINT('',(106.975,-107.,0.));
#6864 = VECTOR('',#6865,1.);
#6865 = DIRECTION('',(0.,0.,1.));
#6866 = ORIENTED_EDGE('',*,*,#6867,.F.);
#6867 = EDGE_CURVE('',#6829,#6860,#6868,.T.);
#6868 = LINE('',#6869,#6870);
#6869 = CARTESIAN_POINT('',(116.525,-120.2,0.));
#6870 = VECTOR('',#6871,1.);
#6871 = DIRECTION('',(-0.586162650189,0.810193401308,0.));
#6872 = PLANE('',#6873);
#6873 = AXIS2_PLACEMENT_3D('',#6874,#6875,#6876);
#6874 = CARTESIAN_POINT('',(116.525,-120.2,0.));
#6875 = DIRECTION('',(-0.810193401308,-0.586162650189,0.));
#6876 = DIRECTION('',(-0.586162650189,0.810193401308,0.));
#6877 = ADVANCED_FACE('',(#6878),#6903,.F.);
#6878 = FACE_BOUND('',#6879,.F.);
#6879 = EDGE_LOOP('',(#6880,#6881,#6889,#6897));
#6880 = ORIENTED_EDGE('',*,*,#6859,.T.);
#6881 = ORIENTED_EDGE('',*,*,#6882,.T.);
#6882 = EDGE_CURVE('',#6852,#6883,#6885,.T.);
#6883 = VERTEX_POINT('',#6884);
#6884 = CARTESIAN_POINT('',(98.,-107.,1.6));
#6885 = LINE('',#6886,#6887);
#6886 = CARTESIAN_POINT('',(106.975,-107.,1.6));
#6887 = VECTOR('',#6888,1.);
#6888 = DIRECTION('',(-1.,0.,0.));
#6889 = ORIENTED_EDGE('',*,*,#6890,.F.);
#6890 = EDGE_CURVE('',#6891,#6883,#6893,.T.);
#6891 = VERTEX_POINT('',#6892);
#6892 = CARTESIAN_POINT('',(98.,-107.,0.));
#6893 = LINE('',#6894,#6895);
#6894 = CARTESIAN_POINT('',(98.,-107.,0.));
#6895 = VECTOR('',#6896,1.);
#6896 = DIRECTION('',(0.,0.,1.));
#6897 = ORIENTED_EDGE('',*,*,#6898,.F.);
#6898 = EDGE_CURVE('',#6860,#6891,#6899,.T.);
#6899 = LINE('',#6900,#6901);
#6900 = CARTESIAN_POINT('',(106.975,-107.,0.));
#6901 = VECTOR('',#6902,1.);
#6902 = DIRECTION('',(-1.,0.,0.));
#6903 = PLANE('',#6904);
#6904 = AXIS2_PLACEMENT_3D('',#6905,#6906,#6907);
#6905 = CARTESIAN_POINT('',(106.975,-107.,0.));
#6906 = DIRECTION('',(0.,-1.,0.));
#6907 = DIRECTION('',(-1.,0.,0.));
#6908 = ADVANCED_FACE('',(#6909),#6934,.F.);
#6909 = FACE_BOUND('',#6910,.F.);
#6910 = EDGE_LOOP('',(#6911,#6912,#6920,#6928));
#6911 = ORIENTED_EDGE('',*,*,#6890,.T.);
#6912 = ORIENTED_EDGE('',*,*,#6913,.T.);
#6913 = EDGE_CURVE('',#6883,#6914,#6916,.T.);
#6914 = VERTEX_POINT('',#6915);
#6915 = CARTESIAN_POINT('',(97.999986,-112.999986,1.6));
#6916 = LINE('',#6917,#6918);
#6917 = CARTESIAN_POINT('',(98.,-107.,1.6));
#6918 = VECTOR('',#6919,1.);
#6919 = DIRECTION('',(-2.33333877663E-06,-0.999999999997,0.));
#6920 = ORIENTED_EDGE('',*,*,#6921,.F.);
#6921 = EDGE_CURVE('',#6922,#6914,#6924,.T.);
#6922 = VERTEX_POINT('',#6923);
#6923 = CARTESIAN_POINT('',(97.999986,-112.999986,0.));
#6924 = LINE('',#6925,#6926);
#6925 = CARTESIAN_POINT('',(97.999986,-112.999986,0.));
#6926 = VECTOR('',#6927,1.);
#6927 = DIRECTION('',(0.,0.,1.));
#6928 = ORIENTED_EDGE('',*,*,#6929,.F.);
#6929 = EDGE_CURVE('',#6891,#6922,#6930,.T.);
#6930 = LINE('',#6931,#6932);
#6931 = CARTESIAN_POINT('',(98.,-107.,0.));
#6932 = VECTOR('',#6933,1.);
#6933 = DIRECTION('',(-2.33333877663E-06,-0.999999999997,0.));
#6934 = PLANE('',#6935);
#6935 = AXIS2_PLACEMENT_3D('',#6936,#6937,#6938);
#6936 = CARTESIAN_POINT('',(98.,-107.,0.));
#6937 = DIRECTION('',(0.999999999997,-2.33333877663E-06,0.));
#6938 = DIRECTION('',(-2.33333877663E-06,-0.999999999997,0.));
#6939 = ADVANCED_FACE('',(#6940),#6967,.T.);
#6940 = FACE_BOUND('',#6941,.F.);
#6941 = EDGE_LOOP('',(#6942,#6943,#6952,#6960));
#6942 = ORIENTED_EDGE('',*,*,#6921,.T.);
#6943 = ORIENTED_EDGE('',*,*,#6944,.T.);
#6944 = EDGE_CURVE('',#6914,#6945,#6947,.T.);
#6945 = VERTEX_POINT('',#6946);
#6946 = CARTESIAN_POINT('',(99.999986,-114.999986,1.6));
#6947 = CIRCLE('',#6948,1.999964364797);
#6948 = AXIS2_PLACEMENT_3D('',#6949,#6950,#6951);
#6949 = CARTESIAN_POINT('',(99.999950364479,-113.0000216355,1.6));
#6950 = DIRECTION('',(0.,0.,1.));
#6951 = DIRECTION('',(-0.999999999841,1.781807791227E-05,0.));
#6952 = ORIENTED_EDGE('',*,*,#6953,.F.);
#6953 = EDGE_CURVE('',#6954,#6945,#6956,.T.);
#6954 = VERTEX_POINT('',#6955);
#6955 = CARTESIAN_POINT('',(99.999986,-114.999986,0.));
#6956 = LINE('',#6957,#6958);
#6957 = CARTESIAN_POINT('',(99.999986,-114.999986,0.));
#6958 = VECTOR('',#6959,1.);
#6959 = DIRECTION('',(0.,0.,1.));
#6960 = ORIENTED_EDGE('',*,*,#6961,.F.);
#6961 = EDGE_CURVE('',#6922,#6954,#6962,.T.);
#6962 = CIRCLE('',#6963,1.999964364797);
#6963 = AXIS2_PLACEMENT_3D('',#6964,#6965,#6966);
#6964 = CARTESIAN_POINT('',(99.999950364479,-113.0000216355,0.));
#6965 = DIRECTION('',(0.,0.,1.));
#6966 = DIRECTION('',(-0.999999999841,1.781807791227E-05,0.));
#6967 = CYLINDRICAL_SURFACE('',#6968,1.999964364797);
#6968 = AXIS2_PLACEMENT_3D('',#6969,#6970,#6971);
#6969 = CARTESIAN_POINT('',(99.999950364479,-113.0000216355,0.));
#6970 = DIRECTION('',(-0.,-0.,-1.));
#6971 = DIRECTION('',(-0.999999999841,1.781807791227E-05,0.));
#6972 = ADVANCED_FACE('',(#6973),#6998,.F.);
#6973 = FACE_BOUND('',#6974,.F.);
#6974 = EDGE_LOOP('',(#6975,#6976,#6984,#6992));
#6975 = ORIENTED_EDGE('',*,*,#6953,.T.);
#6976 = ORIENTED_EDGE('',*,*,#6977,.T.);
#6977 = EDGE_CURVE('',#6945,#6978,#6980,.T.);
#6978 = VERTEX_POINT('',#6979);
#6979 = CARTESIAN_POINT('',(104.,-115.,1.6));
#6980 = LINE('',#6981,#6982);
#6981 = CARTESIAN_POINT('',(99.999986,-114.999986,1.6));
#6982 = VECTOR('',#6983,1.);
#6983 = DIRECTION('',(0.999999999994,-3.49998774829E-06,0.));
#6984 = ORIENTED_EDGE('',*,*,#6985,.F.);
#6985 = EDGE_CURVE('',#6986,#6978,#6988,.T.);
#6986 = VERTEX_POINT('',#6987);
#6987 = CARTESIAN_POINT('',(104.,-115.,0.));
#6988 = LINE('',#6989,#6990);
#6989 = CARTESIAN_POINT('',(104.,-115.,0.));
#6990 = VECTOR('',#6991,1.);
#6991 = DIRECTION('',(0.,0.,1.));
#6992 = ORIENTED_EDGE('',*,*,#6993,.F.);
#6993 = EDGE_CURVE('',#6954,#6986,#6994,.T.);
#6994 = LINE('',#6995,#6996);
#6995 = CARTESIAN_POINT('',(99.999986,-114.999986,0.));
#6996 = VECTOR('',#6997,1.);
#6997 = DIRECTION('',(0.999999999994,-3.49998774829E-06,0.));
#6998 = PLANE('',#6999);
#6999 = AXIS2_PLACEMENT_3D('',#7000,#7001,#7002);
#7000 = CARTESIAN_POINT('',(99.999986,-114.999986,0.));
#7001 = DIRECTION('',(3.49998774829E-06,0.999999999994,-0.));
#7002 = DIRECTION('',(0.999999999994,-3.49998774829E-06,0.));
#7003 = ADVANCED_FACE('',(#7004),#7031,.F.);
#7004 = FACE_BOUND('',#7005,.F.);
#7005 = EDGE_LOOP('',(#7006,#7007,#7016,#7024));
#7006 = ORIENTED_EDGE('',*,*,#6985,.T.);
#7007 = ORIENTED_EDGE('',*,*,#7008,.T.);
#7008 = EDGE_CURVE('',#6978,#7009,#7011,.T.);
#7009 = VERTEX_POINT('',#7010);
#7010 = CARTESIAN_POINT('',(105.,-116.,1.6));
#7011 = CIRCLE('',#7012,0.999999252925);
#7012 = AXIS2_PLACEMENT_3D('',#7013,#7014,#7015);
#7013 = CARTESIAN_POINT('',(104.00000074707,-115.9999992529,1.6));
#7014 = DIRECTION('',(0.,0.,-1.));
#7015 = DIRECTION('',(-7.47075720743E-07,1.,0.));
#7016 = ORIENTED_EDGE('',*,*,#7017,.F.);
#7017 = EDGE_CURVE('',#7018,#7009,#7020,.T.);
#7018 = VERTEX_POINT('',#7019);
#7019 = CARTESIAN_POINT('',(105.,-116.,0.));
#7020 = LINE('',#7021,#7022);
#7021 = CARTESIAN_POINT('',(105.,-116.,0.));
#7022 = VECTOR('',#7023,1.);
#7023 = DIRECTION('',(0.,0.,1.));
#7024 = ORIENTED_EDGE('',*,*,#7025,.F.);
#7025 = EDGE_CURVE('',#6986,#7018,#7026,.T.);
#7026 = CIRCLE('',#7027,0.999999252925);
#7027 = AXIS2_PLACEMENT_3D('',#7028,#7029,#7030);
#7028 = CARTESIAN_POINT('',(104.00000074707,-115.9999992529,0.));
#7029 = DIRECTION('',(0.,0.,-1.));
#7030 = DIRECTION('',(-7.47075720743E-07,1.,0.));
#7031 = CYLINDRICAL_SURFACE('',#7032,0.999999252925);
#7032 = AXIS2_PLACEMENT_3D('',#7033,#7034,#7035);
#7033 = CARTESIAN_POINT('',(104.00000074707,-115.9999992529,0.));
#7034 = DIRECTION('',(0.,0.,-1.));
#7035 = DIRECTION('',(-7.47075720743E-07,1.,0.));
#7036 = ADVANCED_FACE('',(#7037),#7062,.F.);
#7037 = FACE_BOUND('',#7038,.F.);
#7038 = EDGE_LOOP('',(#7039,#7040,#7048,#7056));
#7039 = ORIENTED_EDGE('',*,*,#7017,.T.);
#7040 = ORIENTED_EDGE('',*,*,#7041,.T.);
#7041 = EDGE_CURVE('',#7009,#7042,#7044,.T.);
#7042 = VERTEX_POINT('',#7043);
#7043 = CARTESIAN_POINT('',(105.,-139.,1.6));
#7044 = LINE('',#7045,#7046);
#7045 = CARTESIAN_POINT('',(105.,-116.,1.6));
#7046 = VECTOR('',#7047,1.);
#7047 = DIRECTION('',(0.,-1.,0.));
#7048 = ORIENTED_EDGE('',*,*,#7049,.F.);
#7049 = EDGE_CURVE('',#7050,#7042,#7052,.T.);
#7050 = VERTEX_POINT('',#7051);
#7051 = CARTESIAN_POINT('',(105.,-139.,0.));
#7052 = LINE('',#7053,#7054);
#7053 = CARTESIAN_POINT('',(105.,-139.,0.));
#7054 = VECTOR('',#7055,1.);
#7055 = DIRECTION('',(0.,0.,1.));
#7056 = ORIENTED_EDGE('',*,*,#7057,.F.);
#7057 = EDGE_CURVE('',#7018,#7050,#7058,.T.);
#7058 = LINE('',#7059,#7060);
#7059 = CARTESIAN_POINT('',(105.,-116.,0.));
#7060 = VECTOR('',#7061,1.);
#7061 = DIRECTION('',(0.,-1.,0.));
#7062 = PLANE('',#7063);
#7063 = AXIS2_PLACEMENT_3D('',#7064,#7065,#7066);
#7064 = CARTESIAN_POINT('',(105.,-116.,0.));
#7065 = DIRECTION('',(1.,0.,-0.));
#7066 = DIRECTION('',(0.,-1.,0.));
#7067 = ADVANCED_FACE('',(#7068),#7095,.T.);
#7068 = FACE_BOUND('',#7069,.F.);
#7069 = EDGE_LOOP('',(#7070,#7071,#7080,#7088));
#7070 = ORIENTED_EDGE('',*,*,#7049,.T.);
#7071 = ORIENTED_EDGE('',*,*,#7072,.T.);
#7072 = EDGE_CURVE('',#7042,#7073,#7075,.T.);
#7073 = VERTEX_POINT('',#7074);
#7074 = CARTESIAN_POINT('',(106.,-140.,1.6));
#7075 = CIRCLE('',#7076,0.999999252925);
#7076 = AXIS2_PLACEMENT_3D('',#7077,#7078,#7079);
#7077 = CARTESIAN_POINT('',(105.99999925292,-139.000000747,1.6));
#7078 = DIRECTION('',(0.,0.,1.));
#7079 = DIRECTION('',(-1.,7.470757349539E-07,0.));
#7080 = ORIENTED_EDGE('',*,*,#7081,.F.);
#7081 = EDGE_CURVE('',#7082,#7073,#7084,.T.);
#7082 = VERTEX_POINT('',#7083);
#7083 = CARTESIAN_POINT('',(106.,-140.,0.));
#7084 = LINE('',#7085,#7086);
#7085 = CARTESIAN_POINT('',(106.,-140.,0.));
#7086 = VECTOR('',#7087,1.);
#7087 = DIRECTION('',(0.,0.,1.));
#7088 = ORIENTED_EDGE('',*,*,#7089,.F.);
#7089 = EDGE_CURVE('',#7050,#7082,#7090,.T.);
#7090 = CIRCLE('',#7091,0.999999252925);
#7091 = AXIS2_PLACEMENT_3D('',#7092,#7093,#7094);
#7092 = CARTESIAN_POINT('',(105.99999925292,-139.000000747,0.));
#7093 = DIRECTION('',(0.,0.,1.));
#7094 = DIRECTION('',(-1.,7.470757349539E-07,0.));
#7095 = CYLINDRICAL_SURFACE('',#7096,0.999999252925);
#7096 = AXIS2_PLACEMENT_3D('',#7097,#7098,#7099);
#7097 = CARTESIAN_POINT('',(105.99999925292,-139.000000747,0.));
#7098 = DIRECTION('',(-0.,-0.,-1.));
#7099 = DIRECTION('',(-1.,7.470757349539E-07,0.));
#7100 = ADVANCED_FACE('',(#7101),#7126,.F.);
#7101 = FACE_BOUND('',#7102,.F.);
#7102 = EDGE_LOOP('',(#7103,#7104,#7112,#7120));
#7103 = ORIENTED_EDGE('',*,*,#7081,.T.);
#7104 = ORIENTED_EDGE('',*,*,#7105,.T.);
#7105 = EDGE_CURVE('',#7073,#7106,#7108,.T.);
#7106 = VERTEX_POINT('',#7107);
#7107 = CARTESIAN_POINT('',(268.000014,-140.,1.6));
#7108 = LINE('',#7109,#7110);
#7109 = CARTESIAN_POINT('',(106.,-140.,1.6));
#7110 = VECTOR('',#7111,1.);
#7111 = DIRECTION('',(1.,0.,0.));
#7112 = ORIENTED_EDGE('',*,*,#7113,.F.);
#7113 = EDGE_CURVE('',#7114,#7106,#7116,.T.);
#7114 = VERTEX_POINT('',#7115);
#7115 = CARTESIAN_POINT('',(268.000014,-140.,0.));
#7116 = LINE('',#7117,#7118);
#7117 = CARTESIAN_POINT('',(268.000014,-140.,0.));
#7118 = VECTOR('',#7119,1.);
#7119 = DIRECTION('',(0.,0.,1.));
#7120 = ORIENTED_EDGE('',*,*,#7121,.F.);
#7121 = EDGE_CURVE('',#7082,#7114,#7122,.T.);
#7122 = LINE('',#7123,#7124);
#7123 = CARTESIAN_POINT('',(106.,-140.,0.));
#7124 = VECTOR('',#7125,1.);
#7125 = DIRECTION('',(1.,0.,0.));
#7126 = PLANE('',#7127);
#7127 = AXIS2_PLACEMENT_3D('',#7128,#7129,#7130);
#7128 = CARTESIAN_POINT('',(106.,-140.,0.));
#7129 = DIRECTION('',(0.,1.,0.));
#7130 = DIRECTION('',(1.,0.,0.));
#7131 = ADVANCED_FACE('',(#7132),#7159,.T.);
#7132 = FACE_BOUND('',#7133,.F.);
#7133 = EDGE_LOOP('',(#7134,#7135,#7144,#7152));
#7134 = ORIENTED_EDGE('',*,*,#7113,.T.);
#7135 = ORIENTED_EDGE('',*,*,#7136,.T.);
#7136 = EDGE_CURVE('',#7106,#7137,#7139,.T.);
#7137 = VERTEX_POINT('',#7138);
#7138 = CARTESIAN_POINT('',(269.000014,-139.,1.6));
#7139 = CIRCLE('',#7140,0.999999252925);
#7140 = AXIS2_PLACEMENT_3D('',#7141,#7142,#7143);
#7141 = CARTESIAN_POINT('',(268.00001474707,-139.000000747,1.6));
#7142 = DIRECTION('',(0.,0.,1.));
#7143 = DIRECTION('',(-7.470756496887E-07,-1.,0.));
#7144 = ORIENTED_EDGE('',*,*,#7145,.F.);
#7145 = EDGE_CURVE('',#7146,#7137,#7148,.T.);
#7146 = VERTEX_POINT('',#7147);
#7147 = CARTESIAN_POINT('',(269.000014,-139.,0.));
#7148 = LINE('',#7149,#7150);
#7149 = CARTESIAN_POINT('',(269.000014,-139.,0.));
#7150 = VECTOR('',#7151,1.);
#7151 = DIRECTION('',(0.,0.,1.));
#7152 = ORIENTED_EDGE('',*,*,#7153,.F.);
#7153 = EDGE_CURVE('',#7114,#7146,#7154,.T.);
#7154 = CIRCLE('',#7155,0.999999252925);
#7155 = AXIS2_PLACEMENT_3D('',#7156,#7157,#7158);
#7156 = CARTESIAN_POINT('',(268.00001474707,-139.000000747,0.));
#7157 = DIRECTION('',(0.,0.,1.));
#7158 = DIRECTION('',(-7.470756496887E-07,-1.,0.));
#7159 = CYLINDRICAL_SURFACE('',#7160,0.999999252925);
#7160 = AXIS2_PLACEMENT_3D('',#7161,#7162,#7163);
#7161 = CARTESIAN_POINT('',(268.00001474707,-139.000000747,0.));
#7162 = DIRECTION('',(-0.,-0.,-1.));
#7163 = DIRECTION('',(-7.470756496887E-07,-1.,0.));
#7164 = ADVANCED_FACE('',(#7165),#7190,.F.);
#7165 = FACE_BOUND('',#7166,.F.);
#7166 = EDGE_LOOP('',(#7167,#7168,#7176,#7184));
#7167 = ORIENTED_EDGE('',*,*,#7145,.T.);
#7168 = ORIENTED_EDGE('',*,*,#7169,.T.);
#7169 = EDGE_CURVE('',#7137,#7170,#7172,.T.);
#7170 = VERTEX_POINT('',#7171);
#7171 = CARTESIAN_POINT('',(269.000014,-116.,1.6));
#7172 = LINE('',#7173,#7174);
#7173 = CARTESIAN_POINT('',(269.000014,-139.,1.6));
#7174 = VECTOR('',#7175,1.);
#7175 = DIRECTION('',(0.,1.,0.));
#7176 = ORIENTED_EDGE('',*,*,#7177,.F.);
#7177 = EDGE_CURVE('',#7178,#7170,#7180,.T.);
#7178 = VERTEX_POINT('',#7179);
#7179 = CARTESIAN_POINT('',(269.000014,-116.,0.));
#7180 = LINE('',#7181,#7182);
#7181 = CARTESIAN_POINT('',(269.000014,-116.,0.));
#7182 = VECTOR('',#7183,1.);
#7183 = DIRECTION('',(0.,0.,1.));
#7184 = ORIENTED_EDGE('',*,*,#7185,.F.);
#7185 = EDGE_CURVE('',#7146,#7178,#7186,.T.);
#7186 = LINE('',#7187,#7188);
#7187 = CARTESIAN_POINT('',(269.000014,-139.,0.));
#7188 = VECTOR('',#7189,1.);
#7189 = DIRECTION('',(0.,1.,0.));
#7190 = PLANE('',#7191);
#7191 = AXIS2_PLACEMENT_3D('',#7192,#7193,#7194);
#7192 = CARTESIAN_POINT('',(269.000014,-139.,0.));
#7193 = DIRECTION('',(-1.,0.,0.));
#7194 = DIRECTION('',(0.,1.,0.));
#7195 = ADVANCED_FACE('',(#7196),#7223,.F.);
#7196 = FACE_BOUND('',#7197,.F.);
#7197 = EDGE_LOOP('',(#7198,#7199,#7208,#7216));
#7198 = ORIENTED_EDGE('',*,*,#7177,.T.);
#7199 = ORIENTED_EDGE('',*,*,#7200,.T.);
#7200 = EDGE_CURVE('',#7170,#7201,#7203,.T.);
#7201 = VERTEX_POINT('',#7202);
#7202 = CARTESIAN_POINT('',(270.000014,-115.,1.6));
#7203 = CIRCLE('',#7204,0.999999252925);
#7204 = AXIS2_PLACEMENT_3D('',#7205,#7206,#7207);
#7205 = CARTESIAN_POINT('',(270.00001325292,-115.9999992529,1.6));
#7206 = DIRECTION('',(0.,0.,-1.));
#7207 = DIRECTION('',(-1.,-7.470757491648E-07,-0.));
#7208 = ORIENTED_EDGE('',*,*,#7209,.F.);
#7209 = EDGE_CURVE('',#7210,#7201,#7212,.T.);
#7210 = VERTEX_POINT('',#7211);
#7211 = CARTESIAN_POINT('',(270.000014,-115.,0.));
#7212 = LINE('',#7213,#7214);
#7213 = CARTESIAN_POINT('',(270.000014,-115.,0.));
#7214 = VECTOR('',#7215,1.);
#7215 = DIRECTION('',(0.,0.,1.));
#7216 = ORIENTED_EDGE('',*,*,#7217,.F.);
#7217 = EDGE_CURVE('',#7178,#7210,#7218,.T.);
#7218 = CIRCLE('',#7219,0.999999252925);
#7219 = AXIS2_PLACEMENT_3D('',#7220,#7221,#7222);
#7220 = CARTESIAN_POINT('',(270.00001325292,-115.9999992529,0.));
#7221 = DIRECTION('',(0.,0.,-1.));
#7222 = DIRECTION('',(-1.,-7.470757491648E-07,-0.));
#7223 = CYLINDRICAL_SURFACE('',#7224,0.999999252925);
#7224 = AXIS2_PLACEMENT_3D('',#7225,#7226,#7227);
#7225 = CARTESIAN_POINT('',(270.00001325292,-115.9999992529,0.));
#7226 = DIRECTION('',(0.,0.,-1.));
#7227 = DIRECTION('',(-1.,-7.470757491648E-07,-0.));
#7228 = ADVANCED_FACE('',(#7229),#7254,.F.);
#7229 = FACE_BOUND('',#7230,.F.);
#7230 = EDGE_LOOP('',(#7231,#7232,#7240,#7248));
#7231 = ORIENTED_EDGE('',*,*,#7209,.T.);
#7232 = ORIENTED_EDGE('',*,*,#7233,.T.);
#7233 = EDGE_CURVE('',#7201,#7234,#7236,.T.);
#7234 = VERTEX_POINT('',#7235);
#7235 = CARTESIAN_POINT('',(274.000028,-114.999986,1.6));
#7236 = LINE('',#7237,#7238);
#7237 = CARTESIAN_POINT('',(270.000014,-115.,1.6));
#7238 = VECTOR('',#7239,1.);
#7239 = DIRECTION('',(0.999999999994,3.49998774829E-06,0.));
#7240 = ORIENTED_EDGE('',*,*,#7241,.F.);
#7241 = EDGE_CURVE('',#7242,#7234,#7244,.T.);
#7242 = VERTEX_POINT('',#7243);
#7243 = CARTESIAN_POINT('',(274.000028,-114.999986,0.));
#7244 = LINE('',#7245,#7246);
#7245 = CARTESIAN_POINT('',(274.000028,-114.999986,0.));
#7246 = VECTOR('',#7247,1.);
#7247 = DIRECTION('',(0.,0.,1.));
#7248 = ORIENTED_EDGE('',*,*,#7249,.F.);
#7249 = EDGE_CURVE('',#7210,#7242,#7250,.T.);
#7250 = LINE('',#7251,#7252);
#7251 = CARTESIAN_POINT('',(270.000014,-115.,0.));
#7252 = VECTOR('',#7253,1.);
#7253 = DIRECTION('',(0.999999999994,3.49998774829E-06,0.));
#7254 = PLANE('',#7255);
#7255 = AXIS2_PLACEMENT_3D('',#7256,#7257,#7258);
#7256 = CARTESIAN_POINT('',(270.000014,-115.,0.));
#7257 = DIRECTION('',(-3.49998774829E-06,0.999999999994,0.));
#7258 = DIRECTION('',(0.999999999994,3.49998774829E-06,0.));
#7259 = ADVANCED_FACE('',(#7260),#7287,.T.);
#7260 = FACE_BOUND('',#7261,.F.);
#7261 = EDGE_LOOP('',(#7262,#7263,#7272,#7280));
#7262 = ORIENTED_EDGE('',*,*,#7241,.T.);
#7263 = ORIENTED_EDGE('',*,*,#7264,.T.);
#7264 = EDGE_CURVE('',#7234,#7265,#7267,.T.);
#7265 = VERTEX_POINT('',#7266);
#7266 = CARTESIAN_POINT('',(276.000028,-112.999986,1.6));
#7267 = CIRCLE('',#7268,1.999964364797);
#7268 = AXIS2_PLACEMENT_3D('',#7269,#7270,#7271);
#7269 = CARTESIAN_POINT('',(274.00006363552,-113.0000216355,1.6));
#7270 = DIRECTION('',(0.,0.,1.));
#7271 = DIRECTION('',(-1.781807788385E-05,-0.999999999841,0.));
#7272 = ORIENTED_EDGE('',*,*,#7273,.F.);
#7273 = EDGE_CURVE('',#7274,#7265,#7276,.T.);
#7274 = VERTEX_POINT('',#7275);
#7275 = CARTESIAN_POINT('',(276.000028,-112.999986,0.));
#7276 = LINE('',#7277,#7278);
#7277 = CARTESIAN_POINT('',(276.000028,-112.999986,0.));
#7278 = VECTOR('',#7279,1.);
#7279 = DIRECTION('',(0.,0.,1.));
#7280 = ORIENTED_EDGE('',*,*,#7281,.F.);
#7281 = EDGE_CURVE('',#7242,#7274,#7282,.T.);
#7282 = CIRCLE('',#7283,1.999964364797);
#7283 = AXIS2_PLACEMENT_3D('',#7284,#7285,#7286);
#7284 = CARTESIAN_POINT('',(274.00006363552,-113.0000216355,0.));
#7285 = DIRECTION('',(0.,0.,1.));
#7286 = DIRECTION('',(-1.781807788385E-05,-0.999999999841,0.));
#7287 = CYLINDRICAL_SURFACE('',#7288,1.999964364797);
#7288 = AXIS2_PLACEMENT_3D('',#7289,#7290,#7291);
#7289 = CARTESIAN_POINT('',(274.00006363552,-113.0000216355,0.));
#7290 = DIRECTION('',(-0.,-0.,-1.));
#7291 = DIRECTION('',(-1.781807788385E-05,-0.999999999841,0.));
#7292 = ADVANCED_FACE('',(#7293),#7318,.F.);
#7293 = FACE_BOUND('',#7294,.F.);
#7294 = EDGE_LOOP('',(#7295,#7296,#7304,#7312));
#7295 = ORIENTED_EDGE('',*,*,#7273,.T.);
#7296 = ORIENTED_EDGE('',*,*,#7297,.T.);
#7297 = EDGE_CURVE('',#7265,#7298,#7300,.T.);
#7298 = VERTEX_POINT('',#7299);
#7299 = CARTESIAN_POINT('',(276.000014,-107.,1.6));
#7300 = LINE('',#7301,#7302);
#7301 = CARTESIAN_POINT('',(276.000028,-112.999986,1.6));
#7302 = VECTOR('',#7303,1.);
#7303 = DIRECTION('',(-2.333338771893E-06,0.999999999997,0.));
#7304 = ORIENTED_EDGE('',*,*,#7305,.F.);
#7305 = EDGE_CURVE('',#7306,#7298,#7308,.T.);
#7306 = VERTEX_POINT('',#7307);
#7307 = CARTESIAN_POINT('',(276.000014,-107.,0.));
#7308 = LINE('',#7309,#7310);
#7309 = CARTESIAN_POINT('',(276.000014,-107.,0.));
#7310 = VECTOR('',#7311,1.);
#7311 = DIRECTION('',(0.,0.,1.));
#7312 = ORIENTED_EDGE('',*,*,#7313,.F.);
#7313 = EDGE_CURVE('',#7274,#7306,#7314,.T.);
#7314 = LINE('',#7315,#7316);
#7315 = CARTESIAN_POINT('',(276.000028,-112.999986,0.));
#7316 = VECTOR('',#7317,1.);
#7317 = DIRECTION('',(-2.333338771893E-06,0.999999999997,0.));
#7318 = PLANE('',#7319);
#7319 = AXIS2_PLACEMENT_3D('',#7320,#7321,#7322);
#7320 = CARTESIAN_POINT('',(276.000028,-112.999986,0.));
#7321 = DIRECTION('',(-0.999999999997,-2.333338771893E-06,0.));
#7322 = DIRECTION('',(-2.333338771893E-06,0.999999999997,0.));
#7323 = ADVANCED_FACE('',(#7324),#7349,.F.);
#7324 = FACE_BOUND('',#7325,.F.);
#7325 = EDGE_LOOP('',(#7326,#7327,#7335,#7343));
#7326 = ORIENTED_EDGE('',*,*,#7305,.T.);
#7327 = ORIENTED_EDGE('',*,*,#7328,.T.);
#7328 = EDGE_CURVE('',#7298,#7329,#7331,.T.);
#7329 = VERTEX_POINT('',#7330);
#7330 = CARTESIAN_POINT('',(268.025,-107.,1.6));
#7331 = LINE('',#7332,#7333);
#7332 = CARTESIAN_POINT('',(276.000014,-107.,1.6));
#7333 = VECTOR('',#7334,1.);
#7334 = DIRECTION('',(-1.,0.,0.));
#7335 = ORIENTED_EDGE('',*,*,#7336,.F.);
#7336 = EDGE_CURVE('',#7337,#7329,#7339,.T.);
#7337 = VERTEX_POINT('',#7338);
#7338 = CARTESIAN_POINT('',(268.025,-107.,0.));
#7339 = LINE('',#7340,#7341);
#7340 = CARTESIAN_POINT('',(268.025,-107.,0.));
#7341 = VECTOR('',#7342,1.);
#7342 = DIRECTION('',(0.,0.,1.));
#7343 = ORIENTED_EDGE('',*,*,#7344,.F.);
#7344 = EDGE_CURVE('',#7306,#7337,#7345,.T.);
#7345 = LINE('',#7346,#7347);
#7346 = CARTESIAN_POINT('',(276.000014,-107.,0.));
#7347 = VECTOR('',#7348,1.);
#7348 = DIRECTION('',(-1.,0.,0.));
#7349 = PLANE('',#7350);
#7350 = AXIS2_PLACEMENT_3D('',#7351,#7352,#7353);
#7351 = CARTESIAN_POINT('',(276.000014,-107.,0.));
#7352 = DIRECTION('',(0.,-1.,0.));
#7353 = DIRECTION('',(-1.,0.,0.));
#7354 = ADVANCED_FACE('',(#7355),#7380,.F.);
#7355 = FACE_BOUND('',#7356,.F.);
#7356 = EDGE_LOOP('',(#7357,#7358,#7366,#7374));
#7357 = ORIENTED_EDGE('',*,*,#7336,.T.);
#7358 = ORIENTED_EDGE('',*,*,#7359,.T.);
#7359 = EDGE_CURVE('',#7329,#7360,#7362,.T.);
#7360 = VERTEX_POINT('',#7361);
#7361 = CARTESIAN_POINT('',(258.475,-120.2,1.6));
#7362 = LINE('',#7363,#7364);
#7363 = CARTESIAN_POINT('',(268.025,-107.,1.6));
#7364 = VECTOR('',#7365,1.);
#7365 = DIRECTION('',(-0.586162650189,-0.810193401308,0.));
#7366 = ORIENTED_EDGE('',*,*,#7367,.F.);
#7367 = EDGE_CURVE('',#7368,#7360,#7370,.T.);
#7368 = VERTEX_POINT('',#7369);
#7369 = CARTESIAN_POINT('',(258.475,-120.2,0.));
#7370 = LINE('',#7371,#7372);
#7371 = CARTESIAN_POINT('',(258.475,-120.2,0.));
#7372 = VECTOR('',#7373,1.);
#7373 = DIRECTION('',(0.,0.,1.));
#7374 = ORIENTED_EDGE('',*,*,#7375,.F.);
#7375 = EDGE_CURVE('',#7337,#7368,#7376,.T.);
#7376 = LINE('',#7377,#7378);
#7377 = CARTESIAN_POINT('',(268.025,-107.,0.));
#7378 = VECTOR('',#7379,1.);
#7379 = DIRECTION('',(-0.586162650189,-0.810193401308,0.));
#7380 = PLANE('',#7381);
#7381 = AXIS2_PLACEMENT_3D('',#7382,#7383,#7384);
#7382 = CARTESIAN_POINT('',(268.025,-107.,0.));
#7383 = DIRECTION('',(0.810193401308,-0.586162650189,0.));
#7384 = DIRECTION('',(-0.586162650189,-0.810193401308,0.));
#7385 = ADVANCED_FACE('',(#7386),#7411,.F.);
#7386 = FACE_BOUND('',#7387,.F.);
#7387 = EDGE_LOOP('',(#7388,#7389,#7397,#7405));
#7388 = ORIENTED_EDGE('',*,*,#7367,.T.);
#7389 = ORIENTED_EDGE('',*,*,#7390,.T.);
#7390 = EDGE_CURVE('',#7360,#7391,#7393,.T.);
#7391 = VERTEX_POINT('',#7392);
#7392 = CARTESIAN_POINT('',(220.875,-125.175,1.6));
#7393 = LINE('',#7394,#7395);
#7394 = CARTESIAN_POINT('',(258.475,-120.2,1.6));
#7395 = VECTOR('',#7396,1.);
#7396 = DIRECTION('',(-0.991359808692,-0.131170612985,0.));
#7397 = ORIENTED_EDGE('',*,*,#7398,.F.);
#7398 = EDGE_CURVE('',#7399,#7391,#7401,.T.);
#7399 = VERTEX_POINT('',#7400);
#7400 = CARTESIAN_POINT('',(220.875,-125.175,0.));
#7401 = LINE('',#7402,#7403);
#7402 = CARTESIAN_POINT('',(220.875,-125.175,0.));
#7403 = VECTOR('',#7404,1.);
#7404 = DIRECTION('',(0.,0.,1.));
#7405 = ORIENTED_EDGE('',*,*,#7406,.F.);
#7406 = EDGE_CURVE('',#7368,#7399,#7407,.T.);
#7407 = LINE('',#7408,#7409);
#7408 = CARTESIAN_POINT('',(258.475,-120.2,0.));
#7409 = VECTOR('',#7410,1.);
#7410 = DIRECTION('',(-0.991359808692,-0.131170612985,0.));
#7411 = PLANE('',#7412);
#7412 = AXIS2_PLACEMENT_3D('',#7413,#7414,#7415);
#7413 = CARTESIAN_POINT('',(258.475,-120.2,0.));
#7414 = DIRECTION('',(0.131170612985,-0.991359808692,0.));
#7415 = DIRECTION('',(-0.991359808692,-0.131170612985,0.));
#7416 = ADVANCED_FACE('',(#7417),#7442,.F.);
#7417 = FACE_BOUND('',#7418,.F.);
#7418 = EDGE_LOOP('',(#7419,#7420,#7428,#7436));
#7419 = ORIENTED_EDGE('',*,*,#7398,.T.);
#7420 = ORIENTED_EDGE('',*,*,#7421,.T.);
#7421 = EDGE_CURVE('',#7391,#7422,#7424,.T.);
#7422 = VERTEX_POINT('',#7423);
#7423 = CARTESIAN_POINT('',(204.4,-134.675,1.6));
#7424 = LINE('',#7425,#7426);
#7425 = CARTESIAN_POINT('',(220.875,-125.175,1.6));
#7426 = VECTOR('',#7427,1.);
#7427 = DIRECTION('',(-0.866294990359,-0.499532771376,0.));
#7428 = ORIENTED_EDGE('',*,*,#7429,.F.);
#7429 = EDGE_CURVE('',#7430,#7422,#7432,.T.);
#7430 = VERTEX_POINT('',#7431);
#7431 = CARTESIAN_POINT('',(204.4,-134.675,0.));
#7432 = LINE('',#7433,#7434);
#7433 = CARTESIAN_POINT('',(204.4,-134.675,0.));
#7434 = VECTOR('',#7435,1.);
#7435 = DIRECTION('',(0.,0.,1.));
#7436 = ORIENTED_EDGE('',*,*,#7437,.F.);
#7437 = EDGE_CURVE('',#7399,#7430,#7438,.T.);
#7438 = LINE('',#7439,#7440);
#7439 = CARTESIAN_POINT('',(220.875,-125.175,0.));
#7440 = VECTOR('',#7441,1.);
#7441 = DIRECTION('',(-0.866294990359,-0.499532771376,0.));
#7442 = PLANE('',#7443);
#7443 = AXIS2_PLACEMENT_3D('',#7444,#7445,#7446);
#7444 = CARTESIAN_POINT('',(220.875,-125.175,0.));
#7445 = DIRECTION('',(0.499532771376,-0.866294990359,0.));
#7446 = DIRECTION('',(-0.866294990359,-0.499532771376,0.));
#7447 = ADVANCED_FACE('',(#7448),#7473,.F.);
#7448 = FACE_BOUND('',#7449,.F.);
#7449 = EDGE_LOOP('',(#7450,#7451,#7459,#7467));
#7450 = ORIENTED_EDGE('',*,*,#7429,.T.);
#7451 = ORIENTED_EDGE('',*,*,#7452,.T.);
#7452 = EDGE_CURVE('',#7422,#7453,#7455,.T.);
#7453 = VERTEX_POINT('',#7454);
#7454 = CARTESIAN_POINT('',(191.,-111.5,1.6));
#7455 = LINE('',#7456,#7457);
#7456 = CARTESIAN_POINT('',(204.4,-134.675,1.6));
#7457 = VECTOR('',#7458,1.);
#7458 = DIRECTION('',(-0.500557630834,0.865703216012,0.));
#7459 = ORIENTED_EDGE('',*,*,#7460,.F.);
#7460 = EDGE_CURVE('',#7461,#7453,#7463,.T.);
#7461 = VERTEX_POINT('',#7462);
#7462 = CARTESIAN_POINT('',(191.,-111.5,0.));
#7463 = LINE('',#7464,#7465);
#7464 = CARTESIAN_POINT('',(191.,-111.5,0.));
#7465 = VECTOR('',#7466,1.);
#7466 = DIRECTION('',(0.,0.,1.));
#7467 = ORIENTED_EDGE('',*,*,#7468,.F.);
#7468 = EDGE_CURVE('',#7430,#7461,#7469,.T.);
#7469 = LINE('',#7470,#7471);
#7470 = CARTESIAN_POINT('',(204.4,-134.675,0.));
#7471 = VECTOR('',#7472,1.);
#7472 = DIRECTION('',(-0.500557630834,0.865703216012,0.));
#7473 = PLANE('',#7474);
#7474 = AXIS2_PLACEMENT_3D('',#7475,#7476,#7477);
#7475 = CARTESIAN_POINT('',(204.4,-134.675,0.));
#7476 = DIRECTION('',(-0.865703216012,-0.500557630834,0.));
#7477 = DIRECTION('',(-0.500557630834,0.865703216012,0.));
#7478 = ADVANCED_FACE('',(#7479),#7504,.F.);
#7479 = FACE_BOUND('',#7480,.F.);
#7480 = EDGE_LOOP('',(#7481,#7482,#7490,#7498));
#7481 = ORIENTED_EDGE('',*,*,#7460,.T.);
#7482 = ORIENTED_EDGE('',*,*,#7483,.T.);
#7483 = EDGE_CURVE('',#7453,#7484,#7486,.T.);
#7484 = VERTEX_POINT('',#7485);
#7485 = CARTESIAN_POINT('',(191.,-47.,1.6));
#7486 = LINE('',#7487,#7488);
#7487 = CARTESIAN_POINT('',(191.,-111.5,1.6));
#7488 = VECTOR('',#7489,1.);
#7489 = DIRECTION('',(0.,1.,0.));
#7490 = ORIENTED_EDGE('',*,*,#7491,.F.);
#7491 = EDGE_CURVE('',#7492,#7484,#7494,.T.);
#7492 = VERTEX_POINT('',#7493);
#7493 = CARTESIAN_POINT('',(191.,-47.,0.));
#7494 = LINE('',#7495,#7496);
#7495 = CARTESIAN_POINT('',(191.,-47.,0.));
#7496 = VECTOR('',#7497,1.);
#7497 = DIRECTION('',(0.,0.,1.));
#7498 = ORIENTED_EDGE('',*,*,#7499,.F.);
#7499 = EDGE_CURVE('',#7461,#7492,#7500,.T.);
#7500 = LINE('',#7501,#7502);
#7501 = CARTESIAN_POINT('',(191.,-111.5,0.));
#7502 = VECTOR('',#7503,1.);
#7503 = DIRECTION('',(0.,1.,0.));
#7504 = PLANE('',#7505);
#7505 = AXIS2_PLACEMENT_3D('',#7506,#7507,#7508);
#7506 = CARTESIAN_POINT('',(191.,-111.5,0.));
#7507 = DIRECTION('',(-1.,0.,0.));
#7508 = DIRECTION('',(0.,1.,0.));
#7509 = ADVANCED_FACE('',(#7510),#7537,.F.);
#7510 = FACE_BOUND('',#7511,.F.);
#7511 = EDGE_LOOP('',(#7512,#7513,#7522,#7530));
#7512 = ORIENTED_EDGE('',*,*,#7491,.T.);
#7513 = ORIENTED_EDGE('',*,*,#7514,.T.);
#7514 = EDGE_CURVE('',#7484,#7515,#7517,.T.);
#7515 = VERTEX_POINT('',#7516);
#7516 = CARTESIAN_POINT('',(192.,-46.,1.6));
#7517 = CIRCLE('',#7518,0.999999252925);
#7518 = AXIS2_PLACEMENT_3D('',#7519,#7520,#7521);
#7519 = CARTESIAN_POINT('',(191.99999925292,-46.99999925292,1.6));
#7520 = DIRECTION('',(0.,0.,-1.));
#7521 = DIRECTION('',(-1.,-7.470757562702E-07,-0.));
#7522 = ORIENTED_EDGE('',*,*,#7523,.F.);
#7523 = EDGE_CURVE('',#7524,#7515,#7526,.T.);
#7524 = VERTEX_POINT('',#7525);
#7525 = CARTESIAN_POINT('',(192.,-46.,0.));
#7526 = LINE('',#7527,#7528);
#7527 = CARTESIAN_POINT('',(192.,-46.,0.));
#7528 = VECTOR('',#7529,1.);
#7529 = DIRECTION('',(0.,0.,1.));
#7530 = ORIENTED_EDGE('',*,*,#7531,.F.);
#7531 = EDGE_CURVE('',#7492,#7524,#7532,.T.);
#7532 = CIRCLE('',#7533,0.999999252925);
#7533 = AXIS2_PLACEMENT_3D('',#7534,#7535,#7536);
#7534 = CARTESIAN_POINT('',(191.99999925292,-46.99999925292,0.));
#7535 = DIRECTION('',(0.,0.,-1.));
#7536 = DIRECTION('',(-1.,-7.470757562702E-07,-0.));
#7537 = CYLINDRICAL_SURFACE('',#7538,0.999999252925);
#7538 = AXIS2_PLACEMENT_3D('',#7539,#7540,#7541);
#7539 = CARTESIAN_POINT('',(191.99999925292,-46.99999925292,0.));
#7540 = DIRECTION('',(0.,0.,-1.));
#7541 = DIRECTION('',(-1.,-7.470757562702E-07,-0.));
#7542 = ADVANCED_FACE('',(#7543),#7568,.F.);
#7543 = FACE_BOUND('',#7544,.F.);
#7544 = EDGE_LOOP('',(#7545,#7546,#7554,#7562));
#7545 = ORIENTED_EDGE('',*,*,#7523,.T.);
#7546 = ORIENTED_EDGE('',*,*,#7547,.T.);
#7547 = EDGE_CURVE('',#7515,#7548,#7550,.T.);
#7548 = VERTEX_POINT('',#7549);
#7549 = CARTESIAN_POINT('',(210.975,-46.,1.6));
#7550 = LINE('',#7551,#7552);
#7551 = CARTESIAN_POINT('',(192.,-46.,1.6));
#7552 = VECTOR('',#7553,1.);
#7553 = DIRECTION('',(1.,0.,0.));
#7554 = ORIENTED_EDGE('',*,*,#7555,.F.);
#7555 = EDGE_CURVE('',#7556,#7548,#7558,.T.);
#7556 = VERTEX_POINT('',#7557);
#7557 = CARTESIAN_POINT('',(210.975,-46.,0.));
#7558 = LINE('',#7559,#7560);
#7559 = CARTESIAN_POINT('',(210.975,-46.,0.));
#7560 = VECTOR('',#7561,1.);
#7561 = DIRECTION('',(0.,0.,1.));
#7562 = ORIENTED_EDGE('',*,*,#7563,.F.);
#7563 = EDGE_CURVE('',#7524,#7556,#7564,.T.);
#7564 = LINE('',#7565,#7566);
#7565 = CARTESIAN_POINT('',(192.,-46.,0.));
#7566 = VECTOR('',#7567,1.);
#7567 = DIRECTION('',(1.,0.,0.));
#7568 = PLANE('',#7569);
#7569 = AXIS2_PLACEMENT_3D('',#7570,#7571,#7572);
#7570 = CARTESIAN_POINT('',(192.,-46.,0.));
#7571 = DIRECTION('',(0.,1.,0.));
#7572 = DIRECTION('',(1.,0.,0.));
#7573 = ADVANCED_FACE('',(#7574),#7599,.F.);
#7574 = FACE_BOUND('',#7575,.F.);
#7575 = EDGE_LOOP('',(#7576,#7577,#7585,#7593));
#7576 = ORIENTED_EDGE('',*,*,#7555,.T.);
#7577 = ORIENTED_EDGE('',*,*,#7578,.T.);
#7578 = EDGE_CURVE('',#7548,#7579,#7581,.T.);
#7579 = VERTEX_POINT('',#7580);
#7580 = CARTESIAN_POINT('',(229.,-46.,1.6));
#7581 = LINE('',#7582,#7583);
#7582 = CARTESIAN_POINT('',(210.975,-46.,1.6));
#7583 = VECTOR('',#7584,1.);
#7584 = DIRECTION('',(1.,0.,0.));
#7585 = ORIENTED_EDGE('',*,*,#7586,.F.);
#7586 = EDGE_CURVE('',#7587,#7579,#7589,.T.);
#7587 = VERTEX_POINT('',#7588);
#7588 = CARTESIAN_POINT('',(229.,-46.,0.));
#7589 = LINE('',#7590,#7591);
#7590 = CARTESIAN_POINT('',(229.,-46.,0.));
#7591 = VECTOR('',#7592,1.);
#7592 = DIRECTION('',(0.,0.,1.));
#7593 = ORIENTED_EDGE('',*,*,#7594,.F.);
#7594 = EDGE_CURVE('',#7556,#7587,#7595,.T.);
#7595 = LINE('',#7596,#7597);
#7596 = CARTESIAN_POINT('',(210.975,-46.,0.));
#7597 = VECTOR('',#7598,1.);
#7598 = DIRECTION('',(1.,0.,0.));
#7599 = PLANE('',#7600);
#7600 = AXIS2_PLACEMENT_3D('',#7601,#7602,#7603);
#7601 = CARTESIAN_POINT('',(210.975,-46.,0.));
#7602 = DIRECTION('',(0.,1.,0.));
#7603 = DIRECTION('',(1.,0.,0.));
#7604 = ADVANCED_FACE('',(#7605),#7632,.T.);
#7605 = FACE_BOUND('',#7606,.F.);
#7606 = EDGE_LOOP('',(#7607,#7608,#7617,#7625));
#7607 = ORIENTED_EDGE('',*,*,#7586,.T.);
#7608 = ORIENTED_EDGE('',*,*,#7609,.T.);
#7609 = EDGE_CURVE('',#7579,#7610,#7612,.T.);
#7610 = VERTEX_POINT('',#7611);
#7611 = CARTESIAN_POINT('',(230.,-45.,1.6));
#7612 = CIRCLE('',#7613,0.999999252925);
#7613 = AXIS2_PLACEMENT_3D('',#7614,#7615,#7616);
#7614 = CARTESIAN_POINT('',(229.00000074707,-45.00000074707,1.6));
#7615 = DIRECTION('',(0.,0.,1.));
#7616 = DIRECTION('',(-7.470757633756E-07,-1.,0.));
#7617 = ORIENTED_EDGE('',*,*,#7618,.F.);
#7618 = EDGE_CURVE('',#7619,#7610,#7621,.T.);
#7619 = VERTEX_POINT('',#7620);
#7620 = CARTESIAN_POINT('',(230.,-45.,0.));
#7621 = LINE('',#7622,#7623);
#7622 = CARTESIAN_POINT('',(230.,-45.,0.));
#7623 = VECTOR('',#7624,1.);
#7624 = DIRECTION('',(0.,0.,1.));
#7625 = ORIENTED_EDGE('',*,*,#7626,.F.);
#7626 = EDGE_CURVE('',#7587,#7619,#7627,.T.);
#7627 = CIRCLE('',#7628,0.999999252925);
#7628 = AXIS2_PLACEMENT_3D('',#7629,#7630,#7631);
#7629 = CARTESIAN_POINT('',(229.00000074707,-45.00000074707,0.));
#7630 = DIRECTION('',(0.,0.,1.));
#7631 = DIRECTION('',(-7.470757633756E-07,-1.,0.));
#7632 = CYLINDRICAL_SURFACE('',#7633,0.999999252925);
#7633 = AXIS2_PLACEMENT_3D('',#7634,#7635,#7636);
#7634 = CARTESIAN_POINT('',(229.00000074707,-45.00000074707,0.));
#7635 = DIRECTION('',(-0.,-0.,-1.));
#7636 = DIRECTION('',(-7.470757633756E-07,-1.,0.));
#7637 = ADVANCED_FACE('',(#7638),#7665,.F.);
#7638 = FACE_BOUND('',#7639,.F.);
#7639 = EDGE_LOOP('',(#7640,#7641,#7650,#7658));
#7640 = ORIENTED_EDGE('',*,*,#7618,.T.);
#7641 = ORIENTED_EDGE('',*,*,#7642,.T.);
#7642 = EDGE_CURVE('',#7610,#7643,#7645,.T.);
#7643 = VERTEX_POINT('',#7644);
#7644 = CARTESIAN_POINT('',(231.,-44.,1.6));
#7645 = CIRCLE('',#7646,0.999999252925);
#7646 = AXIS2_PLACEMENT_3D('',#7647,#7648,#7649);
#7647 = CARTESIAN_POINT('',(230.99999925292,-44.99999925292,1.6));
#7648 = DIRECTION('',(0.,0.,-1.));
#7649 = DIRECTION('',(-1.,-7.470757562702E-07,-0.));
#7650 = ORIENTED_EDGE('',*,*,#7651,.F.);
#7651 = EDGE_CURVE('',#7652,#7643,#7654,.T.);
#7652 = VERTEX_POINT('',#7653);
#7653 = CARTESIAN_POINT('',(231.,-44.,0.));
#7654 = LINE('',#7655,#7656);
#7655 = CARTESIAN_POINT('',(231.,-44.,0.));
#7656 = VECTOR('',#7657,1.);
#7657 = DIRECTION('',(0.,0.,1.));
#7658 = ORIENTED_EDGE('',*,*,#7659,.F.);
#7659 = EDGE_CURVE('',#7619,#7652,#7660,.T.);
#7660 = CIRCLE('',#7661,0.999999252925);
#7661 = AXIS2_PLACEMENT_3D('',#7662,#7663,#7664);
#7662 = CARTESIAN_POINT('',(230.99999925292,-44.99999925292,0.));
#7663 = DIRECTION('',(0.,0.,-1.));
#7664 = DIRECTION('',(-1.,-7.470757562702E-07,-0.));
#7665 = CYLINDRICAL_SURFACE('',#7666,0.999999252925);
#7666 = AXIS2_PLACEMENT_3D('',#7667,#7668,#7669);
#7667 = CARTESIAN_POINT('',(230.99999925292,-44.99999925292,0.));
#7668 = DIRECTION('',(0.,0.,-1.));
#7669 = DIRECTION('',(-1.,-7.470757562702E-07,-0.));
#7670 = ADVANCED_FACE('',(#7671),#7696,.F.);
#7671 = FACE_BOUND('',#7672,.F.);
#7672 = EDGE_LOOP('',(#7673,#7674,#7682,#7690));
#7673 = ORIENTED_EDGE('',*,*,#7651,.T.);
#7674 = ORIENTED_EDGE('',*,*,#7675,.T.);
#7675 = EDGE_CURVE('',#7643,#7676,#7678,.T.);
#7676 = VERTEX_POINT('',#7677);
#7677 = CARTESIAN_POINT('',(236.585786,-44.,1.6));
#7678 = LINE('',#7679,#7680);
#7679 = CARTESIAN_POINT('',(231.,-44.,1.6));
#7680 = VECTOR('',#7681,1.);
#7681 = DIRECTION('',(1.,0.,0.));
#7682 = ORIENTED_EDGE('',*,*,#7683,.F.);
#7683 = EDGE_CURVE('',#7684,#7676,#7686,.T.);
#7684 = VERTEX_POINT('',#7685);
#7685 = CARTESIAN_POINT('',(236.585786,-44.,0.));
#7686 = LINE('',#7687,#7688);
#7687 = CARTESIAN_POINT('',(236.585786,-44.,0.));
#7688 = VECTOR('',#7689,1.);
#7689 = DIRECTION('',(0.,0.,1.));
#7690 = ORIENTED_EDGE('',*,*,#7691,.F.);
#7691 = EDGE_CURVE('',#7652,#7684,#7692,.T.);
#7692 = LINE('',#7693,#7694);
#7693 = CARTESIAN_POINT('',(231.,-44.,0.));
#7694 = VECTOR('',#7695,1.);
#7695 = DIRECTION('',(1.,0.,0.));
#7696 = PLANE('',#7697);
#7697 = AXIS2_PLACEMENT_3D('',#7698,#7699,#7700);
#7698 = CARTESIAN_POINT('',(231.,-44.,0.));
#7699 = DIRECTION('',(0.,1.,0.));
#7700 = DIRECTION('',(1.,0.,0.));
#7701 = ADVANCED_FACE('',(#7702),#7727,.F.);
#7702 = FACE_BOUND('',#7703,.F.);
#7703 = EDGE_LOOP('',(#7704,#7705,#7713,#7721));
#7704 = ORIENTED_EDGE('',*,*,#7683,.T.);
#7705 = ORIENTED_EDGE('',*,*,#7706,.T.);
#7706 = EDGE_CURVE('',#7676,#7707,#7709,.T.);
#7707 = VERTEX_POINT('',#7708);
#7708 = CARTESIAN_POINT('',(236.585786,-42.014214,1.6));
#7709 = LINE('',#7710,#7711);
#7710 = CARTESIAN_POINT('',(236.585786,-44.,1.6));
#7711 = VECTOR('',#7712,1.);
#7712 = DIRECTION('',(0.,1.,0.));
#7713 = ORIENTED_EDGE('',*,*,#7714,.F.);
#7714 = EDGE_CURVE('',#7715,#7707,#7717,.T.);
#7715 = VERTEX_POINT('',#7716);
#7716 = CARTESIAN_POINT('',(236.585786,-42.014214,0.));
#7717 = LINE('',#7718,#7719);
#7718 = CARTESIAN_POINT('',(236.585786,-42.014214,0.));
#7719 = VECTOR('',#7720,1.);
#7720 = DIRECTION('',(0.,0.,1.));
#7721 = ORIENTED_EDGE('',*,*,#7722,.F.);
#7722 = EDGE_CURVE('',#7684,#7715,#7723,.T.);
#7723 = LINE('',#7724,#7725);
#7724 = CARTESIAN_POINT('',(236.585786,-44.,0.));
#7725 = VECTOR('',#7726,1.);
#7726 = DIRECTION('',(0.,1.,0.));
#7727 = PLANE('',#7728);
#7728 = AXIS2_PLACEMENT_3D('',#7729,#7730,#7731);
#7729 = CARTESIAN_POINT('',(236.585786,-44.,0.));
#7730 = DIRECTION('',(-1.,0.,0.));
#7731 = DIRECTION('',(0.,1.,0.));
#7732 = ADVANCED_FACE('',(#7733),#7758,.F.);
#7733 = FACE_BOUND('',#7734,.F.);
#7734 = EDGE_LOOP('',(#7735,#7736,#7744,#7752));
#7735 = ORIENTED_EDGE('',*,*,#7714,.T.);
#7736 = ORIENTED_EDGE('',*,*,#7737,.T.);
#7737 = EDGE_CURVE('',#7707,#7738,#7740,.T.);
#7738 = VERTEX_POINT('',#7739);
#7739 = CARTESIAN_POINT('',(236.585786,-39.014214,1.6));
#7740 = LINE('',#7741,#7742);
#7741 = CARTESIAN_POINT('',(236.585786,-42.014214,1.6));
#7742 = VECTOR('',#7743,1.);
#7743 = DIRECTION('',(0.,1.,0.));
#7744 = ORIENTED_EDGE('',*,*,#7745,.F.);
#7745 = EDGE_CURVE('',#7746,#7738,#7748,.T.);
#7746 = VERTEX_POINT('',#7747);
#7747 = CARTESIAN_POINT('',(236.585786,-39.014214,0.));
#7748 = LINE('',#7749,#7750);
#7749 = CARTESIAN_POINT('',(236.585786,-39.014214,0.));
#7750 = VECTOR('',#7751,1.);
#7751 = DIRECTION('',(0.,0.,1.));
#7752 = ORIENTED_EDGE('',*,*,#7753,.F.);
#7753 = EDGE_CURVE('',#7715,#7746,#7754,.T.);
#7754 = LINE('',#7755,#7756);
#7755 = CARTESIAN_POINT('',(236.585786,-42.014214,0.));
#7756 = VECTOR('',#7757,1.);
#7757 = DIRECTION('',(0.,1.,0.));
#7758 = PLANE('',#7759);
#7759 = AXIS2_PLACEMENT_3D('',#7760,#7761,#7762);
#7760 = CARTESIAN_POINT('',(236.585786,-42.014214,0.));
#7761 = DIRECTION('',(-1.,0.,0.));
#7762 = DIRECTION('',(0.,1.,0.));
#7763 = ADVANCED_FACE('',(#7764),#7791,.T.);
#7764 = FACE_BOUND('',#7765,.F.);
#7765 = EDGE_LOOP('',(#7766,#7767,#7776,#7784));
#7766 = ORIENTED_EDGE('',*,*,#7745,.T.);
#7767 = ORIENTED_EDGE('',*,*,#7768,.T.);
#7768 = EDGE_CURVE('',#7738,#7769,#7771,.T.);
#7769 = VERTEX_POINT('',#7770);
#7770 = CARTESIAN_POINT('',(234.585786,-37.014214,1.6));
#7771 = CIRCLE('',#7772,2.000032648874);
#7772 = AXIS2_PLACEMENT_3D('',#7773,#7774,#7775);
#7773 = CARTESIAN_POINT('',(234.58575335139,-39.0142466486,1.6));
#7774 = DIRECTION('',(0.,0.,1.));
#7775 = DIRECTION('',(0.999999999867,1.632403749008E-05,-0.));
#7776 = ORIENTED_EDGE('',*,*,#7777,.F.);
#7777 = EDGE_CURVE('',#7778,#7769,#7780,.T.);
#7778 = VERTEX_POINT('',#7779);
#7779 = CARTESIAN_POINT('',(234.585786,-37.014214,0.));
#7780 = LINE('',#7781,#7782);
#7781 = CARTESIAN_POINT('',(234.585786,-37.014214,0.));
#7782 = VECTOR('',#7783,1.);
#7783 = DIRECTION('',(0.,0.,1.));
#7784 = ORIENTED_EDGE('',*,*,#7785,.F.);
#7785 = EDGE_CURVE('',#7746,#7778,#7786,.T.);
#7786 = CIRCLE('',#7787,2.000032648874);
#7787 = AXIS2_PLACEMENT_3D('',#7788,#7789,#7790);
#7788 = CARTESIAN_POINT('',(234.58575335139,-39.0142466486,0.));
#7789 = DIRECTION('',(0.,0.,1.));
#7790 = DIRECTION('',(0.999999999867,1.632403749008E-05,-0.));
#7791 = CYLINDRICAL_SURFACE('',#7792,2.000032648874);
#7792 = AXIS2_PLACEMENT_3D('',#7793,#7794,#7795);
#7793 = CARTESIAN_POINT('',(234.58575335139,-39.0142466486,0.));
#7794 = DIRECTION('',(-0.,-0.,-1.));
#7795 = DIRECTION('',(0.999999999867,1.632403749008E-05,-0.));
#7796 = ADVANCED_FACE('',(#7797),#7813,.F.);
#7797 = FACE_BOUND('',#7798,.F.);
#7798 = EDGE_LOOP('',(#7799,#7800,#7806,#7807));
#7799 = ORIENTED_EDGE('',*,*,#7777,.T.);
#7800 = ORIENTED_EDGE('',*,*,#7801,.T.);
#7801 = EDGE_CURVE('',#7769,#6433,#7802,.T.);
#7802 = LINE('',#7803,#7804);
#7803 = CARTESIAN_POINT('',(234.585786,-37.014214,1.6));
#7804 = VECTOR('',#7805,1.);
#7805 = DIRECTION('',(-0.999999988588,1.510748907151E-04,0.));
#7806 = ORIENTED_EDGE('',*,*,#6430,.F.);
#7807 = ORIENTED_EDGE('',*,*,#7808,.F.);
#7808 = EDGE_CURVE('',#7778,#6431,#7809,.T.);
#7809 = LINE('',#7810,#7811);
#7810 = CARTESIAN_POINT('',(234.585786,-37.014214,0.));
#7811 = VECTOR('',#7812,1.);
#7812 = DIRECTION('',(-0.999999988588,1.510748907151E-04,0.));
#7813 = PLANE('',#7814);
#7814 = AXIS2_PLACEMENT_3D('',#7815,#7816,#7817);
#7815 = CARTESIAN_POINT('',(234.585786,-37.014214,0.));
#7816 = DIRECTION('',(-1.510748907151E-04,-0.999999988588,0.));
#7817 = DIRECTION('',(-0.999999988588,1.510748907151E-04,0.));
#7818 = ADVANCED_FACE('',(#7819),#7855,.T.);
#7819 = FACE_BOUND('',#7820,.F.);
#7820 = EDGE_LOOP('',(#7821,#7831,#7840,#7848));
#7821 = ORIENTED_EDGE('',*,*,#7822,.T.);
#7822 = EDGE_CURVE('',#7823,#7825,#7827,.T.);
#7823 = VERTEX_POINT('',#7824);
#7824 = CARTESIAN_POINT('',(69.5,-93.,0.));
#7825 = VERTEX_POINT('',#7826);
#7826 = CARTESIAN_POINT('',(69.5,-93.,1.6));
#7827 = LINE('',#7828,#7829);
#7828 = CARTESIAN_POINT('',(69.5,-93.,0.));
#7829 = VECTOR('',#7830,1.);
#7830 = DIRECTION('',(0.,0.,1.));
#7831 = ORIENTED_EDGE('',*,*,#7832,.T.);
#7832 = EDGE_CURVE('',#7825,#7833,#7835,.T.);
#7833 = VERTEX_POINT('',#7834);
#7834 = CARTESIAN_POINT('',(68.5,-93.,1.6));
#7835 = CIRCLE('',#7836,0.5);
#7836 = AXIS2_PLACEMENT_3D('',#7837,#7838,#7839);
#7837 = CARTESIAN_POINT('',(69.,-93.,1.6));
#7838 = DIRECTION('',(0.,0.,1.));
#7839 = DIRECTION('',(1.,0.,-0.));
#7840 = ORIENTED_EDGE('',*,*,#7841,.F.);
#7841 = EDGE_CURVE('',#7842,#7833,#7844,.T.);
#7842 = VERTEX_POINT('',#7843);
#7843 = CARTESIAN_POINT('',(68.5,-93.,0.));
#7844 = LINE('',#7845,#7846);
#7845 = CARTESIAN_POINT('',(68.5,-93.,0.));
#7846 = VECTOR('',#7847,1.);
#7847 = DIRECTION('',(0.,0.,1.));
#7848 = ORIENTED_EDGE('',*,*,#7849,.F.);
#7849 = EDGE_CURVE('',#7823,#7842,#7850,.T.);
#7850 = CIRCLE('',#7851,0.5);
#7851 = AXIS2_PLACEMENT_3D('',#7852,#7853,#7854);
#7852 = CARTESIAN_POINT('',(69.,-93.,0.));
#7853 = DIRECTION('',(0.,0.,1.));
#7854 = DIRECTION('',(1.,0.,-0.));
#7855 = CYLINDRICAL_SURFACE('',#7856,0.5);
#7856 = AXIS2_PLACEMENT_3D('',#7857,#7858,#7859);
#7857 = CARTESIAN_POINT('',(69.,-93.,0.));
#7858 = DIRECTION('',(-0.,-0.,-1.));
#7859 = DIRECTION('',(1.,0.,-0.));
#7860 = ADVANCED_FACE('',(#7861),#7886,.F.);
#7861 = FACE_BOUND('',#7862,.F.);
#7862 = EDGE_LOOP('',(#7863,#7864,#7872,#7880));
#7863 = ORIENTED_EDGE('',*,*,#7841,.T.);
#7864 = ORIENTED_EDGE('',*,*,#7865,.T.);
#7865 = EDGE_CURVE('',#7833,#7866,#7868,.T.);
#7866 = VERTEX_POINT('',#7867);
#7867 = CARTESIAN_POINT('',(68.5,-105.,1.6));
#7868 = LINE('',#7869,#7870);
#7869 = CARTESIAN_POINT('',(68.5,-93.,1.6));
#7870 = VECTOR('',#7871,1.);
#7871 = DIRECTION('',(0.,-1.,0.));
#7872 = ORIENTED_EDGE('',*,*,#7873,.F.);
#7873 = EDGE_CURVE('',#7874,#7866,#7876,.T.);
#7874 = VERTEX_POINT('',#7875);
#7875 = CARTESIAN_POINT('',(68.5,-105.,0.));
#7876 = LINE('',#7877,#7878);
#7877 = CARTESIAN_POINT('',(68.5,-105.,0.));
#7878 = VECTOR('',#7879,1.);
#7879 = DIRECTION('',(0.,0.,1.));
#7880 = ORIENTED_EDGE('',*,*,#7881,.F.);
#7881 = EDGE_CURVE('',#7842,#7874,#7882,.T.);
#7882 = LINE('',#7883,#7884);
#7883 = CARTESIAN_POINT('',(68.5,-93.,0.));
#7884 = VECTOR('',#7885,1.);
#7885 = DIRECTION('',(0.,-1.,0.));
#7886 = PLANE('',#7887);
#7887 = AXIS2_PLACEMENT_3D('',#7888,#7889,#7890);
#7888 = CARTESIAN_POINT('',(68.5,-93.,0.));
#7889 = DIRECTION('',(1.,0.,-0.));
#7890 = DIRECTION('',(0.,-1.,0.));
#7891 = ADVANCED_FACE('',(#7892),#7919,.T.);
#7892 = FACE_BOUND('',#7893,.F.);
#7893 = EDGE_LOOP('',(#7894,#7895,#7904,#7912));
#7894 = ORIENTED_EDGE('',*,*,#7873,.T.);
#7895 = ORIENTED_EDGE('',*,*,#7896,.T.);
#7896 = EDGE_CURVE('',#7866,#7897,#7899,.T.);
#7897 = VERTEX_POINT('',#7898);
#7898 = CARTESIAN_POINT('',(69.5,-105.,1.6));
#7899 = CIRCLE('',#7900,0.5);
#7900 = AXIS2_PLACEMENT_3D('',#7901,#7902,#7903);
#7901 = CARTESIAN_POINT('',(69.,-105.,1.6));
#7902 = DIRECTION('',(0.,0.,1.));
#7903 = DIRECTION('',(-1.,0.,-0.));
#7904 = ORIENTED_EDGE('',*,*,#7905,.F.);
#7905 = EDGE_CURVE('',#7906,#7897,#7908,.T.);
#7906 = VERTEX_POINT('',#7907);
#7907 = CARTESIAN_POINT('',(69.5,-105.,0.));
#7908 = LINE('',#7909,#7910);
#7909 = CARTESIAN_POINT('',(69.5,-105.,0.));
#7910 = VECTOR('',#7911,1.);
#7911 = DIRECTION('',(0.,0.,1.));
#7912 = ORIENTED_EDGE('',*,*,#7913,.F.);
#7913 = EDGE_CURVE('',#7874,#7906,#7914,.T.);
#7914 = CIRCLE('',#7915,0.5);
#7915 = AXIS2_PLACEMENT_3D('',#7916,#7917,#7918);
#7916 = CARTESIAN_POINT('',(69.,-105.,0.));
#7917 = DIRECTION('',(0.,0.,1.));
#7918 = DIRECTION('',(-1.,0.,-0.));
#7919 = CYLINDRICAL_SURFACE('',#7920,0.5);
#7920 = AXIS2_PLACEMENT_3D('',#7921,#7922,#7923);
#7921 = CARTESIAN_POINT('',(69.,-105.,0.));
#7922 = DIRECTION('',(-0.,-0.,-1.));
#7923 = DIRECTION('',(-1.,0.,-0.));
#7924 = ADVANCED_FACE('',(#7925),#7941,.F.);
#7925 = FACE_BOUND('',#7926,.F.);
#7926 = EDGE_LOOP('',(#7927,#7928,#7934,#7935));
#7927 = ORIENTED_EDGE('',*,*,#7905,.T.);
#7928 = ORIENTED_EDGE('',*,*,#7929,.T.);
#7929 = EDGE_CURVE('',#7897,#7825,#7930,.T.);
#7930 = LINE('',#7931,#7932);
#7931 = CARTESIAN_POINT('',(69.5,-105.,1.6));
#7932 = VECTOR('',#7933,1.);
#7933 = DIRECTION('',(0.,1.,0.));
#7934 = ORIENTED_EDGE('',*,*,#7822,.F.);
#7935 = ORIENTED_EDGE('',*,*,#7936,.F.);
#7936 = EDGE_CURVE('',#7906,#7823,#7937,.T.);
#7937 = LINE('',#7938,#7939);
#7938 = CARTESIAN_POINT('',(69.5,-105.,0.));
#7939 = VECTOR('',#7940,1.);
#7940 = DIRECTION('',(0.,1.,0.));
#7941 = PLANE('',#7942);
#7942 = AXIS2_PLACEMENT_3D('',#7943,#7944,#7945);
#7943 = CARTESIAN_POINT('',(69.5,-105.,0.));
#7944 = DIRECTION('',(-1.,0.,0.));
#7945 = DIRECTION('',(0.,1.,0.));
#7946 = ADVANCED_FACE('',(#7947),#7983,.T.);
#7947 = FACE_BOUND('',#7948,.F.);
#7948 = EDGE_LOOP('',(#7949,#7959,#7968,#7976));
#7949 = ORIENTED_EDGE('',*,*,#7950,.T.);
#7950 = EDGE_CURVE('',#7951,#7953,#7955,.T.);
#7951 = VERTEX_POINT('',#7952);
#7952 = CARTESIAN_POINT('',(306.5,-93.,0.));
#7953 = VERTEX_POINT('',#7954);
#7954 = CARTESIAN_POINT('',(306.5,-93.,1.6));
#7955 = LINE('',#7956,#7957);
#7956 = CARTESIAN_POINT('',(306.5,-93.,0.));
#7957 = VECTOR('',#7958,1.);
#7958 = DIRECTION('',(0.,0.,1.));
#7959 = ORIENTED_EDGE('',*,*,#7960,.T.);
#7960 = EDGE_CURVE('',#7953,#7961,#7963,.T.);
#7961 = VERTEX_POINT('',#7962);
#7962 = CARTESIAN_POINT('',(305.5,-93.,1.6));
#7963 = CIRCLE('',#7964,0.5);
#7964 = AXIS2_PLACEMENT_3D('',#7965,#7966,#7967);
#7965 = CARTESIAN_POINT('',(306.,-93.,1.6));
#7966 = DIRECTION('',(0.,0.,1.));
#7967 = DIRECTION('',(1.,0.,-0.));
#7968 = ORIENTED_EDGE('',*,*,#7969,.F.);
#7969 = EDGE_CURVE('',#7970,#7961,#7972,.T.);
#7970 = VERTEX_POINT('',#7971);
#7971 = CARTESIAN_POINT('',(305.5,-93.,0.));
#7972 = LINE('',#7973,#7974);
#7973 = CARTESIAN_POINT('',(305.5,-93.,0.));
#7974 = VECTOR('',#7975,1.);
#7975 = DIRECTION('',(0.,0.,1.));
#7976 = ORIENTED_EDGE('',*,*,#7977,.F.);
#7977 = EDGE_CURVE('',#7951,#7970,#7978,.T.);
#7978 = CIRCLE('',#7979,0.5);
#7979 = AXIS2_PLACEMENT_3D('',#7980,#7981,#7982);
#7980 = CARTESIAN_POINT('',(306.,-93.,0.));
#7981 = DIRECTION('',(0.,0.,1.));
#7982 = DIRECTION('',(1.,0.,-0.));
#7983 = CYLINDRICAL_SURFACE('',#7984,0.5);
#7984 = AXIS2_PLACEMENT_3D('',#7985,#7986,#7987);
#7985 = CARTESIAN_POINT('',(306.,-93.,0.));
#7986 = DIRECTION('',(-0.,-0.,-1.));
#7987 = DIRECTION('',(1.,0.,-0.));
#7988 = ADVANCED_FACE('',(#7989),#8014,.F.);
#7989 = FACE_BOUND('',#7990,.F.);
#7990 = EDGE_LOOP('',(#7991,#7992,#8000,#8008));
#7991 = ORIENTED_EDGE('',*,*,#7969,.T.);
#7992 = ORIENTED_EDGE('',*,*,#7993,.T.);
#7993 = EDGE_CURVE('',#7961,#7994,#7996,.T.);
#7994 = VERTEX_POINT('',#7995);
#7995 = CARTESIAN_POINT('',(305.5,-105.,1.6));
#7996 = LINE('',#7997,#7998);
#7997 = CARTESIAN_POINT('',(305.5,-93.,1.6));
#7998 = VECTOR('',#7999,1.);
#7999 = DIRECTION('',(0.,-1.,0.));
#8000 = ORIENTED_EDGE('',*,*,#8001,.F.);
#8001 = EDGE_CURVE('',#8002,#7994,#8004,.T.);
#8002 = VERTEX_POINT('',#8003);
#8003 = CARTESIAN_POINT('',(305.5,-105.,0.));
#8004 = LINE('',#8005,#8006);
#8005 = CARTESIAN_POINT('',(305.5,-105.,0.));
#8006 = VECTOR('',#8007,1.);
#8007 = DIRECTION('',(0.,0.,1.));
#8008 = ORIENTED_EDGE('',*,*,#8009,.F.);
#8009 = EDGE_CURVE('',#7970,#8002,#8010,.T.);
#8010 = LINE('',#8011,#8012);
#8011 = CARTESIAN_POINT('',(305.5,-93.,0.));
#8012 = VECTOR('',#8013,1.);
#8013 = DIRECTION('',(0.,-1.,0.));
#8014 = PLANE('',#8015);
#8015 = AXIS2_PLACEMENT_3D('',#8016,#8017,#8018);
#8016 = CARTESIAN_POINT('',(305.5,-93.,0.));
#8017 = DIRECTION('',(1.,0.,-0.));
#8018 = DIRECTION('',(0.,-1.,0.));
#8019 = ADVANCED_FACE('',(#8020),#8047,.T.);
#8020 = FACE_BOUND('',#8021,.F.);
#8021 = EDGE_LOOP('',(#8022,#8023,#8032,#8040));
#8022 = ORIENTED_EDGE('',*,*,#8001,.T.);
#8023 = ORIENTED_EDGE('',*,*,#8024,.T.);
#8024 = EDGE_CURVE('',#7994,#8025,#8027,.T.);
#8025 = VERTEX_POINT('',#8026);
#8026 = CARTESIAN_POINT('',(306.5,-105.,1.6));
#8027 = CIRCLE('',#8028,0.5);
#8028 = AXIS2_PLACEMENT_3D('',#8029,#8030,#8031);
#8029 = CARTESIAN_POINT('',(306.,-105.,1.6));
#8030 = DIRECTION('',(0.,0.,1.));
#8031 = DIRECTION('',(-1.,0.,-0.));
#8032 = ORIENTED_EDGE('',*,*,#8033,.F.);
#8033 = EDGE_CURVE('',#8034,#8025,#8036,.T.);
#8034 = VERTEX_POINT('',#8035);
#8035 = CARTESIAN_POINT('',(306.5,-105.,0.));
#8036 = LINE('',#8037,#8038);
#8037 = CARTESIAN_POINT('',(306.5,-105.,0.));
#8038 = VECTOR('',#8039,1.);
#8039 = DIRECTION('',(0.,0.,1.));
#8040 = ORIENTED_EDGE('',*,*,#8041,.F.);
#8041 = EDGE_CURVE('',#8002,#8034,#8042,.T.);
#8042 = CIRCLE('',#8043,0.5);
#8043 = AXIS2_PLACEMENT_3D('',#8044,#8045,#8046);
#8044 = CARTESIAN_POINT('',(306.,-105.,0.));
#8045 = DIRECTION('',(0.,0.,1.));
#8046 = DIRECTION('',(-1.,0.,-0.));
#8047 = CYLINDRICAL_SURFACE('',#8048,0.5);
#8048 = AXIS2_PLACEMENT_3D('',#8049,#8050,#8051);
#8049 = CARTESIAN_POINT('',(306.,-105.,0.));
#8050 = DIRECTION('',(-0.,-0.,-1.));
#8051 = DIRECTION('',(-1.,0.,-0.));
#8052 = ADVANCED_FACE('',(#8053),#8069,.F.);
#8053 = FACE_BOUND('',#8054,.F.);
#8054 = EDGE_LOOP('',(#8055,#8056,#8062,#8063));
#8055 = ORIENTED_EDGE('',*,*,#8033,.T.);
#8056 = ORIENTED_EDGE('',*,*,#8057,.T.);
#8057 = EDGE_CURVE('',#8025,#7953,#8058,.T.);
#8058 = LINE('',#8059,#8060);
#8059 = CARTESIAN_POINT('',(306.5,-105.,1.6));
#8060 = VECTOR('',#8061,1.);
#8061 = DIRECTION('',(0.,1.,0.));
#8062 = ORIENTED_EDGE('',*,*,#7950,.F.);
#8063 = ORIENTED_EDGE('',*,*,#8064,.F.);
#8064 = EDGE_CURVE('',#8034,#7951,#8065,.T.);
#8065 = LINE('',#8066,#8067);
#8066 = CARTESIAN_POINT('',(306.5,-105.,0.));
#8067 = VECTOR('',#8068,1.);
#8068 = DIRECTION('',(0.,1.,0.));
#8069 = PLANE('',#8070);
#8070 = AXIS2_PLACEMENT_3D('',#8071,#8072,#8073);
#8071 = CARTESIAN_POINT('',(306.5,-105.,0.));
#8072 = DIRECTION('',(-1.,0.,0.));
#8073 = DIRECTION('',(0.,1.,0.));
#8074 = ADVANCED_FACE('',(#8075),#8111,.T.);
#8075 = FACE_BOUND('',#8076,.F.);
#8076 = EDGE_LOOP('',(#8077,#8087,#8096,#8104));
#8077 = ORIENTED_EDGE('',*,*,#8078,.T.);
#8078 = EDGE_CURVE('',#8079,#8081,#8083,.T.);
#8079 = VERTEX_POINT('',#8080);
#8080 = CARTESIAN_POINT('',(69.5,-74.,0.));
#8081 = VERTEX_POINT('',#8082);
#8082 = CARTESIAN_POINT('',(69.5,-74.,1.6));
#8083 = LINE('',#8084,#8085);
#8084 = CARTESIAN_POINT('',(69.5,-74.,0.));
#8085 = VECTOR('',#8086,1.);
#8086 = DIRECTION('',(0.,0.,1.));
#8087 = ORIENTED_EDGE('',*,*,#8088,.T.);
#8088 = EDGE_CURVE('',#8081,#8089,#8091,.T.);
#8089 = VERTEX_POINT('',#8090);
#8090 = CARTESIAN_POINT('',(68.5,-74.,1.6));
#8091 = CIRCLE('',#8092,0.5);
#8092 = AXIS2_PLACEMENT_3D('',#8093,#8094,#8095);
#8093 = CARTESIAN_POINT('',(69.,-74.,1.6));
#8094 = DIRECTION('',(0.,0.,1.));
#8095 = DIRECTION('',(1.,0.,-0.));
#8096 = ORIENTED_EDGE('',*,*,#8097,.F.);
#8097 = EDGE_CURVE('',#8098,#8089,#8100,.T.);
#8098 = VERTEX_POINT('',#8099);
#8099 = CARTESIAN_POINT('',(68.5,-74.,0.));
#8100 = LINE('',#8101,#8102);
#8101 = CARTESIAN_POINT('',(68.5,-74.,0.));
#8102 = VECTOR('',#8103,1.);
#8103 = DIRECTION('',(0.,0.,1.));
#8104 = ORIENTED_EDGE('',*,*,#8105,.F.);
#8105 = EDGE_CURVE('',#8079,#8098,#8106,.T.);
#8106 = CIRCLE('',#8107,0.5);
#8107 = AXIS2_PLACEMENT_3D('',#8108,#8109,#8110);
#8108 = CARTESIAN_POINT('',(69.,-74.,0.));
#8109 = DIRECTION('',(0.,0.,1.));
#8110 = DIRECTION('',(1.,0.,-0.));
#8111 = CYLINDRICAL_SURFACE('',#8112,0.5);
#8112 = AXIS2_PLACEMENT_3D('',#8113,#8114,#8115);
#8113 = CARTESIAN_POINT('',(69.,-74.,0.));
#8114 = DIRECTION('',(-0.,-0.,-1.));
#8115 = DIRECTION('',(1.,0.,-0.));
#8116 = ADVANCED_FACE('',(#8117),#8142,.F.);
#8117 = FACE_BOUND('',#8118,.F.);
#8118 = EDGE_LOOP('',(#8119,#8120,#8128,#8136));
#8119 = ORIENTED_EDGE('',*,*,#8097,.T.);
#8120 = ORIENTED_EDGE('',*,*,#8121,.T.);
#8121 = EDGE_CURVE('',#8089,#8122,#8124,.T.);
#8122 = VERTEX_POINT('',#8123);
#8123 = CARTESIAN_POINT('',(68.5,-83.,1.6));
#8124 = LINE('',#8125,#8126);
#8125 = CARTESIAN_POINT('',(68.5,-74.,1.6));
#8126 = VECTOR('',#8127,1.);
#8127 = DIRECTION('',(0.,-1.,0.));
#8128 = ORIENTED_EDGE('',*,*,#8129,.F.);
#8129 = EDGE_CURVE('',#8130,#8122,#8132,.T.);
#8130 = VERTEX_POINT('',#8131);
#8131 = CARTESIAN_POINT('',(68.5,-83.,0.));
#8132 = LINE('',#8133,#8134);
#8133 = CARTESIAN_POINT('',(68.5,-83.,0.));
#8134 = VECTOR('',#8135,1.);
#8135 = DIRECTION('',(0.,0.,1.));
#8136 = ORIENTED_EDGE('',*,*,#8137,.F.);
#8137 = EDGE_CURVE('',#8098,#8130,#8138,.T.);
#8138 = LINE('',#8139,#8140);
#8139 = CARTESIAN_POINT('',(68.5,-74.,0.));
#8140 = VECTOR('',#8141,1.);
#8141 = DIRECTION('',(0.,-1.,0.));
#8142 = PLANE('',#8143);
#8143 = AXIS2_PLACEMENT_3D('',#8144,#8145,#8146);
#8144 = CARTESIAN_POINT('',(68.5,-74.,0.));
#8145 = DIRECTION('',(1.,0.,-0.));
#8146 = DIRECTION('',(0.,-1.,0.));
#8147 = ADVANCED_FACE('',(#8148),#8175,.T.);
#8148 = FACE_BOUND('',#8149,.F.);
#8149 = EDGE_LOOP('',(#8150,#8151,#8160,#8168));
#8150 = ORIENTED_EDGE('',*,*,#8129,.T.);
#8151 = ORIENTED_EDGE('',*,*,#8152,.T.);
#8152 = EDGE_CURVE('',#8122,#8153,#8155,.T.);
#8153 = VERTEX_POINT('',#8154);
#8154 = CARTESIAN_POINT('',(69.5,-83.,1.6));
#8155 = CIRCLE('',#8156,0.5);
#8156 = AXIS2_PLACEMENT_3D('',#8157,#8158,#8159);
#8157 = CARTESIAN_POINT('',(69.,-83.,1.6));
#8158 = DIRECTION('',(0.,0.,1.));
#8159 = DIRECTION('',(-1.,0.,-0.));
#8160 = ORIENTED_EDGE('',*,*,#8161,.F.);
#8161 = EDGE_CURVE('',#8162,#8153,#8164,.T.);
#8162 = VERTEX_POINT('',#8163);
#8163 = CARTESIAN_POINT('',(69.5,-83.,0.));
#8164 = LINE('',#8165,#8166);
#8165 = CARTESIAN_POINT('',(69.5,-83.,0.));
#8166 = VECTOR('',#8167,1.);
#8167 = DIRECTION('',(0.,0.,1.));
#8168 = ORIENTED_EDGE('',*,*,#8169,.F.);
#8169 = EDGE_CURVE('',#8130,#8162,#8170,.T.);
#8170 = CIRCLE('',#8171,0.5);
#8171 = AXIS2_PLACEMENT_3D('',#8172,#8173,#8174);
#8172 = CARTESIAN_POINT('',(69.,-83.,0.));
#8173 = DIRECTION('',(0.,0.,1.));
#8174 = DIRECTION('',(-1.,0.,-0.));
#8175 = CYLINDRICAL_SURFACE('',#8176,0.5);
#8176 = AXIS2_PLACEMENT_3D('',#8177,#8178,#8179);
#8177 = CARTESIAN_POINT('',(69.,-83.,0.));
#8178 = DIRECTION('',(-0.,-0.,-1.));
#8179 = DIRECTION('',(-1.,0.,-0.));
#8180 = ADVANCED_FACE('',(#8181),#8197,.F.);
#8181 = FACE_BOUND('',#8182,.F.);
#8182 = EDGE_LOOP('',(#8183,#8184,#8190,#8191));
#8183 = ORIENTED_EDGE('',*,*,#8161,.T.);
#8184 = ORIENTED_EDGE('',*,*,#8185,.T.);
#8185 = EDGE_CURVE('',#8153,#8081,#8186,.T.);
#8186 = LINE('',#8187,#8188);
#8187 = CARTESIAN_POINT('',(69.5,-83.,1.6));
#8188 = VECTOR('',#8189,1.);
#8189 = DIRECTION('',(0.,1.,0.));
#8190 = ORIENTED_EDGE('',*,*,#8078,.F.);
#8191 = ORIENTED_EDGE('',*,*,#8192,.F.);
#8192 = EDGE_CURVE('',#8162,#8079,#8193,.T.);
#8193 = LINE('',#8194,#8195);
#8194 = CARTESIAN_POINT('',(69.5,-83.,0.));
#8195 = VECTOR('',#8196,1.);
#8196 = DIRECTION('',(0.,1.,0.));
#8197 = PLANE('',#8198);
#8198 = AXIS2_PLACEMENT_3D('',#8199,#8200,#8201);
#8199 = CARTESIAN_POINT('',(69.5,-83.,0.));
#8200 = DIRECTION('',(-1.,0.,0.));
#8201 = DIRECTION('',(0.,1.,0.));
#8202 = ADVANCED_FACE('',(#8203),#8239,.T.);
#8203 = FACE_BOUND('',#8204,.F.);
#8204 = EDGE_LOOP('',(#8205,#8215,#8224,#8232));
#8205 = ORIENTED_EDGE('',*,*,#8206,.T.);
#8206 = EDGE_CURVE('',#8207,#8209,#8211,.T.);
#8207 = VERTEX_POINT('',#8208);
#8208 = CARTESIAN_POINT('',(306.5,-74.,0.));
#8209 = VERTEX_POINT('',#8210);
#8210 = CARTESIAN_POINT('',(306.5,-74.,1.6));
#8211 = LINE('',#8212,#8213);
#8212 = CARTESIAN_POINT('',(306.5,-74.,0.));
#8213 = VECTOR('',#8214,1.);
#8214 = DIRECTION('',(0.,0.,1.));
#8215 = ORIENTED_EDGE('',*,*,#8216,.T.);
#8216 = EDGE_CURVE('',#8209,#8217,#8219,.T.);
#8217 = VERTEX_POINT('',#8218);
#8218 = CARTESIAN_POINT('',(305.5,-74.,1.6));
#8219 = CIRCLE('',#8220,0.5);
#8220 = AXIS2_PLACEMENT_3D('',#8221,#8222,#8223);
#8221 = CARTESIAN_POINT('',(306.,-74.,1.6));
#8222 = DIRECTION('',(0.,0.,1.));
#8223 = DIRECTION('',(1.,0.,-0.));
#8224 = ORIENTED_EDGE('',*,*,#8225,.F.);
#8225 = EDGE_CURVE('',#8226,#8217,#8228,.T.);
#8226 = VERTEX_POINT('',#8227);
#8227 = CARTESIAN_POINT('',(305.5,-74.,0.));
#8228 = LINE('',#8229,#8230);
#8229 = CARTESIAN_POINT('',(305.5,-74.,0.));
#8230 = VECTOR('',#8231,1.);
#8231 = DIRECTION('',(0.,0.,1.));
#8232 = ORIENTED_EDGE('',*,*,#8233,.F.);
#8233 = EDGE_CURVE('',#8207,#8226,#8234,.T.);
#8234 = CIRCLE('',#8235,0.5);
#8235 = AXIS2_PLACEMENT_3D('',#8236,#8237,#8238);
#8236 = CARTESIAN_POINT('',(306.,-74.,0.));
#8237 = DIRECTION('',(0.,0.,1.));
#8238 = DIRECTION('',(1.,0.,-0.));
#8239 = CYLINDRICAL_SURFACE('',#8240,0.5);
#8240 = AXIS2_PLACEMENT_3D('',#8241,#8242,#8243);
#8241 = CARTESIAN_POINT('',(306.,-74.,0.));
#8242 = DIRECTION('',(-0.,-0.,-1.));
#8243 = DIRECTION('',(1.,0.,-0.));
#8244 = ADVANCED_FACE('',(#8245),#8270,.F.);
#8245 = FACE_BOUND('',#8246,.F.);
#8246 = EDGE_LOOP('',(#8247,#8248,#8256,#8264));
#8247 = ORIENTED_EDGE('',*,*,#8225,.T.);
#8248 = ORIENTED_EDGE('',*,*,#8249,.T.);
#8249 = EDGE_CURVE('',#8217,#8250,#8252,.T.);
#8250 = VERTEX_POINT('',#8251);
#8251 = CARTESIAN_POINT('',(305.5,-83.,1.6));
#8252 = LINE('',#8253,#8254);
#8253 = CARTESIAN_POINT('',(305.5,-74.,1.6));
#8254 = VECTOR('',#8255,1.);
#8255 = DIRECTION('',(0.,-1.,0.));
#8256 = ORIENTED_EDGE('',*,*,#8257,.F.);
#8257 = EDGE_CURVE('',#8258,#8250,#8260,.T.);
#8258 = VERTEX_POINT('',#8259);
#8259 = CARTESIAN_POINT('',(305.5,-83.,0.));
#8260 = LINE('',#8261,#8262);
#8261 = CARTESIAN_POINT('',(305.5,-83.,0.));
#8262 = VECTOR('',#8263,1.);
#8263 = DIRECTION('',(0.,0.,1.));
#8264 = ORIENTED_EDGE('',*,*,#8265,.F.);
#8265 = EDGE_CURVE('',#8226,#8258,#8266,.T.);
#8266 = LINE('',#8267,#8268);
#8267 = CARTESIAN_POINT('',(305.5,-74.,0.));
#8268 = VECTOR('',#8269,1.);
#8269 = DIRECTION('',(0.,-1.,0.));
#8270 = PLANE('',#8271);
#8271 = AXIS2_PLACEMENT_3D('',#8272,#8273,#8274);
#8272 = CARTESIAN_POINT('',(305.5,-74.,0.));
#8273 = DIRECTION('',(1.,0.,-0.));
#8274 = DIRECTION('',(0.,-1.,0.));
#8275 = ADVANCED_FACE('',(#8276),#8303,.T.);
#8276 = FACE_BOUND('',#8277,.F.);
#8277 = EDGE_LOOP('',(#8278,#8279,#8288,#8296));
#8278 = ORIENTED_EDGE('',*,*,#8257,.T.);
#8279 = ORIENTED_EDGE('',*,*,#8280,.T.);
#8280 = EDGE_CURVE('',#8250,#8281,#8283,.T.);
#8281 = VERTEX_POINT('',#8282);
#8282 = CARTESIAN_POINT('',(306.5,-83.,1.6));
#8283 = CIRCLE('',#8284,0.5);
#8284 = AXIS2_PLACEMENT_3D('',#8285,#8286,#8287);
#8285 = CARTESIAN_POINT('',(306.,-83.,1.6));
#8286 = DIRECTION('',(0.,0.,1.));
#8287 = DIRECTION('',(-1.,0.,-0.));
#8288 = ORIENTED_EDGE('',*,*,#8289,.F.);
#8289 = EDGE_CURVE('',#8290,#8281,#8292,.T.);
#8290 = VERTEX_POINT('',#8291);
#8291 = CARTESIAN_POINT('',(306.5,-83.,0.));
#8292 = LINE('',#8293,#8294);
#8293 = CARTESIAN_POINT('',(306.5,-83.,0.));
#8294 = VECTOR('',#8295,1.);
#8295 = DIRECTION('',(0.,0.,1.));
#8296 = ORIENTED_EDGE('',*,*,#8297,.F.);
#8297 = EDGE_CURVE('',#8258,#8290,#8298,.T.);
#8298 = CIRCLE('',#8299,0.5);
#8299 = AXIS2_PLACEMENT_3D('',#8300,#8301,#8302);
#8300 = CARTESIAN_POINT('',(306.,-83.,0.));
#8301 = DIRECTION('',(0.,0.,1.));
#8302 = DIRECTION('',(-1.,0.,-0.));
#8303 = CYLINDRICAL_SURFACE('',#8304,0.5);
#8304 = AXIS2_PLACEMENT_3D('',#8305,#8306,#8307);
#8305 = CARTESIAN_POINT('',(306.,-83.,0.));
#8306 = DIRECTION('',(-0.,-0.,-1.));
#8307 = DIRECTION('',(-1.,0.,-0.));
#8308 = ADVANCED_FACE('',(#8309),#8325,.F.);
#8309 = FACE_BOUND('',#8310,.F.);
#8310 = EDGE_LOOP('',(#8311,#8312,#8318,#8319));
#8311 = ORIENTED_EDGE('',*,*,#8289,.T.);
#8312 = ORIENTED_EDGE('',*,*,#8313,.T.);
#8313 = EDGE_CURVE('',#8281,#8209,#8314,.T.);
#8314 = LINE('',#8315,#8316);
#8315 = CARTESIAN_POINT('',(306.5,-83.,1.6));
#8316 = VECTOR('',#8317,1.);
#8317 = DIRECTION('',(0.,1.,0.));
#8318 = ORIENTED_EDGE('',*,*,#8206,.F.);
#8319 = ORIENTED_EDGE('',*,*,#8320,.F.);
#8320 = EDGE_CURVE('',#8290,#8207,#8321,.T.);
#8321 = LINE('',#8322,#8323);
#8322 = CARTESIAN_POINT('',(306.5,-83.,0.));
#8323 = VECTOR('',#8324,1.);
#8324 = DIRECTION('',(0.,1.,0.));
#8325 = PLANE('',#8326);
#8326 = AXIS2_PLACEMENT_3D('',#8327,#8328,#8329);
#8327 = CARTESIAN_POINT('',(306.5,-83.,0.));
#8328 = DIRECTION('',(-1.,0.,0.));
#8329 = DIRECTION('',(0.,1.,0.));
#8330 = ADVANCED_FACE('',(#8331),#8367,.T.);
#8331 = FACE_BOUND('',#8332,.F.);
#8332 = EDGE_LOOP('',(#8333,#8343,#8352,#8360));
#8333 = ORIENTED_EDGE('',*,*,#8334,.T.);
#8334 = EDGE_CURVE('',#8335,#8337,#8339,.T.);
#8335 = VERTEX_POINT('',#8336);
#8336 = CARTESIAN_POINT('',(69.5,-52.,0.));
#8337 = VERTEX_POINT('',#8338);
#8338 = CARTESIAN_POINT('',(69.5,-52.,1.6));
#8339 = LINE('',#8340,#8341);
#8340 = CARTESIAN_POINT('',(69.5,-52.,0.));
#8341 = VECTOR('',#8342,1.);
#8342 = DIRECTION('',(0.,0.,1.));
#8343 = ORIENTED_EDGE('',*,*,#8344,.T.);
#8344 = EDGE_CURVE('',#8337,#8345,#8347,.T.);
#8345 = VERTEX_POINT('',#8346);
#8346 = CARTESIAN_POINT('',(68.5,-52.,1.6));
#8347 = CIRCLE('',#8348,0.5);
#8348 = AXIS2_PLACEMENT_3D('',#8349,#8350,#8351);
#8349 = CARTESIAN_POINT('',(69.,-52.,1.6));
#8350 = DIRECTION('',(0.,0.,1.));
#8351 = DIRECTION('',(1.,0.,-0.));
#8352 = ORIENTED_EDGE('',*,*,#8353,.F.);
#8353 = EDGE_CURVE('',#8354,#8345,#8356,.T.);
#8354 = VERTEX_POINT('',#8355);
#8355 = CARTESIAN_POINT('',(68.5,-52.,0.));
#8356 = LINE('',#8357,#8358);
#8357 = CARTESIAN_POINT('',(68.5,-52.,0.));
#8358 = VECTOR('',#8359,1.);
#8359 = DIRECTION('',(0.,0.,1.));
#8360 = ORIENTED_EDGE('',*,*,#8361,.F.);
#8361 = EDGE_CURVE('',#8335,#8354,#8362,.T.);
#8362 = CIRCLE('',#8363,0.5);
#8363 = AXIS2_PLACEMENT_3D('',#8364,#8365,#8366);
#8364 = CARTESIAN_POINT('',(69.,-52.,0.));
#8365 = DIRECTION('',(0.,0.,1.));
#8366 = DIRECTION('',(1.,0.,-0.));
#8367 = CYLINDRICAL_SURFACE('',#8368,0.5);
#8368 = AXIS2_PLACEMENT_3D('',#8369,#8370,#8371);
#8369 = CARTESIAN_POINT('',(69.,-52.,0.));
#8370 = DIRECTION('',(-0.,-0.,-1.));
#8371 = DIRECTION('',(1.,0.,-0.));
#8372 = ADVANCED_FACE('',(#8373),#8398,.F.);
#8373 = FACE_BOUND('',#8374,.F.);
#8374 = EDGE_LOOP('',(#8375,#8376,#8384,#8392));
#8375 = ORIENTED_EDGE('',*,*,#8353,.T.);
#8376 = ORIENTED_EDGE('',*,*,#8377,.T.);
#8377 = EDGE_CURVE('',#8345,#8378,#8380,.T.);
#8378 = VERTEX_POINT('',#8379);
#8379 = CARTESIAN_POINT('',(68.5,-64.,1.6));
#8380 = LINE('',#8381,#8382);
#8381 = CARTESIAN_POINT('',(68.5,-52.,1.6));
#8382 = VECTOR('',#8383,1.);
#8383 = DIRECTION('',(0.,-1.,0.));
#8384 = ORIENTED_EDGE('',*,*,#8385,.F.);
#8385 = EDGE_CURVE('',#8386,#8378,#8388,.T.);
#8386 = VERTEX_POINT('',#8387);
#8387 = CARTESIAN_POINT('',(68.5,-64.,0.));
#8388 = LINE('',#8389,#8390);
#8389 = CARTESIAN_POINT('',(68.5,-64.,0.));
#8390 = VECTOR('',#8391,1.);
#8391 = DIRECTION('',(0.,0.,1.));
#8392 = ORIENTED_EDGE('',*,*,#8393,.F.);
#8393 = EDGE_CURVE('',#8354,#8386,#8394,.T.);
#8394 = LINE('',#8395,#8396);
#8395 = CARTESIAN_POINT('',(68.5,-52.,0.));
#8396 = VECTOR('',#8397,1.);
#8397 = DIRECTION('',(0.,-1.,0.));
#8398 = PLANE('',#8399);
#8399 = AXIS2_PLACEMENT_3D('',#8400,#8401,#8402);
#8400 = CARTESIAN_POINT('',(68.5,-52.,0.));
#8401 = DIRECTION('',(1.,0.,-0.));
#8402 = DIRECTION('',(0.,-1.,0.));
#8403 = ADVANCED_FACE('',(#8404),#8431,.T.);
#8404 = FACE_BOUND('',#8405,.F.);
#8405 = EDGE_LOOP('',(#8406,#8407,#8416,#8424));
#8406 = ORIENTED_EDGE('',*,*,#8385,.T.);
#8407 = ORIENTED_EDGE('',*,*,#8408,.T.);
#8408 = EDGE_CURVE('',#8378,#8409,#8411,.T.);
#8409 = VERTEX_POINT('',#8410);
#8410 = CARTESIAN_POINT('',(69.5,-64.,1.6));
#8411 = CIRCLE('',#8412,0.5);
#8412 = AXIS2_PLACEMENT_3D('',#8413,#8414,#8415);
#8413 = CARTESIAN_POINT('',(69.,-64.,1.6));
#8414 = DIRECTION('',(0.,0.,1.));
#8415 = DIRECTION('',(-1.,0.,-0.));
#8416 = ORIENTED_EDGE('',*,*,#8417,.F.);
#8417 = EDGE_CURVE('',#8418,#8409,#8420,.T.);
#8418 = VERTEX_POINT('',#8419);
#8419 = CARTESIAN_POINT('',(69.5,-64.,0.));
#8420 = LINE('',#8421,#8422);
#8421 = CARTESIAN_POINT('',(69.5,-64.,0.));
#8422 = VECTOR('',#8423,1.);
#8423 = DIRECTION('',(0.,0.,1.));
#8424 = ORIENTED_EDGE('',*,*,#8425,.F.);
#8425 = EDGE_CURVE('',#8386,#8418,#8426,.T.);
#8426 = CIRCLE('',#8427,0.5);
#8427 = AXIS2_PLACEMENT_3D('',#8428,#8429,#8430);
#8428 = CARTESIAN_POINT('',(69.,-64.,0.));
#8429 = DIRECTION('',(0.,0.,1.));
#8430 = DIRECTION('',(-1.,0.,-0.));
#8431 = CYLINDRICAL_SURFACE('',#8432,0.5);
#8432 = AXIS2_PLACEMENT_3D('',#8433,#8434,#8435);
#8433 = CARTESIAN_POINT('',(69.,-64.,0.));
#8434 = DIRECTION('',(-0.,-0.,-1.));
#8435 = DIRECTION('',(-1.,0.,-0.));
#8436 = ADVANCED_FACE('',(#8437),#8453,.F.);
#8437 = FACE_BOUND('',#8438,.F.);
#8438 = EDGE_LOOP('',(#8439,#8440,#8446,#8447));
#8439 = ORIENTED_EDGE('',*,*,#8417,.T.);
#8440 = ORIENTED_EDGE('',*,*,#8441,.T.);
#8441 = EDGE_CURVE('',#8409,#8337,#8442,.T.);
#8442 = LINE('',#8443,#8444);
#8443 = CARTESIAN_POINT('',(69.5,-64.,1.6));
#8444 = VECTOR('',#8445,1.);
#8445 = DIRECTION('',(0.,1.,0.));
#8446 = ORIENTED_EDGE('',*,*,#8334,.F.);
#8447 = ORIENTED_EDGE('',*,*,#8448,.F.);
#8448 = EDGE_CURVE('',#8418,#8335,#8449,.T.);
#8449 = LINE('',#8450,#8451);
#8450 = CARTESIAN_POINT('',(69.5,-64.,0.));
#8451 = VECTOR('',#8452,1.);
#8452 = DIRECTION('',(0.,1.,0.));
#8453 = PLANE('',#8454);
#8454 = AXIS2_PLACEMENT_3D('',#8455,#8456,#8457);
#8455 = CARTESIAN_POINT('',(69.5,-64.,0.));
#8456 = DIRECTION('',(-1.,0.,0.));
#8457 = DIRECTION('',(0.,1.,0.));
#8458 = ADVANCED_FACE('',(#8459),#8495,.T.);
#8459 = FACE_BOUND('',#8460,.F.);
#8460 = EDGE_LOOP('',(#8461,#8471,#8480,#8488));
#8461 = ORIENTED_EDGE('',*,*,#8462,.T.);
#8462 = EDGE_CURVE('',#8463,#8465,#8467,.T.);
#8463 = VERTEX_POINT('',#8464);
#8464 = CARTESIAN_POINT('',(306.5,-52.,0.));
#8465 = VERTEX_POINT('',#8466);
#8466 = CARTESIAN_POINT('',(306.5,-52.,1.6));
#8467 = LINE('',#8468,#8469);
#8468 = CARTESIAN_POINT('',(306.5,-52.,0.));
#8469 = VECTOR('',#8470,1.);
#8470 = DIRECTION('',(0.,0.,1.));
#8471 = ORIENTED_EDGE('',*,*,#8472,.T.);
#8472 = EDGE_CURVE('',#8465,#8473,#8475,.T.);
#8473 = VERTEX_POINT('',#8474);
#8474 = CARTESIAN_POINT('',(305.5,-52.,1.6));
#8475 = CIRCLE('',#8476,0.5);
#8476 = AXIS2_PLACEMENT_3D('',#8477,#8478,#8479);
#8477 = CARTESIAN_POINT('',(306.,-52.,1.6));
#8478 = DIRECTION('',(0.,0.,1.));
#8479 = DIRECTION('',(1.,0.,-0.));
#8480 = ORIENTED_EDGE('',*,*,#8481,.F.);
#8481 = EDGE_CURVE('',#8482,#8473,#8484,.T.);
#8482 = VERTEX_POINT('',#8483);
#8483 = CARTESIAN_POINT('',(305.5,-52.,0.));
#8484 = LINE('',#8485,#8486);
#8485 = CARTESIAN_POINT('',(305.5,-52.,0.));
#8486 = VECTOR('',#8487,1.);
#8487 = DIRECTION('',(0.,0.,1.));
#8488 = ORIENTED_EDGE('',*,*,#8489,.F.);
#8489 = EDGE_CURVE('',#8463,#8482,#8490,.T.);
#8490 = CIRCLE('',#8491,0.5);
#8491 = AXIS2_PLACEMENT_3D('',#8492,#8493,#8494);
#8492 = CARTESIAN_POINT('',(306.,-52.,0.));
#8493 = DIRECTION('',(0.,0.,1.));
#8494 = DIRECTION('',(1.,0.,-0.));
#8495 = CYLINDRICAL_SURFACE('',#8496,0.5);
#8496 = AXIS2_PLACEMENT_3D('',#8497,#8498,#8499);
#8497 = CARTESIAN_POINT('',(306.,-52.,0.));
#8498 = DIRECTION('',(-0.,-0.,-1.));
#8499 = DIRECTION('',(1.,0.,-0.));
#8500 = ADVANCED_FACE('',(#8501),#8526,.F.);
#8501 = FACE_BOUND('',#8502,.F.);
#8502 = EDGE_LOOP('',(#8503,#8504,#8512,#8520));
#8503 = ORIENTED_EDGE('',*,*,#8481,.T.);
#8504 = ORIENTED_EDGE('',*,*,#8505,.T.);
#8505 = EDGE_CURVE('',#8473,#8506,#8508,.T.);
#8506 = VERTEX_POINT('',#8507);
#8507 = CARTESIAN_POINT('',(305.5,-64.,1.6));
#8508 = LINE('',#8509,#8510);
#8509 = CARTESIAN_POINT('',(305.5,-52.,1.6));
#8510 = VECTOR('',#8511,1.);
#8511 = DIRECTION('',(0.,-1.,0.));
#8512 = ORIENTED_EDGE('',*,*,#8513,.F.);
#8513 = EDGE_CURVE('',#8514,#8506,#8516,.T.);
#8514 = VERTEX_POINT('',#8515);
#8515 = CARTESIAN_POINT('',(305.5,-64.,0.));
#8516 = LINE('',#8517,#8518);
#8517 = CARTESIAN_POINT('',(305.5,-64.,0.));
#8518 = VECTOR('',#8519,1.);
#8519 = DIRECTION('',(0.,0.,1.));
#8520 = ORIENTED_EDGE('',*,*,#8521,.F.);
#8521 = EDGE_CURVE('',#8482,#8514,#8522,.T.);
#8522 = LINE('',#8523,#8524);
#8523 = CARTESIAN_POINT('',(305.5,-52.,0.));
#8524 = VECTOR('',#8525,1.);
#8525 = DIRECTION('',(0.,-1.,0.));
#8526 = PLANE('',#8527);
#8527 = AXIS2_PLACEMENT_3D('',#8528,#8529,#8530);
#8528 = CARTESIAN_POINT('',(305.5,-52.,0.));
#8529 = DIRECTION('',(1.,0.,-0.));
#8530 = DIRECTION('',(0.,-1.,0.));
#8531 = ADVANCED_FACE('',(#8532),#8559,.T.);
#8532 = FACE_BOUND('',#8533,.F.);
#8533 = EDGE_LOOP('',(#8534,#8535,#8544,#8552));
#8534 = ORIENTED_EDGE('',*,*,#8513,.T.);
#8535 = ORIENTED_EDGE('',*,*,#8536,.T.);
#8536 = EDGE_CURVE('',#8506,#8537,#8539,.T.);
#8537 = VERTEX_POINT('',#8538);
#8538 = CARTESIAN_POINT('',(306.5,-64.,1.6));
#8539 = CIRCLE('',#8540,0.5);
#8540 = AXIS2_PLACEMENT_3D('',#8541,#8542,#8543);
#8541 = CARTESIAN_POINT('',(306.,-64.,1.6));
#8542 = DIRECTION('',(0.,0.,1.));
#8543 = DIRECTION('',(-1.,0.,-0.));
#8544 = ORIENTED_EDGE('',*,*,#8545,.F.);
#8545 = EDGE_CURVE('',#8546,#8537,#8548,.T.);
#8546 = VERTEX_POINT('',#8547);
#8547 = CARTESIAN_POINT('',(306.5,-64.,0.));
#8548 = LINE('',#8549,#8550);
#8549 = CARTESIAN_POINT('',(306.5,-64.,0.));
#8550 = VECTOR('',#8551,1.);
#8551 = DIRECTION('',(0.,0.,1.));
#8552 = ORIENTED_EDGE('',*,*,#8553,.F.);
#8553 = EDGE_CURVE('',#8514,#8546,#8554,.T.);
#8554 = CIRCLE('',#8555,0.5);
#8555 = AXIS2_PLACEMENT_3D('',#8556,#8557,#8558);
#8556 = CARTESIAN_POINT('',(306.,-64.,0.));
#8557 = DIRECTION('',(0.,0.,1.));
#8558 = DIRECTION('',(-1.,0.,-0.));
#8559 = CYLINDRICAL_SURFACE('',#8560,0.5);
#8560 = AXIS2_PLACEMENT_3D('',#8561,#8562,#8563);
#8561 = CARTESIAN_POINT('',(306.,-64.,0.));
#8562 = DIRECTION('',(-0.,-0.,-1.));
#8563 = DIRECTION('',(-1.,0.,-0.));
#8564 = ADVANCED_FACE('',(#8565),#8581,.F.);
#8565 = FACE_BOUND('',#8566,.F.);
#8566 = EDGE_LOOP('',(#8567,#8568,#8574,#8575));
#8567 = ORIENTED_EDGE('',*,*,#8545,.T.);
#8568 = ORIENTED_EDGE('',*,*,#8569,.T.);
#8569 = EDGE_CURVE('',#8537,#8465,#8570,.T.);
#8570 = LINE('',#8571,#8572);
#8571 = CARTESIAN_POINT('',(306.5,-64.,1.6));
#8572 = VECTOR('',#8573,1.);
#8573 = DIRECTION('',(0.,1.,0.));
#8574 = ORIENTED_EDGE('',*,*,#8462,.F.);
#8575 = ORIENTED_EDGE('',*,*,#8576,.F.);
#8576 = EDGE_CURVE('',#8546,#8463,#8577,.T.);
#8577 = LINE('',#8578,#8579);
#8578 = CARTESIAN_POINT('',(306.5,-64.,0.));
#8579 = VECTOR('',#8580,1.);
#8580 = DIRECTION('',(0.,1.,0.));
#8581 = PLANE('',#8582);
#8582 = AXIS2_PLACEMENT_3D('',#8583,#8584,#8585);
#8583 = CARTESIAN_POINT('',(306.5,-64.,0.));
#8584 = DIRECTION('',(-1.,0.,0.));
#8585 = DIRECTION('',(0.,1.,0.));
#8586 = ADVANCED_FACE('',(#8587),#8623,.T.);
#8587 = FACE_BOUND('',#8588,.F.);
#8588 = EDGE_LOOP('',(#8589,#8599,#8608,#8616));
#8589 = ORIENTED_EDGE('',*,*,#8590,.T.);
#8590 = EDGE_CURVE('',#8591,#8593,#8595,.T.);
#8591 = VERTEX_POINT('',#8592);
#8592 = CARTESIAN_POINT('',(102.,-37.,0.));
#8593 = VERTEX_POINT('',#8594);
#8594 = CARTESIAN_POINT('',(102.,-37.,1.6));
#8595 = LINE('',#8596,#8597);
#8596 = CARTESIAN_POINT('',(102.,-37.,0.));
#8597 = VECTOR('',#8598,1.);
#8598 = DIRECTION('',(0.,0.,1.));
#8599 = ORIENTED_EDGE('',*,*,#8600,.T.);
#8600 = EDGE_CURVE('',#8593,#8601,#8603,.T.);
#8601 = VERTEX_POINT('',#8602);
#8602 = CARTESIAN_POINT('',(100.,-39.,1.6));
#8603 = CIRCLE('',#8604,1.99999850585);
#8604 = AXIS2_PLACEMENT_3D('',#8605,#8606,#8607);
#8605 = CARTESIAN_POINT('',(101.99999850585,-38.99999850585,1.6));
#8606 = DIRECTION('',(0.,0.,1.));
#8607 = DIRECTION('',(7.470757491648E-07,1.,-0.));
#8608 = ORIENTED_EDGE('',*,*,#8609,.F.);
#8609 = EDGE_CURVE('',#8610,#8601,#8612,.T.);
#8610 = VERTEX_POINT('',#8611);
#8611 = CARTESIAN_POINT('',(100.,-39.,0.));
#8612 = LINE('',#8613,#8614);
#8613 = CARTESIAN_POINT('',(100.,-39.,0.));
#8614 = VECTOR('',#8615,1.);
#8615 = DIRECTION('',(0.,0.,1.));
#8616 = ORIENTED_EDGE('',*,*,#8617,.F.);
#8617 = EDGE_CURVE('',#8591,#8610,#8618,.T.);
#8618 = CIRCLE('',#8619,1.99999850585);
#8619 = AXIS2_PLACEMENT_3D('',#8620,#8621,#8622);
#8620 = CARTESIAN_POINT('',(101.99999850585,-38.99999850585,0.));
#8621 = DIRECTION('',(0.,0.,1.));
#8622 = DIRECTION('',(7.470757491648E-07,1.,-0.));
#8623 = CYLINDRICAL_SURFACE('',#8624,1.99999850585);
#8624 = AXIS2_PLACEMENT_3D('',#8625,#8626,#8627);
#8625 = CARTESIAN_POINT('',(101.99999850585,-38.99999850585,0.));
#8626 = DIRECTION('',(-0.,-0.,-1.));
#8627 = DIRECTION('',(7.470757491648E-07,1.,-0.));
#8628 = ADVANCED_FACE('',(#8629),#8654,.F.);
#8629 = FACE_BOUND('',#8630,.F.);
#8630 = EDGE_LOOP('',(#8631,#8632,#8640,#8648));
#8631 = ORIENTED_EDGE('',*,*,#8609,.T.);
#8632 = ORIENTED_EDGE('',*,*,#8633,.T.);
#8633 = EDGE_CURVE('',#8601,#8634,#8636,.T.);
#8634 = VERTEX_POINT('',#8635);
#8635 = CARTESIAN_POINT('',(100.,-40.,1.6));
#8636 = LINE('',#8637,#8638);
#8637 = CARTESIAN_POINT('',(100.,-39.,1.6));
#8638 = VECTOR('',#8639,1.);
#8639 = DIRECTION('',(0.,-1.,0.));
#8640 = ORIENTED_EDGE('',*,*,#8641,.F.);
#8641 = EDGE_CURVE('',#8642,#8634,#8644,.T.);
#8642 = VERTEX_POINT('',#8643);
#8643 = CARTESIAN_POINT('',(100.,-40.,0.));
#8644 = LINE('',#8645,#8646);
#8645 = CARTESIAN_POINT('',(100.,-40.,0.));
#8646 = VECTOR('',#8647,1.);
#8647 = DIRECTION('',(0.,0.,1.));
#8648 = ORIENTED_EDGE('',*,*,#8649,.F.);
#8649 = EDGE_CURVE('',#8610,#8642,#8650,.T.);
#8650 = LINE('',#8651,#8652);
#8651 = CARTESIAN_POINT('',(100.,-39.,0.));
#8652 = VECTOR('',#8653,1.);
#8653 = DIRECTION('',(0.,-1.,0.));
#8654 = PLANE('',#8655);
#8655 = AXIS2_PLACEMENT_3D('',#8656,#8657,#8658);
#8656 = CARTESIAN_POINT('',(100.,-39.,0.));
#8657 = DIRECTION('',(1.,0.,-0.));
#8658 = DIRECTION('',(0.,-1.,0.));
#8659 = ADVANCED_FACE('',(#8660),#8685,.F.);
#8660 = FACE_BOUND('',#8661,.F.);
#8661 = EDGE_LOOP('',(#8662,#8663,#8671,#8679));
#8662 = ORIENTED_EDGE('',*,*,#8641,.T.);
#8663 = ORIENTED_EDGE('',*,*,#8664,.T.);
#8664 = EDGE_CURVE('',#8634,#8665,#8667,.T.);
#8665 = VERTEX_POINT('',#8666);
#8666 = CARTESIAN_POINT('',(100.,-42.,1.6));
#8667 = LINE('',#8668,#8669);
#8668 = CARTESIAN_POINT('',(100.,-40.,1.6));
#8669 = VECTOR('',#8670,1.);
#8670 = DIRECTION('',(0.,-1.,0.));
#8671 = ORIENTED_EDGE('',*,*,#8672,.F.);
#8672 = EDGE_CURVE('',#8673,#8665,#8675,.T.);
#8673 = VERTEX_POINT('',#8674);
#8674 = CARTESIAN_POINT('',(100.,-42.,0.));
#8675 = LINE('',#8676,#8677);
#8676 = CARTESIAN_POINT('',(100.,-42.,0.));
#8677 = VECTOR('',#8678,1.);
#8678 = DIRECTION('',(0.,0.,1.));
#8679 = ORIENTED_EDGE('',*,*,#8680,.F.);
#8680 = EDGE_CURVE('',#8642,#8673,#8681,.T.);
#8681 = LINE('',#8682,#8683);
#8682 = CARTESIAN_POINT('',(100.,-40.,0.));
#8683 = VECTOR('',#8684,1.);
#8684 = DIRECTION('',(0.,-1.,0.));
#8685 = PLANE('',#8686);
#8686 = AXIS2_PLACEMENT_3D('',#8687,#8688,#8689);
#8687 = CARTESIAN_POINT('',(100.,-40.,0.));
#8688 = DIRECTION('',(1.,0.,-0.));
#8689 = DIRECTION('',(0.,-1.,0.));
#8690 = ADVANCED_FACE('',(#8691),#8716,.F.);
#8691 = FACE_BOUND('',#8692,.F.);
#8692 = EDGE_LOOP('',(#8693,#8694,#8702,#8710));
#8693 = ORIENTED_EDGE('',*,*,#8672,.T.);
#8694 = ORIENTED_EDGE('',*,*,#8695,.T.);
#8695 = EDGE_CURVE('',#8665,#8696,#8698,.T.);
#8696 = VERTEX_POINT('',#8697);
#8697 = CARTESIAN_POINT('',(106.,-42.,1.6));
#8698 = LINE('',#8699,#8700);
#8699 = CARTESIAN_POINT('',(100.,-42.,1.6));
#8700 = VECTOR('',#8701,1.);
#8701 = DIRECTION('',(1.,0.,0.));
#8702 = ORIENTED_EDGE('',*,*,#8703,.F.);
#8703 = EDGE_CURVE('',#8704,#8696,#8706,.T.);
#8704 = VERTEX_POINT('',#8705);
#8705 = CARTESIAN_POINT('',(106.,-42.,0.));
#8706 = LINE('',#8707,#8708);
#8707 = CARTESIAN_POINT('',(106.,-42.,0.));
#8708 = VECTOR('',#8709,1.);
#8709 = DIRECTION('',(0.,0.,1.));
#8710 = ORIENTED_EDGE('',*,*,#8711,.F.);
#8711 = EDGE_CURVE('',#8673,#8704,#8712,.T.);
#8712 = LINE('',#8713,#8714);
#8713 = CARTESIAN_POINT('',(100.,-42.,0.));
#8714 = VECTOR('',#8715,1.);
#8715 = DIRECTION('',(1.,0.,0.));
#8716 = PLANE('',#8717);
#8717 = AXIS2_PLACEMENT_3D('',#8718,#8719,#8720);
#8718 = CARTESIAN_POINT('',(100.,-42.,0.));
#8719 = DIRECTION('',(0.,1.,0.));
#8720 = DIRECTION('',(1.,0.,0.));
#8721 = ADVANCED_FACE('',(#8722),#8749,.T.);
#8722 = FACE_BOUND('',#8723,.F.);
#8723 = EDGE_LOOP('',(#8724,#8725,#8734,#8742));
#8724 = ORIENTED_EDGE('',*,*,#8703,.T.);
#8725 = ORIENTED_EDGE('',*,*,#8726,.T.);
#8726 = EDGE_CURVE('',#8696,#8727,#8729,.T.);
#8727 = VERTEX_POINT('',#8728);
#8728 = CARTESIAN_POINT('',(107.,-41.,1.6));
#8729 = CIRCLE('',#8730,0.999999252925);
#8730 = AXIS2_PLACEMENT_3D('',#8731,#8732,#8733);
#8731 = CARTESIAN_POINT('',(106.00000074707,-41.00000074707,1.6));
#8732 = DIRECTION('',(0.,0.,1.));
#8733 = DIRECTION('',(-7.470757349539E-07,-1.,0.));
#8734 = ORIENTED_EDGE('',*,*,#8735,.F.);
#8735 = EDGE_CURVE('',#8736,#8727,#8738,.T.);
#8736 = VERTEX_POINT('',#8737);
#8737 = CARTESIAN_POINT('',(107.,-41.,0.));
#8738 = LINE('',#8739,#8740);
#8739 = CARTESIAN_POINT('',(107.,-41.,0.));
#8740 = VECTOR('',#8741,1.);
#8741 = DIRECTION('',(0.,0.,1.));
#8742 = ORIENTED_EDGE('',*,*,#8743,.F.);
#8743 = EDGE_CURVE('',#8704,#8736,#8744,.T.);
#8744 = CIRCLE('',#8745,0.999999252925);
#8745 = AXIS2_PLACEMENT_3D('',#8746,#8747,#8748);
#8746 = CARTESIAN_POINT('',(106.00000074707,-41.00000074707,0.));
#8747 = DIRECTION('',(0.,0.,1.));
#8748 = DIRECTION('',(-7.470757349539E-07,-1.,0.));
#8749 = CYLINDRICAL_SURFACE('',#8750,0.999999252925);
#8750 = AXIS2_PLACEMENT_3D('',#8751,#8752,#8753);
#8751 = CARTESIAN_POINT('',(106.00000074707,-41.00000074707,0.));
#8752 = DIRECTION('',(-0.,-0.,-1.));
#8753 = DIRECTION('',(-7.470757349539E-07,-1.,0.));
#8754 = ADVANCED_FACE('',(#8755),#8780,.F.);
#8755 = FACE_BOUND('',#8756,.F.);
#8756 = EDGE_LOOP('',(#8757,#8758,#8766,#8774));
#8757 = ORIENTED_EDGE('',*,*,#8735,.T.);
#8758 = ORIENTED_EDGE('',*,*,#8759,.T.);
#8759 = EDGE_CURVE('',#8727,#8760,#8762,.T.);
#8760 = VERTEX_POINT('',#8761);
#8761 = CARTESIAN_POINT('',(107.,-40.,1.6));
#8762 = LINE('',#8763,#8764);
#8763 = CARTESIAN_POINT('',(107.,-41.,1.6));
#8764 = VECTOR('',#8765,1.);
#8765 = DIRECTION('',(0.,1.,0.));
#8766 = ORIENTED_EDGE('',*,*,#8767,.F.);
#8767 = EDGE_CURVE('',#8768,#8760,#8770,.T.);
#8768 = VERTEX_POINT('',#8769);
#8769 = CARTESIAN_POINT('',(107.,-40.,0.));
#8770 = LINE('',#8771,#8772);
#8771 = CARTESIAN_POINT('',(107.,-40.,0.));
#8772 = VECTOR('',#8773,1.);
#8773 = DIRECTION('',(0.,0.,1.));
#8774 = ORIENTED_EDGE('',*,*,#8775,.F.);
#8775 = EDGE_CURVE('',#8736,#8768,#8776,.T.);
#8776 = LINE('',#8777,#8778);
#8777 = CARTESIAN_POINT('',(107.,-41.,0.));
#8778 = VECTOR('',#8779,1.);
#8779 = DIRECTION('',(0.,1.,0.));
#8780 = PLANE('',#8781);
#8781 = AXIS2_PLACEMENT_3D('',#8782,#8783,#8784);
#8782 = CARTESIAN_POINT('',(107.,-41.,0.));
#8783 = DIRECTION('',(-1.,0.,0.));
#8784 = DIRECTION('',(0.,1.,0.));
#8785 = ADVANCED_FACE('',(#8786),#8813,.F.);
#8786 = FACE_BOUND('',#8787,.F.);
#8787 = EDGE_LOOP('',(#8788,#8789,#8798,#8806));
#8788 = ORIENTED_EDGE('',*,*,#8767,.T.);
#8789 = ORIENTED_EDGE('',*,*,#8790,.T.);
#8790 = EDGE_CURVE('',#8760,#8791,#8793,.T.);
#8791 = VERTEX_POINT('',#8792);
#8792 = CARTESIAN_POINT('',(108.,-39.,1.6));
#8793 = CIRCLE('',#8794,0.999999252925);
#8794 = AXIS2_PLACEMENT_3D('',#8795,#8796,#8797);
#8795 = CARTESIAN_POINT('',(107.99999925292,-39.99999925292,1.6));
#8796 = DIRECTION('',(0.,0.,-1.));
#8797 = DIRECTION('',(-1.,-7.470757349539E-07,-0.));
#8798 = ORIENTED_EDGE('',*,*,#8799,.F.);
#8799 = EDGE_CURVE('',#8800,#8791,#8802,.T.);
#8800 = VERTEX_POINT('',#8801);
#8801 = CARTESIAN_POINT('',(108.,-39.,0.));
#8802 = LINE('',#8803,#8804);
#8803 = CARTESIAN_POINT('',(108.,-39.,0.));
#8804 = VECTOR('',#8805,1.);
#8805 = DIRECTION('',(0.,0.,1.));
#8806 = ORIENTED_EDGE('',*,*,#8807,.F.);
#8807 = EDGE_CURVE('',#8768,#8800,#8808,.T.);
#8808 = CIRCLE('',#8809,0.999999252925);
#8809 = AXIS2_PLACEMENT_3D('',#8810,#8811,#8812);
#8810 = CARTESIAN_POINT('',(107.99999925292,-39.99999925292,0.));
#8811 = DIRECTION('',(0.,0.,-1.));
#8812 = DIRECTION('',(-1.,-7.470757349539E-07,-0.));
#8813 = CYLINDRICAL_SURFACE('',#8814,0.999999252925);
#8814 = AXIS2_PLACEMENT_3D('',#8815,#8816,#8817);
#8815 = CARTESIAN_POINT('',(107.99999925292,-39.99999925292,0.));
#8816 = DIRECTION('',(0.,0.,-1.));
#8817 = DIRECTION('',(-1.,-7.470757349539E-07,-0.));
#8818 = ADVANCED_FACE('',(#8819),#8844,.F.);
#8819 = FACE_BOUND('',#8820,.F.);
#8820 = EDGE_LOOP('',(#8821,#8822,#8830,#8838));
#8821 = ORIENTED_EDGE('',*,*,#8799,.T.);
#8822 = ORIENTED_EDGE('',*,*,#8823,.T.);
#8823 = EDGE_CURVE('',#8791,#8824,#8826,.T.);
#8824 = VERTEX_POINT('',#8825);
#8825 = CARTESIAN_POINT('',(125.,-39.,1.6));
#8826 = LINE('',#8827,#8828);
#8827 = CARTESIAN_POINT('',(108.,-39.,1.6));
#8828 = VECTOR('',#8829,1.);
#8829 = DIRECTION('',(1.,0.,0.));
#8830 = ORIENTED_EDGE('',*,*,#8831,.F.);
#8831 = EDGE_CURVE('',#8832,#8824,#8834,.T.);
#8832 = VERTEX_POINT('',#8833);
#8833 = CARTESIAN_POINT('',(125.,-39.,0.));
#8834 = LINE('',#8835,#8836);
#8835 = CARTESIAN_POINT('',(125.,-39.,0.));
#8836 = VECTOR('',#8837,1.);
#8837 = DIRECTION('',(0.,0.,1.));
#8838 = ORIENTED_EDGE('',*,*,#8839,.F.);
#8839 = EDGE_CURVE('',#8800,#8832,#8840,.T.);
#8840 = LINE('',#8841,#8842);
#8841 = CARTESIAN_POINT('',(108.,-39.,0.));
#8842 = VECTOR('',#8843,1.);
#8843 = DIRECTION('',(1.,0.,0.));
#8844 = PLANE('',#8845);
#8845 = AXIS2_PLACEMENT_3D('',#8846,#8847,#8848);
#8846 = CARTESIAN_POINT('',(108.,-39.,0.));
#8847 = DIRECTION('',(0.,1.,0.));
#8848 = DIRECTION('',(1.,0.,0.));
#8849 = ADVANCED_FACE('',(#8850),#8877,.F.);
#8850 = FACE_BOUND('',#8851,.F.);
#8851 = EDGE_LOOP('',(#8852,#8853,#8862,#8870));
#8852 = ORIENTED_EDGE('',*,*,#8831,.T.);
#8853 = ORIENTED_EDGE('',*,*,#8854,.T.);
#8854 = EDGE_CURVE('',#8824,#8855,#8857,.T.);
#8855 = VERTEX_POINT('',#8856);
#8856 = CARTESIAN_POINT('',(126.,-40.,1.6));
#8857 = CIRCLE('',#8858,0.999999252925);
#8858 = AXIS2_PLACEMENT_3D('',#8859,#8860,#8861);
#8859 = CARTESIAN_POINT('',(125.00000074707,-39.99999925292,1.6));
#8860 = DIRECTION('',(0.,0.,-1.));
#8861 = DIRECTION('',(-7.470757349539E-07,1.,0.));
#8862 = ORIENTED_EDGE('',*,*,#8863,.F.);
#8863 = EDGE_CURVE('',#8864,#8855,#8866,.T.);
#8864 = VERTEX_POINT('',#8865);
#8865 = CARTESIAN_POINT('',(126.,-40.,0.));
#8866 = LINE('',#8867,#8868);
#8867 = CARTESIAN_POINT('',(126.,-40.,0.));
#8868 = VECTOR('',#8869,1.);
#8869 = DIRECTION('',(0.,0.,1.));
#8870 = ORIENTED_EDGE('',*,*,#8871,.F.);
#8871 = EDGE_CURVE('',#8832,#8864,#8872,.T.);
#8872 = CIRCLE('',#8873,0.999999252925);
#8873 = AXIS2_PLACEMENT_3D('',#8874,#8875,#8876);
#8874 = CARTESIAN_POINT('',(125.00000074707,-39.99999925292,0.));
#8875 = DIRECTION('',(0.,0.,-1.));
#8876 = DIRECTION('',(-7.470757349539E-07,1.,0.));
#8877 = CYLINDRICAL_SURFACE('',#8878,0.999999252925);
#8878 = AXIS2_PLACEMENT_3D('',#8879,#8880,#8881);
#8879 = CARTESIAN_POINT('',(125.00000074707,-39.99999925292,0.));
#8880 = DIRECTION('',(0.,0.,-1.));
#8881 = DIRECTION('',(-7.470757349539E-07,1.,0.));
#8882 = ADVANCED_FACE('',(#8883),#8908,.F.);
#8883 = FACE_BOUND('',#8884,.F.);
#8884 = EDGE_LOOP('',(#8885,#8886,#8894,#8902));
#8885 = ORIENTED_EDGE('',*,*,#8863,.T.);
#8886 = ORIENTED_EDGE('',*,*,#8887,.T.);
#8887 = EDGE_CURVE('',#8855,#8888,#8890,.T.);
#8888 = VERTEX_POINT('',#8889);
#8889 = CARTESIAN_POINT('',(126.,-43.,1.6));
#8890 = LINE('',#8891,#8892);
#8891 = CARTESIAN_POINT('',(126.,-40.,1.6));
#8892 = VECTOR('',#8893,1.);
#8893 = DIRECTION('',(0.,-1.,0.));
#8894 = ORIENTED_EDGE('',*,*,#8895,.F.);
#8895 = EDGE_CURVE('',#8896,#8888,#8898,.T.);
#8896 = VERTEX_POINT('',#8897);
#8897 = CARTESIAN_POINT('',(126.,-43.,0.));
#8898 = LINE('',#8899,#8900);
#8899 = CARTESIAN_POINT('',(126.,-43.,0.));
#8900 = VECTOR('',#8901,1.);
#8901 = DIRECTION('',(0.,0.,1.));
#8902 = ORIENTED_EDGE('',*,*,#8903,.F.);
#8903 = EDGE_CURVE('',#8864,#8896,#8904,.T.);
#8904 = LINE('',#8905,#8906);
#8905 = CARTESIAN_POINT('',(126.,-40.,0.));
#8906 = VECTOR('',#8907,1.);
#8907 = DIRECTION('',(0.,-1.,0.));
#8908 = PLANE('',#8909);
#8909 = AXIS2_PLACEMENT_3D('',#8910,#8911,#8912);
#8910 = CARTESIAN_POINT('',(126.,-40.,0.));
#8911 = DIRECTION('',(1.,0.,-0.));
#8912 = DIRECTION('',(0.,-1.,0.));
#8913 = ADVANCED_FACE('',(#8914),#8941,.T.);
#8914 = FACE_BOUND('',#8915,.F.);
#8915 = EDGE_LOOP('',(#8916,#8917,#8926,#8934));
#8916 = ORIENTED_EDGE('',*,*,#8895,.T.);
#8917 = ORIENTED_EDGE('',*,*,#8918,.T.);
#8918 = EDGE_CURVE('',#8888,#8919,#8921,.T.);
#8919 = VERTEX_POINT('',#8920);
#8920 = CARTESIAN_POINT('',(127.,-44.,1.6));
#8921 = CIRCLE('',#8922,0.999999252925);
#8922 = AXIS2_PLACEMENT_3D('',#8923,#8924,#8925);
#8923 = CARTESIAN_POINT('',(126.99999925292,-43.00000074707,1.6));
#8924 = DIRECTION('',(0.,0.,1.));
#8925 = DIRECTION('',(-1.,7.470757349539E-07,0.));
#8926 = ORIENTED_EDGE('',*,*,#8927,.F.);
#8927 = EDGE_CURVE('',#8928,#8919,#8930,.T.);
#8928 = VERTEX_POINT('',#8929);
#8929 = CARTESIAN_POINT('',(127.,-44.,0.));
#8930 = LINE('',#8931,#8932);
#8931 = CARTESIAN_POINT('',(127.,-44.,0.));
#8932 = VECTOR('',#8933,1.);
#8933 = DIRECTION('',(0.,0.,1.));
#8934 = ORIENTED_EDGE('',*,*,#8935,.F.);
#8935 = EDGE_CURVE('',#8896,#8928,#8936,.T.);
#8936 = CIRCLE('',#8937,0.999999252925);
#8937 = AXIS2_PLACEMENT_3D('',#8938,#8939,#8940);
#8938 = CARTESIAN_POINT('',(126.99999925292,-43.00000074707,0.));
#8939 = DIRECTION('',(0.,0.,1.));
#8940 = DIRECTION('',(-1.,7.470757349539E-07,0.));
#8941 = CYLINDRICAL_SURFACE('',#8942,0.999999252925);
#8942 = AXIS2_PLACEMENT_3D('',#8943,#8944,#8945);
#8943 = CARTESIAN_POINT('',(126.99999925292,-43.00000074707,0.));
#8944 = DIRECTION('',(-0.,-0.,-1.));
#8945 = DIRECTION('',(-1.,7.470757349539E-07,0.));
#8946 = ADVANCED_FACE('',(#8947),#8972,.F.);
#8947 = FACE_BOUND('',#8948,.F.);
#8948 = EDGE_LOOP('',(#8949,#8950,#8958,#8966));
#8949 = ORIENTED_EDGE('',*,*,#8927,.T.);
#8950 = ORIENTED_EDGE('',*,*,#8951,.T.);
#8951 = EDGE_CURVE('',#8919,#8952,#8954,.T.);
#8952 = VERTEX_POINT('',#8953);
#8953 = CARTESIAN_POINT('',(132.5,-44.,1.6));
#8954 = LINE('',#8955,#8956);
#8955 = CARTESIAN_POINT('',(127.,-44.,1.6));
#8956 = VECTOR('',#8957,1.);
#8957 = DIRECTION('',(1.,0.,0.));
#8958 = ORIENTED_EDGE('',*,*,#8959,.F.);
#8959 = EDGE_CURVE('',#8960,#8952,#8962,.T.);
#8960 = VERTEX_POINT('',#8961);
#8961 = CARTESIAN_POINT('',(132.5,-44.,0.));
#8962 = LINE('',#8963,#8964);
#8963 = CARTESIAN_POINT('',(132.5,-44.,0.));
#8964 = VECTOR('',#8965,1.);
#8965 = DIRECTION('',(0.,0.,1.));
#8966 = ORIENTED_EDGE('',*,*,#8967,.F.);
#8967 = EDGE_CURVE('',#8928,#8960,#8968,.T.);
#8968 = LINE('',#8969,#8970);
#8969 = CARTESIAN_POINT('',(127.,-44.,0.));
#8970 = VECTOR('',#8971,1.);
#8971 = DIRECTION('',(1.,0.,0.));
#8972 = PLANE('',#8973);
#8973 = AXIS2_PLACEMENT_3D('',#8974,#8975,#8976);
#8974 = CARTESIAN_POINT('',(127.,-44.,0.));
#8975 = DIRECTION('',(0.,1.,0.));
#8976 = DIRECTION('',(1.,0.,0.));
#8977 = ADVANCED_FACE('',(#8978),#9003,.F.);
#8978 = FACE_BOUND('',#8979,.F.);
#8979 = EDGE_LOOP('',(#8980,#8981,#8989,#8997));
#8980 = ORIENTED_EDGE('',*,*,#8959,.T.);
#8981 = ORIENTED_EDGE('',*,*,#8982,.T.);
#8982 = EDGE_CURVE('',#8952,#8983,#8985,.T.);
#8983 = VERTEX_POINT('',#8984);
#8984 = CARTESIAN_POINT('',(132.5,-42.,1.6));
#8985 = LINE('',#8986,#8987);
#8986 = CARTESIAN_POINT('',(132.5,-44.,1.6));
#8987 = VECTOR('',#8988,1.);
#8988 = DIRECTION('',(0.,1.,0.));
#8989 = ORIENTED_EDGE('',*,*,#8990,.F.);
#8990 = EDGE_CURVE('',#8991,#8983,#8993,.T.);
#8991 = VERTEX_POINT('',#8992);
#8992 = CARTESIAN_POINT('',(132.5,-42.,0.));
#8993 = LINE('',#8994,#8995);
#8994 = CARTESIAN_POINT('',(132.5,-42.,0.));
#8995 = VECTOR('',#8996,1.);
#8996 = DIRECTION('',(0.,0.,1.));
#8997 = ORIENTED_EDGE('',*,*,#8998,.F.);
#8998 = EDGE_CURVE('',#8960,#8991,#8999,.T.);
#8999 = LINE('',#9000,#9001);
#9000 = CARTESIAN_POINT('',(132.5,-44.,0.));
#9001 = VECTOR('',#9002,1.);
#9002 = DIRECTION('',(0.,1.,0.));
#9003 = PLANE('',#9004);
#9004 = AXIS2_PLACEMENT_3D('',#9005,#9006,#9007);
#9005 = CARTESIAN_POINT('',(132.5,-44.,0.));
#9006 = DIRECTION('',(-1.,0.,0.));
#9007 = DIRECTION('',(0.,1.,0.));
#9008 = ADVANCED_FACE('',(#9009),#9034,.F.);
#9009 = FACE_BOUND('',#9010,.F.);
#9010 = EDGE_LOOP('',(#9011,#9012,#9020,#9028));
#9011 = ORIENTED_EDGE('',*,*,#8990,.T.);
#9012 = ORIENTED_EDGE('',*,*,#9013,.T.);
#9013 = EDGE_CURVE('',#8983,#9014,#9016,.T.);
#9014 = VERTEX_POINT('',#9015);
#9015 = CARTESIAN_POINT('',(132.5,-39.,1.6));
#9016 = LINE('',#9017,#9018);
#9017 = CARTESIAN_POINT('',(132.5,-42.,1.6));
#9018 = VECTOR('',#9019,1.);
#9019 = DIRECTION('',(0.,1.,0.));
#9020 = ORIENTED_EDGE('',*,*,#9021,.F.);
#9021 = EDGE_CURVE('',#9022,#9014,#9024,.T.);
#9022 = VERTEX_POINT('',#9023);
#9023 = CARTESIAN_POINT('',(132.5,-39.,0.));
#9024 = LINE('',#9025,#9026);
#9025 = CARTESIAN_POINT('',(132.5,-39.,0.));
#9026 = VECTOR('',#9027,1.);
#9027 = DIRECTION('',(0.,0.,1.));
#9028 = ORIENTED_EDGE('',*,*,#9029,.F.);
#9029 = EDGE_CURVE('',#8991,#9022,#9030,.T.);
#9030 = LINE('',#9031,#9032);
#9031 = CARTESIAN_POINT('',(132.5,-42.,0.));
#9032 = VECTOR('',#9033,1.);
#9033 = DIRECTION('',(0.,1.,0.));
#9034 = PLANE('',#9035);
#9035 = AXIS2_PLACEMENT_3D('',#9036,#9037,#9038);
#9036 = CARTESIAN_POINT('',(132.5,-42.,0.));
#9037 = DIRECTION('',(-1.,0.,0.));
#9038 = DIRECTION('',(0.,1.,0.));
#9039 = ADVANCED_FACE('',(#9040),#9067,.T.);
#9040 = FACE_BOUND('',#9041,.F.);
#9041 = EDGE_LOOP('',(#9042,#9043,#9052,#9060));
#9042 = ORIENTED_EDGE('',*,*,#9021,.T.);
#9043 = ORIENTED_EDGE('',*,*,#9044,.T.);
#9044 = EDGE_CURVE('',#9014,#9045,#9047,.T.);
#9045 = VERTEX_POINT('',#9046);
#9046 = CARTESIAN_POINT('',(130.5,-37.,1.6));
#9047 = CIRCLE('',#9048,1.99999850585);
#9048 = AXIS2_PLACEMENT_3D('',#9049,#9050,#9051);
#9049 = CARTESIAN_POINT('',(130.50000149415,-38.99999850585,1.6));
#9050 = DIRECTION('',(0.,0.,1.));
#9051 = DIRECTION('',(1.,-7.470757314012E-07,0.));
#9052 = ORIENTED_EDGE('',*,*,#9053,.F.);
#9053 = EDGE_CURVE('',#9054,#9045,#9056,.T.);
#9054 = VERTEX_POINT('',#9055);
#9055 = CARTESIAN_POINT('',(130.5,-37.,0.));
#9056 = LINE('',#9057,#9058);
#9057 = CARTESIAN_POINT('',(130.5,-37.,0.));
#9058 = VECTOR('',#9059,1.);
#9059 = DIRECTION('',(0.,0.,1.));
#9060 = ORIENTED_EDGE('',*,*,#9061,.F.);
#9061 = EDGE_CURVE('',#9022,#9054,#9062,.T.);
#9062 = CIRCLE('',#9063,1.99999850585);
#9063 = AXIS2_PLACEMENT_3D('',#9064,#9065,#9066);
#9064 = CARTESIAN_POINT('',(130.50000149415,-38.99999850585,0.));
#9065 = DIRECTION('',(0.,0.,1.));
#9066 = DIRECTION('',(1.,-7.470757314012E-07,0.));
#9067 = CYLINDRICAL_SURFACE('',#9068,1.99999850585);
#9068 = AXIS2_PLACEMENT_3D('',#9069,#9070,#9071);
#9069 = CARTESIAN_POINT('',(130.50000149415,-38.99999850585,0.));
#9070 = DIRECTION('',(-0.,-0.,-1.));
#9071 = DIRECTION('',(1.,-7.470757314012E-07,0.));
#9072 = ADVANCED_FACE('',(#9073),#9098,.F.);
#9073 = FACE_BOUND('',#9074,.F.);
#9074 = EDGE_LOOP('',(#9075,#9076,#9084,#9092));
#9075 = ORIENTED_EDGE('',*,*,#9053,.T.);
#9076 = ORIENTED_EDGE('',*,*,#9077,.T.);
#9077 = EDGE_CURVE('',#9045,#9078,#9080,.T.);
#9078 = VERTEX_POINT('',#9079);
#9079 = CARTESIAN_POINT('',(128.,-37.,1.6));
#9080 = LINE('',#9081,#9082);
#9081 = CARTESIAN_POINT('',(130.5,-37.,1.6));
#9082 = VECTOR('',#9083,1.);
#9083 = DIRECTION('',(-1.,0.,0.));
#9084 = ORIENTED_EDGE('',*,*,#9085,.F.);
#9085 = EDGE_CURVE('',#9086,#9078,#9088,.T.);
#9086 = VERTEX_POINT('',#9087);
#9087 = CARTESIAN_POINT('',(128.,-37.,0.));
#9088 = LINE('',#9089,#9090);
#9089 = CARTESIAN_POINT('',(128.,-37.,0.));
#9090 = VECTOR('',#9091,1.);
#9091 = DIRECTION('',(0.,0.,1.));
#9092 = ORIENTED_EDGE('',*,*,#9093,.F.);
#9093 = EDGE_CURVE('',#9054,#9086,#9094,.T.);
#9094 = LINE('',#9095,#9096);
#9095 = CARTESIAN_POINT('',(130.5,-37.,0.));
#9096 = VECTOR('',#9097,1.);
#9097 = DIRECTION('',(-1.,0.,0.));
#9098 = PLANE('',#9099);
#9099 = AXIS2_PLACEMENT_3D('',#9100,#9101,#9102);
#9100 = CARTESIAN_POINT('',(130.5,-37.,0.));
#9101 = DIRECTION('',(0.,-1.,0.));
#9102 = DIRECTION('',(-1.,0.,0.));
#9103 = ADVANCED_FACE('',(#9104),#9129,.F.);
#9104 = FACE_BOUND('',#9105,.F.);
#9105 = EDGE_LOOP('',(#9106,#9107,#9115,#9123));
#9106 = ORIENTED_EDGE('',*,*,#9085,.T.);
#9107 = ORIENTED_EDGE('',*,*,#9108,.T.);
#9108 = EDGE_CURVE('',#9078,#9109,#9111,.T.);
#9109 = VERTEX_POINT('',#9110);
#9110 = CARTESIAN_POINT('',(110.4,-37.,1.6));
#9111 = LINE('',#9112,#9113);
#9112 = CARTESIAN_POINT('',(128.,-37.,1.6));
#9113 = VECTOR('',#9114,1.);
#9114 = DIRECTION('',(-1.,0.,0.));
#9115 = ORIENTED_EDGE('',*,*,#9116,.F.);
#9116 = EDGE_CURVE('',#9117,#9109,#9119,.T.);
#9117 = VERTEX_POINT('',#9118);
#9118 = CARTESIAN_POINT('',(110.4,-37.,0.));
#9119 = LINE('',#9120,#9121);
#9120 = CARTESIAN_POINT('',(110.4,-37.,0.));
#9121 = VECTOR('',#9122,1.);
#9122 = DIRECTION('',(0.,0.,1.));
#9123 = ORIENTED_EDGE('',*,*,#9124,.F.);
#9124 = EDGE_CURVE('',#9086,#9117,#9125,.T.);
#9125 = LINE('',#9126,#9127);
#9126 = CARTESIAN_POINT('',(128.,-37.,0.));
#9127 = VECTOR('',#9128,1.);
#9128 = DIRECTION('',(-1.,0.,0.));
#9129 = PLANE('',#9130);
#9130 = AXIS2_PLACEMENT_3D('',#9131,#9132,#9133);
#9131 = CARTESIAN_POINT('',(128.,-37.,0.));
#9132 = DIRECTION('',(0.,-1.,0.));
#9133 = DIRECTION('',(-1.,0.,0.));
#9134 = ADVANCED_FACE('',(#9135),#9151,.F.);
#9135 = FACE_BOUND('',#9136,.F.);
#9136 = EDGE_LOOP('',(#9137,#9138,#9144,#9145));
#9137 = ORIENTED_EDGE('',*,*,#9116,.T.);
#9138 = ORIENTED_EDGE('',*,*,#9139,.T.);
#9139 = EDGE_CURVE('',#9109,#8593,#9140,.T.);
#9140 = LINE('',#9141,#9142);
#9141 = CARTESIAN_POINT('',(110.4,-37.,1.6));
#9142 = VECTOR('',#9143,1.);
#9143 = DIRECTION('',(-1.,0.,0.));
#9144 = ORIENTED_EDGE('',*,*,#8590,.F.);
#9145 = ORIENTED_EDGE('',*,*,#9146,.F.);
#9146 = EDGE_CURVE('',#9117,#8591,#9147,.T.);
#9147 = LINE('',#9148,#9149);
#9148 = CARTESIAN_POINT('',(110.4,-37.,0.));
#9149 = VECTOR('',#9150,1.);
#9150 = DIRECTION('',(-1.,0.,0.));
#9151 = PLANE('',#9152);
#9152 = AXIS2_PLACEMENT_3D('',#9153,#9154,#9155);
#9153 = CARTESIAN_POINT('',(110.4,-37.,0.));
#9154 = DIRECTION('',(0.,-1.,0.));
#9155 = DIRECTION('',(-1.,0.,0.));
#9156 = ADVANCED_FACE('',(#9157),#9193,.T.);
#9157 = FACE_BOUND('',#9158,.F.);
#9158 = EDGE_LOOP('',(#9159,#9169,#9178,#9186));
#9159 = ORIENTED_EDGE('',*,*,#9160,.T.);
#9160 = EDGE_CURVE('',#9161,#9163,#9165,.T.);
#9161 = VERTEX_POINT('',#9162);
#9162 = CARTESIAN_POINT('',(244.585786,-37.014214,0.));
#9163 = VERTEX_POINT('',#9164);
#9164 = CARTESIAN_POINT('',(244.585786,-37.014214,1.6));
#9165 = LINE('',#9166,#9167);
#9166 = CARTESIAN_POINT('',(244.585786,-37.014214,0.));
#9167 = VECTOR('',#9168,1.);
#9168 = DIRECTION('',(0.,0.,1.));
#9169 = ORIENTED_EDGE('',*,*,#9170,.T.);
#9170 = EDGE_CURVE('',#9163,#9171,#9173,.T.);
#9171 = VERTEX_POINT('',#9172);
#9172 = CARTESIAN_POINT('',(242.585786,-39.014214,1.6));
#9173 = CIRCLE('',#9174,1.99998484919);
#9174 = AXIS2_PLACEMENT_3D('',#9175,#9176,#9177);
#9175 = CARTESIAN_POINT('',(244.58577084913,-39.01419884913,1.6));
#9176 = DIRECTION('',(0.,0.,1.));
#9177 = DIRECTION('',(7.575491100627E-06,0.999999999971,-0.));
#9178 = ORIENTED_EDGE('',*,*,#9179,.F.);
#9179 = EDGE_CURVE('',#9180,#9171,#9182,.T.);
#9180 = VERTEX_POINT('',#9181);
#9181 = CARTESIAN_POINT('',(242.585786,-39.014214,0.));
#9182 = LINE('',#9183,#9184);
#9183 = CARTESIAN_POINT('',(242.585786,-39.014214,0.));
#9184 = VECTOR('',#9185,1.);
#9185 = DIRECTION('',(0.,0.,1.));
#9186 = ORIENTED_EDGE('',*,*,#9187,.F.);
#9187 = EDGE_CURVE('',#9161,#9180,#9188,.T.);
#9188 = CIRCLE('',#9189,1.99998484919);
#9189 = AXIS2_PLACEMENT_3D('',#9190,#9191,#9192);
#9190 = CARTESIAN_POINT('',(244.58577084913,-39.01419884913,0.));
#9191 = DIRECTION('',(0.,0.,1.));
#9192 = DIRECTION('',(7.575491100627E-06,0.999999999971,-0.));
#9193 = CYLINDRICAL_SURFACE('',#9194,1.99998484919);
#9194 = AXIS2_PLACEMENT_3D('',#9195,#9196,#9197);
#9195 = CARTESIAN_POINT('',(244.58577084913,-39.01419884913,0.));
#9196 = DIRECTION('',(-0.,-0.,-1.));
#9197 = DIRECTION('',(7.575491100627E-06,0.999999999971,-0.));
#9198 = ADVANCED_FACE('',(#9199),#9224,.F.);
#9199 = FACE_BOUND('',#9200,.F.);
#9200 = EDGE_LOOP('',(#9201,#9202,#9210,#9218));
#9201 = ORIENTED_EDGE('',*,*,#9179,.T.);
#9202 = ORIENTED_EDGE('',*,*,#9203,.T.);
#9203 = EDGE_CURVE('',#9171,#9204,#9206,.T.);
#9204 = VERTEX_POINT('',#9205);
#9205 = CARTESIAN_POINT('',(242.585786,-42.014214,1.6));
#9206 = LINE('',#9207,#9208);
#9207 = CARTESIAN_POINT('',(242.585786,-39.014214,1.6));
#9208 = VECTOR('',#9209,1.);
#9209 = DIRECTION('',(0.,-1.,0.));
#9210 = ORIENTED_EDGE('',*,*,#9211,.F.);
#9211 = EDGE_CURVE('',#9212,#9204,#9214,.T.);
#9212 = VERTEX_POINT('',#9213);
#9213 = CARTESIAN_POINT('',(242.585786,-42.014214,0.));
#9214 = LINE('',#9215,#9216);
#9215 = CARTESIAN_POINT('',(242.585786,-42.014214,0.));
#9216 = VECTOR('',#9217,1.);
#9217 = DIRECTION('',(0.,0.,1.));
#9218 = ORIENTED_EDGE('',*,*,#9219,.F.);
#9219 = EDGE_CURVE('',#9180,#9212,#9220,.T.);
#9220 = LINE('',#9221,#9222);
#9221 = CARTESIAN_POINT('',(242.585786,-39.014214,0.));
#9222 = VECTOR('',#9223,1.);
#9223 = DIRECTION('',(0.,-1.,0.));
#9224 = PLANE('',#9225);
#9225 = AXIS2_PLACEMENT_3D('',#9226,#9227,#9228);
#9226 = CARTESIAN_POINT('',(242.585786,-39.014214,0.));
#9227 = DIRECTION('',(1.,0.,-0.));
#9228 = DIRECTION('',(0.,-1.,0.));
#9229 = ADVANCED_FACE('',(#9230),#9255,.F.);
#9230 = FACE_BOUND('',#9231,.F.);
#9231 = EDGE_LOOP('',(#9232,#9233,#9241,#9249));
#9232 = ORIENTED_EDGE('',*,*,#9211,.T.);
#9233 = ORIENTED_EDGE('',*,*,#9234,.T.);
#9234 = EDGE_CURVE('',#9204,#9235,#9237,.T.);
#9235 = VERTEX_POINT('',#9236);
#9236 = CARTESIAN_POINT('',(242.585786,-44.,1.6));
#9237 = LINE('',#9238,#9239);
#9238 = CARTESIAN_POINT('',(242.585786,-42.014214,1.6));
#9239 = VECTOR('',#9240,1.);
#9240 = DIRECTION('',(0.,-1.,0.));
#9241 = ORIENTED_EDGE('',*,*,#9242,.F.);
#9242 = EDGE_CURVE('',#9243,#9235,#9245,.T.);
#9243 = VERTEX_POINT('',#9244);
#9244 = CARTESIAN_POINT('',(242.585786,-44.,0.));
#9245 = LINE('',#9246,#9247);
#9246 = CARTESIAN_POINT('',(242.585786,-44.,0.));
#9247 = VECTOR('',#9248,1.);
#9248 = DIRECTION('',(0.,0.,1.));
#9249 = ORIENTED_EDGE('',*,*,#9250,.F.);
#9250 = EDGE_CURVE('',#9212,#9243,#9251,.T.);
#9251 = LINE('',#9252,#9253);
#9252 = CARTESIAN_POINT('',(242.585786,-42.014214,0.));
#9253 = VECTOR('',#9254,1.);
#9254 = DIRECTION('',(0.,-1.,0.));
#9255 = PLANE('',#9256);
#9256 = AXIS2_PLACEMENT_3D('',#9257,#9258,#9259);
#9257 = CARTESIAN_POINT('',(242.585786,-42.014214,0.));
#9258 = DIRECTION('',(1.,0.,-0.));
#9259 = DIRECTION('',(0.,-1.,0.));
#9260 = ADVANCED_FACE('',(#9261),#9286,.F.);
#9261 = FACE_BOUND('',#9262,.F.);
#9262 = EDGE_LOOP('',(#9263,#9264,#9272,#9280));
#9263 = ORIENTED_EDGE('',*,*,#9242,.T.);
#9264 = ORIENTED_EDGE('',*,*,#9265,.T.);
#9265 = EDGE_CURVE('',#9235,#9266,#9268,.T.);
#9266 = VERTEX_POINT('',#9267);
#9267 = CARTESIAN_POINT('',(248.,-44.,1.6));
#9268 = LINE('',#9269,#9270);
#9269 = CARTESIAN_POINT('',(242.585786,-44.,1.6));
#9270 = VECTOR('',#9271,1.);
#9271 = DIRECTION('',(1.,0.,0.));
#9272 = ORIENTED_EDGE('',*,*,#9273,.F.);
#9273 = EDGE_CURVE('',#9274,#9266,#9276,.T.);
#9274 = VERTEX_POINT('',#9275);
#9275 = CARTESIAN_POINT('',(248.,-44.,0.));
#9276 = LINE('',#9277,#9278);
#9277 = CARTESIAN_POINT('',(248.,-44.,0.));
#9278 = VECTOR('',#9279,1.);
#9279 = DIRECTION('',(0.,0.,1.));
#9280 = ORIENTED_EDGE('',*,*,#9281,.F.);
#9281 = EDGE_CURVE('',#9243,#9274,#9282,.T.);
#9282 = LINE('',#9283,#9284);
#9283 = CARTESIAN_POINT('',(242.585786,-44.,0.));
#9284 = VECTOR('',#9285,1.);
#9285 = DIRECTION('',(1.,0.,0.));
#9286 = PLANE('',#9287);
#9287 = AXIS2_PLACEMENT_3D('',#9288,#9289,#9290);
#9288 = CARTESIAN_POINT('',(242.585786,-44.,0.));
#9289 = DIRECTION('',(0.,1.,0.));
#9290 = DIRECTION('',(1.,0.,0.));
#9291 = ADVANCED_FACE('',(#9292),#9319,.T.);
#9292 = FACE_BOUND('',#9293,.F.);
#9293 = EDGE_LOOP('',(#9294,#9295,#9304,#9312));
#9294 = ORIENTED_EDGE('',*,*,#9273,.T.);
#9295 = ORIENTED_EDGE('',*,*,#9296,.T.);
#9296 = EDGE_CURVE('',#9266,#9297,#9299,.T.);
#9297 = VERTEX_POINT('',#9298);
#9298 = CARTESIAN_POINT('',(249.,-43.,1.6));
#9299 = CIRCLE('',#9300,0.999999252925);
#9300 = AXIS2_PLACEMENT_3D('',#9301,#9302,#9303);
#9301 = CARTESIAN_POINT('',(248.00000074707,-43.00000074707,1.6));
#9302 = DIRECTION('',(0.,0.,1.));
#9303 = DIRECTION('',(-7.470757633756E-07,-1.,0.));
#9304 = ORIENTED_EDGE('',*,*,#9305,.F.);
#9305 = EDGE_CURVE('',#9306,#9297,#9308,.T.);
#9306 = VERTEX_POINT('',#9307);
#9307 = CARTESIAN_POINT('',(249.,-43.,0.));
#9308 = LINE('',#9309,#9310);
#9309 = CARTESIAN_POINT('',(249.,-43.,0.));
#9310 = VECTOR('',#9311,1.);
#9311 = DIRECTION('',(0.,0.,1.));
#9312 = ORIENTED_EDGE('',*,*,#9313,.F.);
#9313 = EDGE_CURVE('',#9274,#9306,#9314,.T.);
#9314 = CIRCLE('',#9315,0.999999252925);
#9315 = AXIS2_PLACEMENT_3D('',#9316,#9317,#9318);
#9316 = CARTESIAN_POINT('',(248.00000074707,-43.00000074707,0.));
#9317 = DIRECTION('',(0.,0.,1.));
#9318 = DIRECTION('',(-7.470757633756E-07,-1.,0.));
#9319 = CYLINDRICAL_SURFACE('',#9320,0.999999252925);
#9320 = AXIS2_PLACEMENT_3D('',#9321,#9322,#9323);
#9321 = CARTESIAN_POINT('',(248.00000074707,-43.00000074707,0.));
#9322 = DIRECTION('',(-0.,-0.,-1.));
#9323 = DIRECTION('',(-7.470757633756E-07,-1.,0.));
#9324 = ADVANCED_FACE('',(#9325),#9350,.F.);
#9325 = FACE_BOUND('',#9326,.F.);
#9326 = EDGE_LOOP('',(#9327,#9328,#9336,#9344));
#9327 = ORIENTED_EDGE('',*,*,#9305,.T.);
#9328 = ORIENTED_EDGE('',*,*,#9329,.T.);
#9329 = EDGE_CURVE('',#9297,#9330,#9332,.T.);
#9330 = VERTEX_POINT('',#9331);
#9331 = CARTESIAN_POINT('',(249.,-40.,1.6));
#9332 = LINE('',#9333,#9334);
#9333 = CARTESIAN_POINT('',(249.,-43.,1.6));
#9334 = VECTOR('',#9335,1.);
#9335 = DIRECTION('',(0.,1.,0.));
#9336 = ORIENTED_EDGE('',*,*,#9337,.F.);
#9337 = EDGE_CURVE('',#9338,#9330,#9340,.T.);
#9338 = VERTEX_POINT('',#9339);
#9339 = CARTESIAN_POINT('',(249.,-40.,0.));
#9340 = LINE('',#9341,#9342);
#9341 = CARTESIAN_POINT('',(249.,-40.,0.));
#9342 = VECTOR('',#9343,1.);
#9343 = DIRECTION('',(0.,0.,1.));
#9344 = ORIENTED_EDGE('',*,*,#9345,.F.);
#9345 = EDGE_CURVE('',#9306,#9338,#9346,.T.);
#9346 = LINE('',#9347,#9348);
#9347 = CARTESIAN_POINT('',(249.,-43.,0.));
#9348 = VECTOR('',#9349,1.);
#9349 = DIRECTION('',(0.,1.,0.));
#9350 = PLANE('',#9351);
#9351 = AXIS2_PLACEMENT_3D('',#9352,#9353,#9354);
#9352 = CARTESIAN_POINT('',(249.,-43.,0.));
#9353 = DIRECTION('',(-1.,0.,0.));
#9354 = DIRECTION('',(0.,1.,0.));
#9355 = ADVANCED_FACE('',(#9356),#9383,.F.);
#9356 = FACE_BOUND('',#9357,.F.);
#9357 = EDGE_LOOP('',(#9358,#9359,#9368,#9376));
#9358 = ORIENTED_EDGE('',*,*,#9337,.T.);
#9359 = ORIENTED_EDGE('',*,*,#9360,.T.);
#9360 = EDGE_CURVE('',#9330,#9361,#9363,.T.);
#9361 = VERTEX_POINT('',#9362);
#9362 = CARTESIAN_POINT('',(250.,-39.,1.6));
#9363 = CIRCLE('',#9364,0.999999252925);
#9364 = AXIS2_PLACEMENT_3D('',#9365,#9366,#9367);
#9365 = CARTESIAN_POINT('',(249.99999925292,-39.99999925292,1.6));
#9366 = DIRECTION('',(0.,0.,-1.));
#9367 = DIRECTION('',(-1.,-7.470757562702E-07,-0.));
#9368 = ORIENTED_EDGE('',*,*,#9369,.F.);
#9369 = EDGE_CURVE('',#9370,#9361,#9372,.T.);
#9370 = VERTEX_POINT('',#9371);
#9371 = CARTESIAN_POINT('',(250.,-39.,0.));
#9372 = LINE('',#9373,#9374);
#9373 = CARTESIAN_POINT('',(250.,-39.,0.));
#9374 = VECTOR('',#9375,1.);
#9375 = DIRECTION('',(0.,0.,1.));
#9376 = ORIENTED_EDGE('',*,*,#9377,.F.);
#9377 = EDGE_CURVE('',#9338,#9370,#9378,.T.);
#9378 = CIRCLE('',#9379,0.999999252925);
#9379 = AXIS2_PLACEMENT_3D('',#9380,#9381,#9382);
#9380 = CARTESIAN_POINT('',(249.99999925292,-39.99999925292,0.));
#9381 = DIRECTION('',(0.,0.,-1.));
#9382 = DIRECTION('',(-1.,-7.470757562702E-07,-0.));
#9383 = CYLINDRICAL_SURFACE('',#9384,0.999999252925);
#9384 = AXIS2_PLACEMENT_3D('',#9385,#9386,#9387);
#9385 = CARTESIAN_POINT('',(249.99999925292,-39.99999925292,0.));
#9386 = DIRECTION('',(0.,0.,-1.));
#9387 = DIRECTION('',(-1.,-7.470757562702E-07,-0.));
#9388 = ADVANCED_FACE('',(#9389),#9414,.F.);
#9389 = FACE_BOUND('',#9390,.F.);
#9390 = EDGE_LOOP('',(#9391,#9392,#9400,#9408));
#9391 = ORIENTED_EDGE('',*,*,#9369,.T.);
#9392 = ORIENTED_EDGE('',*,*,#9393,.T.);
#9393 = EDGE_CURVE('',#9361,#9394,#9396,.T.);
#9394 = VERTEX_POINT('',#9395);
#9395 = CARTESIAN_POINT('',(267.,-39.,1.6));
#9396 = LINE('',#9397,#9398);
#9397 = CARTESIAN_POINT('',(250.,-39.,1.6));
#9398 = VECTOR('',#9399,1.);
#9399 = DIRECTION('',(1.,0.,0.));
#9400 = ORIENTED_EDGE('',*,*,#9401,.F.);
#9401 = EDGE_CURVE('',#9402,#9394,#9404,.T.);
#9402 = VERTEX_POINT('',#9403);
#9403 = CARTESIAN_POINT('',(267.,-39.,0.));
#9404 = LINE('',#9405,#9406);
#9405 = CARTESIAN_POINT('',(267.,-39.,0.));
#9406 = VECTOR('',#9407,1.);
#9407 = DIRECTION('',(0.,0.,1.));
#9408 = ORIENTED_EDGE('',*,*,#9409,.F.);
#9409 = EDGE_CURVE('',#9370,#9402,#9410,.T.);
#9410 = LINE('',#9411,#9412);
#9411 = CARTESIAN_POINT('',(250.,-39.,0.));
#9412 = VECTOR('',#9413,1.);
#9413 = DIRECTION('',(1.,0.,0.));
#9414 = PLANE('',#9415);
#9415 = AXIS2_PLACEMENT_3D('',#9416,#9417,#9418);
#9416 = CARTESIAN_POINT('',(250.,-39.,0.));
#9417 = DIRECTION('',(0.,1.,0.));
#9418 = DIRECTION('',(1.,0.,0.));
#9419 = ADVANCED_FACE('',(#9420),#9447,.F.);
#9420 = FACE_BOUND('',#9421,.F.);
#9421 = EDGE_LOOP('',(#9422,#9423,#9432,#9440));
#9422 = ORIENTED_EDGE('',*,*,#9401,.T.);
#9423 = ORIENTED_EDGE('',*,*,#9424,.T.);
#9424 = EDGE_CURVE('',#9394,#9425,#9427,.T.);
#9425 = VERTEX_POINT('',#9426);
#9426 = CARTESIAN_POINT('',(268.,-40.,1.6));
#9427 = CIRCLE('',#9428,0.999999252925);
#9428 = AXIS2_PLACEMENT_3D('',#9429,#9430,#9431);
#9429 = CARTESIAN_POINT('',(267.00000074707,-39.99999925292,1.6));
#9430 = DIRECTION('',(0.,0.,-1.));
#9431 = DIRECTION('',(-7.470757065322E-07,1.,0.));
#9432 = ORIENTED_EDGE('',*,*,#9433,.F.);
#9433 = EDGE_CURVE('',#9434,#9425,#9436,.T.);
#9434 = VERTEX_POINT('',#9435);
#9435 = CARTESIAN_POINT('',(268.,-40.,0.));
#9436 = LINE('',#9437,#9438);
#9437 = CARTESIAN_POINT('',(268.,-40.,0.));
#9438 = VECTOR('',#9439,1.);
#9439 = DIRECTION('',(0.,0.,1.));
#9440 = ORIENTED_EDGE('',*,*,#9441,.F.);
#9441 = EDGE_CURVE('',#9402,#9434,#9442,.T.);
#9442 = CIRCLE('',#9443,0.999999252925);
#9443 = AXIS2_PLACEMENT_3D('',#9444,#9445,#9446);
#9444 = CARTESIAN_POINT('',(267.00000074707,-39.99999925292,0.));
#9445 = DIRECTION('',(0.,0.,-1.));
#9446 = DIRECTION('',(-7.470757065322E-07,1.,0.));
#9447 = CYLINDRICAL_SURFACE('',#9448,0.999999252925);
#9448 = AXIS2_PLACEMENT_3D('',#9449,#9450,#9451);
#9449 = CARTESIAN_POINT('',(267.00000074707,-39.99999925292,0.));
#9450 = DIRECTION('',(0.,0.,-1.));
#9451 = DIRECTION('',(-7.470757065322E-07,1.,0.));
#9452 = ADVANCED_FACE('',(#9453),#9478,.F.);
#9453 = FACE_BOUND('',#9454,.F.);
#9454 = EDGE_LOOP('',(#9455,#9456,#9464,#9472));
#9455 = ORIENTED_EDGE('',*,*,#9433,.T.);
#9456 = ORIENTED_EDGE('',*,*,#9457,.T.);
#9457 = EDGE_CURVE('',#9425,#9458,#9460,.T.);
#9458 = VERTEX_POINT('',#9459);
#9459 = CARTESIAN_POINT('',(268.,-41.,1.6));
#9460 = LINE('',#9461,#9462);
#9461 = CARTESIAN_POINT('',(268.,-40.,1.6));
#9462 = VECTOR('',#9463,1.);
#9463 = DIRECTION('',(0.,-1.,0.));
#9464 = ORIENTED_EDGE('',*,*,#9465,.F.);
#9465 = EDGE_CURVE('',#9466,#9458,#9468,.T.);
#9466 = VERTEX_POINT('',#9467);
#9467 = CARTESIAN_POINT('',(268.,-41.,0.));
#9468 = LINE('',#9469,#9470);
#9469 = CARTESIAN_POINT('',(268.,-41.,0.));
#9470 = VECTOR('',#9471,1.);
#9471 = DIRECTION('',(0.,0.,1.));
#9472 = ORIENTED_EDGE('',*,*,#9473,.F.);
#9473 = EDGE_CURVE('',#9434,#9466,#9474,.T.);
#9474 = LINE('',#9475,#9476);
#9475 = CARTESIAN_POINT('',(268.,-40.,0.));
#9476 = VECTOR('',#9477,1.);
#9477 = DIRECTION('',(0.,-1.,0.));
#9478 = PLANE('',#9479);
#9479 = AXIS2_PLACEMENT_3D('',#9480,#9481,#9482);
#9480 = CARTESIAN_POINT('',(268.,-40.,0.));
#9481 = DIRECTION('',(1.,0.,-0.));
#9482 = DIRECTION('',(0.,-1.,0.));
#9483 = ADVANCED_FACE('',(#9484),#9511,.T.);
#9484 = FACE_BOUND('',#9485,.F.);
#9485 = EDGE_LOOP('',(#9486,#9487,#9496,#9504));
#9486 = ORIENTED_EDGE('',*,*,#9465,.T.);
#9487 = ORIENTED_EDGE('',*,*,#9488,.T.);
#9488 = EDGE_CURVE('',#9458,#9489,#9491,.T.);
#9489 = VERTEX_POINT('',#9490);
#9490 = CARTESIAN_POINT('',(269.,-42.,1.6));
#9491 = CIRCLE('',#9492,0.999999252925);
#9492 = AXIS2_PLACEMENT_3D('',#9493,#9494,#9495);
#9493 = CARTESIAN_POINT('',(268.99999925292,-41.00000074707,1.6));
#9494 = DIRECTION('',(0.,0.,1.));
#9495 = DIRECTION('',(-1.,7.470757562702E-07,0.));
#9496 = ORIENTED_EDGE('',*,*,#9497,.F.);
#9497 = EDGE_CURVE('',#9498,#9489,#9500,.T.);
#9498 = VERTEX_POINT('',#9499);
#9499 = CARTESIAN_POINT('',(269.,-42.,0.));
#9500 = LINE('',#9501,#9502);
#9501 = CARTESIAN_POINT('',(269.,-42.,0.));
#9502 = VECTOR('',#9503,1.);
#9503 = DIRECTION('',(0.,0.,1.));
#9504 = ORIENTED_EDGE('',*,*,#9505,.F.);
#9505 = EDGE_CURVE('',#9466,#9498,#9506,.T.);
#9506 = CIRCLE('',#9507,0.999999252925);
#9507 = AXIS2_PLACEMENT_3D('',#9508,#9509,#9510);
#9508 = CARTESIAN_POINT('',(268.99999925292,-41.00000074707,0.));
#9509 = DIRECTION('',(0.,0.,1.));
#9510 = DIRECTION('',(-1.,7.470757562702E-07,0.));
#9511 = CYLINDRICAL_SURFACE('',#9512,0.999999252925);
#9512 = AXIS2_PLACEMENT_3D('',#9513,#9514,#9515);
#9513 = CARTESIAN_POINT('',(268.99999925292,-41.00000074707,0.));
#9514 = DIRECTION('',(-0.,-0.,-1.));
#9515 = DIRECTION('',(-1.,7.470757562702E-07,0.));
#9516 = ADVANCED_FACE('',(#9517),#9542,.F.);
#9517 = FACE_BOUND('',#9518,.F.);
#9518 = EDGE_LOOP('',(#9519,#9520,#9528,#9536));
#9519 = ORIENTED_EDGE('',*,*,#9497,.T.);
#9520 = ORIENTED_EDGE('',*,*,#9521,.T.);
#9521 = EDGE_CURVE('',#9489,#9522,#9524,.T.);
#9522 = VERTEX_POINT('',#9523);
#9523 = CARTESIAN_POINT('',(275.085786,-42.,1.6));
#9524 = LINE('',#9525,#9526);
#9525 = CARTESIAN_POINT('',(269.,-42.,1.6));
#9526 = VECTOR('',#9527,1.);
#9527 = DIRECTION('',(1.,0.,0.));
#9528 = ORIENTED_EDGE('',*,*,#9529,.F.);
#9529 = EDGE_CURVE('',#9530,#9522,#9532,.T.);
#9530 = VERTEX_POINT('',#9531);
#9531 = CARTESIAN_POINT('',(275.085786,-42.,0.));
#9532 = LINE('',#9533,#9534);
#9533 = CARTESIAN_POINT('',(275.085786,-42.,0.));
#9534 = VECTOR('',#9535,1.);
#9535 = DIRECTION('',(0.,0.,1.));
#9536 = ORIENTED_EDGE('',*,*,#9537,.F.);
#9537 = EDGE_CURVE('',#9498,#9530,#9538,.T.);
#9538 = LINE('',#9539,#9540);
#9539 = CARTESIAN_POINT('',(269.,-42.,0.));
#9540 = VECTOR('',#9541,1.);
#9541 = DIRECTION('',(1.,0.,0.));
#9542 = PLANE('',#9543);
#9543 = AXIS2_PLACEMENT_3D('',#9544,#9545,#9546);
#9544 = CARTESIAN_POINT('',(269.,-42.,0.));
#9545 = DIRECTION('',(0.,1.,0.));
#9546 = DIRECTION('',(1.,0.,0.));
#9547 = ADVANCED_FACE('',(#9548),#9573,.F.);
#9548 = FACE_BOUND('',#9549,.F.);
#9549 = EDGE_LOOP('',(#9550,#9551,#9559,#9567));
#9550 = ORIENTED_EDGE('',*,*,#9529,.T.);
#9551 = ORIENTED_EDGE('',*,*,#9552,.T.);
#9552 = EDGE_CURVE('',#9522,#9553,#9555,.T.);
#9553 = VERTEX_POINT('',#9554);
#9554 = CARTESIAN_POINT('',(275.085786,-40.014214,1.6));
#9555 = LINE('',#9556,#9557);
#9556 = CARTESIAN_POINT('',(275.085786,-42.,1.6));
#9557 = VECTOR('',#9558,1.);
#9558 = DIRECTION('',(0.,1.,0.));
#9559 = ORIENTED_EDGE('',*,*,#9560,.F.);
#9560 = EDGE_CURVE('',#9561,#9553,#9563,.T.);
#9561 = VERTEX_POINT('',#9562);
#9562 = CARTESIAN_POINT('',(275.085786,-40.014214,0.));
#9563 = LINE('',#9564,#9565);
#9564 = CARTESIAN_POINT('',(275.085786,-40.014214,0.));
#9565 = VECTOR('',#9566,1.);
#9566 = DIRECTION('',(0.,0.,1.));
#9567 = ORIENTED_EDGE('',*,*,#9568,.F.);
#9568 = EDGE_CURVE('',#9530,#9561,#9569,.T.);
#9569 = LINE('',#9570,#9571);
#9570 = CARTESIAN_POINT('',(275.085786,-42.,0.));
#9571 = VECTOR('',#9572,1.);
#9572 = DIRECTION('',(0.,1.,0.));
#9573 = PLANE('',#9574);
#9574 = AXIS2_PLACEMENT_3D('',#9575,#9576,#9577);
#9575 = CARTESIAN_POINT('',(275.085786,-42.,0.));
#9576 = DIRECTION('',(-1.,0.,0.));
#9577 = DIRECTION('',(0.,1.,0.));
#9578 = ADVANCED_FACE('',(#9579),#9604,.F.);
#9579 = FACE_BOUND('',#9580,.F.);
#9580 = EDGE_LOOP('',(#9581,#9582,#9590,#9598));
#9581 = ORIENTED_EDGE('',*,*,#9560,.T.);
#9582 = ORIENTED_EDGE('',*,*,#9583,.T.);
#9583 = EDGE_CURVE('',#9553,#9584,#9586,.T.);
#9584 = VERTEX_POINT('',#9585);
#9585 = CARTESIAN_POINT('',(275.085786,-39.014214,1.6));
#9586 = LINE('',#9587,#9588);
#9587 = CARTESIAN_POINT('',(275.085786,-40.014214,1.6));
#9588 = VECTOR('',#9589,1.);
#9589 = DIRECTION('',(0.,1.,0.));
#9590 = ORIENTED_EDGE('',*,*,#9591,.F.);
#9591 = EDGE_CURVE('',#9592,#9584,#9594,.T.);
#9592 = VERTEX_POINT('',#9593);
#9593 = CARTESIAN_POINT('',(275.085786,-39.014214,0.));
#9594 = LINE('',#9595,#9596);
#9595 = CARTESIAN_POINT('',(275.085786,-39.014214,0.));
#9596 = VECTOR('',#9597,1.);
#9597 = DIRECTION('',(0.,0.,1.));
#9598 = ORIENTED_EDGE('',*,*,#9599,.F.);
#9599 = EDGE_CURVE('',#9561,#9592,#9600,.T.);
#9600 = LINE('',#9601,#9602);
#9601 = CARTESIAN_POINT('',(275.085786,-40.014214,0.));
#9602 = VECTOR('',#9603,1.);
#9603 = DIRECTION('',(0.,1.,0.));
#9604 = PLANE('',#9605);
#9605 = AXIS2_PLACEMENT_3D('',#9606,#9607,#9608);
#9606 = CARTESIAN_POINT('',(275.085786,-40.014214,0.));
#9607 = DIRECTION('',(-1.,0.,0.));
#9608 = DIRECTION('',(0.,1.,0.));
#9609 = ADVANCED_FACE('',(#9610),#9637,.T.);
#9610 = FACE_BOUND('',#9611,.F.);
#9611 = EDGE_LOOP('',(#9612,#9613,#9622,#9630));
#9612 = ORIENTED_EDGE('',*,*,#9591,.T.);
#9613 = ORIENTED_EDGE('',*,*,#9614,.T.);
#9614 = EDGE_CURVE('',#9584,#9615,#9617,.T.);
#9615 = VERTEX_POINT('',#9616);
#9616 = CARTESIAN_POINT('',(273.085786,-37.014214,1.6));
#9617 = CIRCLE('',#9618,1.999993384565);
#9618 = AXIS2_PLACEMENT_3D('',#9619,#9620,#9621);
#9619 = CARTESIAN_POINT('',(273.08579261544,-39.01420738455,1.6));
#9620 = DIRECTION('',(0.,0.,1.));
#9621 = DIRECTION('',(0.999999999995,-3.307733925452E-06,0.));
#9622 = ORIENTED_EDGE('',*,*,#9623,.F.);
#9623 = EDGE_CURVE('',#9624,#9615,#9626,.T.);
#9624 = VERTEX_POINT('',#9625);
#9625 = CARTESIAN_POINT('',(273.085786,-37.014214,0.));
#9626 = LINE('',#9627,#9628);
#9627 = CARTESIAN_POINT('',(273.085786,-37.014214,0.));
#9628 = VECTOR('',#9629,1.);
#9629 = DIRECTION('',(0.,0.,1.));
#9630 = ORIENTED_EDGE('',*,*,#9631,.F.);
#9631 = EDGE_CURVE('',#9592,#9624,#9632,.T.);
#9632 = CIRCLE('',#9633,1.999993384565);
#9633 = AXIS2_PLACEMENT_3D('',#9634,#9635,#9636);
#9634 = CARTESIAN_POINT('',(273.08579261544,-39.01420738455,0.));
#9635 = DIRECTION('',(0.,0.,1.));
#9636 = DIRECTION('',(0.999999999995,-3.307733925452E-06,0.));
#9637 = CYLINDRICAL_SURFACE('',#9638,1.999993384565);
#9638 = AXIS2_PLACEMENT_3D('',#9639,#9640,#9641);
#9639 = CARTESIAN_POINT('',(273.08579261544,-39.01420738455,0.));
#9640 = DIRECTION('',(-0.,-0.,-1.));
#9641 = DIRECTION('',(0.999999999995,-3.307733925452E-06,0.));
#9642 = ADVANCED_FACE('',(#9643),#9668,.F.);
#9643 = FACE_BOUND('',#9644,.F.);
#9644 = EDGE_LOOP('',(#9645,#9646,#9654,#9662));
#9645 = ORIENTED_EDGE('',*,*,#9623,.T.);
#9646 = ORIENTED_EDGE('',*,*,#9647,.T.);
#9647 = EDGE_CURVE('',#9615,#9648,#9650,.T.);
#9648 = VERTEX_POINT('',#9649);
#9649 = CARTESIAN_POINT('',(264.685786,-37.014214,1.6));
#9650 = LINE('',#9651,#9652);
#9651 = CARTESIAN_POINT('',(273.085786,-37.014214,1.6));
#9652 = VECTOR('',#9653,1.);
#9653 = DIRECTION('',(-1.,0.,0.));
#9654 = ORIENTED_EDGE('',*,*,#9655,.F.);
#9655 = EDGE_CURVE('',#9656,#9648,#9658,.T.);
#9656 = VERTEX_POINT('',#9657);
#9657 = CARTESIAN_POINT('',(264.685786,-37.014214,0.));
#9658 = LINE('',#9659,#9660);
#9659 = CARTESIAN_POINT('',(264.685786,-37.014214,0.));
#9660 = VECTOR('',#9661,1.);
#9661 = DIRECTION('',(0.,0.,1.));
#9662 = ORIENTED_EDGE('',*,*,#9663,.F.);
#9663 = EDGE_CURVE('',#9624,#9656,#9664,.T.);
#9664 = LINE('',#9665,#9666);
#9665 = CARTESIAN_POINT('',(273.085786,-37.014214,0.));
#9666 = VECTOR('',#9667,1.);
#9667 = DIRECTION('',(-1.,0.,0.));
#9668 = PLANE('',#9669);
#9669 = AXIS2_PLACEMENT_3D('',#9670,#9671,#9672);
#9670 = CARTESIAN_POINT('',(273.085786,-37.014214,0.));
#9671 = DIRECTION('',(0.,-1.,0.));
#9672 = DIRECTION('',(-1.,0.,0.));
#9673 = ADVANCED_FACE('',(#9674),#9699,.F.);
#9674 = FACE_BOUND('',#9675,.F.);
#9675 = EDGE_LOOP('',(#9676,#9677,#9685,#9693));
#9676 = ORIENTED_EDGE('',*,*,#9655,.T.);
#9677 = ORIENTED_EDGE('',*,*,#9678,.T.);
#9678 = EDGE_CURVE('',#9648,#9679,#9681,.T.);
#9679 = VERTEX_POINT('',#9680);
#9680 = CARTESIAN_POINT('',(247.085786,-37.014214,1.6));
#9681 = LINE('',#9682,#9683);
#9682 = CARTESIAN_POINT('',(264.685786,-37.014214,1.6));
#9683 = VECTOR('',#9684,1.);
#9684 = DIRECTION('',(-1.,0.,0.));
#9685 = ORIENTED_EDGE('',*,*,#9686,.F.);
#9686 = EDGE_CURVE('',#9687,#9679,#9689,.T.);
#9687 = VERTEX_POINT('',#9688);
#9688 = CARTESIAN_POINT('',(247.085786,-37.014214,0.));
#9689 = LINE('',#9690,#9691);
#9690 = CARTESIAN_POINT('',(247.085786,-37.014214,0.));
#9691 = VECTOR('',#9692,1.);
#9692 = DIRECTION('',(0.,0.,1.));
#9693 = ORIENTED_EDGE('',*,*,#9694,.F.);
#9694 = EDGE_CURVE('',#9656,#9687,#9695,.T.);
#9695 = LINE('',#9696,#9697);
#9696 = CARTESIAN_POINT('',(264.685786,-37.014214,0.));
#9697 = VECTOR('',#9698,1.);
#9698 = DIRECTION('',(-1.,0.,0.));
#9699 = PLANE('',#9700);
#9700 = AXIS2_PLACEMENT_3D('',#9701,#9702,#9703);
#9701 = CARTESIAN_POINT('',(264.685786,-37.014214,0.));
#9702 = DIRECTION('',(0.,-1.,0.));
#9703 = DIRECTION('',(-1.,0.,0.));
#9704 = ADVANCED_FACE('',(#9705),#9721,.F.);
#9705 = FACE_BOUND('',#9706,.F.);
#9706 = EDGE_LOOP('',(#9707,#9708,#9714,#9715));
#9707 = ORIENTED_EDGE('',*,*,#9686,.T.);
#9708 = ORIENTED_EDGE('',*,*,#9709,.T.);
#9709 = EDGE_CURVE('',#9679,#9163,#9710,.T.);
#9710 = LINE('',#9711,#9712);
#9711 = CARTESIAN_POINT('',(247.085786,-37.014214,1.6));
#9712 = VECTOR('',#9713,1.);
#9713 = DIRECTION('',(-1.,0.,0.));
#9714 = ORIENTED_EDGE('',*,*,#9160,.F.);
#9715 = ORIENTED_EDGE('',*,*,#9716,.F.);
#9716 = EDGE_CURVE('',#9687,#9161,#9717,.T.);
#9717 = LINE('',#9718,#9719);
#9718 = CARTESIAN_POINT('',(247.085786,-37.014214,0.));
#9719 = VECTOR('',#9720,1.);
#9720 = DIRECTION('',(-1.,0.,0.));
#9721 = PLANE('',#9722);
#9722 = AXIS2_PLACEMENT_3D('',#9723,#9724,#9725);
#9723 = CARTESIAN_POINT('',(247.085786,-37.014214,0.));
#9724 = DIRECTION('',(0.,-1.,0.));
#9725 = DIRECTION('',(-1.,0.,0.));
#9726 = ADVANCED_FACE('',(#9727,#9775,#9821,#9827,#9833,#9839,#9845,
    #9851,#9857,#9877),#9897,.F.);
#9727 = FACE_BOUND('',#9728,.T.);
#9728 = EDGE_LOOP('',(#9729,#9730,#9731,#9732,#9733,#9734,#9735,#9736,
    #9737,#9738,#9739,#9740,#9741,#9742,#9743,#9744,#9745,#9746,#9747,
    #9748,#9749,#9750,#9751,#9752,#9753,#9754,#9755,#9756,#9757,#9758,
    #9759,#9760,#9761,#9762,#9763,#9764,#9765,#9766,#9767,#9768,#9769,
    #9770,#9771,#9772,#9773,#9774));
#9729 = ORIENTED_EDGE('',*,*,#4993,.T.);
#9730 = ORIENTED_EDGE('',*,*,#5025,.T.);
#9731 = ORIENTED_EDGE('',*,*,#5057,.T.);
#9732 = ORIENTED_EDGE('',*,*,#5089,.T.);
#9733 = ORIENTED_EDGE('',*,*,#5121,.T.);
#9734 = ORIENTED_EDGE('',*,*,#5153,.T.);
#9735 = ORIENTED_EDGE('',*,*,#5184,.T.);
#9736 = ORIENTED_EDGE('',*,*,#5215,.T.);
#9737 = ORIENTED_EDGE('',*,*,#5247,.T.);
#9738 = ORIENTED_EDGE('',*,*,#5279,.T.);
#9739 = ORIENTED_EDGE('',*,*,#5311,.T.);
#9740 = ORIENTED_EDGE('',*,*,#5343,.T.);
#9741 = ORIENTED_EDGE('',*,*,#5375,.T.);
#9742 = ORIENTED_EDGE('',*,*,#5407,.T.);
#9743 = ORIENTED_EDGE('',*,*,#5439,.T.);
#9744 = ORIENTED_EDGE('',*,*,#5471,.T.);
#9745 = ORIENTED_EDGE('',*,*,#5502,.T.);
#9746 = ORIENTED_EDGE('',*,*,#5534,.T.);
#9747 = ORIENTED_EDGE('',*,*,#5566,.T.);
#9748 = ORIENTED_EDGE('',*,*,#5598,.T.);
#9749 = ORIENTED_EDGE('',*,*,#5630,.T.);
#9750 = ORIENTED_EDGE('',*,*,#5662,.T.);
#9751 = ORIENTED_EDGE('',*,*,#5694,.T.);
#9752 = ORIENTED_EDGE('',*,*,#5726,.T.);
#9753 = ORIENTED_EDGE('',*,*,#5758,.T.);
#9754 = ORIENTED_EDGE('',*,*,#5790,.T.);
#9755 = ORIENTED_EDGE('',*,*,#5822,.T.);
#9756 = ORIENTED_EDGE('',*,*,#5853,.T.);
#9757 = ORIENTED_EDGE('',*,*,#5884,.T.);
#9758 = ORIENTED_EDGE('',*,*,#5915,.T.);
#9759 = ORIENTED_EDGE('',*,*,#5947,.T.);
#9760 = ORIENTED_EDGE('',*,*,#5979,.T.);
#9761 = ORIENTED_EDGE('',*,*,#6011,.T.);
#9762 = ORIENTED_EDGE('',*,*,#6043,.T.);
#9763 = ORIENTED_EDGE('',*,*,#6075,.T.);
#9764 = ORIENTED_EDGE('',*,*,#6107,.T.);
#9765 = ORIENTED_EDGE('',*,*,#6139,.T.);
#9766 = ORIENTED_EDGE('',*,*,#6171,.T.);
#9767 = ORIENTED_EDGE('',*,*,#6202,.T.);
#9768 = ORIENTED_EDGE('',*,*,#6233,.T.);
#9769 = ORIENTED_EDGE('',*,*,#6265,.T.);
#9770 = ORIENTED_EDGE('',*,*,#6297,.T.);
#9771 = ORIENTED_EDGE('',*,*,#6329,.T.);
#9772 = ORIENTED_EDGE('',*,*,#6361,.T.);
#9773 = ORIENTED_EDGE('',*,*,#6393,.T.);
#9774 = ORIENTED_EDGE('',*,*,#6416,.T.);
#9775 = FACE_BOUND('',#9776,.F.);
#9776 = EDGE_LOOP('',(#9777,#9778,#9779,#9780,#9781,#9782,#9783,#9784,
    #9785,#9786,#9787,#9788,#9789,#9790,#9791,#9792,#9793,#9794,#9795,
    #9796,#9797,#9798,#9799,#9800,#9801,#9802,#9803,#9804,#9805,#9806,
    #9807,#9808,#9809,#9810,#9811,#9812,#9813,#9814,#9815,#9816,#9817,
    #9818,#9819,#9820));
#9777 = ORIENTED_EDGE('',*,*,#6457,.T.);
#9778 = ORIENTED_EDGE('',*,*,#6489,.T.);
#9779 = ORIENTED_EDGE('',*,*,#6520,.T.);
#9780 = ORIENTED_EDGE('',*,*,#6551,.T.);
#9781 = ORIENTED_EDGE('',*,*,#6583,.T.);
#9782 = ORIENTED_EDGE('',*,*,#6616,.T.);
#9783 = ORIENTED_EDGE('',*,*,#6648,.T.);
#9784 = ORIENTED_EDGE('',*,*,#6679,.T.);
#9785 = ORIENTED_EDGE('',*,*,#6711,.T.);
#9786 = ORIENTED_EDGE('',*,*,#6743,.T.);
#9787 = ORIENTED_EDGE('',*,*,#6774,.T.);
#9788 = ORIENTED_EDGE('',*,*,#6805,.T.);
#9789 = ORIENTED_EDGE('',*,*,#6836,.T.);
#9790 = ORIENTED_EDGE('',*,*,#6867,.T.);
#9791 = ORIENTED_EDGE('',*,*,#6898,.T.);
#9792 = ORIENTED_EDGE('',*,*,#6929,.T.);
#9793 = ORIENTED_EDGE('',*,*,#6961,.T.);
#9794 = ORIENTED_EDGE('',*,*,#6993,.T.);
#9795 = ORIENTED_EDGE('',*,*,#7025,.T.);
#9796 = ORIENTED_EDGE('',*,*,#7057,.T.);
#9797 = ORIENTED_EDGE('',*,*,#7089,.T.);
#9798 = ORIENTED_EDGE('',*,*,#7121,.T.);
#9799 = ORIENTED_EDGE('',*,*,#7153,.T.);
#9800 = ORIENTED_EDGE('',*,*,#7185,.T.);
#9801 = ORIENTED_EDGE('',*,*,#7217,.T.);
#9802 = ORIENTED_EDGE('',*,*,#7249,.T.);
#9803 = ORIENTED_EDGE('',*,*,#7281,.T.);
#9804 = ORIENTED_EDGE('',*,*,#7313,.T.);
#9805 = ORIENTED_EDGE('',*,*,#7344,.T.);
#9806 = ORIENTED_EDGE('',*,*,#7375,.T.);
#9807 = ORIENTED_EDGE('',*,*,#7406,.T.);
#9808 = ORIENTED_EDGE('',*,*,#7437,.T.);
#9809 = ORIENTED_EDGE('',*,*,#7468,.T.);
#9810 = ORIENTED_EDGE('',*,*,#7499,.T.);
#9811 = ORIENTED_EDGE('',*,*,#7531,.T.);
#9812 = ORIENTED_EDGE('',*,*,#7563,.T.);
#9813 = ORIENTED_EDGE('',*,*,#7594,.T.);
#9814 = ORIENTED_EDGE('',*,*,#7626,.T.);
#9815 = ORIENTED_EDGE('',*,*,#7659,.T.);
#9816 = ORIENTED_EDGE('',*,*,#7691,.T.);
#9817 = ORIENTED_EDGE('',*,*,#7722,.T.);
#9818 = ORIENTED_EDGE('',*,*,#7753,.T.);
#9819 = ORIENTED_EDGE('',*,*,#7785,.T.);
#9820 = ORIENTED_EDGE('',*,*,#7808,.T.);
#9821 = FACE_BOUND('',#9822,.F.);
#9822 = EDGE_LOOP('',(#9823,#9824,#9825,#9826));
#9823 = ORIENTED_EDGE('',*,*,#7849,.T.);
#9824 = ORIENTED_EDGE('',*,*,#7881,.T.);
#9825 = ORIENTED_EDGE('',*,*,#7913,.T.);
#9826 = ORIENTED_EDGE('',*,*,#7936,.T.);
#9827 = FACE_BOUND('',#9828,.F.);
#9828 = EDGE_LOOP('',(#9829,#9830,#9831,#9832));
#9829 = ORIENTED_EDGE('',*,*,#7977,.T.);
#9830 = ORIENTED_EDGE('',*,*,#8009,.T.);
#9831 = ORIENTED_EDGE('',*,*,#8041,.T.);
#9832 = ORIENTED_EDGE('',*,*,#8064,.T.);
#9833 = FACE_BOUND('',#9834,.F.);
#9834 = EDGE_LOOP('',(#9835,#9836,#9837,#9838));
#9835 = ORIENTED_EDGE('',*,*,#8105,.T.);
#9836 = ORIENTED_EDGE('',*,*,#8137,.T.);
#9837 = ORIENTED_EDGE('',*,*,#8169,.T.);
#9838 = ORIENTED_EDGE('',*,*,#8192,.T.);
#9839 = FACE_BOUND('',#9840,.F.);
#9840 = EDGE_LOOP('',(#9841,#9842,#9843,#9844));
#9841 = ORIENTED_EDGE('',*,*,#8233,.T.);
#9842 = ORIENTED_EDGE('',*,*,#8265,.T.);
#9843 = ORIENTED_EDGE('',*,*,#8297,.T.);
#9844 = ORIENTED_EDGE('',*,*,#8320,.T.);
#9845 = FACE_BOUND('',#9846,.F.);
#9846 = EDGE_LOOP('',(#9847,#9848,#9849,#9850));
#9847 = ORIENTED_EDGE('',*,*,#8361,.T.);
#9848 = ORIENTED_EDGE('',*,*,#8393,.T.);
#9849 = ORIENTED_EDGE('',*,*,#8425,.T.);
#9850 = ORIENTED_EDGE('',*,*,#8448,.T.);
#9851 = FACE_BOUND('',#9852,.F.);
#9852 = EDGE_LOOP('',(#9853,#9854,#9855,#9856));
#9853 = ORIENTED_EDGE('',*,*,#8489,.T.);
#9854 = ORIENTED_EDGE('',*,*,#8521,.T.);
#9855 = ORIENTED_EDGE('',*,*,#8553,.T.);
#9856 = ORIENTED_EDGE('',*,*,#8576,.T.);
#9857 = FACE_BOUND('',#9858,.F.);
#9858 = EDGE_LOOP('',(#9859,#9860,#9861,#9862,#9863,#9864,#9865,#9866,
    #9867,#9868,#9869,#9870,#9871,#9872,#9873,#9874,#9875,#9876));
#9859 = ORIENTED_EDGE('',*,*,#8617,.T.);
#9860 = ORIENTED_EDGE('',*,*,#8649,.T.);
#9861 = ORIENTED_EDGE('',*,*,#8680,.T.);
#9862 = ORIENTED_EDGE('',*,*,#8711,.T.);
#9863 = ORIENTED_EDGE('',*,*,#8743,.T.);
#9864 = ORIENTED_EDGE('',*,*,#8775,.T.);
#9865 = ORIENTED_EDGE('',*,*,#8807,.T.);
#9866 = ORIENTED_EDGE('',*,*,#8839,.T.);
#9867 = ORIENTED_EDGE('',*,*,#8871,.T.);
#9868 = ORIENTED_EDGE('',*,*,#8903,.T.);
#9869 = ORIENTED_EDGE('',*,*,#8935,.T.);
#9870 = ORIENTED_EDGE('',*,*,#8967,.T.);
#9871 = ORIENTED_EDGE('',*,*,#8998,.T.);
#9872 = ORIENTED_EDGE('',*,*,#9029,.T.);
#9873 = ORIENTED_EDGE('',*,*,#9061,.T.);
#9874 = ORIENTED_EDGE('',*,*,#9093,.T.);
#9875 = ORIENTED_EDGE('',*,*,#9124,.T.);
#9876 = ORIENTED_EDGE('',*,*,#9146,.T.);
#9877 = FACE_BOUND('',#9878,.F.);
#9878 = EDGE_LOOP('',(#9879,#9880,#9881,#9882,#9883,#9884,#9885,#9886,
    #9887,#9888,#9889,#9890,#9891,#9892,#9893,#9894,#9895,#9896));
#9879 = ORIENTED_EDGE('',*,*,#9187,.T.);
#9880 = ORIENTED_EDGE('',*,*,#9219,.T.);
#9881 = ORIENTED_EDGE('',*,*,#9250,.T.);
#9882 = ORIENTED_EDGE('',*,*,#9281,.T.);
#9883 = ORIENTED_EDGE('',*,*,#9313,.T.);
#9884 = ORIENTED_EDGE('',*,*,#9345,.T.);
#9885 = ORIENTED_EDGE('',*,*,#9377,.T.);
#9886 = ORIENTED_EDGE('',*,*,#9409,.T.);
#9887 = ORIENTED_EDGE('',*,*,#9441,.T.);
#9888 = ORIENTED_EDGE('',*,*,#9473,.T.);
#9889 = ORIENTED_EDGE('',*,*,#9505,.T.);
#9890 = ORIENTED_EDGE('',*,*,#9537,.T.);
#9891 = ORIENTED_EDGE('',*,*,#9568,.T.);
#9892 = ORIENTED_EDGE('',*,*,#9599,.T.);
#9893 = ORIENTED_EDGE('',*,*,#9631,.T.);
#9894 = ORIENTED_EDGE('',*,*,#9663,.T.);
#9895 = ORIENTED_EDGE('',*,*,#9694,.T.);
#9896 = ORIENTED_EDGE('',*,*,#9716,.T.);
#9897 = PLANE('',#9898);
#9898 = AXIS2_PLACEMENT_3D('',#9899,#9900,#9901);
#9899 = CARTESIAN_POINT('',(187.42130189078,-84.78632255677,0.));
#9900 = DIRECTION('',(0.,0.,1.));
#9901 = DIRECTION('',(1.,0.,-0.));
#9902 = ADVANCED_FACE('',(#9903,#9951,#9997,#10003,#10009,#10015,#10021,
    #10027,#10033,#10053),#10073,.T.);
#9903 = FACE_BOUND('',#9904,.F.);
#9904 = EDGE_LOOP('',(#9905,#9906,#9907,#9908,#9909,#9910,#9911,#9912,
    #9913,#9914,#9915,#9916,#9917,#9918,#9919,#9920,#9921,#9922,#9923,
    #9924,#9925,#9926,#9927,#9928,#9929,#9930,#9931,#9932,#9933,#9934,
    #9935,#9936,#9937,#9938,#9939,#9940,#9941,#9942,#9943,#9944,#9945,
    #9946,#9947,#9948,#9949,#9950));
#9905 = ORIENTED_EDGE('',*,*,#4976,.T.);
#9906 = ORIENTED_EDGE('',*,*,#5009,.T.);
#9907 = ORIENTED_EDGE('',*,*,#5040,.T.);
#9908 = ORIENTED_EDGE('',*,*,#5073,.T.);
#9909 = ORIENTED_EDGE('',*,*,#5104,.T.);
#9910 = ORIENTED_EDGE('',*,*,#5137,.T.);
#9911 = ORIENTED_EDGE('',*,*,#5168,.T.);
#9912 = ORIENTED_EDGE('',*,*,#5199,.T.);
#9913 = ORIENTED_EDGE('',*,*,#5230,.T.);
#9914 = ORIENTED_EDGE('',*,*,#5263,.T.);
#9915 = ORIENTED_EDGE('',*,*,#5294,.T.);
#9916 = ORIENTED_EDGE('',*,*,#5327,.T.);
#9917 = ORIENTED_EDGE('',*,*,#5358,.T.);
#9918 = ORIENTED_EDGE('',*,*,#5391,.T.);
#9919 = ORIENTED_EDGE('',*,*,#5422,.T.);
#9920 = ORIENTED_EDGE('',*,*,#5455,.T.);
#9921 = ORIENTED_EDGE('',*,*,#5486,.T.);
#9922 = ORIENTED_EDGE('',*,*,#5517,.T.);
#9923 = ORIENTED_EDGE('',*,*,#5550,.T.);
#9924 = ORIENTED_EDGE('',*,*,#5581,.T.);
#9925 = ORIENTED_EDGE('',*,*,#5614,.T.);
#9926 = ORIENTED_EDGE('',*,*,#5645,.T.);
#9927 = ORIENTED_EDGE('',*,*,#5678,.T.);
#9928 = ORIENTED_EDGE('',*,*,#5709,.T.);
#9929 = ORIENTED_EDGE('',*,*,#5742,.T.);
#9930 = ORIENTED_EDGE('',*,*,#5773,.T.);
#9931 = ORIENTED_EDGE('',*,*,#5806,.T.);
#9932 = ORIENTED_EDGE('',*,*,#5837,.T.);
#9933 = ORIENTED_EDGE('',*,*,#5868,.T.);
#9934 = ORIENTED_EDGE('',*,*,#5899,.T.);
#9935 = ORIENTED_EDGE('',*,*,#5930,.T.);
#9936 = ORIENTED_EDGE('',*,*,#5963,.T.);
#9937 = ORIENTED_EDGE('',*,*,#5994,.T.);
#9938 = ORIENTED_EDGE('',*,*,#6027,.T.);
#9939 = ORIENTED_EDGE('',*,*,#6058,.T.);
#9940 = ORIENTED_EDGE('',*,*,#6091,.T.);
#9941 = ORIENTED_EDGE('',*,*,#6122,.T.);
#9942 = ORIENTED_EDGE('',*,*,#6155,.T.);
#9943 = ORIENTED_EDGE('',*,*,#6186,.T.);
#9944 = ORIENTED_EDGE('',*,*,#6217,.T.);
#9945 = ORIENTED_EDGE('',*,*,#6248,.T.);
#9946 = ORIENTED_EDGE('',*,*,#6281,.T.);
#9947 = ORIENTED_EDGE('',*,*,#6312,.T.);
#9948 = ORIENTED_EDGE('',*,*,#6345,.T.);
#9949 = ORIENTED_EDGE('',*,*,#6376,.T.);
#9950 = ORIENTED_EDGE('',*,*,#6409,.T.);
#9951 = FACE_BOUND('',#9952,.T.);
#9952 = EDGE_LOOP('',(#9953,#9954,#9955,#9956,#9957,#9958,#9959,#9960,
    #9961,#9962,#9963,#9964,#9965,#9966,#9967,#9968,#9969,#9970,#9971,
    #9972,#9973,#9974,#9975,#9976,#9977,#9978,#9979,#9980,#9981,#9982,
    #9983,#9984,#9985,#9986,#9987,#9988,#9989,#9990,#9991,#9992,#9993,
    #9994,#9995,#9996));
#9953 = ORIENTED_EDGE('',*,*,#6440,.T.);
#9954 = ORIENTED_EDGE('',*,*,#6473,.T.);
#9955 = ORIENTED_EDGE('',*,*,#6504,.T.);
#9956 = ORIENTED_EDGE('',*,*,#6535,.T.);
#9957 = ORIENTED_EDGE('',*,*,#6566,.T.);
#9958 = ORIENTED_EDGE('',*,*,#6599,.T.);
#9959 = ORIENTED_EDGE('',*,*,#6632,.T.);
#9960 = ORIENTED_EDGE('',*,*,#6663,.T.);
#9961 = ORIENTED_EDGE('',*,*,#6694,.T.);
#9962 = ORIENTED_EDGE('',*,*,#6727,.T.);
#9963 = ORIENTED_EDGE('',*,*,#6758,.T.);
#9964 = ORIENTED_EDGE('',*,*,#6789,.T.);
#9965 = ORIENTED_EDGE('',*,*,#6820,.T.);
#9966 = ORIENTED_EDGE('',*,*,#6851,.T.);
#9967 = ORIENTED_EDGE('',*,*,#6882,.T.);
#9968 = ORIENTED_EDGE('',*,*,#6913,.T.);
#9969 = ORIENTED_EDGE('',*,*,#6944,.T.);
#9970 = ORIENTED_EDGE('',*,*,#6977,.T.);
#9971 = ORIENTED_EDGE('',*,*,#7008,.T.);
#9972 = ORIENTED_EDGE('',*,*,#7041,.T.);
#9973 = ORIENTED_EDGE('',*,*,#7072,.T.);
#9974 = ORIENTED_EDGE('',*,*,#7105,.T.);
#9975 = ORIENTED_EDGE('',*,*,#7136,.T.);
#9976 = ORIENTED_EDGE('',*,*,#7169,.T.);
#9977 = ORIENTED_EDGE('',*,*,#7200,.T.);
#9978 = ORIENTED_EDGE('',*,*,#7233,.T.);
#9979 = ORIENTED_EDGE('',*,*,#7264,.T.);
#9980 = ORIENTED_EDGE('',*,*,#7297,.T.);
#9981 = ORIENTED_EDGE('',*,*,#7328,.T.);
#9982 = ORIENTED_EDGE('',*,*,#7359,.T.);
#9983 = ORIENTED_EDGE('',*,*,#7390,.T.);
#9984 = ORIENTED_EDGE('',*,*,#7421,.T.);
#9985 = ORIENTED_EDGE('',*,*,#7452,.T.);
#9986 = ORIENTED_EDGE('',*,*,#7483,.T.);
#9987 = ORIENTED_EDGE('',*,*,#7514,.T.);
#9988 = ORIENTED_EDGE('',*,*,#7547,.T.);
#9989 = ORIENTED_EDGE('',*,*,#7578,.T.);
#9990 = ORIENTED_EDGE('',*,*,#7609,.T.);
#9991 = ORIENTED_EDGE('',*,*,#7642,.T.);
#9992 = ORIENTED_EDGE('',*,*,#7675,.T.);
#9993 = ORIENTED_EDGE('',*,*,#7706,.T.);
#9994 = ORIENTED_EDGE('',*,*,#7737,.T.);
#9995 = ORIENTED_EDGE('',*,*,#7768,.T.);
#9996 = ORIENTED_EDGE('',*,*,#7801,.T.);
#9997 = FACE_BOUND('',#9998,.T.);
#9998 = EDGE_LOOP('',(#9999,#10000,#10001,#10002));
#9999 = ORIENTED_EDGE('',*,*,#7832,.T.);
#10000 = ORIENTED_EDGE('',*,*,#7865,.T.);
#10001 = ORIENTED_EDGE('',*,*,#7896,.T.);
#10002 = ORIENTED_EDGE('',*,*,#7929,.T.);
#10003 = FACE_BOUND('',#10004,.T.);
#10004 = EDGE_LOOP('',(#10005,#10006,#10007,#10008));
#10005 = ORIENTED_EDGE('',*,*,#7960,.T.);
#10006 = ORIENTED_EDGE('',*,*,#7993,.T.);
#10007 = ORIENTED_EDGE('',*,*,#8024,.T.);
#10008 = ORIENTED_EDGE('',*,*,#8057,.T.);
#10009 = FACE_BOUND('',#10010,.T.);
#10010 = EDGE_LOOP('',(#10011,#10012,#10013,#10014));
#10011 = ORIENTED_EDGE('',*,*,#8088,.T.);
#10012 = ORIENTED_EDGE('',*,*,#8121,.T.);
#10013 = ORIENTED_EDGE('',*,*,#8152,.T.);
#10014 = ORIENTED_EDGE('',*,*,#8185,.T.);
#10015 = FACE_BOUND('',#10016,.T.);
#10016 = EDGE_LOOP('',(#10017,#10018,#10019,#10020));
#10017 = ORIENTED_EDGE('',*,*,#8216,.T.);
#10018 = ORIENTED_EDGE('',*,*,#8249,.T.);
#10019 = ORIENTED_EDGE('',*,*,#8280,.T.);
#10020 = ORIENTED_EDGE('',*,*,#8313,.T.);
#10021 = FACE_BOUND('',#10022,.T.);
#10022 = EDGE_LOOP('',(#10023,#10024,#10025,#10026));
#10023 = ORIENTED_EDGE('',*,*,#8344,.T.);
#10024 = ORIENTED_EDGE('',*,*,#8377,.T.);
#10025 = ORIENTED_EDGE('',*,*,#8408,.T.);
#10026 = ORIENTED_EDGE('',*,*,#8441,.T.);
#10027 = FACE_BOUND('',#10028,.T.);
#10028 = EDGE_LOOP('',(#10029,#10030,#10031,#10032));
#10029 = ORIENTED_EDGE('',*,*,#8472,.T.);
#10030 = ORIENTED_EDGE('',*,*,#8505,.T.);
#10031 = ORIENTED_EDGE('',*,*,#8536,.T.);
#10032 = ORIENTED_EDGE('',*,*,#8569,.T.);
#10033 = FACE_BOUND('',#10034,.T.);
#10034 = EDGE_LOOP('',(#10035,#10036,#10037,#10038,#10039,#10040,#10041,
    #10042,#10043,#10044,#10045,#10046,#10047,#10048,#10049,#10050,
    #10051,#10052));
#10035 = ORIENTED_EDGE('',*,*,#8600,.T.);
#10036 = ORIENTED_EDGE('',*,*,#8633,.T.);
#10037 = ORIENTED_EDGE('',*,*,#8664,.T.);
#10038 = ORIENTED_EDGE('',*,*,#8695,.T.);
#10039 = ORIENTED_EDGE('',*,*,#8726,.T.);
#10040 = ORIENTED_EDGE('',*,*,#8759,.T.);
#10041 = ORIENTED_EDGE('',*,*,#8790,.T.);
#10042 = ORIENTED_EDGE('',*,*,#8823,.T.);
#10043 = ORIENTED_EDGE('',*,*,#8854,.T.);
#10044 = ORIENTED_EDGE('',*,*,#8887,.T.);
#10045 = ORIENTED_EDGE('',*,*,#8918,.T.);
#10046 = ORIENTED_EDGE('',*,*,#8951,.T.);
#10047 = ORIENTED_EDGE('',*,*,#8982,.T.);
#10048 = ORIENTED_EDGE('',*,*,#9013,.T.);
#10049 = ORIENTED_EDGE('',*,*,#9044,.T.);
#10050 = ORIENTED_EDGE('',*,*,#9077,.T.);
#10051 = ORIENTED_EDGE('',*,*,#9108,.T.);
#10052 = ORIENTED_EDGE('',*,*,#9139,.T.);
#10053 = FACE_BOUND('',#10054,.T.);
#10054 = EDGE_LOOP('',(#10055,#10056,#10057,#10058,#10059,#10060,#10061,
    #10062,#10063,#10064,#10065,#10066,#10067,#10068,#10069,#10070,
    #10071,#10072));
#10055 = ORIENTED_EDGE('',*,*,#9170,.T.);
#10056 = ORIENTED_EDGE('',*,*,#9203,.T.);
#10057 = ORIENTED_EDGE('',*,*,#9234,.T.);
#10058 = ORIENTED_EDGE('',*,*,#9265,.T.);
#10059 = ORIENTED_EDGE('',*,*,#9296,.T.);
#10060 = ORIENTED_EDGE('',*,*,#9329,.T.);
#10061 = ORIENTED_EDGE('',*,*,#9360,.T.);
#10062 = ORIENTED_EDGE('',*,*,#9393,.T.);
#10063 = ORIENTED_EDGE('',*,*,#9424,.T.);
#10064 = ORIENTED_EDGE('',*,*,#9457,.T.);
#10065 = ORIENTED_EDGE('',*,*,#9488,.T.);
#10066 = ORIENTED_EDGE('',*,*,#9521,.T.);
#10067 = ORIENTED_EDGE('',*,*,#9552,.T.);
#10068 = ORIENTED_EDGE('',*,*,#9583,.T.);
#10069 = ORIENTED_EDGE('',*,*,#9614,.T.);
#10070 = ORIENTED_EDGE('',*,*,#9647,.T.);
#10071 = ORIENTED_EDGE('',*,*,#9678,.T.);
#10072 = ORIENTED_EDGE('',*,*,#9709,.T.);
#10073 = PLANE('',#10074);
#10074 = AXIS2_PLACEMENT_3D('',#10075,#10076,#10077);
#10075 = CARTESIAN_POINT('',(187.42130189078,-84.78632255677,1.6));
#10076 = DIRECTION('',(0.,0.,1.));
#10077 = DIRECTION('',(1.,0.,-0.));
#10078 = ( GEOMETRIC_REPRESENTATION_CONTEXT(3) 
GLOBAL_UNCERTAINTY_ASSIGNED_CONTEXT((#10082)) 
GLOBAL_UNIT_ASSIGNED_CONTEXT((#10079,#10080,#10081)) 
REPRESENTATION_CONTEXT('Context #1',
  '3D Context with UNIT and UNCERTAINTY') );
#10079 = ( LENGTH_UNIT() NAMED_UNIT(*) SI_UNIT(.MILLI.,.METRE.) );
#10080 = ( NAMED_UNIT(*) PLANE_ANGLE_UNIT() SI_UNIT($,.RADIAN.) );
#10081 = ( NAMED_UNIT(*) SI_UNIT($,.STERADIAN.) SOLID_ANGLE_UNIT() );
#10082 = UNCERTAINTY_MEASURE_WITH_UNIT(LENGTH_MEASURE(1.E-07),#10079,
  'distance_accuracy_value','confusion accuracy');
#10083 = CONTEXT_DEPENDENT_SHAPE_REPRESENTATION(#10084,#10086);
#10084 = ( REPRESENTATION_RELATIONSHIP('','',#4959,#10) 
REPRESENTATION_RELATIONSHIP_WITH_TRANSFORMATION(#10085) 
SHAPE_REPRESENTATION_RELATIONSHIP() );
#10085 = ITEM_DEFINED_TRANSFORMATION('','',#11,#23);
#10086 = PRODUCT_DEFINITION_SHAPE('Placement','Placement of an item',
  #10087);
#10087 = NEXT_ASSEMBLY_USAGE_OCCURRENCE('4','=>[0:1:1:4]','',#5,#4954,$
  );
#10088 = PRODUCT_RELATED_PRODUCT_CATEGORY('part',$,(#4956));
#10089 = MECHANICAL_DESIGN_GEOMETRIC_PRESENTATION_REPRESENTATION('',(
    #10090,#10098,#10105,#10112,#10119,#10126,#10133,#10140,#10147,
    #10154,#10161,#10168,#10175,#10182,#10189,#10196,#10203,#10210,
    #10217,#10224,#10231,#10238,#10245,#10252,#10259,#10266,#10273,
    #10280,#10287,#10294,#10301,#10309,#10316,#10323,#10330,#10337,
    #10344,#10351,#10358,#10365,#10372,#10379,#10386,#10393,#10400,
    #10407,#10414,#10421,#10428,#10435,#10442,#10449,#10456,#10463,
    #10470,#10477,#10484,#10491,#10498,#10505,#10512,#10519,#10526,
    #10533,#10540,#10547,#10554,#10561,#10568,#10575,#10582,#10589,
    #10596,#10603,#10610,#10617,#10624,#10631,#10638,#10645,#10652,
    #10659,#10666,#10673,#10680,#10687,#10694,#10701,#10708,#10715,
    #10722,#10729,#10736,#10743,#10750,#10757,#10764,#10771,#10778,
    #10785,#10792,#10799,#10806,#10813,#10820,#10827,#10834,#10841,
    #10848,#10855,#10862,#10869,#10876,#10883,#10890,#10897,#10904,
    #10911,#10918,#10925,#10932,#10939,#10946,#10953,#10960,#10967,
    #10974,#10981,#10988,#10995,#11002,#11009,#11016,#11023,#11030,
    #11037,#11044,#11051,#11058,#11065,#11072,#11079,#11086,#11093,
    #11100,#11107,#11114,#11121,#11128,#11135,#11142,#11149,#11156,
    #11163,#11170,#11177,#11184,#11191,#11198,#11205,#11212,#11219,
    #11226,#11233,#11240),#4936);
#10090 = STYLED_ITEM('color',(#10091),#66);
#10091 = PRESENTATION_STYLE_ASSIGNMENT((#10092));
#10092 = SURFACE_STYLE_USAGE(.BOTH.,#10093);
#10093 = SURFACE_SIDE_STYLE('',(#10094));
#10094 = SURFACE_STYLE_FILL_AREA(#10095);
#10095 = FILL_AREA_STYLE('',(#10096));
#10096 = FILL_AREA_STYLE_COLOUR('',#10097);
#10097 = COLOUR_RGB('',0.147999998088,0.144999993226,0.144999993226);
#10098 = STYLED_ITEM('color',(#10099),#106);
#10099 = PRESENTATION_STYLE_ASSIGNMENT((#10100));
#10100 = SURFACE_STYLE_USAGE(.BOTH.,#10101);
#10101 = SURFACE_SIDE_STYLE('',(#10102));
#10102 = SURFACE_STYLE_FILL_AREA(#10103);
#10103 = FILL_AREA_STYLE('',(#10104));
#10104 = FILL_AREA_STYLE_COLOUR('',#10097);
#10105 = STYLED_ITEM('color',(#10106),#169);
#10106 = PRESENTATION_STYLE_ASSIGNMENT((#10107));
#10107 = SURFACE_STYLE_USAGE(.BOTH.,#10108);
#10108 = SURFACE_SIDE_STYLE('',(#10109));
#10109 = SURFACE_STYLE_FILL_AREA(#10110);
#10110 = FILL_AREA_STYLE('',(#10111));
#10111 = FILL_AREA_STYLE_COLOUR('',#10097);
#10112 = STYLED_ITEM('color',(#10113),#232);
#10113 = PRESENTATION_STYLE_ASSIGNMENT((#10114));
#10114 = SURFACE_STYLE_USAGE(.BOTH.,#10115);
#10115 = SURFACE_SIDE_STYLE('',(#10116));
#10116 = SURFACE_STYLE_FILL_AREA(#10117);
#10117 = FILL_AREA_STYLE('',(#10118));
#10118 = FILL_AREA_STYLE_COLOUR('',#10097);
#10119 = STYLED_ITEM('color',(#10120),#249);
#10120 = PRESENTATION_STYLE_ASSIGNMENT((#10121));
#10121 = SURFACE_STYLE_USAGE(.BOTH.,#10122);
#10122 = SURFACE_SIDE_STYLE('',(#10123));
#10123 = SURFACE_STYLE_FILL_AREA(#10124);
#10124 = FILL_AREA_STYLE('',(#10125));
#10125 = FILL_AREA_STYLE_COLOUR('',#10097);
#10126 = STYLED_ITEM('color',(#10127),#436);
#10127 = PRESENTATION_STYLE_ASSIGNMENT((#10128));
#10128 = SURFACE_STYLE_USAGE(.BOTH.,#10129);
#10129 = SURFACE_SIDE_STYLE('',(#10130));
#10130 = SURFACE_STYLE_FILL_AREA(#10131);
#10131 = FILL_AREA_STYLE('',(#10132));
#10132 = FILL_AREA_STYLE_COLOUR('',#10097);
#10133 = STYLED_ITEM('color',(#10134),#458);
#10134 = PRESENTATION_STYLE_ASSIGNMENT((#10135));
#10135 = SURFACE_STYLE_USAGE(.BOTH.,#10136);
#10136 = SURFACE_SIDE_STYLE('',(#10137));
#10137 = SURFACE_STYLE_FILL_AREA(#10138);
#10138 = FILL_AREA_STYLE('',(#10139));
#10139 = FILL_AREA_STYLE_COLOUR('',#10097);
#10140 = STYLED_ITEM('color',(#10141),#475);
#10141 = PRESENTATION_STYLE_ASSIGNMENT((#10142));
#10142 = SURFACE_STYLE_USAGE(.BOTH.,#10143);
#10143 = SURFACE_SIDE_STYLE('',(#10144));
#10144 = SURFACE_STYLE_FILL_AREA(#10145);
#10145 = FILL_AREA_STYLE('',(#10146));
#10146 = FILL_AREA_STYLE_COLOUR('',#10097);
#10147 = STYLED_ITEM('color',(#10148),#822);
#10148 = PRESENTATION_STYLE_ASSIGNMENT((#10149));
#10149 = SURFACE_STYLE_USAGE(.BOTH.,#10150);
#10150 = SURFACE_SIDE_STYLE('',(#10151));
#10151 = SURFACE_STYLE_FILL_AREA(#10152);
#10152 = FILL_AREA_STYLE('',(#10153));
#10153 = FILL_AREA_STYLE_COLOUR('',#10097);
#10154 = STYLED_ITEM('color',(#10155),#834);
#10155 = PRESENTATION_STYLE_ASSIGNMENT((#10156));
#10156 = SURFACE_STYLE_USAGE(.BOTH.,#10157);
#10157 = SURFACE_SIDE_STYLE('',(#10158));
#10158 = SURFACE_STYLE_FILL_AREA(#10159);
#10159 = FILL_AREA_STYLE('',(#10160));
#10160 = FILL_AREA_STYLE_COLOUR('',#10097);
#10161 = STYLED_ITEM('color',(#10162),#846);
#10162 = PRESENTATION_STYLE_ASSIGNMENT((#10163));
#10163 = SURFACE_STYLE_USAGE(.BOTH.,#10164);
#10164 = SURFACE_SIDE_STYLE('',(#10165));
#10165 = SURFACE_STYLE_FILL_AREA(#10166);
#10166 = FILL_AREA_STYLE('',(#10167));
#10167 = FILL_AREA_STYLE_COLOUR('',#10097);
#10168 = STYLED_ITEM('color',(#10169),#877);
#10169 = PRESENTATION_STYLE_ASSIGNMENT((#10170));
#10170 = SURFACE_STYLE_USAGE(.BOTH.,#10171);
#10171 = SURFACE_SIDE_STYLE('',(#10172));
#10172 = SURFACE_STYLE_FILL_AREA(#10173);
#10173 = FILL_AREA_STYLE('',(#10174));
#10174 = FILL_AREA_STYLE_COLOUR('',#10097);
#10175 = STYLED_ITEM('color',(#10176),#901);
#10176 = PRESENTATION_STYLE_ASSIGNMENT((#10177));
#10177 = SURFACE_STYLE_USAGE(.BOTH.,#10178);
#10178 = SURFACE_SIDE_STYLE('',(#10179));
#10179 = SURFACE_STYLE_FILL_AREA(#10180);
#10180 = FILL_AREA_STYLE('',(#10181));
#10181 = FILL_AREA_STYLE_COLOUR('',#10097);
#10182 = STYLED_ITEM('color',(#10183),#925);
#10183 = PRESENTATION_STYLE_ASSIGNMENT((#10184));
#10184 = SURFACE_STYLE_USAGE(.BOTH.,#10185);
#10185 = SURFACE_SIDE_STYLE('',(#10186));
#10186 = SURFACE_STYLE_FILL_AREA(#10187);
#10187 = FILL_AREA_STYLE('',(#10188));
#10188 = FILL_AREA_STYLE_COLOUR('',#10097);
#10189 = STYLED_ITEM('color',(#10190),#942);
#10190 = PRESENTATION_STYLE_ASSIGNMENT((#10191));
#10191 = SURFACE_STYLE_USAGE(.BOTH.,#10192);
#10192 = SURFACE_SIDE_STYLE('',(#10193));
#10193 = SURFACE_STYLE_FILL_AREA(#10194);
#10194 = FILL_AREA_STYLE('',(#10195));
#10195 = FILL_AREA_STYLE_COLOUR('',#10097);
#10196 = STYLED_ITEM('color',(#10197),#973);
#10197 = PRESENTATION_STYLE_ASSIGNMENT((#10198));
#10198 = SURFACE_STYLE_USAGE(.BOTH.,#10199);
#10199 = SURFACE_SIDE_STYLE('',(#10200));
#10200 = SURFACE_STYLE_FILL_AREA(#10201);
#10201 = FILL_AREA_STYLE('',(#10202));
#10202 = FILL_AREA_STYLE_COLOUR('',#10097);
#10203 = STYLED_ITEM('color',(#10204),#997);
#10204 = PRESENTATION_STYLE_ASSIGNMENT((#10205));
#10205 = SURFACE_STYLE_USAGE(.BOTH.,#10206);
#10206 = SURFACE_SIDE_STYLE('',(#10207));
#10207 = SURFACE_STYLE_FILL_AREA(#10208);
#10208 = FILL_AREA_STYLE('',(#10209));
#10209 = FILL_AREA_STYLE_COLOUR('',#10097);
#10210 = STYLED_ITEM('color',(#10211),#1021);
#10211 = PRESENTATION_STYLE_ASSIGNMENT((#10212));
#10212 = SURFACE_STYLE_USAGE(.BOTH.,#10213);
#10213 = SURFACE_SIDE_STYLE('',(#10214));
#10214 = SURFACE_STYLE_FILL_AREA(#10215);
#10215 = FILL_AREA_STYLE('',(#10216));
#10216 = FILL_AREA_STYLE_COLOUR('',#10097);
#10217 = STYLED_ITEM('color',(#10218),#1038);
#10218 = PRESENTATION_STYLE_ASSIGNMENT((#10219));
#10219 = SURFACE_STYLE_USAGE(.BOTH.,#10220);
#10220 = SURFACE_SIDE_STYLE('',(#10221));
#10221 = SURFACE_STYLE_FILL_AREA(#10222);
#10222 = FILL_AREA_STYLE('',(#10223));
#10223 = FILL_AREA_STYLE_COLOUR('',#10097);
#10224 = STYLED_ITEM('color',(#10225),#1069);
#10225 = PRESENTATION_STYLE_ASSIGNMENT((#10226));
#10226 = SURFACE_STYLE_USAGE(.BOTH.,#10227);
#10227 = SURFACE_SIDE_STYLE('',(#10228));
#10228 = SURFACE_STYLE_FILL_AREA(#10229);
#10229 = FILL_AREA_STYLE('',(#10230));
#10230 = FILL_AREA_STYLE_COLOUR('',#10097);
#10231 = STYLED_ITEM('color',(#10232),#1093);
#10232 = PRESENTATION_STYLE_ASSIGNMENT((#10233));
#10233 = SURFACE_STYLE_USAGE(.BOTH.,#10234);
#10234 = SURFACE_SIDE_STYLE('',(#10235));
#10235 = SURFACE_STYLE_FILL_AREA(#10236);
#10236 = FILL_AREA_STYLE('',(#10237));
#10237 = FILL_AREA_STYLE_COLOUR('',#10097);
#10238 = STYLED_ITEM('color',(#10239),#1117);
#10239 = PRESENTATION_STYLE_ASSIGNMENT((#10240));
#10240 = SURFACE_STYLE_USAGE(.BOTH.,#10241);
#10241 = SURFACE_SIDE_STYLE('',(#10242));
#10242 = SURFACE_STYLE_FILL_AREA(#10243);
#10243 = FILL_AREA_STYLE('',(#10244));
#10244 = FILL_AREA_STYLE_COLOUR('',#10097);
#10245 = STYLED_ITEM('color',(#10246),#1134);
#10246 = PRESENTATION_STYLE_ASSIGNMENT((#10247));
#10247 = SURFACE_STYLE_USAGE(.BOTH.,#10248);
#10248 = SURFACE_SIDE_STYLE('',(#10249));
#10249 = SURFACE_STYLE_FILL_AREA(#10250);
#10250 = FILL_AREA_STYLE('',(#10251));
#10251 = FILL_AREA_STYLE_COLOUR('',#10097);
#10252 = STYLED_ITEM('color',(#10253),#1165);
#10253 = PRESENTATION_STYLE_ASSIGNMENT((#10254));
#10254 = SURFACE_STYLE_USAGE(.BOTH.,#10255);
#10255 = SURFACE_SIDE_STYLE('',(#10256));
#10256 = SURFACE_STYLE_FILL_AREA(#10257);
#10257 = FILL_AREA_STYLE('',(#10258));
#10258 = FILL_AREA_STYLE_COLOUR('',#10097);
#10259 = STYLED_ITEM('color',(#10260),#1189);
#10260 = PRESENTATION_STYLE_ASSIGNMENT((#10261));
#10261 = SURFACE_STYLE_USAGE(.BOTH.,#10262);
#10262 = SURFACE_SIDE_STYLE('',(#10263));
#10263 = SURFACE_STYLE_FILL_AREA(#10264);
#10264 = FILL_AREA_STYLE('',(#10265));
#10265 = FILL_AREA_STYLE_COLOUR('',#10097);
#10266 = STYLED_ITEM('color',(#10267),#1213);
#10267 = PRESENTATION_STYLE_ASSIGNMENT((#10268));
#10268 = SURFACE_STYLE_USAGE(.BOTH.,#10269);
#10269 = SURFACE_SIDE_STYLE('',(#10270));
#10270 = SURFACE_STYLE_FILL_AREA(#10271);
#10271 = FILL_AREA_STYLE('',(#10272));
#10272 = FILL_AREA_STYLE_COLOUR('',#10097);
#10273 = STYLED_ITEM('color',(#10274),#1230);
#10274 = PRESENTATION_STYLE_ASSIGNMENT((#10275));
#10275 = SURFACE_STYLE_USAGE(.BOTH.,#10276);
#10276 = SURFACE_SIDE_STYLE('',(#10277));
#10277 = SURFACE_STYLE_FILL_AREA(#10278);
#10278 = FILL_AREA_STYLE('',(#10279));
#10279 = FILL_AREA_STYLE_COLOUR('',#10097);
#10280 = STYLED_ITEM('color',(#10281),#1261);
#10281 = PRESENTATION_STYLE_ASSIGNMENT((#10282));
#10282 = SURFACE_STYLE_USAGE(.BOTH.,#10283);
#10283 = SURFACE_SIDE_STYLE('',(#10284));
#10284 = SURFACE_STYLE_FILL_AREA(#10285);
#10285 = FILL_AREA_STYLE('',(#10286));
#10286 = FILL_AREA_STYLE_COLOUR('',#10097);
#10287 = STYLED_ITEM('color',(#10288),#1285);
#10288 = PRESENTATION_STYLE_ASSIGNMENT((#10289));
#10289 = SURFACE_STYLE_USAGE(.BOTH.,#10290);
#10290 = SURFACE_SIDE_STYLE('',(#10291));
#10291 = SURFACE_STYLE_FILL_AREA(#10292);
#10292 = FILL_AREA_STYLE('',(#10293));
#10293 = FILL_AREA_STYLE_COLOUR('',#10097);
#10294 = STYLED_ITEM('color',(#10295),#1309);
#10295 = PRESENTATION_STYLE_ASSIGNMENT((#10296));
#10296 = SURFACE_STYLE_USAGE(.BOTH.,#10297);
#10297 = SURFACE_SIDE_STYLE('',(#10298));
#10298 = SURFACE_STYLE_FILL_AREA(#10299);
#10299 = FILL_AREA_STYLE('',(#10300));
#10300 = FILL_AREA_STYLE_COLOUR('',#10097);
#10301 = STYLED_ITEM('color',(#10302),#1326);
#10302 = PRESENTATION_STYLE_ASSIGNMENT((#10303));
#10303 = SURFACE_STYLE_USAGE(.BOTH.,#10304);
#10304 = SURFACE_SIDE_STYLE('',(#10305));
#10305 = SURFACE_STYLE_FILL_AREA(#10306);
#10306 = FILL_AREA_STYLE('',(#10307));
#10307 = FILL_AREA_STYLE_COLOUR('',#10308);
#10308 = COLOUR_RGB('',0.859000020776,0.737999965183,0.495999988746);
#10309 = STYLED_ITEM('color',(#10310),#1343);
#10310 = PRESENTATION_STYLE_ASSIGNMENT((#10311));
#10311 = SURFACE_STYLE_USAGE(.BOTH.,#10312);
#10312 = SURFACE_SIDE_STYLE('',(#10313));
#10313 = SURFACE_STYLE_FILL_AREA(#10314);
#10314 = FILL_AREA_STYLE('',(#10315));
#10315 = FILL_AREA_STYLE_COLOUR('',#10308);
#10316 = STYLED_ITEM('color',(#10317),#1390);
#10317 = PRESENTATION_STYLE_ASSIGNMENT((#10318));
#10318 = SURFACE_STYLE_USAGE(.BOTH.,#10319);
#10319 = SURFACE_SIDE_STYLE('',(#10320));
#10320 = SURFACE_STYLE_FILL_AREA(#10321);
#10321 = FILL_AREA_STYLE('',(#10322));
#10322 = FILL_AREA_STYLE_COLOUR('',#10308);
#10323 = STYLED_ITEM('color',(#10324),#1407);
#10324 = PRESENTATION_STYLE_ASSIGNMENT((#10325));
#10325 = SURFACE_STYLE_USAGE(.BOTH.,#10326);
#10326 = SURFACE_SIDE_STYLE('',(#10327));
#10327 = SURFACE_STYLE_FILL_AREA(#10328);
#10328 = FILL_AREA_STYLE('',(#10329));
#10329 = FILL_AREA_STYLE_COLOUR('',#10308);
#10330 = STYLED_ITEM('color',(#10331),#1454);
#10331 = PRESENTATION_STYLE_ASSIGNMENT((#10332));
#10332 = SURFACE_STYLE_USAGE(.BOTH.,#10333);
#10333 = SURFACE_SIDE_STYLE('',(#10334));
#10334 = SURFACE_STYLE_FILL_AREA(#10335);
#10335 = FILL_AREA_STYLE('',(#10336));
#10336 = FILL_AREA_STYLE_COLOUR('',#10308);
#10337 = STYLED_ITEM('color',(#10338),#1471);
#10338 = PRESENTATION_STYLE_ASSIGNMENT((#10339));
#10339 = SURFACE_STYLE_USAGE(.BOTH.,#10340);
#10340 = SURFACE_SIDE_STYLE('',(#10341));
#10341 = SURFACE_STYLE_FILL_AREA(#10342);
#10342 = FILL_AREA_STYLE('',(#10343));
#10343 = FILL_AREA_STYLE_COLOUR('',#10308);
#10344 = STYLED_ITEM('color',(#10345),#1518);
#10345 = PRESENTATION_STYLE_ASSIGNMENT((#10346));
#10346 = SURFACE_STYLE_USAGE(.BOTH.,#10347);
#10347 = SURFACE_SIDE_STYLE('',(#10348));
#10348 = SURFACE_STYLE_FILL_AREA(#10349);
#10349 = FILL_AREA_STYLE('',(#10350));
#10350 = FILL_AREA_STYLE_COLOUR('',#10308);
#10351 = STYLED_ITEM('color',(#10352),#1535);
#10352 = PRESENTATION_STYLE_ASSIGNMENT((#10353));
#10353 = SURFACE_STYLE_USAGE(.BOTH.,#10354);
#10354 = SURFACE_SIDE_STYLE('',(#10355));
#10355 = SURFACE_STYLE_FILL_AREA(#10356);
#10356 = FILL_AREA_STYLE('',(#10357));
#10357 = FILL_AREA_STYLE_COLOUR('',#10308);
#10358 = STYLED_ITEM('color',(#10359),#1582);
#10359 = PRESENTATION_STYLE_ASSIGNMENT((#10360));
#10360 = SURFACE_STYLE_USAGE(.BOTH.,#10361);
#10361 = SURFACE_SIDE_STYLE('',(#10362));
#10362 = SURFACE_STYLE_FILL_AREA(#10363);
#10363 = FILL_AREA_STYLE('',(#10364));
#10364 = FILL_AREA_STYLE_COLOUR('',#10308);
#10365 = STYLED_ITEM('color',(#10366),#1629);
#10366 = PRESENTATION_STYLE_ASSIGNMENT((#10367));
#10367 = SURFACE_STYLE_USAGE(.BOTH.,#10368);
#10368 = SURFACE_SIDE_STYLE('',(#10369));
#10369 = SURFACE_STYLE_FILL_AREA(#10370);
#10370 = FILL_AREA_STYLE('',(#10371));
#10371 = FILL_AREA_STYLE_COLOUR('',#10308);
#10372 = STYLED_ITEM('color',(#10373),#1646);
#10373 = PRESENTATION_STYLE_ASSIGNMENT((#10374));
#10374 = SURFACE_STYLE_USAGE(.BOTH.,#10375);
#10375 = SURFACE_SIDE_STYLE('',(#10376));
#10376 = SURFACE_STYLE_FILL_AREA(#10377);
#10377 = FILL_AREA_STYLE('',(#10378));
#10378 = FILL_AREA_STYLE_COLOUR('',#10308);
#10379 = STYLED_ITEM('color',(#10380),#1693);
#10380 = PRESENTATION_STYLE_ASSIGNMENT((#10381));
#10381 = SURFACE_STYLE_USAGE(.BOTH.,#10382);
#10382 = SURFACE_SIDE_STYLE('',(#10383));
#10383 = SURFACE_STYLE_FILL_AREA(#10384);
#10384 = FILL_AREA_STYLE('',(#10385));
#10385 = FILL_AREA_STYLE_COLOUR('',#10308);
#10386 = STYLED_ITEM('color',(#10387),#1710);
#10387 = PRESENTATION_STYLE_ASSIGNMENT((#10388));
#10388 = SURFACE_STYLE_USAGE(.BOTH.,#10389);
#10389 = SURFACE_SIDE_STYLE('',(#10390));
#10390 = SURFACE_STYLE_FILL_AREA(#10391);
#10391 = FILL_AREA_STYLE('',(#10392));
#10392 = FILL_AREA_STYLE_COLOUR('',#10308);
#10393 = STYLED_ITEM('color',(#10394),#1727);
#10394 = PRESENTATION_STYLE_ASSIGNMENT((#10395));
#10395 = SURFACE_STYLE_USAGE(.BOTH.,#10396);
#10396 = SURFACE_SIDE_STYLE('',(#10397));
#10397 = SURFACE_STYLE_FILL_AREA(#10398);
#10398 = FILL_AREA_STYLE('',(#10399));
#10399 = FILL_AREA_STYLE_COLOUR('',#10308);
#10400 = STYLED_ITEM('color',(#10401),#1774);
#10401 = PRESENTATION_STYLE_ASSIGNMENT((#10402));
#10402 = SURFACE_STYLE_USAGE(.BOTH.,#10403);
#10403 = SURFACE_SIDE_STYLE('',(#10404));
#10404 = SURFACE_STYLE_FILL_AREA(#10405);
#10405 = FILL_AREA_STYLE('',(#10406));
#10406 = FILL_AREA_STYLE_COLOUR('',#10308);
#10407 = STYLED_ITEM('color',(#10408),#1791);
#10408 = PRESENTATION_STYLE_ASSIGNMENT((#10409));
#10409 = SURFACE_STYLE_USAGE(.BOTH.,#10410);
#10410 = SURFACE_SIDE_STYLE('',(#10411));
#10411 = SURFACE_STYLE_FILL_AREA(#10412);
#10412 = FILL_AREA_STYLE('',(#10413));
#10413 = FILL_AREA_STYLE_COLOUR('',#10308);
#10414 = STYLED_ITEM('color',(#10415),#1838);
#10415 = PRESENTATION_STYLE_ASSIGNMENT((#10416));
#10416 = SURFACE_STYLE_USAGE(.BOTH.,#10417);
#10417 = SURFACE_SIDE_STYLE('',(#10418));
#10418 = SURFACE_STYLE_FILL_AREA(#10419);
#10419 = FILL_AREA_STYLE('',(#10420));
#10420 = FILL_AREA_STYLE_COLOUR('',#10308);
#10421 = STYLED_ITEM('color',(#10422),#1885);
#10422 = PRESENTATION_STYLE_ASSIGNMENT((#10423));
#10423 = SURFACE_STYLE_USAGE(.BOTH.,#10424);
#10424 = SURFACE_SIDE_STYLE('',(#10425));
#10425 = SURFACE_STYLE_FILL_AREA(#10426);
#10426 = FILL_AREA_STYLE('',(#10427));
#10427 = FILL_AREA_STYLE_COLOUR('',#10308);
#10428 = STYLED_ITEM('color',(#10429),#1902);
#10429 = PRESENTATION_STYLE_ASSIGNMENT((#10430));
#10430 = SURFACE_STYLE_USAGE(.BOTH.,#10431);
#10431 = SURFACE_SIDE_STYLE('',(#10432));
#10432 = SURFACE_STYLE_FILL_AREA(#10433);
#10433 = FILL_AREA_STYLE('',(#10434));
#10434 = FILL_AREA_STYLE_COLOUR('',#10308);
#10435 = STYLED_ITEM('color',(#10436),#1949);
#10436 = PRESENTATION_STYLE_ASSIGNMENT((#10437));
#10437 = SURFACE_STYLE_USAGE(.BOTH.,#10438);
#10438 = SURFACE_SIDE_STYLE('',(#10439));
#10439 = SURFACE_STYLE_FILL_AREA(#10440);
#10440 = FILL_AREA_STYLE('',(#10441));
#10441 = FILL_AREA_STYLE_COLOUR('',#10308);
#10442 = STYLED_ITEM('color',(#10443),#1966);
#10443 = PRESENTATION_STYLE_ASSIGNMENT((#10444));
#10444 = SURFACE_STYLE_USAGE(.BOTH.,#10445);
#10445 = SURFACE_SIDE_STYLE('',(#10446));
#10446 = SURFACE_STYLE_FILL_AREA(#10447);
#10447 = FILL_AREA_STYLE('',(#10448));
#10448 = FILL_AREA_STYLE_COLOUR('',#10097);
#10449 = STYLED_ITEM('color',(#10450),#1997);
#10450 = PRESENTATION_STYLE_ASSIGNMENT((#10451));
#10451 = SURFACE_STYLE_USAGE(.BOTH.,#10452);
#10452 = SURFACE_SIDE_STYLE('',(#10453));
#10453 = SURFACE_STYLE_FILL_AREA(#10454);
#10454 = FILL_AREA_STYLE('',(#10455));
#10455 = FILL_AREA_STYLE_COLOUR('',#10097);
#10456 = STYLED_ITEM('color',(#10457),#2021);
#10457 = PRESENTATION_STYLE_ASSIGNMENT((#10458));
#10458 = SURFACE_STYLE_USAGE(.BOTH.,#10459);
#10459 = SURFACE_SIDE_STYLE('',(#10460));
#10460 = SURFACE_STYLE_FILL_AREA(#10461);
#10461 = FILL_AREA_STYLE('',(#10462));
#10462 = FILL_AREA_STYLE_COLOUR('',#10097);
#10463 = STYLED_ITEM('color',(#10464),#2045);
#10464 = PRESENTATION_STYLE_ASSIGNMENT((#10465));
#10465 = SURFACE_STYLE_USAGE(.BOTH.,#10466);
#10466 = SURFACE_SIDE_STYLE('',(#10467));
#10467 = SURFACE_STYLE_FILL_AREA(#10468);
#10468 = FILL_AREA_STYLE('',(#10469));
#10469 = FILL_AREA_STYLE_COLOUR('',#10097);
#10470 = STYLED_ITEM('color',(#10471),#2062);
#10471 = PRESENTATION_STYLE_ASSIGNMENT((#10472));
#10472 = SURFACE_STYLE_USAGE(.BOTH.,#10473);
#10473 = SURFACE_SIDE_STYLE('',(#10474));
#10474 = SURFACE_STYLE_FILL_AREA(#10475);
#10475 = FILL_AREA_STYLE('',(#10476));
#10476 = FILL_AREA_STYLE_COLOUR('',#10097);
#10477 = STYLED_ITEM('color',(#10478),#2093);
#10478 = PRESENTATION_STYLE_ASSIGNMENT((#10479));
#10479 = SURFACE_STYLE_USAGE(.BOTH.,#10480);
#10480 = SURFACE_SIDE_STYLE('',(#10481));
#10481 = SURFACE_STYLE_FILL_AREA(#10482);
#10482 = FILL_AREA_STYLE('',(#10483));
#10483 = FILL_AREA_STYLE_COLOUR('',#10097);
#10484 = STYLED_ITEM('color',(#10485),#2117);
#10485 = PRESENTATION_STYLE_ASSIGNMENT((#10486));
#10486 = SURFACE_STYLE_USAGE(.BOTH.,#10487);
#10487 = SURFACE_SIDE_STYLE('',(#10488));
#10488 = SURFACE_STYLE_FILL_AREA(#10489);
#10489 = FILL_AREA_STYLE('',(#10490));
#10490 = FILL_AREA_STYLE_COLOUR('',#10097);
#10491 = STYLED_ITEM('color',(#10492),#2141);
#10492 = PRESENTATION_STYLE_ASSIGNMENT((#10493));
#10493 = SURFACE_STYLE_USAGE(.BOTH.,#10494);
#10494 = SURFACE_SIDE_STYLE('',(#10495));
#10495 = SURFACE_STYLE_FILL_AREA(#10496);
#10496 = FILL_AREA_STYLE('',(#10497));
#10497 = FILL_AREA_STYLE_COLOUR('',#10097);
#10498 = STYLED_ITEM('color',(#10499),#2158);
#10499 = PRESENTATION_STYLE_ASSIGNMENT((#10500));
#10500 = SURFACE_STYLE_USAGE(.BOTH.,#10501);
#10501 = SURFACE_SIDE_STYLE('',(#10502));
#10502 = SURFACE_STYLE_FILL_AREA(#10503);
#10503 = FILL_AREA_STYLE('',(#10504));
#10504 = FILL_AREA_STYLE_COLOUR('',#10097);
#10505 = STYLED_ITEM('color',(#10506),#2189);
#10506 = PRESENTATION_STYLE_ASSIGNMENT((#10507));
#10507 = SURFACE_STYLE_USAGE(.BOTH.,#10508);
#10508 = SURFACE_SIDE_STYLE('',(#10509));
#10509 = SURFACE_STYLE_FILL_AREA(#10510);
#10510 = FILL_AREA_STYLE('',(#10511));
#10511 = FILL_AREA_STYLE_COLOUR('',#10097);
#10512 = STYLED_ITEM('color',(#10513),#2213);
#10513 = PRESENTATION_STYLE_ASSIGNMENT((#10514));
#10514 = SURFACE_STYLE_USAGE(.BOTH.,#10515);
#10515 = SURFACE_SIDE_STYLE('',(#10516));
#10516 = SURFACE_STYLE_FILL_AREA(#10517);
#10517 = FILL_AREA_STYLE('',(#10518));
#10518 = FILL_AREA_STYLE_COLOUR('',#10097);
#10519 = STYLED_ITEM('color',(#10520),#2237);
#10520 = PRESENTATION_STYLE_ASSIGNMENT((#10521));
#10521 = SURFACE_STYLE_USAGE(.BOTH.,#10522);
#10522 = SURFACE_SIDE_STYLE('',(#10523));
#10523 = SURFACE_STYLE_FILL_AREA(#10524);
#10524 = FILL_AREA_STYLE('',(#10525));
#10525 = FILL_AREA_STYLE_COLOUR('',#10097);
#10526 = STYLED_ITEM('color',(#10527),#2254);
#10527 = PRESENTATION_STYLE_ASSIGNMENT((#10528));
#10528 = SURFACE_STYLE_USAGE(.BOTH.,#10529);
#10529 = SURFACE_SIDE_STYLE('',(#10530));
#10530 = SURFACE_STYLE_FILL_AREA(#10531);
#10531 = FILL_AREA_STYLE('',(#10532));
#10532 = FILL_AREA_STYLE_COLOUR('',#10097);
#10533 = STYLED_ITEM('color',(#10534),#2285);
#10534 = PRESENTATION_STYLE_ASSIGNMENT((#10535));
#10535 = SURFACE_STYLE_USAGE(.BOTH.,#10536);
#10536 = SURFACE_SIDE_STYLE('',(#10537));
#10537 = SURFACE_STYLE_FILL_AREA(#10538);
#10538 = FILL_AREA_STYLE('',(#10539));
#10539 = FILL_AREA_STYLE_COLOUR('',#10097);
#10540 = STYLED_ITEM('color',(#10541),#2309);
#10541 = PRESENTATION_STYLE_ASSIGNMENT((#10542));
#10542 = SURFACE_STYLE_USAGE(.BOTH.,#10543);
#10543 = SURFACE_SIDE_STYLE('',(#10544));
#10544 = SURFACE_STYLE_FILL_AREA(#10545);
#10545 = FILL_AREA_STYLE('',(#10546));
#10546 = FILL_AREA_STYLE_COLOUR('',#10097);
#10547 = STYLED_ITEM('color',(#10548),#2333);
#10548 = PRESENTATION_STYLE_ASSIGNMENT((#10549));
#10549 = SURFACE_STYLE_USAGE(.BOTH.,#10550);
#10550 = SURFACE_SIDE_STYLE('',(#10551));
#10551 = SURFACE_STYLE_FILL_AREA(#10552);
#10552 = FILL_AREA_STYLE('',(#10553));
#10553 = FILL_AREA_STYLE_COLOUR('',#10097);
#10554 = STYLED_ITEM('color',(#10555),#2350);
#10555 = PRESENTATION_STYLE_ASSIGNMENT((#10556));
#10556 = SURFACE_STYLE_USAGE(.BOTH.,#10557);
#10557 = SURFACE_SIDE_STYLE('',(#10558));
#10558 = SURFACE_STYLE_FILL_AREA(#10559);
#10559 = FILL_AREA_STYLE('',(#10560));
#10560 = FILL_AREA_STYLE_COLOUR('',#10097);
#10561 = STYLED_ITEM('color',(#10562),#2381);
#10562 = PRESENTATION_STYLE_ASSIGNMENT((#10563));
#10563 = SURFACE_STYLE_USAGE(.BOTH.,#10564);
#10564 = SURFACE_SIDE_STYLE('',(#10565));
#10565 = SURFACE_STYLE_FILL_AREA(#10566);
#10566 = FILL_AREA_STYLE('',(#10567));
#10567 = FILL_AREA_STYLE_COLOUR('',#10097);
#10568 = STYLED_ITEM('color',(#10569),#2405);
#10569 = PRESENTATION_STYLE_ASSIGNMENT((#10570));
#10570 = SURFACE_STYLE_USAGE(.BOTH.,#10571);
#10571 = SURFACE_SIDE_STYLE('',(#10572));
#10572 = SURFACE_STYLE_FILL_AREA(#10573);
#10573 = FILL_AREA_STYLE('',(#10574));
#10574 = FILL_AREA_STYLE_COLOUR('',#10097);
#10575 = STYLED_ITEM('color',(#10576),#2429);
#10576 = PRESENTATION_STYLE_ASSIGNMENT((#10577));
#10577 = SURFACE_STYLE_USAGE(.BOTH.,#10578);
#10578 = SURFACE_SIDE_STYLE('',(#10579));
#10579 = SURFACE_STYLE_FILL_AREA(#10580);
#10580 = FILL_AREA_STYLE('',(#10581));
#10581 = FILL_AREA_STYLE_COLOUR('',#10097);
#10582 = STYLED_ITEM('color',(#10583),#2446);
#10583 = PRESENTATION_STYLE_ASSIGNMENT((#10584));
#10584 = SURFACE_STYLE_USAGE(.BOTH.,#10585);
#10585 = SURFACE_SIDE_STYLE('',(#10586));
#10586 = SURFACE_STYLE_FILL_AREA(#10587);
#10587 = FILL_AREA_STYLE('',(#10588));
#10588 = FILL_AREA_STYLE_COLOUR('',#10308);
#10589 = STYLED_ITEM('color',(#10590),#2463);
#10590 = PRESENTATION_STYLE_ASSIGNMENT((#10591));
#10591 = SURFACE_STYLE_USAGE(.BOTH.,#10592);
#10592 = SURFACE_SIDE_STYLE('',(#10593));
#10593 = SURFACE_STYLE_FILL_AREA(#10594);
#10594 = FILL_AREA_STYLE('',(#10595));
#10595 = FILL_AREA_STYLE_COLOUR('',#10308);
#10596 = STYLED_ITEM('color',(#10597),#2480);
#10597 = PRESENTATION_STYLE_ASSIGNMENT((#10598));
#10598 = SURFACE_STYLE_USAGE(.BOTH.,#10599);
#10599 = SURFACE_SIDE_STYLE('',(#10600));
#10600 = SURFACE_STYLE_FILL_AREA(#10601);
#10601 = FILL_AREA_STYLE('',(#10602));
#10602 = FILL_AREA_STYLE_COLOUR('',#10308);
#10603 = STYLED_ITEM('color',(#10604),#2497);
#10604 = PRESENTATION_STYLE_ASSIGNMENT((#10605));
#10605 = SURFACE_STYLE_USAGE(.BOTH.,#10606);
#10606 = SURFACE_SIDE_STYLE('',(#10607));
#10607 = SURFACE_STYLE_FILL_AREA(#10608);
#10608 = FILL_AREA_STYLE('',(#10609));
#10609 = FILL_AREA_STYLE_COLOUR('',#10308);
#10610 = STYLED_ITEM('color',(#10611),#2514);
#10611 = PRESENTATION_STYLE_ASSIGNMENT((#10612));
#10612 = SURFACE_STYLE_USAGE(.BOTH.,#10613);
#10613 = SURFACE_SIDE_STYLE('',(#10614));
#10614 = SURFACE_STYLE_FILL_AREA(#10615);
#10615 = FILL_AREA_STYLE('',(#10616));
#10616 = FILL_AREA_STYLE_COLOUR('',#10308);
#10617 = STYLED_ITEM('color',(#10618),#2526);
#10618 = PRESENTATION_STYLE_ASSIGNMENT((#10619));
#10619 = SURFACE_STYLE_USAGE(.BOTH.,#10620);
#10620 = SURFACE_SIDE_STYLE('',(#10621));
#10621 = SURFACE_STYLE_FILL_AREA(#10622);
#10622 = FILL_AREA_STYLE('',(#10623));
#10623 = FILL_AREA_STYLE_COLOUR('',#10308);
#10624 = STYLED_ITEM('color',(#10625),#2543);
#10625 = PRESENTATION_STYLE_ASSIGNMENT((#10626));
#10626 = SURFACE_STYLE_USAGE(.BOTH.,#10627);
#10627 = SURFACE_SIDE_STYLE('',(#10628));
#10628 = SURFACE_STYLE_FILL_AREA(#10629);
#10629 = FILL_AREA_STYLE('',(#10630));
#10630 = FILL_AREA_STYLE_COLOUR('',#10308);
#10631 = STYLED_ITEM('color',(#10632),#2560);
#10632 = PRESENTATION_STYLE_ASSIGNMENT((#10633));
#10633 = SURFACE_STYLE_USAGE(.BOTH.,#10634);
#10634 = SURFACE_SIDE_STYLE('',(#10635));
#10635 = SURFACE_STYLE_FILL_AREA(#10636);
#10636 = FILL_AREA_STYLE('',(#10637));
#10637 = FILL_AREA_STYLE_COLOUR('',#10308);
#10638 = STYLED_ITEM('color',(#10639),#2577);
#10639 = PRESENTATION_STYLE_ASSIGNMENT((#10640));
#10640 = SURFACE_STYLE_USAGE(.BOTH.,#10641);
#10641 = SURFACE_SIDE_STYLE('',(#10642));
#10642 = SURFACE_STYLE_FILL_AREA(#10643);
#10643 = FILL_AREA_STYLE('',(#10644));
#10644 = FILL_AREA_STYLE_COLOUR('',#10308);
#10645 = STYLED_ITEM('color',(#10646),#2594);
#10646 = PRESENTATION_STYLE_ASSIGNMENT((#10647));
#10647 = SURFACE_STYLE_USAGE(.BOTH.,#10648);
#10648 = SURFACE_SIDE_STYLE('',(#10649));
#10649 = SURFACE_STYLE_FILL_AREA(#10650);
#10650 = FILL_AREA_STYLE('',(#10651));
#10651 = FILL_AREA_STYLE_COLOUR('',#10308);
#10652 = STYLED_ITEM('color',(#10653),#2606);
#10653 = PRESENTATION_STYLE_ASSIGNMENT((#10654));
#10654 = SURFACE_STYLE_USAGE(.BOTH.,#10655);
#10655 = SURFACE_SIDE_STYLE('',(#10656));
#10656 = SURFACE_STYLE_FILL_AREA(#10657);
#10657 = FILL_AREA_STYLE('',(#10658));
#10658 = FILL_AREA_STYLE_COLOUR('',#10308);
#10659 = STYLED_ITEM('color',(#10660),#2623);
#10660 = PRESENTATION_STYLE_ASSIGNMENT((#10661));
#10661 = SURFACE_STYLE_USAGE(.BOTH.,#10662);
#10662 = SURFACE_SIDE_STYLE('',(#10663));
#10663 = SURFACE_STYLE_FILL_AREA(#10664);
#10664 = FILL_AREA_STYLE('',(#10665));
#10665 = FILL_AREA_STYLE_COLOUR('',#10308);
#10666 = STYLED_ITEM('color',(#10667),#2640);
#10667 = PRESENTATION_STYLE_ASSIGNMENT((#10668));
#10668 = SURFACE_STYLE_USAGE(.BOTH.,#10669);
#10669 = SURFACE_SIDE_STYLE('',(#10670));
#10670 = SURFACE_STYLE_FILL_AREA(#10671);
#10671 = FILL_AREA_STYLE('',(#10672));
#10672 = FILL_AREA_STYLE_COLOUR('',#10308);
#10673 = STYLED_ITEM('color',(#10674),#2657);
#10674 = PRESENTATION_STYLE_ASSIGNMENT((#10675));
#10675 = SURFACE_STYLE_USAGE(.BOTH.,#10676);
#10676 = SURFACE_SIDE_STYLE('',(#10677));
#10677 = SURFACE_STYLE_FILL_AREA(#10678);
#10678 = FILL_AREA_STYLE('',(#10679));
#10679 = FILL_AREA_STYLE_COLOUR('',#10308);
#10680 = STYLED_ITEM('color',(#10681),#2674);
#10681 = PRESENTATION_STYLE_ASSIGNMENT((#10682));
#10682 = SURFACE_STYLE_USAGE(.BOTH.,#10683);
#10683 = SURFACE_SIDE_STYLE('',(#10684));
#10684 = SURFACE_STYLE_FILL_AREA(#10685);
#10685 = FILL_AREA_STYLE('',(#10686));
#10686 = FILL_AREA_STYLE_COLOUR('',#10308);
#10687 = STYLED_ITEM('color',(#10688),#2686);
#10688 = PRESENTATION_STYLE_ASSIGNMENT((#10689));
#10689 = SURFACE_STYLE_USAGE(.BOTH.,#10690);
#10690 = SURFACE_SIDE_STYLE('',(#10691));
#10691 = SURFACE_STYLE_FILL_AREA(#10692);
#10692 = FILL_AREA_STYLE('',(#10693));
#10693 = FILL_AREA_STYLE_COLOUR('',#10308);
#10694 = STYLED_ITEM('color',(#10695),#2703);
#10695 = PRESENTATION_STYLE_ASSIGNMENT((#10696));
#10696 = SURFACE_STYLE_USAGE(.BOTH.,#10697);
#10697 = SURFACE_SIDE_STYLE('',(#10698));
#10698 = SURFACE_STYLE_FILL_AREA(#10699);
#10699 = FILL_AREA_STYLE('',(#10700));
#10700 = FILL_AREA_STYLE_COLOUR('',#10308);
#10701 = STYLED_ITEM('color',(#10702),#2720);
#10702 = PRESENTATION_STYLE_ASSIGNMENT((#10703));
#10703 = SURFACE_STYLE_USAGE(.BOTH.,#10704);
#10704 = SURFACE_SIDE_STYLE('',(#10705));
#10705 = SURFACE_STYLE_FILL_AREA(#10706);
#10706 = FILL_AREA_STYLE('',(#10707));
#10707 = FILL_AREA_STYLE_COLOUR('',#10308);
#10708 = STYLED_ITEM('color',(#10709),#2737);
#10709 = PRESENTATION_STYLE_ASSIGNMENT((#10710));
#10710 = SURFACE_STYLE_USAGE(.BOTH.,#10711);
#10711 = SURFACE_SIDE_STYLE('',(#10712));
#10712 = SURFACE_STYLE_FILL_AREA(#10713);
#10713 = FILL_AREA_STYLE('',(#10714));
#10714 = FILL_AREA_STYLE_COLOUR('',#10308);
#10715 = STYLED_ITEM('color',(#10716),#2754);
#10716 = PRESENTATION_STYLE_ASSIGNMENT((#10717));
#10717 = SURFACE_STYLE_USAGE(.BOTH.,#10718);
#10718 = SURFACE_SIDE_STYLE('',(#10719));
#10719 = SURFACE_STYLE_FILL_AREA(#10720);
#10720 = FILL_AREA_STYLE('',(#10721));
#10721 = FILL_AREA_STYLE_COLOUR('',#10308);
#10722 = STYLED_ITEM('color',(#10723),#2766);
#10723 = PRESENTATION_STYLE_ASSIGNMENT((#10724));
#10724 = SURFACE_STYLE_USAGE(.BOTH.,#10725);
#10725 = SURFACE_SIDE_STYLE('',(#10726));
#10726 = SURFACE_STYLE_FILL_AREA(#10727);
#10727 = FILL_AREA_STYLE('',(#10728));
#10728 = FILL_AREA_STYLE_COLOUR('',#10308);
#10729 = STYLED_ITEM('color',(#10730),#2783);
#10730 = PRESENTATION_STYLE_ASSIGNMENT((#10731));
#10731 = SURFACE_STYLE_USAGE(.BOTH.,#10732);
#10732 = SURFACE_SIDE_STYLE('',(#10733));
#10733 = SURFACE_STYLE_FILL_AREA(#10734);
#10734 = FILL_AREA_STYLE('',(#10735));
#10735 = FILL_AREA_STYLE_COLOUR('',#10308);
#10736 = STYLED_ITEM('color',(#10737),#2800);
#10737 = PRESENTATION_STYLE_ASSIGNMENT((#10738));
#10738 = SURFACE_STYLE_USAGE(.BOTH.,#10739);
#10739 = SURFACE_SIDE_STYLE('',(#10740));
#10740 = SURFACE_STYLE_FILL_AREA(#10741);
#10741 = FILL_AREA_STYLE('',(#10742));
#10742 = FILL_AREA_STYLE_COLOUR('',#10308);
#10743 = STYLED_ITEM('color',(#10744),#2817);
#10744 = PRESENTATION_STYLE_ASSIGNMENT((#10745));
#10745 = SURFACE_STYLE_USAGE(.BOTH.,#10746);
#10746 = SURFACE_SIDE_STYLE('',(#10747));
#10747 = SURFACE_STYLE_FILL_AREA(#10748);
#10748 = FILL_AREA_STYLE('',(#10749));
#10749 = FILL_AREA_STYLE_COLOUR('',#10308);
#10750 = STYLED_ITEM('color',(#10751),#2834);
#10751 = PRESENTATION_STYLE_ASSIGNMENT((#10752));
#10752 = SURFACE_STYLE_USAGE(.BOTH.,#10753);
#10753 = SURFACE_SIDE_STYLE('',(#10754));
#10754 = SURFACE_STYLE_FILL_AREA(#10755);
#10755 = FILL_AREA_STYLE('',(#10756));
#10756 = FILL_AREA_STYLE_COLOUR('',#10308);
#10757 = STYLED_ITEM('color',(#10758),#2846);
#10758 = PRESENTATION_STYLE_ASSIGNMENT((#10759));
#10759 = SURFACE_STYLE_USAGE(.BOTH.,#10760);
#10760 = SURFACE_SIDE_STYLE('',(#10761));
#10761 = SURFACE_STYLE_FILL_AREA(#10762);
#10762 = FILL_AREA_STYLE('',(#10763));
#10763 = FILL_AREA_STYLE_COLOUR('',#10097);
#10764 = STYLED_ITEM('color',(#10765),#2892);
#10765 = PRESENTATION_STYLE_ASSIGNMENT((#10766));
#10766 = SURFACE_STYLE_USAGE(.BOTH.,#10767);
#10767 = SURFACE_SIDE_STYLE('',(#10768));
#10768 = SURFACE_STYLE_FILL_AREA(#10769);
#10769 = FILL_AREA_STYLE('',(#10770));
#10770 = FILL_AREA_STYLE_COLOUR('',#10097);
#10771 = STYLED_ITEM('color',(#10772),#2938);
#10772 = PRESENTATION_STYLE_ASSIGNMENT((#10773));
#10773 = SURFACE_STYLE_USAGE(.BOTH.,#10774);
#10774 = SURFACE_SIDE_STYLE('',(#10775));
#10775 = SURFACE_STYLE_FILL_AREA(#10776);
#10776 = FILL_AREA_STYLE('',(#10777));
#10777 = FILL_AREA_STYLE_COLOUR('',#10097);
#10778 = STYLED_ITEM('color',(#10779),#2984);
#10779 = PRESENTATION_STYLE_ASSIGNMENT((#10780));
#10780 = SURFACE_STYLE_USAGE(.BOTH.,#10781);
#10781 = SURFACE_SIDE_STYLE('',(#10782));
#10782 = SURFACE_STYLE_FILL_AREA(#10783);
#10783 = FILL_AREA_STYLE('',(#10784));
#10784 = FILL_AREA_STYLE_COLOUR('',#10097);
#10785 = STYLED_ITEM('color',(#10786),#3030);
#10786 = PRESENTATION_STYLE_ASSIGNMENT((#10787));
#10787 = SURFACE_STYLE_USAGE(.BOTH.,#10788);
#10788 = SURFACE_SIDE_STYLE('',(#10789));
#10789 = SURFACE_STYLE_FILL_AREA(#10790);
#10790 = FILL_AREA_STYLE('',(#10791));
#10791 = FILL_AREA_STYLE_COLOUR('',#10097);
#10792 = STYLED_ITEM('color',(#10793),#3076);
#10793 = PRESENTATION_STYLE_ASSIGNMENT((#10794));
#10794 = SURFACE_STYLE_USAGE(.BOTH.,#10795);
#10795 = SURFACE_SIDE_STYLE('',(#10796));
#10796 = SURFACE_STYLE_FILL_AREA(#10797);
#10797 = FILL_AREA_STYLE('',(#10798));
#10798 = FILL_AREA_STYLE_COLOUR('',#10097);
#10799 = STYLED_ITEM('color',(#10800),#3139);
#10800 = PRESENTATION_STYLE_ASSIGNMENT((#10801));
#10801 = SURFACE_STYLE_USAGE(.BOTH.,#10802);
#10802 = SURFACE_SIDE_STYLE('',(#10803));
#10803 = SURFACE_STYLE_FILL_AREA(#10804);
#10804 = FILL_AREA_STYLE('',(#10805));
#10805 = FILL_AREA_STYLE_COLOUR('',#10097);
#10806 = STYLED_ITEM('color',(#10807),#3163);
#10807 = PRESENTATION_STYLE_ASSIGNMENT((#10808));
#10808 = SURFACE_STYLE_USAGE(.BOTH.,#10809);
#10809 = SURFACE_SIDE_STYLE('',(#10810));
#10810 = SURFACE_STYLE_FILL_AREA(#10811);
#10811 = FILL_AREA_STYLE('',(#10812));
#10812 = FILL_AREA_STYLE_COLOUR('',#10097);
#10813 = STYLED_ITEM('color',(#10814),#3219);
#10814 = PRESENTATION_STYLE_ASSIGNMENT((#10815));
#10815 = SURFACE_STYLE_USAGE(.BOTH.,#10816);
#10816 = SURFACE_SIDE_STYLE('',(#10817));
#10817 = SURFACE_STYLE_FILL_AREA(#10818);
#10818 = FILL_AREA_STYLE('',(#10819));
#10819 = FILL_AREA_STYLE_COLOUR('',#10097);
#10820 = STYLED_ITEM('color',(#10821),#3236);
#10821 = PRESENTATION_STYLE_ASSIGNMENT((#10822));
#10822 = SURFACE_STYLE_USAGE(.BOTH.,#10823);
#10823 = SURFACE_SIDE_STYLE('',(#10824));
#10824 = SURFACE_STYLE_FILL_AREA(#10825);
#10825 = FILL_AREA_STYLE('',(#10826));
#10826 = FILL_AREA_STYLE_COLOUR('',#10097);
#10827 = STYLED_ITEM('color',(#10828),#3299);
#10828 = PRESENTATION_STYLE_ASSIGNMENT((#10829));
#10829 = SURFACE_STYLE_USAGE(.BOTH.,#10830);
#10830 = SURFACE_SIDE_STYLE('',(#10831));
#10831 = SURFACE_STYLE_FILL_AREA(#10832);
#10832 = FILL_AREA_STYLE('',(#10833));
#10833 = FILL_AREA_STYLE_COLOUR('',#10097);
#10834 = STYLED_ITEM('color',(#10835),#3323);
#10835 = PRESENTATION_STYLE_ASSIGNMENT((#10836));
#10836 = SURFACE_STYLE_USAGE(.BOTH.,#10837);
#10837 = SURFACE_SIDE_STYLE('',(#10838));
#10838 = SURFACE_STYLE_FILL_AREA(#10839);
#10839 = FILL_AREA_STYLE('',(#10840));
#10840 = FILL_AREA_STYLE_COLOUR('',#10097);
#10841 = STYLED_ITEM('color',(#10842),#3379);
#10842 = PRESENTATION_STYLE_ASSIGNMENT((#10843));
#10843 = SURFACE_STYLE_USAGE(.BOTH.,#10844);
#10844 = SURFACE_SIDE_STYLE('',(#10845));
#10845 = SURFACE_STYLE_FILL_AREA(#10846);
#10846 = FILL_AREA_STYLE('',(#10847));
#10847 = FILL_AREA_STYLE_COLOUR('',#10097);
#10848 = STYLED_ITEM('color',(#10849),#3396);
#10849 = PRESENTATION_STYLE_ASSIGNMENT((#10850));
#10850 = SURFACE_STYLE_USAGE(.BOTH.,#10851);
#10851 = SURFACE_SIDE_STYLE('',(#10852));
#10852 = SURFACE_STYLE_FILL_AREA(#10853);
#10853 = FILL_AREA_STYLE('',(#10854));
#10854 = FILL_AREA_STYLE_COLOUR('',#10097);
#10855 = STYLED_ITEM('color',(#10856),#3459);
#10856 = PRESENTATION_STYLE_ASSIGNMENT((#10857));
#10857 = SURFACE_STYLE_USAGE(.BOTH.,#10858);
#10858 = SURFACE_SIDE_STYLE('',(#10859));
#10859 = SURFACE_STYLE_FILL_AREA(#10860);
#10860 = FILL_AREA_STYLE('',(#10861));
#10861 = FILL_AREA_STYLE_COLOUR('',#10097);
#10862 = STYLED_ITEM('color',(#10863),#3483);
#10863 = PRESENTATION_STYLE_ASSIGNMENT((#10864));
#10864 = SURFACE_STYLE_USAGE(.BOTH.,#10865);
#10865 = SURFACE_SIDE_STYLE('',(#10866));
#10866 = SURFACE_STYLE_FILL_AREA(#10867);
#10867 = FILL_AREA_STYLE('',(#10868));
#10868 = FILL_AREA_STYLE_COLOUR('',#10097);
#10869 = STYLED_ITEM('color',(#10870),#3539);
#10870 = PRESENTATION_STYLE_ASSIGNMENT((#10871));
#10871 = SURFACE_STYLE_USAGE(.BOTH.,#10872);
#10872 = SURFACE_SIDE_STYLE('',(#10873));
#10873 = SURFACE_STYLE_FILL_AREA(#10874);
#10874 = FILL_AREA_STYLE('',(#10875));
#10875 = FILL_AREA_STYLE_COLOUR('',#10097);
#10876 = STYLED_ITEM('color',(#10877),#3556);
#10877 = PRESENTATION_STYLE_ASSIGNMENT((#10878));
#10878 = SURFACE_STYLE_USAGE(.BOTH.,#10879);
#10879 = SURFACE_SIDE_STYLE('',(#10880));
#10880 = SURFACE_STYLE_FILL_AREA(#10881);
#10881 = FILL_AREA_STYLE('',(#10882));
#10882 = FILL_AREA_STYLE_COLOUR('',#10097);
#10883 = STYLED_ITEM('color',(#10884),#3619);
#10884 = PRESENTATION_STYLE_ASSIGNMENT((#10885));
#10885 = SURFACE_STYLE_USAGE(.BOTH.,#10886);
#10886 = SURFACE_SIDE_STYLE('',(#10887));
#10887 = SURFACE_STYLE_FILL_AREA(#10888);
#10888 = FILL_AREA_STYLE('',(#10889));
#10889 = FILL_AREA_STYLE_COLOUR('',#10097);
#10890 = STYLED_ITEM('color',(#10891),#3643);
#10891 = PRESENTATION_STYLE_ASSIGNMENT((#10892));
#10892 = SURFACE_STYLE_USAGE(.BOTH.,#10893);
#10893 = SURFACE_SIDE_STYLE('',(#10894));
#10894 = SURFACE_STYLE_FILL_AREA(#10895);
#10895 = FILL_AREA_STYLE('',(#10896));
#10896 = FILL_AREA_STYLE_COLOUR('',#10097);
#10897 = STYLED_ITEM('color',(#10898),#3699);
#10898 = PRESENTATION_STYLE_ASSIGNMENT((#10899));
#10899 = SURFACE_STYLE_USAGE(.BOTH.,#10900);
#10900 = SURFACE_SIDE_STYLE('',(#10901));
#10901 = SURFACE_STYLE_FILL_AREA(#10902);
#10902 = FILL_AREA_STYLE('',(#10903));
#10903 = FILL_AREA_STYLE_COLOUR('',#10097);
#10904 = STYLED_ITEM('color',(#10905),#3716);
#10905 = PRESENTATION_STYLE_ASSIGNMENT((#10906));
#10906 = SURFACE_STYLE_USAGE(.BOTH.,#10907);
#10907 = SURFACE_SIDE_STYLE('',(#10908));
#10908 = SURFACE_STYLE_FILL_AREA(#10909);
#10909 = FILL_AREA_STYLE('',(#10910));
#10910 = FILL_AREA_STYLE_COLOUR('',#10097);
#10911 = STYLED_ITEM('color',(#10912),#3779);
#10912 = PRESENTATION_STYLE_ASSIGNMENT((#10913));
#10913 = SURFACE_STYLE_USAGE(.BOTH.,#10914);
#10914 = SURFACE_SIDE_STYLE('',(#10915));
#10915 = SURFACE_STYLE_FILL_AREA(#10916);
#10916 = FILL_AREA_STYLE('',(#10917));
#10917 = FILL_AREA_STYLE_COLOUR('',#10097);
#10918 = STYLED_ITEM('color',(#10919),#3803);
#10919 = PRESENTATION_STYLE_ASSIGNMENT((#10920));
#10920 = SURFACE_STYLE_USAGE(.BOTH.,#10921);
#10921 = SURFACE_SIDE_STYLE('',(#10922));
#10922 = SURFACE_STYLE_FILL_AREA(#10923);
#10923 = FILL_AREA_STYLE('',(#10924));
#10924 = FILL_AREA_STYLE_COLOUR('',#10097);
#10925 = STYLED_ITEM('color',(#10926),#3859);
#10926 = PRESENTATION_STYLE_ASSIGNMENT((#10927));
#10927 = SURFACE_STYLE_USAGE(.BOTH.,#10928);
#10928 = SURFACE_SIDE_STYLE('',(#10929));
#10929 = SURFACE_STYLE_FILL_AREA(#10930);
#10930 = FILL_AREA_STYLE('',(#10931));
#10931 = FILL_AREA_STYLE_COLOUR('',#10097);
#10932 = STYLED_ITEM('color',(#10933),#3876);
#10933 = PRESENTATION_STYLE_ASSIGNMENT((#10934));
#10934 = SURFACE_STYLE_USAGE(.BOTH.,#10935);
#10935 = SURFACE_SIDE_STYLE('',(#10936));
#10936 = SURFACE_STYLE_FILL_AREA(#10937);
#10937 = FILL_AREA_STYLE('',(#10938));
#10938 = FILL_AREA_STYLE_COLOUR('',#10097);
#10939 = STYLED_ITEM('color',(#10940),#3893);
#10940 = PRESENTATION_STYLE_ASSIGNMENT((#10941));
#10941 = SURFACE_STYLE_USAGE(.BOTH.,#10942);
#10942 = SURFACE_SIDE_STYLE('',(#10943));
#10943 = SURFACE_STYLE_FILL_AREA(#10944);
#10944 = FILL_AREA_STYLE('',(#10945));
#10945 = FILL_AREA_STYLE_COLOUR('',#10308);
#10946 = STYLED_ITEM('color',(#10947),#3942);
#10947 = PRESENTATION_STYLE_ASSIGNMENT((#10948));
#10948 = SURFACE_STYLE_USAGE(.BOTH.,#10949);
#10949 = SURFACE_SIDE_STYLE('',(#10950));
#10950 = SURFACE_STYLE_FILL_AREA(#10951);
#10951 = FILL_AREA_STYLE('',(#10952));
#10952 = FILL_AREA_STYLE_COLOUR('',#10308);
#10953 = STYLED_ITEM('color',(#10954),#3966);
#10954 = PRESENTATION_STYLE_ASSIGNMENT((#10955));
#10955 = SURFACE_STYLE_USAGE(.BOTH.,#10956);
#10956 = SURFACE_SIDE_STYLE('',(#10957));
#10957 = SURFACE_STYLE_FILL_AREA(#10958);
#10958 = FILL_AREA_STYLE('',(#10959));
#10959 = FILL_AREA_STYLE_COLOUR('',#10308);
#10960 = STYLED_ITEM('color',(#10961),#4013);
#10961 = PRESENTATION_STYLE_ASSIGNMENT((#10962));
#10962 = SURFACE_STYLE_USAGE(.BOTH.,#10963);
#10963 = SURFACE_SIDE_STYLE('',(#10964));
#10964 = SURFACE_STYLE_FILL_AREA(#10965);
#10965 = FILL_AREA_STYLE('',(#10966));
#10966 = FILL_AREA_STYLE_COLOUR('',#10097);
#10967 = STYLED_ITEM('color',(#10968),#4025);
#10968 = PRESENTATION_STYLE_ASSIGNMENT((#10969));
#10969 = SURFACE_STYLE_USAGE(.BOTH.,#10970);
#10970 = SURFACE_SIDE_STYLE('',(#10971));
#10971 = SURFACE_STYLE_FILL_AREA(#10972);
#10972 = FILL_AREA_STYLE('',(#10973));
#10973 = FILL_AREA_STYLE_COLOUR('',#10308);
#10974 = STYLED_ITEM('color',(#10975),#4042);
#10975 = PRESENTATION_STYLE_ASSIGNMENT((#10976));
#10976 = SURFACE_STYLE_USAGE(.BOTH.,#10977);
#10977 = SURFACE_SIDE_STYLE('',(#10978));
#10978 = SURFACE_STYLE_FILL_AREA(#10979);
#10979 = FILL_AREA_STYLE('',(#10980));
#10980 = FILL_AREA_STYLE_COLOUR('',#10097);
#10981 = STYLED_ITEM('color',(#10982),#4059);
#10982 = PRESENTATION_STYLE_ASSIGNMENT((#10983));
#10983 = SURFACE_STYLE_USAGE(.BOTH.,#10984);
#10984 = SURFACE_SIDE_STYLE('',(#10985));
#10985 = SURFACE_STYLE_FILL_AREA(#10986);
#10986 = FILL_AREA_STYLE('',(#10987));
#10987 = FILL_AREA_STYLE_COLOUR('',#10308);
#10988 = STYLED_ITEM('color',(#10989),#4108);
#10989 = PRESENTATION_STYLE_ASSIGNMENT((#10990));
#10990 = SURFACE_STYLE_USAGE(.BOTH.,#10991);
#10991 = SURFACE_SIDE_STYLE('',(#10992));
#10992 = SURFACE_STYLE_FILL_AREA(#10993);
#10993 = FILL_AREA_STYLE('',(#10994));
#10994 = FILL_AREA_STYLE_COLOUR('',#10308);
#10995 = STYLED_ITEM('color',(#10996),#4132);
#10996 = PRESENTATION_STYLE_ASSIGNMENT((#10997));
#10997 = SURFACE_STYLE_USAGE(.BOTH.,#10998);
#10998 = SURFACE_SIDE_STYLE('',(#10999));
#10999 = SURFACE_STYLE_FILL_AREA(#11000);
#11000 = FILL_AREA_STYLE('',(#11001));
#11001 = FILL_AREA_STYLE_COLOUR('',#10308);
#11002 = STYLED_ITEM('color',(#11003),#4179);
#11003 = PRESENTATION_STYLE_ASSIGNMENT((#11004));
#11004 = SURFACE_STYLE_USAGE(.BOTH.,#11005);
#11005 = SURFACE_SIDE_STYLE('',(#11006));
#11006 = SURFACE_STYLE_FILL_AREA(#11007);
#11007 = FILL_AREA_STYLE('',(#11008));
#11008 = FILL_AREA_STYLE_COLOUR('',#10097);
#11009 = STYLED_ITEM('color',(#11010),#4191);
#11010 = PRESENTATION_STYLE_ASSIGNMENT((#11011));
#11011 = SURFACE_STYLE_USAGE(.BOTH.,#11012);
#11012 = SURFACE_SIDE_STYLE('',(#11013));
#11013 = SURFACE_STYLE_FILL_AREA(#11014);
#11014 = FILL_AREA_STYLE('',(#11015));
#11015 = FILL_AREA_STYLE_COLOUR('',#10308);
#11016 = STYLED_ITEM('color',(#11017),#4208);
#11017 = PRESENTATION_STYLE_ASSIGNMENT((#11018));
#11018 = SURFACE_STYLE_USAGE(.BOTH.,#11019);
#11019 = SURFACE_SIDE_STYLE('',(#11020));
#11020 = SURFACE_STYLE_FILL_AREA(#11021);
#11021 = FILL_AREA_STYLE('',(#11022));
#11022 = FILL_AREA_STYLE_COLOUR('',#10097);
#11023 = STYLED_ITEM('color',(#11024),#4225);
#11024 = PRESENTATION_STYLE_ASSIGNMENT((#11025));
#11025 = SURFACE_STYLE_USAGE(.BOTH.,#11026);
#11026 = SURFACE_SIDE_STYLE('',(#11027));
#11027 = SURFACE_STYLE_FILL_AREA(#11028);
#11028 = FILL_AREA_STYLE('',(#11029));
#11029 = FILL_AREA_STYLE_COLOUR('',#10308);
#11030 = STYLED_ITEM('color',(#11031),#4274);
#11031 = PRESENTATION_STYLE_ASSIGNMENT((#11032));
#11032 = SURFACE_STYLE_USAGE(.BOTH.,#11033);
#11033 = SURFACE_SIDE_STYLE('',(#11034));
#11034 = SURFACE_STYLE_FILL_AREA(#11035);
#11035 = FILL_AREA_STYLE('',(#11036));
#11036 = FILL_AREA_STYLE_COLOUR('',#10308);
#11037 = STYLED_ITEM('color',(#11038),#4298);
#11038 = PRESENTATION_STYLE_ASSIGNMENT((#11039));
#11039 = SURFACE_STYLE_USAGE(.BOTH.,#11040);
#11040 = SURFACE_SIDE_STYLE('',(#11041));
#11041 = SURFACE_STYLE_FILL_AREA(#11042);
#11042 = FILL_AREA_STYLE('',(#11043));
#11043 = FILL_AREA_STYLE_COLOUR('',#10308);
#11044 = STYLED_ITEM('color',(#11045),#4345);
#11045 = PRESENTATION_STYLE_ASSIGNMENT((#11046));
#11046 = SURFACE_STYLE_USAGE(.BOTH.,#11047);
#11047 = SURFACE_SIDE_STYLE('',(#11048));
#11048 = SURFACE_STYLE_FILL_AREA(#11049);
#11049 = FILL_AREA_STYLE('',(#11050));
#11050 = FILL_AREA_STYLE_COLOUR('',#10097);
#11051 = STYLED_ITEM('color',(#11052),#4357);
#11052 = PRESENTATION_STYLE_ASSIGNMENT((#11053));
#11053 = SURFACE_STYLE_USAGE(.BOTH.,#11054);
#11054 = SURFACE_SIDE_STYLE('',(#11055));
#11055 = SURFACE_STYLE_FILL_AREA(#11056);
#11056 = FILL_AREA_STYLE('',(#11057));
#11057 = FILL_AREA_STYLE_COLOUR('',#10308);
#11058 = STYLED_ITEM('color',(#11059),#4374);
#11059 = PRESENTATION_STYLE_ASSIGNMENT((#11060));
#11060 = SURFACE_STYLE_USAGE(.BOTH.,#11061);
#11061 = SURFACE_SIDE_STYLE('',(#11062));
#11062 = SURFACE_STYLE_FILL_AREA(#11063);
#11063 = FILL_AREA_STYLE('',(#11064));
#11064 = FILL_AREA_STYLE_COLOUR('',#10097);
#11065 = STYLED_ITEM('color',(#11066),#4391);
#11066 = PRESENTATION_STYLE_ASSIGNMENT((#11067));
#11067 = SURFACE_STYLE_USAGE(.BOTH.,#11068);
#11068 = SURFACE_SIDE_STYLE('',(#11069));
#11069 = SURFACE_STYLE_FILL_AREA(#11070);
#11070 = FILL_AREA_STYLE('',(#11071));
#11071 = FILL_AREA_STYLE_COLOUR('',#10308);
#11072 = STYLED_ITEM('color',(#11073),#4440);
#11073 = PRESENTATION_STYLE_ASSIGNMENT((#11074));
#11074 = SURFACE_STYLE_USAGE(.BOTH.,#11075);
#11075 = SURFACE_SIDE_STYLE('',(#11076));
#11076 = SURFACE_STYLE_FILL_AREA(#11077);
#11077 = FILL_AREA_STYLE('',(#11078));
#11078 = FILL_AREA_STYLE_COLOUR('',#10308);
#11079 = STYLED_ITEM('color',(#11080),#4464);
#11080 = PRESENTATION_STYLE_ASSIGNMENT((#11081));
#11081 = SURFACE_STYLE_USAGE(.BOTH.,#11082);
#11082 = SURFACE_SIDE_STYLE('',(#11083));
#11083 = SURFACE_STYLE_FILL_AREA(#11084);
#11084 = FILL_AREA_STYLE('',(#11085));
#11085 = FILL_AREA_STYLE_COLOUR('',#10308);
#11086 = STYLED_ITEM('color',(#11087),#4511);
#11087 = PRESENTATION_STYLE_ASSIGNMENT((#11088));
#11088 = SURFACE_STYLE_USAGE(.BOTH.,#11089);
#11089 = SURFACE_SIDE_STYLE('',(#11090));
#11090 = SURFACE_STYLE_FILL_AREA(#11091);
#11091 = FILL_AREA_STYLE('',(#11092));
#11092 = FILL_AREA_STYLE_COLOUR('',#10097);
#11093 = STYLED_ITEM('color',(#11094),#4523);
#11094 = PRESENTATION_STYLE_ASSIGNMENT((#11095));
#11095 = SURFACE_STYLE_USAGE(.BOTH.,#11096);
#11096 = SURFACE_SIDE_STYLE('',(#11097));
#11097 = SURFACE_STYLE_FILL_AREA(#11098);
#11098 = FILL_AREA_STYLE('',(#11099));
#11099 = FILL_AREA_STYLE_COLOUR('',#10308);
#11100 = STYLED_ITEM('color',(#11101),#4540);
#11101 = PRESENTATION_STYLE_ASSIGNMENT((#11102));
#11102 = SURFACE_STYLE_USAGE(.BOTH.,#11103);
#11103 = SURFACE_SIDE_STYLE('',(#11104));
#11104 = SURFACE_STYLE_FILL_AREA(#11105);
#11105 = FILL_AREA_STYLE('',(#11106));
#11106 = FILL_AREA_STYLE_COLOUR('',#10097);
#11107 = STYLED_ITEM('color',(#11108),#4557);
#11108 = PRESENTATION_STYLE_ASSIGNMENT((#11109));
#11109 = SURFACE_STYLE_USAGE(.BOTH.,#11110);
#11110 = SURFACE_SIDE_STYLE('',(#11111));
#11111 = SURFACE_STYLE_FILL_AREA(#11112);
#11112 = FILL_AREA_STYLE('',(#11113));
#11113 = FILL_AREA_STYLE_COLOUR('',#10308);
#11114 = STYLED_ITEM('color',(#11115),#4606);
#11115 = PRESENTATION_STYLE_ASSIGNMENT((#11116));
#11116 = SURFACE_STYLE_USAGE(.BOTH.,#11117);
#11117 = SURFACE_SIDE_STYLE('',(#11118));
#11118 = SURFACE_STYLE_FILL_AREA(#11119);
#11119 = FILL_AREA_STYLE('',(#11120));
#11120 = FILL_AREA_STYLE_COLOUR('',#10308);
#11121 = STYLED_ITEM('color',(#11122),#4630);
#11122 = PRESENTATION_STYLE_ASSIGNMENT((#11123));
#11123 = SURFACE_STYLE_USAGE(.BOTH.,#11124);
#11124 = SURFACE_SIDE_STYLE('',(#11125));
#11125 = SURFACE_STYLE_FILL_AREA(#11126);
#11126 = FILL_AREA_STYLE('',(#11127));
#11127 = FILL_AREA_STYLE_COLOUR('',#10308);
#11128 = STYLED_ITEM('color',(#11129),#4677);
#11129 = PRESENTATION_STYLE_ASSIGNMENT((#11130));
#11130 = SURFACE_STYLE_USAGE(.BOTH.,#11131);
#11131 = SURFACE_SIDE_STYLE('',(#11132));
#11132 = SURFACE_STYLE_FILL_AREA(#11133);
#11133 = FILL_AREA_STYLE('',(#11134));
#11134 = FILL_AREA_STYLE_COLOUR('',#10097);
#11135 = STYLED_ITEM('color',(#11136),#4689);
#11136 = PRESENTATION_STYLE_ASSIGNMENT((#11137));
#11137 = SURFACE_STYLE_USAGE(.BOTH.,#11138);
#11138 = SURFACE_SIDE_STYLE('',(#11139));
#11139 = SURFACE_STYLE_FILL_AREA(#11140);
#11140 = FILL_AREA_STYLE('',(#11141));
#11141 = FILL_AREA_STYLE_COLOUR('',#10308);
#11142 = STYLED_ITEM('color',(#11143),#4706);
#11143 = PRESENTATION_STYLE_ASSIGNMENT((#11144));
#11144 = SURFACE_STYLE_USAGE(.BOTH.,#11145);
#11145 = SURFACE_SIDE_STYLE('',(#11146));
#11146 = SURFACE_STYLE_FILL_AREA(#11147);
#11147 = FILL_AREA_STYLE('',(#11148));
#11148 = FILL_AREA_STYLE_COLOUR('',#10308);
#11149 = STYLED_ITEM('color',(#11150),#4723);
#11150 = PRESENTATION_STYLE_ASSIGNMENT((#11151));
#11151 = SURFACE_STYLE_USAGE(.BOTH.,#11152);
#11152 = SURFACE_SIDE_STYLE('',(#11153));
#11153 = SURFACE_STYLE_FILL_AREA(#11154);
#11154 = FILL_AREA_STYLE('',(#11155));
#11155 = FILL_AREA_STYLE_COLOUR('',#10308);
#11156 = STYLED_ITEM('color',(#11157),#4740);
#11157 = PRESENTATION_STYLE_ASSIGNMENT((#11158));
#11158 = SURFACE_STYLE_USAGE(.BOTH.,#11159);
#11159 = SURFACE_SIDE_STYLE('',(#11160));
#11160 = SURFACE_STYLE_FILL_AREA(#11161);
#11161 = FILL_AREA_STYLE('',(#11162));
#11162 = FILL_AREA_STYLE_COLOUR('',#10308);
#11163 = STYLED_ITEM('color',(#11164),#4752);
#11164 = PRESENTATION_STYLE_ASSIGNMENT((#11165));
#11165 = SURFACE_STYLE_USAGE(.BOTH.,#11166);
#11166 = SURFACE_SIDE_STYLE('',(#11167));
#11167 = SURFACE_STYLE_FILL_AREA(#11168);
#11168 = FILL_AREA_STYLE('',(#11169));
#11169 = FILL_AREA_STYLE_COLOUR('',#10308);
#11170 = STYLED_ITEM('color',(#11171),#4769);
#11171 = PRESENTATION_STYLE_ASSIGNMENT((#11172));
#11172 = SURFACE_STYLE_USAGE(.BOTH.,#11173);
#11173 = SURFACE_SIDE_STYLE('',(#11174));
#11174 = SURFACE_STYLE_FILL_AREA(#11175);
#11175 = FILL_AREA_STYLE('',(#11176));
#11176 = FILL_AREA_STYLE_COLOUR('',#10308);
#11177 = STYLED_ITEM('color',(#11178),#4786);
#11178 = PRESENTATION_STYLE_ASSIGNMENT((#11179));
#11179 = SURFACE_STYLE_USAGE(.BOTH.,#11180);
#11180 = SURFACE_SIDE_STYLE('',(#11181));
#11181 = SURFACE_STYLE_FILL_AREA(#11182);
#11182 = FILL_AREA_STYLE('',(#11183));
#11183 = FILL_AREA_STYLE_COLOUR('',#10308);
#11184 = STYLED_ITEM('color',(#11185),#4798);
#11185 = PRESENTATION_STYLE_ASSIGNMENT((#11186));
#11186 = SURFACE_STYLE_USAGE(.BOTH.,#11187);
#11187 = SURFACE_SIDE_STYLE('',(#11188));
#11188 = SURFACE_STYLE_FILL_AREA(#11189);
#11189 = FILL_AREA_STYLE('',(#11190));
#11190 = FILL_AREA_STYLE_COLOUR('',#10308);
#11191 = STYLED_ITEM('color',(#11192),#4815);
#11192 = PRESENTATION_STYLE_ASSIGNMENT((#11193));
#11193 = SURFACE_STYLE_USAGE(.BOTH.,#11194);
#11194 = SURFACE_SIDE_STYLE('',(#11195));
#11195 = SURFACE_STYLE_FILL_AREA(#11196);
#11196 = FILL_AREA_STYLE('',(#11197));
#11197 = FILL_AREA_STYLE_COLOUR('',#10308);
#11198 = STYLED_ITEM('color',(#11199),#4832);
#11199 = PRESENTATION_STYLE_ASSIGNMENT((#11200));
#11200 = SURFACE_STYLE_USAGE(.BOTH.,#11201);
#11201 = SURFACE_SIDE_STYLE('',(#11202));
#11202 = SURFACE_STYLE_FILL_AREA(#11203);
#11203 = FILL_AREA_STYLE('',(#11204));
#11204 = FILL_AREA_STYLE_COLOUR('',#10308);
#11205 = STYLED_ITEM('color',(#11206),#4844);
#11206 = PRESENTATION_STYLE_ASSIGNMENT((#11207));
#11207 = SURFACE_STYLE_USAGE(.BOTH.,#11208);
#11208 = SURFACE_SIDE_STYLE('',(#11209));
#11209 = SURFACE_STYLE_FILL_AREA(#11210);
#11210 = FILL_AREA_STYLE('',(#11211));
#11211 = FILL_AREA_STYLE_COLOUR('',#10308);
#11212 = STYLED_ITEM('color',(#11213),#4861);
#11213 = PRESENTATION_STYLE_ASSIGNMENT((#11214));
#11214 = SURFACE_STYLE_USAGE(.BOTH.,#11215);
#11215 = SURFACE_SIDE_STYLE('',(#11216));
#11216 = SURFACE_STYLE_FILL_AREA(#11217);
#11217 = FILL_AREA_STYLE('',(#11218));
#11218 = FILL_AREA_STYLE_COLOUR('',#10308);
#11219 = STYLED_ITEM('color',(#11220),#4878);
#11220 = PRESENTATION_STYLE_ASSIGNMENT((#11221));
#11221 = SURFACE_STYLE_USAGE(.BOTH.,#11222);
#11222 = SURFACE_SIDE_STYLE('',(#11223));
#11223 = SURFACE_STYLE_FILL_AREA(#11224);
#11224 = FILL_AREA_STYLE('',(#11225));
#11225 = FILL_AREA_STYLE_COLOUR('',#10308);
#11226 = STYLED_ITEM('color',(#11227),#4890);
#11227 = PRESENTATION_STYLE_ASSIGNMENT((#11228));
#11228 = SURFACE_STYLE_USAGE(.BOTH.,#11229);
#11229 = SURFACE_SIDE_STYLE('',(#11230));
#11230 = SURFACE_STYLE_FILL_AREA(#11231);
#11231 = FILL_AREA_STYLE('',(#11232));
#11232 = FILL_AREA_STYLE_COLOUR('',#10308);
#11233 = STYLED_ITEM('color',(#11234),#4907);
#11234 = PRESENTATION_STYLE_ASSIGNMENT((#11235));
#11235 = SURFACE_STYLE_USAGE(.BOTH.,#11236);
#11236 = SURFACE_SIDE_STYLE('',(#11237));
#11237 = SURFACE_STYLE_FILL_AREA(#11238);
#11238 = FILL_AREA_STYLE('',(#11239));
#11239 = FILL_AREA_STYLE_COLOUR('',#10308);
#11240 = STYLED_ITEM('color',(#11241),#4924);
#11241 = PRESENTATION_STYLE_ASSIGNMENT((#11242));
#11242 = SURFACE_STYLE_USAGE(.BOTH.,#11243);
#11243 = SURFACE_SIDE_STYLE('',(#11244));
#11244 = SURFACE_STYLE_FILL_AREA(#11245);
#11245 = FILL_AREA_STYLE('',(#11246));
#11246 = FILL_AREA_STYLE_COLOUR('',#10308);
#11247 = MECHANICAL_DESIGN_GEOMETRIC_PRESENTATION_REPRESENTATION('',(
    #11248),#10078);
#11248 = STYLED_ITEM('color',(#11249),#4960);
#11249 = PRESENTATION_STYLE_ASSIGNMENT((#11250));
#11250 = SURFACE_STYLE_USAGE(.BOTH.,#11251);
#11251 = SURFACE_SIDE_STYLE('',(#11252));
#11252 = SURFACE_STYLE_FILL_AREA(#11253);
#11253 = FILL_AREA_STYLE('',(#11254));
#11254 = FILL_AREA_STYLE_COLOUR('',#11255);
#11255 = COLOUR_RGB('',0.313304153717,0.484529207832,0.410020903123);
ENDSEC;
END-ISO-10303-21;
