ISO-10303-21;
HEADER;
/* Generated by software containing ST-Developer
 * from STEP Tools, Inc. (www.steptools.com) 
 */

FILE_DESCRIPTION(
/* description */ (''),
/* implementation_level */ '2;1');

FILE_NAME(
/* name */ 'rev2-right-2mm_tap.step',
/* time_stamp */ '2024-10-11T17:08:31-04:00',
/* author */ (''),
/* organization */ (''),
/* preprocessor_version */ 'ST-DEVELOPER v20',
/* originating_system */ 'Autodesk Translation Framework v13.14.0.145',

/* authorisation */ '');

FILE_SCHEMA (('AUTOMOTIVE_DESIGN { 1 0 10303 214 3 1 1 }'));
ENDSEC;

DATA;
#10=MECHANICAL_DESIGN_GEOMETRIC_PRESENTATION_REPRESENTATION('',(#13),#3953);
#11=SHAPE_REPRESENTATION_RELATIONSHIP('SRR','None',#3959,#12);
#12=ADVANCED_BREP_SHAPE_REPRESENTATION('',(#14),#3952);
#13=STYLED_ITEM('',(#3968),#14);
#14=MANIFOLD_SOLID_BREP('right',#2260);
#15=TOROIDAL_SURFACE('',#2471,5.24999999999999,2.);
#16=TOROIDAL_SURFACE('',#2474,5.24999999999999,2.);
#17=TOROIDAL_SURFACE('',#2477,5.25,2.);
#18=TOROIDAL_SURFACE('',#2480,5.25,2.);
#19=B_SPLINE_CURVE_WITH_KNOTS('',3,(#3262,#3263,#3264,#3265,#3266,#3267,
#3268,#3269,#3270,#3271),.UNSPECIFIED.,.F.,.F.,(4,2,2,2,4),(6.40316126485909,
6.50362230000872,6.88430539125508,7.27877088985254,7.67323638844999),
 .UNSPECIFIED.);
#20=B_SPLINE_CURVE_WITH_KNOTS('',3,(#3275,#3276,#3277,#3278,#3279,#3280,
#3281,#3282,#3283,#3284),.UNSPECIFIED.,.F.,.F.,(4,2,2,2,4),(1.76853919720348,
1.96031706454566,3.92063412909132,5.88095119363698,7.31390394106725),
 .UNSPECIFIED.);
#21=B_SPLINE_CURVE_WITH_KNOTS('',3,(#3286,#3287,#3288,#3289,#3290,#3291),
 .UNSPECIFIED.,.F.,.F.,(4,2,4),(0.189044752052188,0.247114573678789,0.34289346342868),
 .UNSPECIFIED.);
#22=B_SPLINE_CURVE_WITH_KNOTS('',3,(#3295,#3296,#3297,#3298),
 .UNSPECIFIED.,.F.,.F.,(4,4),(0.379569434312666,0.427457335236072),
 .UNSPECIFIED.);
#23=B_SPLINE_CURVE_WITH_KNOTS('',3,(#3302,#3303,#3304,#3305,#3306,#3307,
#3308,#3309,#3310,#3311),.UNSPECIFIED.,.F.,.F.,(4,2,2,2,4),(0.38678362198208,
0.432665594362744,0.485243043585104,0.511531768196283,0.537820492807463),
 .UNSPECIFIED.);
#24=B_SPLINE_CURVE_WITH_KNOTS('',3,(#3315,#3316,#3317,#3318,#3319,#3320,
#3321,#3322,#3323,#3324),.UNSPECIFIED.,.F.,.F.,(4,2,2,2,4),(0.537820472271237,
0.564109194851773,0.590397917432309,0.64297536259338,0.688857336215022),
 .UNSPECIFIED.);
#25=B_SPLINE_CURVE_WITH_KNOTS('',3,(#3328,#3329,#3330,#3331),
 .UNSPECIFIED.,.F.,.F.,(4,4),(1.14748978032412,1.1951994709657),
 .UNSPECIFIED.);
#26=B_SPLINE_CURVE_WITH_KNOTS('',3,(#3335,#3336,#3337,#3338,#3339,#3340),
 .UNSPECIFIED.,.F.,.F.,(4,2,4),(1.09142171453308,1.18719914476653,1.2429528744417),
 .UNSPECIFIED.);
#27=B_SPLINE_CURVE_WITH_KNOTS('',3,(#3342,#3343,#3344,#3345,#3346,#3347,
#3348,#3349,#3350,#3351),.UNSPECIFIED.,.F.,.F.,(4,2,2,2,4),(1.52076011645248,
2.89866024020959,4.85897730435659,6.81929436850359,7.01107223701924),
 .UNSPECIFIED.);
#28=B_SPLINE_CURVE_WITH_KNOTS('',3,(#3353,#3354,#3355,#3356,#3357,#3358,
#3359,#3360,#3361,#3362),.UNSPECIFIED.,.F.,.F.,(4,2,2,2,4),(4.57263885311622,
4.96710435171367,5.36156985031113,5.74225294155749,5.84271397670712),
 .UNSPECIFIED.);
#29=B_SPLINE_CURVE_WITH_KNOTS('',3,(#3370,#3371,#3372,#3373,#3374,#3375,
#3376,#3377),.UNSPECIFIED.,.F.,.F.,(4,2,2,4),(0.119073730906818,0.146956411586145,
0.220454246117014,0.288973068332801),.UNSPECIFIED.);
#30=B_SPLINE_CURVE_WITH_KNOTS('',3,(#3380,#3381,#3382,#3383,#3384,#3385,
#3386,#3387),.UNSPECIFIED.,.F.,.F.,(4,2,2,4),(0.298904348125552,0.36741931055825,
0.440913061417703,0.466916731880698),.UNSPECIFIED.);
#31=FACE_BOUND('',#252,.T.);
#32=FACE_BOUND('',#253,.T.);
#33=FACE_BOUND('',#254,.T.);
#34=FACE_BOUND('',#255,.T.);
#35=FACE_BOUND('',#263,.T.);
#36=FACE_BOUND('',#274,.T.);
#37=FACE_BOUND('',#275,.T.);
#38=FACE_BOUND('',#276,.T.);
#39=FACE_BOUND('',#277,.T.);
#40=FACE_BOUND('',#333,.T.);
#41=FACE_BOUND('',#341,.T.);
#42=FACE_BOUND('',#355,.T.);
#43=FACE_BOUND('',#366,.T.);
#44=FACE_BOUND('',#369,.T.);
#45=FACE_BOUND('',#372,.T.);
#46=FACE_BOUND('',#375,.T.);
#47=ELLIPSE('',#2279,50.3448316807288,50.);
#48=ELLIPSE('',#2283,10.0689663361458,10.);
#49=ELLIPSE('',#2284,115.040913302161,114.252952549047);
#50=ELLIPSE('',#2285,292.785677581998,290.78027257967);
#51=ELLIPSE('',#2286,10.0689663361458,10.);
#52=PLANE('',#2265);
#53=PLANE('',#2269);
#54=PLANE('',#2273);
#55=PLANE('',#2277);
#56=PLANE('',#2281);
#57=PLANE('',#2282);
#58=PLANE('',#2303);
#59=PLANE('',#2330);
#60=PLANE('',#2337);
#61=PLANE('',#2340);
#62=PLANE('',#2367);
#63=PLANE('',#2369);
#64=PLANE('',#2372);
#65=PLANE('',#2374);
#66=PLANE('',#2376);
#67=PLANE('',#2378);
#68=PLANE('',#2380);
#69=PLANE('',#2383);
#70=PLANE('',#2386);
#71=PLANE('',#2388);
#72=PLANE('',#2390);
#73=PLANE('',#2393);
#74=PLANE('',#2400);
#75=PLANE('',#2401);
#76=PLANE('',#2402);
#77=PLANE('',#2407);
#78=PLANE('',#2408);
#79=PLANE('',#2411);
#80=PLANE('',#2416);
#81=PLANE('',#2421);
#82=PLANE('',#2424);
#83=PLANE('',#2427);
#84=PLANE('',#2430);
#85=PLANE('',#2436);
#86=PLANE('',#2440);
#87=PLANE('',#2441);
#88=PLANE('',#2442);
#89=PLANE('',#2443);
#90=PLANE('',#2444);
#91=PLANE('',#2445);
#92=PLANE('',#2446);
#93=PLANE('',#2449);
#94=PLANE('',#2450);
#95=PLANE('',#2453);
#96=PLANE('',#2454);
#97=PLANE('',#2456);
#98=PLANE('',#2458);
#99=PLANE('',#2461);
#100=PLANE('',#2466);
#101=PLANE('',#2469);
#102=PLANE('',#2470);
#103=PLANE('',#2483);
#104=PLANE('',#2485);
#105=PLANE('',#2487);
#106=PLANE('',#2489);
#107=PLANE('',#2493);
#108=PLANE('',#2496);
#109=PLANE('',#2499);
#110=PLANE('',#2502);
#111=PLANE('',#2504);
#112=PLANE('',#2505);
#113=PLANE('',#2506);
#114=PLANE('',#2507);
#115=PLANE('',#2508);
#116=FACE_OUTER_BOUND('',#241,.T.);
#117=FACE_OUTER_BOUND('',#242,.T.);
#118=FACE_OUTER_BOUND('',#243,.T.);
#119=FACE_OUTER_BOUND('',#244,.T.);
#120=FACE_OUTER_BOUND('',#245,.T.);
#121=FACE_OUTER_BOUND('',#246,.T.);
#122=FACE_OUTER_BOUND('',#247,.T.);
#123=FACE_OUTER_BOUND('',#248,.T.);
#124=FACE_OUTER_BOUND('',#249,.T.);
#125=FACE_OUTER_BOUND('',#250,.T.);
#126=FACE_OUTER_BOUND('',#251,.T.);
#127=FACE_OUTER_BOUND('',#256,.T.);
#128=FACE_OUTER_BOUND('',#257,.T.);
#129=FACE_OUTER_BOUND('',#258,.T.);
#130=FACE_OUTER_BOUND('',#259,.T.);
#131=FACE_OUTER_BOUND('',#260,.T.);
#132=FACE_OUTER_BOUND('',#261,.T.);
#133=FACE_OUTER_BOUND('',#262,.T.);
#134=FACE_OUTER_BOUND('',#264,.T.);
#135=FACE_OUTER_BOUND('',#265,.T.);
#136=FACE_OUTER_BOUND('',#266,.T.);
#137=FACE_OUTER_BOUND('',#267,.T.);
#138=FACE_OUTER_BOUND('',#268,.T.);
#139=FACE_OUTER_BOUND('',#269,.T.);
#140=FACE_OUTER_BOUND('',#270,.T.);
#141=FACE_OUTER_BOUND('',#271,.T.);
#142=FACE_OUTER_BOUND('',#272,.T.);
#143=FACE_OUTER_BOUND('',#273,.T.);
#144=FACE_OUTER_BOUND('',#278,.T.);
#145=FACE_OUTER_BOUND('',#279,.T.);
#146=FACE_OUTER_BOUND('',#280,.T.);
#147=FACE_OUTER_BOUND('',#281,.T.);
#148=FACE_OUTER_BOUND('',#282,.T.);
#149=FACE_OUTER_BOUND('',#283,.T.);
#150=FACE_OUTER_BOUND('',#284,.T.);
#151=FACE_OUTER_BOUND('',#285,.T.);
#152=FACE_OUTER_BOUND('',#286,.T.);
#153=FACE_OUTER_BOUND('',#287,.T.);
#154=FACE_OUTER_BOUND('',#288,.T.);
#155=FACE_OUTER_BOUND('',#289,.T.);
#156=FACE_OUTER_BOUND('',#290,.T.);
#157=FACE_OUTER_BOUND('',#291,.T.);
#158=FACE_OUTER_BOUND('',#292,.T.);
#159=FACE_OUTER_BOUND('',#293,.T.);
#160=FACE_OUTER_BOUND('',#294,.T.);
#161=FACE_OUTER_BOUND('',#295,.T.);
#162=FACE_OUTER_BOUND('',#296,.T.);
#163=FACE_OUTER_BOUND('',#297,.T.);
#164=FACE_OUTER_BOUND('',#298,.T.);
#165=FACE_OUTER_BOUND('',#299,.T.);
#166=FACE_OUTER_BOUND('',#300,.T.);
#167=FACE_OUTER_BOUND('',#301,.T.);
#168=FACE_OUTER_BOUND('',#302,.T.);
#169=FACE_OUTER_BOUND('',#303,.T.);
#170=FACE_OUTER_BOUND('',#304,.T.);
#171=FACE_OUTER_BOUND('',#305,.T.);
#172=FACE_OUTER_BOUND('',#306,.T.);
#173=FACE_OUTER_BOUND('',#307,.T.);
#174=FACE_OUTER_BOUND('',#308,.T.);
#175=FACE_OUTER_BOUND('',#309,.T.);
#176=FACE_OUTER_BOUND('',#310,.T.);
#177=FACE_OUTER_BOUND('',#311,.T.);
#178=FACE_OUTER_BOUND('',#312,.T.);
#179=FACE_OUTER_BOUND('',#313,.T.);
#180=FACE_OUTER_BOUND('',#314,.T.);
#181=FACE_OUTER_BOUND('',#315,.T.);
#182=FACE_OUTER_BOUND('',#316,.T.);
#183=FACE_OUTER_BOUND('',#317,.T.);
#184=FACE_OUTER_BOUND('',#318,.T.);
#185=FACE_OUTER_BOUND('',#319,.T.);
#186=FACE_OUTER_BOUND('',#320,.T.);
#187=FACE_OUTER_BOUND('',#321,.T.);
#188=FACE_OUTER_BOUND('',#322,.T.);
#189=FACE_OUTER_BOUND('',#323,.T.);
#190=FACE_OUTER_BOUND('',#324,.T.);
#191=FACE_OUTER_BOUND('',#325,.T.);
#192=FACE_OUTER_BOUND('',#326,.T.);
#193=FACE_OUTER_BOUND('',#327,.T.);
#194=FACE_OUTER_BOUND('',#328,.T.);
#195=FACE_OUTER_BOUND('',#329,.T.);
#196=FACE_OUTER_BOUND('',#330,.T.);
#197=FACE_OUTER_BOUND('',#331,.T.);
#198=FACE_OUTER_BOUND('',#332,.T.);
#199=FACE_OUTER_BOUND('',#334,.T.);
#200=FACE_OUTER_BOUND('',#335,.T.);
#201=FACE_OUTER_BOUND('',#336,.T.);
#202=FACE_OUTER_BOUND('',#337,.T.);
#203=FACE_OUTER_BOUND('',#338,.T.);
#204=FACE_OUTER_BOUND('',#339,.T.);
#205=FACE_OUTER_BOUND('',#340,.T.);
#206=FACE_OUTER_BOUND('',#342,.T.);
#207=FACE_OUTER_BOUND('',#343,.T.);
#208=FACE_OUTER_BOUND('',#344,.T.);
#209=FACE_OUTER_BOUND('',#345,.T.);
#210=FACE_OUTER_BOUND('',#346,.T.);
#211=FACE_OUTER_BOUND('',#347,.T.);
#212=FACE_OUTER_BOUND('',#348,.T.);
#213=FACE_OUTER_BOUND('',#349,.T.);
#214=FACE_OUTER_BOUND('',#350,.T.);
#215=FACE_OUTER_BOUND('',#351,.T.);
#216=FACE_OUTER_BOUND('',#352,.T.);
#217=FACE_OUTER_BOUND('',#353,.T.);
#218=FACE_OUTER_BOUND('',#354,.T.);
#219=FACE_OUTER_BOUND('',#356,.T.);
#220=FACE_OUTER_BOUND('',#357,.T.);
#221=FACE_OUTER_BOUND('',#358,.T.);
#222=FACE_OUTER_BOUND('',#359,.T.);
#223=FACE_OUTER_BOUND('',#360,.T.);
#224=FACE_OUTER_BOUND('',#361,.T.);
#225=FACE_OUTER_BOUND('',#362,.T.);
#226=FACE_OUTER_BOUND('',#363,.T.);
#227=FACE_OUTER_BOUND('',#364,.T.);
#228=FACE_OUTER_BOUND('',#365,.T.);
#229=FACE_OUTER_BOUND('',#367,.T.);
#230=FACE_OUTER_BOUND('',#368,.T.);
#231=FACE_OUTER_BOUND('',#370,.T.);
#232=FACE_OUTER_BOUND('',#371,.T.);
#233=FACE_OUTER_BOUND('',#373,.T.);
#234=FACE_OUTER_BOUND('',#374,.T.);
#235=FACE_OUTER_BOUND('',#376,.T.);
#236=FACE_OUTER_BOUND('',#377,.T.);
#237=FACE_OUTER_BOUND('',#378,.T.);
#238=FACE_OUTER_BOUND('',#379,.T.);
#239=FACE_OUTER_BOUND('',#380,.T.);
#240=FACE_OUTER_BOUND('',#381,.T.);
#241=EDGE_LOOP('',(#1426,#1427,#1428,#1429));
#242=EDGE_LOOP('',(#1430));
#243=EDGE_LOOP('',(#1431,#1432,#1433,#1434));
#244=EDGE_LOOP('',(#1435));
#245=EDGE_LOOP('',(#1436,#1437,#1438,#1439));
#246=EDGE_LOOP('',(#1440));
#247=EDGE_LOOP('',(#1441,#1442,#1443,#1444));
#248=EDGE_LOOP('',(#1445));
#249=EDGE_LOOP('',(#1446,#1447,#1448,#1449));
#250=EDGE_LOOP('',(#1450,#1451,#1452,#1453));
#251=EDGE_LOOP('',(#1454,#1455,#1456,#1457,#1458,#1459,#1460,#1461,#1462));
#252=EDGE_LOOP('',(#1463));
#253=EDGE_LOOP('',(#1464));
#254=EDGE_LOOP('',(#1465));
#255=EDGE_LOOP('',(#1466));
#256=EDGE_LOOP('',(#1467,#1468,#1469,#1470));
#257=EDGE_LOOP('',(#1471,#1472,#1473,#1474,#1475,#1476,#1477,#1478,#1479,
#1480,#1481,#1482,#1483,#1484,#1485,#1486,#1487,#1488));
#258=EDGE_LOOP('',(#1489,#1490,#1491,#1492,#1493,#1494,#1495,#1496));
#259=EDGE_LOOP('',(#1497,#1498,#1499,#1500));
#260=EDGE_LOOP('',(#1501,#1502,#1503,#1504));
#261=EDGE_LOOP('',(#1505,#1506,#1507,#1508));
#262=EDGE_LOOP('',(#1509,#1510,#1511,#1512,#1513,#1514,#1515,#1516,#1517,
#1518,#1519));
#263=EDGE_LOOP('',(#1520,#1521,#1522,#1523,#1524,#1525,#1526,#1527,#1528,
#1529,#1530,#1531,#1532,#1533,#1534,#1535,#1536,#1537,#1538,#1539,#1540,
#1541,#1542,#1543,#1544,#1545,#1546,#1547,#1548,#1549,#1550,#1551,#1552,
#1553,#1554,#1555,#1556,#1557));
#264=EDGE_LOOP('',(#1558,#1559,#1560,#1561));
#265=EDGE_LOOP('',(#1562,#1563,#1564,#1565));
#266=EDGE_LOOP('',(#1566,#1567,#1568,#1569));
#267=EDGE_LOOP('',(#1570,#1571,#1572,#1573));
#268=EDGE_LOOP('',(#1574,#1575,#1576,#1577));
#269=EDGE_LOOP('',(#1578,#1579,#1580,#1581));
#270=EDGE_LOOP('',(#1582,#1583,#1584,#1585));
#271=EDGE_LOOP('',(#1586,#1587,#1588,#1589));
#272=EDGE_LOOP('',(#1590,#1591,#1592,#1593));
#273=EDGE_LOOP('',(#1594,#1595,#1596,#1597,#1598,#1599,#1600,#1601,#1602,
#1603,#1604,#1605,#1606,#1607,#1608,#1609,#1610,#1611,#1612,#1613,#1614,
#1615,#1616,#1617,#1618,#1619,#1620,#1621,#1622,#1623,#1624,#1625,#1626,
#1627,#1628,#1629,#1630,#1631,#1632,#1633,#1634,#1635,#1636,#1637,#1638,
#1639,#1640,#1641,#1642,#1643,#1644,#1645));
#274=EDGE_LOOP('',(#1646));
#275=EDGE_LOOP('',(#1647));
#276=EDGE_LOOP('',(#1648));
#277=EDGE_LOOP('',(#1649));
#278=EDGE_LOOP('',(#1650,#1651,#1652,#1653));
#279=EDGE_LOOP('',(#1654,#1655,#1656,#1657));
#280=EDGE_LOOP('',(#1658,#1659,#1660,#1661));
#281=EDGE_LOOP('',(#1662,#1663,#1664,#1665));
#282=EDGE_LOOP('',(#1666,#1667,#1668,#1669));
#283=EDGE_LOOP('',(#1670,#1671,#1672,#1673));
#284=EDGE_LOOP('',(#1674,#1675,#1676,#1677));
#285=EDGE_LOOP('',(#1678,#1679,#1680,#1681));
#286=EDGE_LOOP('',(#1682,#1683,#1684,#1685));
#287=EDGE_LOOP('',(#1686,#1687,#1688,#1689));
#288=EDGE_LOOP('',(#1690,#1691,#1692,#1693));
#289=EDGE_LOOP('',(#1694,#1695,#1696,#1697));
#290=EDGE_LOOP('',(#1698,#1699,#1700,#1701));
#291=EDGE_LOOP('',(#1702,#1703,#1704,#1705));
#292=EDGE_LOOP('',(#1706,#1707,#1708,#1709));
#293=EDGE_LOOP('',(#1710,#1711,#1712,#1713));
#294=EDGE_LOOP('',(#1714,#1715,#1716,#1717));
#295=EDGE_LOOP('',(#1718,#1719,#1720,#1721,#1722,#1723,#1724,#1725));
#296=EDGE_LOOP('',(#1726,#1727,#1728,#1729));
#297=EDGE_LOOP('',(#1730,#1731,#1732,#1733,#1734,#1735,#1736,#1737));
#298=EDGE_LOOP('',(#1738,#1739,#1740,#1741));
#299=EDGE_LOOP('',(#1742,#1743,#1744,#1745));
#300=EDGE_LOOP('',(#1746,#1747,#1748,#1749));
#301=EDGE_LOOP('',(#1750,#1751,#1752,#1753));
#302=EDGE_LOOP('',(#1754,#1755,#1756,#1757,#1758,#1759,#1760,#1761,#1762,
#1763,#1764,#1765,#1766,#1767,#1768,#1769,#1770,#1771,#1772,#1773,#1774,
#1775,#1776));
#303=EDGE_LOOP('',(#1777,#1778,#1779,#1780));
#304=EDGE_LOOP('',(#1781,#1782,#1783,#1784));
#305=EDGE_LOOP('',(#1785,#1786,#1787,#1788));
#306=EDGE_LOOP('',(#1789,#1790,#1791,#1792));
#307=EDGE_LOOP('',(#1793,#1794,#1795,#1796));
#308=EDGE_LOOP('',(#1797,#1798,#1799));
#309=EDGE_LOOP('',(#1800,#1801,#1802,#1803));
#310=EDGE_LOOP('',(#1804,#1805,#1806,#1807));
#311=EDGE_LOOP('',(#1808,#1809,#1810,#1811,#1812));
#312=EDGE_LOOP('',(#1813,#1814,#1815,#1816));
#313=EDGE_LOOP('',(#1817,#1818,#1819,#1820,#1821));
#314=EDGE_LOOP('',(#1822,#1823,#1824));
#315=EDGE_LOOP('',(#1825,#1826,#1827,#1828,#1829,#1830,#1831,#1832,#1833,
#1834,#1835,#1836,#1837,#1838,#1839,#1840));
#316=EDGE_LOOP('',(#1841,#1842,#1843,#1844));
#317=EDGE_LOOP('',(#1845,#1846,#1847,#1848));
#318=EDGE_LOOP('',(#1849,#1850,#1851,#1852));
#319=EDGE_LOOP('',(#1853,#1854,#1855,#1856));
#320=EDGE_LOOP('',(#1857,#1858,#1859,#1860));
#321=EDGE_LOOP('',(#1861,#1862,#1863,#1864,#1865));
#322=EDGE_LOOP('',(#1866,#1867,#1868,#1869));
#323=EDGE_LOOP('',(#1870,#1871,#1872,#1873,#1874));
#324=EDGE_LOOP('',(#1875,#1876,#1877,#1878));
#325=EDGE_LOOP('',(#1879));
#326=EDGE_LOOP('',(#1880,#1881,#1882,#1883));
#327=EDGE_LOOP('',(#1884));
#328=EDGE_LOOP('',(#1885,#1886,#1887,#1888));
#329=EDGE_LOOP('',(#1889,#1890,#1891,#1892));
#330=EDGE_LOOP('',(#1893,#1894,#1895,#1896));
#331=EDGE_LOOP('',(#1897,#1898,#1899,#1900));
#332=EDGE_LOOP('',(#1901,#1902,#1903,#1904,#1905,#1906,#1907,#1908));
#333=EDGE_LOOP('',(#1909,#1910,#1911,#1912,#1913,#1914,#1915,#1916));
#334=EDGE_LOOP('',(#1917,#1918,#1919,#1920));
#335=EDGE_LOOP('',(#1921,#1922,#1923,#1924));
#336=EDGE_LOOP('',(#1925,#1926,#1927,#1928));
#337=EDGE_LOOP('',(#1929,#1930,#1931,#1932));
#338=EDGE_LOOP('',(#1933,#1934,#1935,#1936));
#339=EDGE_LOOP('',(#1937,#1938,#1939,#1940));
#340=EDGE_LOOP('',(#1941,#1942,#1943,#1944,#1945,#1946));
#341=EDGE_LOOP('',(#1947));
#342=EDGE_LOOP('',(#1948,#1949,#1950,#1951));
#343=EDGE_LOOP('',(#1952,#1953,#1954,#1955));
#344=EDGE_LOOP('',(#1956,#1957,#1958,#1959));
#345=EDGE_LOOP('',(#1960,#1961,#1962,#1963,#1964,#1965));
#346=EDGE_LOOP('',(#1966,#1967,#1968,#1969));
#347=EDGE_LOOP('',(#1970,#1971,#1972,#1973));
#348=EDGE_LOOP('',(#1974,#1975,#1976,#1977));
#349=EDGE_LOOP('',(#1978,#1979,#1980,#1981));
#350=EDGE_LOOP('',(#1982,#1983,#1984,#1985,#1986));
#351=EDGE_LOOP('',(#1987,#1988,#1989,#1990));
#352=EDGE_LOOP('',(#1991,#1992,#1993,#1994));
#353=EDGE_LOOP('',(#1995,#1996,#1997,#1998));
#354=EDGE_LOOP('',(#1999,#2000,#2001,#2002,#2003,#2004,#2005,#2006));
#355=EDGE_LOOP('',(#2007));
#356=EDGE_LOOP('',(#2008,#2009,#2010,#2011));
#357=EDGE_LOOP('',(#2012,#2013,#2014,#2015));
#358=EDGE_LOOP('',(#2016,#2017,#2018,#2019));
#359=EDGE_LOOP('',(#2020,#2021,#2022,#2023));
#360=EDGE_LOOP('',(#2024));
#361=EDGE_LOOP('',(#2025));
#362=EDGE_LOOP('',(#2026));
#363=EDGE_LOOP('',(#2027));
#364=EDGE_LOOP('',(#2028,#2029,#2030,#2031));
#365=EDGE_LOOP('',(#2032));
#366=EDGE_LOOP('',(#2033));
#367=EDGE_LOOP('',(#2034,#2035,#2036,#2037));
#368=EDGE_LOOP('',(#2038));
#369=EDGE_LOOP('',(#2039));
#370=EDGE_LOOP('',(#2040,#2041,#2042,#2043));
#371=EDGE_LOOP('',(#2044));
#372=EDGE_LOOP('',(#2045));
#373=EDGE_LOOP('',(#2046,#2047,#2048,#2049));
#374=EDGE_LOOP('',(#2050));
#375=EDGE_LOOP('',(#2051));
#376=EDGE_LOOP('',(#2052,#2053,#2054,#2055));
#377=EDGE_LOOP('',(#2056,#2057,#2058,#2059));
#378=EDGE_LOOP('',(#2060,#2061,#2062,#2063));
#379=EDGE_LOOP('',(#2064,#2065,#2066,#2067));
#380=EDGE_LOOP('',(#2068,#2069,#2070,#2071,#2072));
#381=EDGE_LOOP('',(#2073,#2074,#2075,#2076,#2077));
#382=LINE('',#3202,#574);
#383=LINE('',#3209,#575);
#384=LINE('',#3216,#576);
#385=LINE('',#3223,#577);
#386=LINE('',#3231,#578);
#387=LINE('',#3234,#579);
#388=LINE('',#3237,#580);
#389=LINE('',#3239,#581);
#390=LINE('',#3240,#582);
#391=LINE('',#3243,#583);
#392=LINE('',#3245,#584);
#393=LINE('',#3247,#585);
#394=LINE('',#3260,#586);
#395=LINE('',#3272,#587);
#396=LINE('',#3300,#588);
#397=LINE('',#3313,#589);
#398=LINE('',#3326,#590);
#399=LINE('',#3368,#591);
#400=LINE('',#3391,#592);
#401=LINE('',#3396,#593);
#402=LINE('',#3397,#594);
#403=LINE('',#3401,#595);
#404=LINE('',#3406,#596);
#405=LINE('',#3407,#597);
#406=LINE('',#3412,#598);
#407=LINE('',#3418,#599);
#408=LINE('',#3420,#600);
#409=LINE('',#3424,#601);
#410=LINE('',#3428,#602);
#411=LINE('',#3432,#603);
#412=LINE('',#3438,#604);
#413=LINE('',#3444,#605);
#414=LINE('',#3448,#606);
#415=LINE('',#3452,#607);
#416=LINE('',#3456,#608);
#417=LINE('',#3460,#609);
#418=LINE('',#3464,#610);
#419=LINE('',#3468,#611);
#420=LINE('',#3472,#612);
#421=LINE('',#3476,#613);
#422=LINE('',#3480,#614);
#423=LINE('',#3483,#615);
#424=LINE('',#3485,#616);
#425=LINE('',#3489,#617);
#426=LINE('',#3492,#618);
#427=LINE('',#3495,#619);
#428=LINE('',#3496,#620);
#429=LINE('',#3501,#621);
#430=LINE('',#3502,#622);
#431=LINE('',#3506,#623);
#432=LINE('',#3509,#624);
#433=LINE('',#3513,#625);
#434=LINE('',#3514,#626);
#435=LINE('',#3518,#627);
#436=LINE('',#3520,#628);
#437=LINE('',#3522,#629);
#438=LINE('',#3526,#630);
#439=LINE('',#3530,#631);
#440=LINE('',#3534,#632);
#441=LINE('',#3538,#633);
#442=LINE('',#3542,#634);
#443=LINE('',#3546,#635);
#444=LINE('',#3550,#636);
#445=LINE('',#3554,#637);
#446=LINE('',#3560,#638);
#447=LINE('',#3566,#639);
#448=LINE('',#3570,#640);
#449=LINE('',#3574,#641);
#450=LINE('',#3578,#642);
#451=LINE('',#3584,#643);
#452=LINE('',#3588,#644);
#453=LINE('',#3592,#645);
#454=LINE('',#3596,#646);
#455=LINE('',#3598,#647);
#456=LINE('',#3602,#648);
#457=LINE('',#3606,#649);
#458=LINE('',#3607,#650);
#459=LINE('',#3617,#651);
#460=LINE('',#3619,#652);
#461=LINE('',#3620,#653);
#462=LINE('',#3622,#654);
#463=LINE('',#3625,#655);
#464=LINE('',#3626,#656);
#465=LINE('',#3628,#657);
#466=LINE('',#3630,#658);
#467=LINE('',#3631,#659);
#468=LINE('',#3633,#660);
#469=LINE('',#3635,#661);
#470=LINE('',#3636,#662);
#471=LINE('',#3638,#663);
#472=LINE('',#3640,#664);
#473=LINE('',#3641,#665);
#474=LINE('',#3643,#666);
#475=LINE('',#3645,#667);
#476=LINE('',#3646,#668);
#477=LINE('',#3648,#669);
#478=LINE('',#3651,#670);
#479=LINE('',#3654,#671);
#480=LINE('',#3657,#672);
#481=LINE('',#3658,#673);
#482=LINE('',#3663,#674);
#483=LINE('',#3664,#675);
#484=LINE('',#3667,#676);
#485=LINE('',#3669,#677);
#486=LINE('',#3671,#678);
#487=LINE('',#3672,#679);
#488=LINE('',#3674,#680);
#489=LINE('',#3675,#681);
#490=LINE('',#3678,#682);
#491=LINE('',#3680,#683);
#492=LINE('',#3681,#684);
#493=LINE('',#3683,#685);
#494=LINE('',#3685,#686);
#495=LINE('',#3688,#687);
#496=LINE('',#3691,#688);
#497=LINE('',#3694,#689);
#498=LINE('',#3696,#690);
#499=LINE('',#3700,#691);
#500=LINE('',#3704,#692);
#501=LINE('',#3706,#693);
#502=LINE('',#3710,#694);
#503=LINE('',#3712,#695);
#504=LINE('',#3716,#696);
#505=LINE('',#3718,#697);
#506=LINE('',#3720,#698);
#507=LINE('',#3722,#699);
#508=LINE('',#3724,#700);
#509=LINE('',#3731,#701);
#510=LINE('',#3735,#702);
#511=LINE('',#3738,#703);
#512=LINE('',#3739,#704);
#513=LINE('',#3742,#705);
#514=LINE('',#3744,#706);
#515=LINE('',#3745,#707);
#516=LINE('',#3748,#708);
#517=LINE('',#3752,#709);
#518=LINE('',#3753,#710);
#519=LINE('',#3762,#711);
#520=LINE('',#3766,#712);
#521=LINE('',#3770,#713);
#522=LINE('',#3774,#714);
#523=LINE('',#3776,#715);
#524=LINE('',#3777,#716);
#525=LINE('',#3780,#717);
#526=LINE('',#3784,#718);
#527=LINE('',#3785,#719);
#528=LINE('',#3788,#720);
#529=LINE('',#3792,#721);
#530=LINE('',#3793,#722);
#531=LINE('',#3796,#723);
#532=LINE('',#3800,#724);
#533=LINE('',#3801,#725);
#534=LINE('',#3808,#726);
#535=LINE('',#3815,#727);
#536=LINE('',#3820,#728);
#537=LINE('',#3822,#729);
#538=LINE('',#3823,#730);
#539=LINE('',#3826,#731);
#540=LINE('',#3827,#732);
#541=LINE('',#3830,#733);
#542=LINE('',#3831,#734);
#543=LINE('',#3833,#735);
#544=LINE('',#3835,#736);
#545=LINE('',#3836,#737);
#546=LINE('',#3839,#738);
#547=LINE('',#3840,#739);
#548=LINE('',#3844,#740);
#549=LINE('',#3846,#741);
#550=LINE('',#3850,#742);
#551=LINE('',#3851,#743);
#552=LINE('',#3852,#744);
#553=LINE('',#3856,#745);
#554=LINE('',#3859,#746);
#555=LINE('',#3860,#747);
#556=LINE('',#3863,#748);
#557=LINE('',#3864,#749);
#558=LINE('',#3866,#750);
#559=LINE('',#3868,#751);
#560=LINE('',#3871,#752);
#561=LINE('',#3872,#753);
#562=LINE('',#3875,#754);
#563=LINE('',#3879,#755);
#564=LINE('',#3880,#756);
#565=LINE('',#3883,#757);
#566=LINE('',#3886,#758);
#567=LINE('',#3889,#759);
#568=LINE('',#3925,#760);
#569=LINE('',#3930,#761);
#570=LINE('',#3935,#762);
#571=LINE('',#3940,#763);
#572=LINE('',#3943,#764);
#573=LINE('',#3945,#765);
#574=VECTOR('',#2515,5.50000000000001);
#575=VECTOR('',#2524,5.5);
#576=VECTOR('',#2533,5.50000000000001);
#577=VECTOR('',#2542,5.5);
#578=VECTOR('',#2551,10.);
#579=VECTOR('',#2554,10.);
#580=VECTOR('',#2557,10.);
#581=VECTOR('',#2558,10.);
#582=VECTOR('',#2559,10.);
#583=VECTOR('',#2562,10.);
#584=VECTOR('',#2563,10.);
#585=VECTOR('',#2564,10.);
#586=VECTOR('',#2577,10.);
#587=VECTOR('',#2578,10.);
#588=VECTOR('',#2583,10.);
#589=VECTOR('',#2584,10.);
#590=VECTOR('',#2585,10.);
#591=VECTOR('',#2596,10.);
#592=VECTOR('',#2603,10.);
#593=VECTOR('',#2608,10.);
#594=VECTOR('',#2609,10.);
#595=VECTOR('',#2614,10.);
#596=VECTOR('',#2621,10.);
#597=VECTOR('',#2622,10.);
#598=VECTOR('',#2625,10.);
#599=VECTOR('',#2630,10.);
#600=VECTOR('',#2631,10.);
#601=VECTOR('',#2634,10.);
#602=VECTOR('',#2637,10.);
#603=VECTOR('',#2640,10.);
#604=VECTOR('',#2645,10.);
#605=VECTOR('',#2650,10.);
#606=VECTOR('',#2653,10.);
#607=VECTOR('',#2656,10.);
#608=VECTOR('',#2659,10.);
#609=VECTOR('',#2662,10.);
#610=VECTOR('',#2665,10.);
#611=VECTOR('',#2668,10.);
#612=VECTOR('',#2671,10.);
#613=VECTOR('',#2674,10.);
#614=VECTOR('',#2677,10.);
#615=VECTOR('',#2680,10.);
#616=VECTOR('',#2683,10.);
#617=VECTOR('',#2688,10.);
#618=VECTOR('',#2691,10.);
#619=VECTOR('',#2694,10.);
#620=VECTOR('',#2695,10.);
#621=VECTOR('',#2700,10.);
#622=VECTOR('',#2701,10.);
#623=VECTOR('',#2706,10.);
#624=VECTOR('',#2709,10.);
#625=VECTOR('',#2714,10.);
#626=VECTOR('',#2715,10.);
#627=VECTOR('',#2720,10.);
#628=VECTOR('',#2723,10.);
#629=VECTOR('',#2724,10.);
#630=VECTOR('',#2727,10.);
#631=VECTOR('',#2730,10.);
#632=VECTOR('',#2733,10.);
#633=VECTOR('',#2736,10.);
#634=VECTOR('',#2739,10.);
#635=VECTOR('',#2742,10.);
#636=VECTOR('',#2745,10.);
#637=VECTOR('',#2748,10.);
#638=VECTOR('',#2753,10.);
#639=VECTOR('',#2758,10.);
#640=VECTOR('',#2761,10.);
#641=VECTOR('',#2764,10.);
#642=VECTOR('',#2767,10.);
#643=VECTOR('',#2772,10.);
#644=VECTOR('',#2775,10.);
#645=VECTOR('',#2778,10.);
#646=VECTOR('',#2781,10.);
#647=VECTOR('',#2782,10.);
#648=VECTOR('',#2785,10.);
#649=VECTOR('',#2788,10.);
#650=VECTOR('',#2789,10.);
#651=VECTOR('',#2800,10.);
#652=VECTOR('',#2803,10.);
#653=VECTOR('',#2804,10.);
#654=VECTOR('',#2807,10.);
#655=VECTOR('',#2812,10.);
#656=VECTOR('',#2813,10.);
#657=VECTOR('',#2816,10.);
#658=VECTOR('',#2819,10.);
#659=VECTOR('',#2820,10.);
#660=VECTOR('',#2823,10.);
#661=VECTOR('',#2826,10.);
#662=VECTOR('',#2827,10.);
#663=VECTOR('',#2830,10.);
#664=VECTOR('',#2833,10.);
#665=VECTOR('',#2834,10.);
#666=VECTOR('',#2837,10.);
#667=VECTOR('',#2840,10.);
#668=VECTOR('',#2841,10.);
#669=VECTOR('',#2844,0.75);
#670=VECTOR('',#2847,10.);
#671=VECTOR('',#2850,10.);
#672=VECTOR('',#2853,10.);
#673=VECTOR('',#2854,10.);
#674=VECTOR('',#2859,10.);
#675=VECTOR('',#2860,10.);
#676=VECTOR('',#2863,10.);
#677=VECTOR('',#2864,10.);
#678=VECTOR('',#2865,10.);
#679=VECTOR('',#2866,10.);
#680=VECTOR('',#2869,10.);
#681=VECTOR('',#2870,10.);
#682=VECTOR('',#2873,10.);
#683=VECTOR('',#2874,10.);
#684=VECTOR('',#2875,10.);
#685=VECTOR('',#2878,10.);
#686=VECTOR('',#2881,10.);
#687=VECTOR('',#2886,10.);
#688=VECTOR('',#2889,10.);
#689=VECTOR('',#2892,10.);
#690=VECTOR('',#2893,10.);
#691=VECTOR('',#2896,10.);
#692=VECTOR('',#2899,10.);
#693=VECTOR('',#2900,10.);
#694=VECTOR('',#2903,10.);
#695=VECTOR('',#2904,10.);
#696=VECTOR('',#2907,10.);
#697=VECTOR('',#2908,10.);
#698=VECTOR('',#2909,10.);
#699=VECTOR('',#2910,10.);
#700=VECTOR('',#2911,10.);
#701=VECTOR('',#2924,10.);
#702=VECTOR('',#2929,10.);
#703=VECTOR('',#2932,10.);
#704=VECTOR('',#2933,10.);
#705=VECTOR('',#2936,10.);
#706=VECTOR('',#2937,10.);
#707=VECTOR('',#2938,10.);
#708=VECTOR('',#2941,10.);
#709=VECTOR('',#2946,10.);
#710=VECTOR('',#2947,10.);
#711=VECTOR('',#2960,10.);
#712=VECTOR('',#2963,10.);
#713=VECTOR('',#2966,10.);
#714=VECTOR('',#2971,10.);
#715=VECTOR('',#2972,10.);
#716=VECTOR('',#2973,10.);
#717=VECTOR('',#2976,10.);
#718=VECTOR('',#2981,10.);
#719=VECTOR('',#2982,10.);
#720=VECTOR('',#2985,10.);
#721=VECTOR('',#2990,10.);
#722=VECTOR('',#2991,10.);
#723=VECTOR('',#2994,10.);
#724=VECTOR('',#2999,10.);
#725=VECTOR('',#3000,10.);
#726=VECTOR('',#3009,0.800000000000001);
#727=VECTOR('',#3018,0.800000000000001);
#728=VECTOR('',#3025,10.);
#729=VECTOR('',#3026,10.);
#730=VECTOR('',#3027,10.);
#731=VECTOR('',#3030,10.);
#732=VECTOR('',#3031,10.);
#733=VECTOR('',#3034,10.);
#734=VECTOR('',#3035,10.);
#735=VECTOR('',#3038,10.);
#736=VECTOR('',#3041,10.);
#737=VECTOR('',#3042,10.);
#738=VECTOR('',#3045,10.);
#739=VECTOR('',#3046,10.);
#740=VECTOR('',#3051,10.);
#741=VECTOR('',#3054,10.);
#742=VECTOR('',#3057,10.);
#743=VECTOR('',#3058,10.);
#744=VECTOR('',#3059,10.);
#745=VECTOR('',#3064,10.);
#746=VECTOR('',#3067,10.);
#747=VECTOR('',#3068,10.);
#748=VECTOR('',#3073,10.);
#749=VECTOR('',#3074,10.);
#750=VECTOR('',#3077,10.);
#751=VECTOR('',#3080,10.);
#752=VECTOR('',#3083,10.);
#753=VECTOR('',#3084,10.);
#754=VECTOR('',#3087,10.);
#755=VECTOR('',#3092,10.);
#756=VECTOR('',#3093,10.);
#757=VECTOR('',#3096,10.);
#758=VECTOR('',#3101,10.);
#759=VECTOR('',#3106,10.);
#760=VECTOR('',#3159,0.800000000000001);
#761=VECTOR('',#3166,0.800000000000001);
#762=VECTOR('',#3173,0.800000000000001);
#763=VECTOR('',#3180,0.800000000000001);
#764=VECTOR('',#3185,0.75);
#765=VECTOR('',#3188,10.);
#766=CIRCLE('',#2263,5.50000000000001);
#767=CIRCLE('',#2264,5.50000000000001);
#768=CIRCLE('',#2267,5.5);
#769=CIRCLE('',#2268,5.5);
#770=CIRCLE('',#2271,5.50000000000001);
#771=CIRCLE('',#2272,5.50000000000001);
#772=CIRCLE('',#2275,5.5);
#773=CIRCLE('',#2276,5.5);
#774=CIRCLE('',#2280,50.);
#775=CIRCLE('',#2288,10.);
#776=CIRCLE('',#2290,33.);
#777=CIRCLE('',#2291,33.);
#778=CIRCLE('',#2292,33.);
#779=CIRCLE('',#2293,33.);
#780=CIRCLE('',#2295,223.042528751132);
#781=CIRCLE('',#2296,223.042528751132);
#782=CIRCLE('',#2298,10.);
#783=CIRCLE('',#2300,10.);
#784=CIRCLE('',#2302,114.252952549047);
#785=CIRCLE('',#2304,10.);
#786=CIRCLE('',#2305,290.78027257967);
#787=CIRCLE('',#2306,1.6509999800474);
#788=CIRCLE('',#2307,1.53684209884317);
#789=CIRCLE('',#2308,290.3672680782);
#790=CIRCLE('',#2309,0.749999999999994);
#791=CIRCLE('',#2310,1.9239999815821);
#792=CIRCLE('',#2311,1.52399998158217);
#793=CIRCLE('',#2312,1.01687873842462);
#794=CIRCLE('',#2313,2.02312484725232);
#795=CIRCLE('',#2314,1.01599998772144);
#796=CIRCLE('',#2315,2.02399998158223);
#797=CIRCLE('',#2316,1.01599998772148);
#798=CIRCLE('',#2317,1.52399998158217);
#799=CIRCLE('',#2318,1.5239999815822);
#800=CIRCLE('',#2319,1.01599998772144);
#801=CIRCLE('',#2320,1.52490506084581);
#802=CIRCLE('',#2321,1.01599998772146);
#803=CIRCLE('',#2322,2.79399996623395);
#804=CIRCLE('',#2323,2.79399996623379);
#805=CIRCLE('',#2324,1.52399998158215);
#806=CIRCLE('',#2325,1.65099998004738);
#807=CIRCLE('',#2329,1.6509999800474);
#808=CIRCLE('',#2332,1.53684209884317);
#809=CIRCLE('',#2334,290.3672680782);
#810=CIRCLE('',#2336,1.65099998004738);
#811=CIRCLE('',#2339,1.52399998158215);
#812=CIRCLE('',#2341,2.79399996623379);
#813=CIRCLE('',#2342,2.79399996623395);
#814=CIRCLE('',#2343,1.01599998772146);
#815=CIRCLE('',#2344,1.52490506084581);
#816=CIRCLE('',#2345,1.01599998772144);
#817=CIRCLE('',#2346,1.5239999815822);
#818=CIRCLE('',#2347,1.52399998158217);
#819=CIRCLE('',#2348,1.01599998772148);
#820=CIRCLE('',#2349,2.02399998158223);
#821=CIRCLE('',#2350,1.01599998772144);
#822=CIRCLE('',#2351,2.02312484725232);
#823=CIRCLE('',#2352,1.01687873842462);
#824=CIRCLE('',#2353,2.28599997237323);
#825=CIRCLE('',#2354,1.52399998158217);
#826=CIRCLE('',#2355,1.5239999815822);
#827=CIRCLE('',#2356,1.01599998772144);
#828=CIRCLE('',#2357,1.52399998158229);
#829=CIRCLE('',#2358,1.52399998158211);
#830=CIRCLE('',#2359,1.01599998772144);
#831=CIRCLE('',#2360,1.52399998158218);
#832=CIRCLE('',#2361,1.9239999815821);
#833=CIRCLE('',#2362,0.749999999999994);
#834=CIRCLE('',#2363,5.24999999999999);
#835=CIRCLE('',#2364,5.25);
#836=CIRCLE('',#2365,5.25);
#837=CIRCLE('',#2366,5.24999999999999);
#838=CIRCLE('',#2382,2.28599997237323);
#839=CIRCLE('',#2385,1.52399998158217);
#840=CIRCLE('',#2394,2.2699999846518);
#841=CIRCLE('',#2395,1.52399998158218);
#842=CIRCLE('',#2396,1.01599998772144);
#843=CIRCLE('',#2397,1.72031701271818);
#844=CIRCLE('',#2398,1.5239999815822);
#845=CIRCLE('',#2399,1.52399998158217);
#846=CIRCLE('',#2406,1.99999995529653);
#847=CIRCLE('',#2410,1.95064087671289);
#848=CIRCLE('',#2413,1.95064087671289);
#849=CIRCLE('',#2415,1.99999995529652);
#850=CIRCLE('',#2417,1.39700002609195);
#851=CIRCLE('',#2418,1.39699998311701);
#852=CIRCLE('',#2419,1.39699998465178);
#853=CIRCLE('',#2420,1.397000093624);
#854=CIRCLE('',#2423,1.39699998465178);
#855=CIRCLE('',#2426,1.39699998311701);
#856=CIRCLE('',#2429,1.39700002609195);
#857=CIRCLE('',#2432,1.397000093624);
#858=CIRCLE('',#2434,0.800000000000001);
#859=CIRCLE('',#2435,0.800000000000001);
#860=CIRCLE('',#2438,0.800000000000001);
#861=CIRCLE('',#2439,0.800000000000001);
#862=CIRCLE('',#2448,2.2699999846518);
#863=CIRCLE('',#2452,1.72031701271818);
#864=CIRCLE('',#2460,1.52399998158211);
#865=CIRCLE('',#2463,1.52399998158229);
#866=CIRCLE('',#2465,1.01599998772144);
#867=CIRCLE('',#2472,3.24999999999999);
#868=CIRCLE('',#2473,2.);
#869=CIRCLE('',#2475,3.24999999999999);
#870=CIRCLE('',#2476,2.);
#871=CIRCLE('',#2478,3.25);
#872=CIRCLE('',#2479,2.);
#873=CIRCLE('',#2481,3.25);
#874=CIRCLE('',#2482,2.);
#875=CIRCLE('',#2484,0.8);
#876=CIRCLE('',#2486,0.8);
#877=CIRCLE('',#2488,0.8);
#878=CIRCLE('',#2490,0.8);
#879=CIRCLE('',#2492,0.800000000000001);
#880=CIRCLE('',#2495,0.800000000000001);
#881=CIRCLE('',#2498,0.800000000000001);
#882=CIRCLE('',#2501,0.800000000000001);
#883=VERTEX_POINT('',#3199);
#884=VERTEX_POINT('',#3201);
#885=VERTEX_POINT('',#3206);
#886=VERTEX_POINT('',#3208);
#887=VERTEX_POINT('',#3213);
#888=VERTEX_POINT('',#3215);
#889=VERTEX_POINT('',#3220);
#890=VERTEX_POINT('',#3222);
#891=VERTEX_POINT('',#3227);
#892=VERTEX_POINT('',#3228);
#893=VERTEX_POINT('',#3230);
#894=VERTEX_POINT('',#3232);
#895=VERTEX_POINT('',#3236);
#896=VERTEX_POINT('',#3238);
#897=VERTEX_POINT('',#3242);
#898=VERTEX_POINT('',#3244);
#899=VERTEX_POINT('',#3246);
#900=VERTEX_POINT('',#3248);
#901=VERTEX_POINT('',#3250);
#902=VERTEX_POINT('',#3252);
#903=VERTEX_POINT('',#3256);
#904=VERTEX_POINT('',#3257);
#905=VERTEX_POINT('',#3259);
#906=VERTEX_POINT('',#3261);
#907=VERTEX_POINT('',#3274);
#908=VERTEX_POINT('',#3285);
#909=VERTEX_POINT('',#3292);
#910=VERTEX_POINT('',#3294);
#911=VERTEX_POINT('',#3299);
#912=VERTEX_POINT('',#3301);
#913=VERTEX_POINT('',#3312);
#914=VERTEX_POINT('',#3314);
#915=VERTEX_POINT('',#3325);
#916=VERTEX_POINT('',#3327);
#917=VERTEX_POINT('',#3332);
#918=VERTEX_POINT('',#3334);
#919=VERTEX_POINT('',#3341);
#920=VERTEX_POINT('',#3352);
#921=VERTEX_POINT('',#3366);
#922=VERTEX_POINT('',#3369);
#923=VERTEX_POINT('',#3378);
#924=VERTEX_POINT('',#3389);
#925=VERTEX_POINT('',#3393);
#926=VERTEX_POINT('',#3394);
#927=VERTEX_POINT('',#3399);
#928=VERTEX_POINT('',#3403);
#929=VERTEX_POINT('',#3408);
#930=VERTEX_POINT('',#3409);
#931=VERTEX_POINT('',#3411);
#932=VERTEX_POINT('',#3413);
#933=VERTEX_POINT('',#3415);
#934=VERTEX_POINT('',#3417);
#935=VERTEX_POINT('',#3419);
#936=VERTEX_POINT('',#3421);
#937=VERTEX_POINT('',#3423);
#938=VERTEX_POINT('',#3425);
#939=VERTEX_POINT('',#3427);
#940=VERTEX_POINT('',#3429);
#941=VERTEX_POINT('',#3431);
#942=VERTEX_POINT('',#3433);
#943=VERTEX_POINT('',#3435);
#944=VERTEX_POINT('',#3437);
#945=VERTEX_POINT('',#3439);
#946=VERTEX_POINT('',#3441);
#947=VERTEX_POINT('',#3443);
#948=VERTEX_POINT('',#3445);
#949=VERTEX_POINT('',#3447);
#950=VERTEX_POINT('',#3449);
#951=VERTEX_POINT('',#3451);
#952=VERTEX_POINT('',#3453);
#953=VERTEX_POINT('',#3455);
#954=VERTEX_POINT('',#3457);
#955=VERTEX_POINT('',#3459);
#956=VERTEX_POINT('',#3461);
#957=VERTEX_POINT('',#3463);
#958=VERTEX_POINT('',#3465);
#959=VERTEX_POINT('',#3467);
#960=VERTEX_POINT('',#3469);
#961=VERTEX_POINT('',#3471);
#962=VERTEX_POINT('',#3473);
#963=VERTEX_POINT('',#3475);
#964=VERTEX_POINT('',#3477);
#965=VERTEX_POINT('',#3479);
#966=VERTEX_POINT('',#3481);
#967=VERTEX_POINT('',#3488);
#968=VERTEX_POINT('',#3490);
#969=VERTEX_POINT('',#3494);
#970=VERTEX_POINT('',#3498);
#971=VERTEX_POINT('',#3499);
#972=VERTEX_POINT('',#3504);
#973=VERTEX_POINT('',#3508);
#974=VERTEX_POINT('',#3512);
#975=VERTEX_POINT('',#3516);
#976=VERTEX_POINT('',#3521);
#977=VERTEX_POINT('',#3523);
#978=VERTEX_POINT('',#3525);
#979=VERTEX_POINT('',#3527);
#980=VERTEX_POINT('',#3529);
#981=VERTEX_POINT('',#3531);
#982=VERTEX_POINT('',#3533);
#983=VERTEX_POINT('',#3535);
#984=VERTEX_POINT('',#3537);
#985=VERTEX_POINT('',#3539);
#986=VERTEX_POINT('',#3541);
#987=VERTEX_POINT('',#3543);
#988=VERTEX_POINT('',#3545);
#989=VERTEX_POINT('',#3547);
#990=VERTEX_POINT('',#3549);
#991=VERTEX_POINT('',#3551);
#992=VERTEX_POINT('',#3553);
#993=VERTEX_POINT('',#3555);
#994=VERTEX_POINT('',#3557);
#995=VERTEX_POINT('',#3559);
#996=VERTEX_POINT('',#3561);
#997=VERTEX_POINT('',#3563);
#998=VERTEX_POINT('',#3565);
#999=VERTEX_POINT('',#3567);
#1000=VERTEX_POINT('',#3569);
#1001=VERTEX_POINT('',#3571);
#1002=VERTEX_POINT('',#3573);
#1003=VERTEX_POINT('',#3575);
#1004=VERTEX_POINT('',#3577);
#1005=VERTEX_POINT('',#3579);
#1006=VERTEX_POINT('',#3581);
#1007=VERTEX_POINT('',#3583);
#1008=VERTEX_POINT('',#3585);
#1009=VERTEX_POINT('',#3587);
#1010=VERTEX_POINT('',#3589);
#1011=VERTEX_POINT('',#3591);
#1012=VERTEX_POINT('',#3593);
#1013=VERTEX_POINT('',#3595);
#1014=VERTEX_POINT('',#3597);
#1015=VERTEX_POINT('',#3599);
#1016=VERTEX_POINT('',#3601);
#1017=VERTEX_POINT('',#3603);
#1018=VERTEX_POINT('',#3605);
#1019=VERTEX_POINT('',#3608);
#1020=VERTEX_POINT('',#3610);
#1021=VERTEX_POINT('',#3612);
#1022=VERTEX_POINT('',#3614);
#1023=VERTEX_POINT('',#3650);
#1024=VERTEX_POINT('',#3652);
#1025=VERTEX_POINT('',#3656);
#1026=VERTEX_POINT('',#3660);
#1027=VERTEX_POINT('',#3661);
#1028=VERTEX_POINT('',#3666);
#1029=VERTEX_POINT('',#3668);
#1030=VERTEX_POINT('',#3670);
#1031=VERTEX_POINT('',#3677);
#1032=VERTEX_POINT('',#3679);
#1033=VERTEX_POINT('',#3690);
#1034=VERTEX_POINT('',#3692);
#1035=VERTEX_POINT('',#3695);
#1036=VERTEX_POINT('',#3697);
#1037=VERTEX_POINT('',#3699);
#1038=VERTEX_POINT('',#3701);
#1039=VERTEX_POINT('',#3703);
#1040=VERTEX_POINT('',#3705);
#1041=VERTEX_POINT('',#3707);
#1042=VERTEX_POINT('',#3709);
#1043=VERTEX_POINT('',#3711);
#1044=VERTEX_POINT('',#3713);
#1045=VERTEX_POINT('',#3715);
#1046=VERTEX_POINT('',#3717);
#1047=VERTEX_POINT('',#3719);
#1048=VERTEX_POINT('',#3721);
#1049=VERTEX_POINT('',#3723);
#1050=VERTEX_POINT('',#3733);
#1051=VERTEX_POINT('',#3737);
#1052=VERTEX_POINT('',#3741);
#1053=VERTEX_POINT('',#3743);
#1054=VERTEX_POINT('',#3747);
#1055=VERTEX_POINT('',#3751);
#1056=VERTEX_POINT('',#3759);
#1057=VERTEX_POINT('',#3761);
#1058=VERTEX_POINT('',#3763);
#1059=VERTEX_POINT('',#3765);
#1060=VERTEX_POINT('',#3767);
#1061=VERTEX_POINT('',#3769);
#1062=VERTEX_POINT('',#3773);
#1063=VERTEX_POINT('',#3775);
#1064=VERTEX_POINT('',#3779);
#1065=VERTEX_POINT('',#3783);
#1066=VERTEX_POINT('',#3787);
#1067=VERTEX_POINT('',#3791);
#1068=VERTEX_POINT('',#3795);
#1069=VERTEX_POINT('',#3799);
#1070=VERTEX_POINT('',#3805);
#1071=VERTEX_POINT('',#3807);
#1072=VERTEX_POINT('',#3812);
#1073=VERTEX_POINT('',#3814);
#1074=VERTEX_POINT('',#3819);
#1075=VERTEX_POINT('',#3821);
#1076=VERTEX_POINT('',#3825);
#1077=VERTEX_POINT('',#3829);
#1078=VERTEX_POINT('',#3838);
#1079=VERTEX_POINT('',#3842);
#1080=VERTEX_POINT('',#3848);
#1081=VERTEX_POINT('',#3849);
#1082=VERTEX_POINT('',#3854);
#1083=VERTEX_POINT('',#3858);
#1084=VERTEX_POINT('',#3870);
#1085=VERTEX_POINT('',#3874);
#1086=VERTEX_POINT('',#3878);
#1087=VERTEX_POINT('',#3882);
#1088=VERTEX_POINT('',#3895);
#1089=VERTEX_POINT('',#3899);
#1090=VERTEX_POINT('',#3903);
#1091=VERTEX_POINT('',#3907);
#1092=VERTEX_POINT('',#3911);
#1093=VERTEX_POINT('',#3914);
#1094=VERTEX_POINT('',#3917);
#1095=VERTEX_POINT('',#3920);
#1096=VERTEX_POINT('',#3923);
#1097=VERTEX_POINT('',#3928);
#1098=VERTEX_POINT('',#3933);
#1099=VERTEX_POINT('',#3938);
#1100=EDGE_CURVE('',#883,#883,#766,.T.);
#1101=EDGE_CURVE('',#883,#884,#382,.T.);
#1102=EDGE_CURVE('',#884,#884,#767,.T.);
#1103=EDGE_CURVE('',#885,#885,#768,.T.);
#1104=EDGE_CURVE('',#885,#886,#383,.T.);
#1105=EDGE_CURVE('',#886,#886,#769,.T.);
#1106=EDGE_CURVE('',#887,#887,#770,.T.);
#1107=EDGE_CURVE('',#887,#888,#384,.T.);
#1108=EDGE_CURVE('',#888,#888,#771,.T.);
#1109=EDGE_CURVE('',#889,#889,#772,.T.);
#1110=EDGE_CURVE('',#889,#890,#385,.T.);
#1111=EDGE_CURVE('',#890,#890,#773,.T.);
#1112=EDGE_CURVE('',#891,#892,#47,.T.);
#1113=EDGE_CURVE('',#892,#893,#386,.T.);
#1114=EDGE_CURVE('',#893,#894,#774,.T.);
#1115=EDGE_CURVE('',#894,#891,#387,.T.);
#1116=EDGE_CURVE('',#895,#892,#388,.T.);
#1117=EDGE_CURVE('',#896,#895,#389,.T.);
#1118=EDGE_CURVE('',#893,#896,#390,.T.);
#1119=EDGE_CURVE('',#891,#897,#391,.T.);
#1120=EDGE_CURVE('',#898,#897,#392,.T.);
#1121=EDGE_CURVE('',#898,#899,#393,.T.);
#1122=EDGE_CURVE('',#900,#899,#48,.T.);
#1123=EDGE_CURVE('',#900,#901,#49,.T.);
#1124=EDGE_CURVE('',#901,#902,#50,.T.);
#1125=EDGE_CURVE('',#895,#902,#51,.T.);
#1126=EDGE_CURVE('',#903,#904,#775,.T.);
#1127=EDGE_CURVE('',#904,#905,#394,.T.);
#1128=EDGE_CURVE('',#905,#906,#19,.T.);
#1129=EDGE_CURVE('',#906,#903,#395,.T.);
#1130=EDGE_CURVE('',#905,#907,#20,.T.);
#1131=EDGE_CURVE('',#907,#908,#21,.T.);
#1132=EDGE_CURVE('',#908,#909,#776,.T.);
#1133=EDGE_CURVE('',#909,#910,#22,.T.);
#1134=EDGE_CURVE('',#910,#911,#396,.T.);
#1135=EDGE_CURVE('',#911,#912,#23,.T.);
#1136=EDGE_CURVE('',#912,#913,#397,.T.);
#1137=EDGE_CURVE('',#913,#914,#24,.T.);
#1138=EDGE_CURVE('',#914,#915,#398,.T.);
#1139=EDGE_CURVE('',#915,#916,#25,.T.);
#1140=EDGE_CURVE('',#916,#917,#777,.T.);
#1141=EDGE_CURVE('',#917,#918,#26,.T.);
#1142=EDGE_CURVE('',#918,#919,#27,.T.);
#1143=EDGE_CURVE('',#920,#919,#28,.T.);
#1144=EDGE_CURVE('',#920,#898,#778,.T.);
#1145=EDGE_CURVE('',#897,#906,#779,.T.);
#1146=EDGE_CURVE('',#921,#904,#780,.T.);
#1147=EDGE_CURVE('',#919,#921,#399,.T.);
#1148=EDGE_CURVE('',#918,#922,#29,.T.);
#1149=EDGE_CURVE('',#922,#923,#781,.T.);
#1150=EDGE_CURVE('',#923,#907,#30,.T.);
#1151=EDGE_CURVE('',#921,#924,#782,.T.);
#1152=EDGE_CURVE('',#924,#920,#400,.T.);
#1153=EDGE_CURVE('',#925,#926,#783,.T.);
#1154=EDGE_CURVE('',#926,#900,#401,.T.);
#1155=EDGE_CURVE('',#899,#925,#402,.T.);
#1156=EDGE_CURVE('',#927,#926,#784,.T.);
#1157=EDGE_CURVE('',#901,#927,#403,.T.);
#1158=EDGE_CURVE('',#928,#896,#785,.T.);
#1159=EDGE_CURVE('',#928,#927,#786,.T.);
#1160=EDGE_CURVE('',#925,#924,#404,.T.);
#1161=EDGE_CURVE('',#903,#894,#405,.T.);
#1162=EDGE_CURVE('',#929,#930,#787,.T.);
#1163=EDGE_CURVE('',#929,#931,#406,.F.);
#1164=EDGE_CURVE('',#932,#931,#788,.T.);
#1165=EDGE_CURVE('',#932,#933,#789,.F.);
#1166=EDGE_CURVE('',#933,#934,#407,.F.);
#1167=EDGE_CURVE('',#934,#935,#408,.T.);
#1168=EDGE_CURVE('',#936,#935,#790,.T.);
#1169=EDGE_CURVE('',#936,#937,#409,.T.);
#1170=EDGE_CURVE('',#938,#937,#791,.T.);
#1171=EDGE_CURVE('',#938,#939,#410,.F.);
#1172=EDGE_CURVE('',#940,#939,#792,.T.);
#1173=EDGE_CURVE('',#940,#941,#411,.F.);
#1174=EDGE_CURVE('',#942,#941,#793,.T.);
#1175=EDGE_CURVE('',#942,#943,#794,.F.);
#1176=EDGE_CURVE('',#943,#944,#412,.F.);
#1177=EDGE_CURVE('',#945,#944,#795,.T.);
#1178=EDGE_CURVE('',#945,#946,#796,.F.);
#1179=EDGE_CURVE('',#946,#947,#413,.F.);
#1180=EDGE_CURVE('',#948,#947,#797,.T.);
#1181=EDGE_CURVE('',#948,#949,#414,.F.);
#1182=EDGE_CURVE('',#950,#949,#798,.T.);
#1183=EDGE_CURVE('',#950,#951,#415,.F.);
#1184=EDGE_CURVE('',#952,#951,#799,.T.);
#1185=EDGE_CURVE('',#952,#953,#416,.F.);
#1186=EDGE_CURVE('',#954,#953,#800,.T.);
#1187=EDGE_CURVE('',#954,#955,#417,.F.);
#1188=EDGE_CURVE('',#956,#955,#801,.T.);
#1189=EDGE_CURVE('',#956,#957,#418,.F.);
#1190=EDGE_CURVE('',#958,#957,#802,.T.);
#1191=EDGE_CURVE('',#958,#959,#419,.F.);
#1192=EDGE_CURVE('',#960,#959,#803,.T.);
#1193=EDGE_CURVE('',#960,#961,#420,.F.);
#1194=EDGE_CURVE('',#962,#961,#804,.T.);
#1195=EDGE_CURVE('',#962,#963,#421,.F.);
#1196=EDGE_CURVE('',#964,#963,#805,.T.);
#1197=EDGE_CURVE('',#964,#965,#422,.F.);
#1198=EDGE_CURVE('',#966,#965,#806,.T.);
#1199=EDGE_CURVE('',#966,#930,#423,.F.);
#1200=EDGE_CURVE('',#902,#928,#424,.T.);
#1201=EDGE_CURVE('',#930,#967,#425,.T.);
#1202=EDGE_CURVE('',#967,#968,#807,.F.);
#1203=EDGE_CURVE('',#968,#929,#426,.T.);
#1204=EDGE_CURVE('',#969,#966,#427,.T.);
#1205=EDGE_CURVE('',#967,#969,#428,.T.);
#1206=EDGE_CURVE('',#970,#971,#808,.T.);
#1207=EDGE_CURVE('',#970,#932,#429,.T.);
#1208=EDGE_CURVE('',#931,#971,#430,.T.);
#1209=EDGE_CURVE('',#972,#970,#809,.T.);
#1210=EDGE_CURVE('',#972,#933,#431,.T.);
#1211=EDGE_CURVE('',#965,#973,#432,.T.);
#1212=EDGE_CURVE('',#973,#969,#810,.F.);
#1213=EDGE_CURVE('',#974,#964,#433,.T.);
#1214=EDGE_CURVE('',#973,#974,#434,.T.);
#1215=EDGE_CURVE('',#974,#975,#811,.T.);
#1216=EDGE_CURVE('',#963,#975,#435,.T.);
#1217=EDGE_CURVE('',#971,#968,#436,.T.);
#1218=EDGE_CURVE('',#975,#976,#437,.T.);
#1219=EDGE_CURVE('',#976,#977,#812,.T.);
#1220=EDGE_CURVE('',#977,#978,#438,.T.);
#1221=EDGE_CURVE('',#978,#979,#813,.T.);
#1222=EDGE_CURVE('',#979,#980,#439,.T.);
#1223=EDGE_CURVE('',#981,#980,#814,.F.);
#1224=EDGE_CURVE('',#981,#982,#440,.T.);
#1225=EDGE_CURVE('',#982,#983,#815,.T.);
#1226=EDGE_CURVE('',#983,#984,#441,.T.);
#1227=EDGE_CURVE('',#985,#984,#816,.F.);
#1228=EDGE_CURVE('',#985,#986,#442,.T.);
#1229=EDGE_CURVE('',#986,#987,#817,.T.);
#1230=EDGE_CURVE('',#987,#988,#443,.T.);
#1231=EDGE_CURVE('',#988,#989,#818,.T.);
#1232=EDGE_CURVE('',#989,#990,#444,.T.);
#1233=EDGE_CURVE('',#991,#990,#819,.F.);
#1234=EDGE_CURVE('',#991,#992,#445,.T.);
#1235=EDGE_CURVE('',#992,#993,#820,.T.);
#1236=EDGE_CURVE('',#994,#993,#821,.F.);
#1237=EDGE_CURVE('',#994,#995,#446,.T.);
#1238=EDGE_CURVE('',#995,#996,#822,.T.);
#1239=EDGE_CURVE('',#997,#996,#823,.F.);
#1240=EDGE_CURVE('',#997,#998,#447,.T.);
#1241=EDGE_CURVE('',#999,#998,#824,.T.);
#1242=EDGE_CURVE('',#999,#1000,#448,.T.);
#1243=EDGE_CURVE('',#1000,#1001,#825,.T.);
#1244=EDGE_CURVE('',#1001,#1002,#449,.T.);
#1245=EDGE_CURVE('',#1002,#1003,#826,.T.);
#1246=EDGE_CURVE('',#1003,#1004,#450,.T.);
#1247=EDGE_CURVE('',#1004,#1005,#827,.T.);
#1248=EDGE_CURVE('',#1005,#1006,#828,.T.);
#1249=EDGE_CURVE('',#1006,#1007,#451,.T.);
#1250=EDGE_CURVE('',#1007,#1008,#829,.T.);
#1251=EDGE_CURVE('',#1008,#1009,#452,.T.);
#1252=EDGE_CURVE('',#1009,#1010,#830,.T.);
#1253=EDGE_CURVE('',#1010,#1011,#453,.T.);
#1254=EDGE_CURVE('',#1011,#1012,#831,.T.);
#1255=EDGE_CURVE('',#1012,#1013,#454,.T.);
#1256=EDGE_CURVE('',#1013,#1014,#455,.T.);
#1257=EDGE_CURVE('',#1014,#1015,#832,.T.);
#1258=EDGE_CURVE('',#1015,#1016,#456,.T.);
#1259=EDGE_CURVE('',#1016,#1017,#833,.T.);
#1260=EDGE_CURVE('',#1017,#1018,#457,.T.);
#1261=EDGE_CURVE('',#1018,#972,#458,.T.);
#1262=EDGE_CURVE('',#1019,#1019,#834,.T.);
#1263=EDGE_CURVE('',#1020,#1020,#835,.T.);
#1264=EDGE_CURVE('',#1021,#1021,#836,.T.);
#1265=EDGE_CURVE('',#1022,#1022,#837,.T.);
#1266=EDGE_CURVE('',#976,#962,#459,.T.);
#1267=EDGE_CURVE('',#978,#960,#460,.T.);
#1268=EDGE_CURVE('',#959,#979,#461,.T.);
#1269=EDGE_CURVE('',#961,#977,#462,.T.);
#1270=EDGE_CURVE('',#957,#981,#463,.T.);
#1271=EDGE_CURVE('',#980,#958,#464,.T.);
#1272=EDGE_CURVE('',#982,#956,#465,.T.);
#1273=EDGE_CURVE('',#986,#952,#466,.T.);
#1274=EDGE_CURVE('',#951,#987,#467,.T.);
#1275=EDGE_CURVE('',#953,#985,#468,.T.);
#1276=EDGE_CURVE('',#988,#950,#469,.T.);
#1277=EDGE_CURVE('',#949,#989,#470,.T.);
#1278=EDGE_CURVE('',#990,#948,#471,.T.);
#1279=EDGE_CURVE('',#944,#994,#472,.T.);
#1280=EDGE_CURVE('',#993,#945,#473,.T.);
#1281=EDGE_CURVE('',#995,#943,#474,.T.);
#1282=EDGE_CURVE('',#1014,#938,#475,.T.);
#1283=EDGE_CURVE('',#937,#1015,#476,.T.);
#1284=EDGE_CURVE('',#1016,#936,#477,.T.);
#1285=EDGE_CURVE('',#998,#1023,#478,.T.);
#1286=EDGE_CURVE('',#1023,#1024,#838,.F.);
#1287=EDGE_CURVE('',#1024,#999,#479,.T.);
#1288=EDGE_CURVE('',#1024,#1025,#480,.T.);
#1289=EDGE_CURVE('',#1000,#1025,#481,.T.);
#1290=EDGE_CURVE('',#1026,#1027,#839,.T.);
#1291=EDGE_CURVE('',#1026,#940,#482,.T.);
#1292=EDGE_CURVE('',#939,#1027,#483,.T.);
#1293=EDGE_CURVE('',#1013,#1028,#484,.T.);
#1294=EDGE_CURVE('',#1028,#1029,#485,.F.);
#1295=EDGE_CURVE('',#1030,#1029,#486,.F.);
#1296=EDGE_CURVE('',#1030,#1027,#487,.F.);
#1297=EDGE_CURVE('',#941,#997,#488,.T.);
#1298=EDGE_CURVE('',#996,#942,#489,.T.);
#1299=EDGE_CURVE('',#1026,#1031,#490,.F.);
#1300=EDGE_CURVE('',#1031,#1032,#491,.T.);
#1301=EDGE_CURVE('',#1032,#1023,#492,.F.);
#1302=EDGE_CURVE('',#984,#954,#493,.T.);
#1303=EDGE_CURVE('',#955,#983,#494,.T.);
#1304=EDGE_CURVE('',#947,#991,#495,.T.);
#1305=EDGE_CURVE('',#1033,#1032,#496,.T.);
#1306=EDGE_CURVE('',#1034,#1033,#840,.T.);
#1307=EDGE_CURVE('',#1029,#1034,#497,.T.);
#1308=EDGE_CURVE('',#1035,#1028,#498,.T.);
#1309=EDGE_CURVE('',#1036,#1035,#841,.T.);
#1310=EDGE_CURVE('',#1037,#1036,#499,.T.);
#1311=EDGE_CURVE('',#1038,#1037,#842,.T.);
#1312=EDGE_CURVE('',#1039,#1038,#500,.T.);
#1313=EDGE_CURVE('',#1040,#1039,#501,.T.);
#1314=EDGE_CURVE('',#1041,#1040,#843,.T.);
#1315=EDGE_CURVE('',#1042,#1041,#502,.T.);
#1316=EDGE_CURVE('',#1043,#1042,#503,.T.);
#1317=EDGE_CURVE('',#1044,#1043,#844,.T.);
#1318=EDGE_CURVE('',#1045,#1044,#504,.T.);
#1319=EDGE_CURVE('',#1046,#1045,#505,.T.);
#1320=EDGE_CURVE('',#1047,#1046,#506,.T.);
#1321=EDGE_CURVE('',#1048,#1047,#507,.T.);
#1322=EDGE_CURVE('',#1049,#1048,#508,.T.);
#1323=EDGE_CURVE('',#1025,#1049,#845,.T.);
#1324=EDGE_CURVE('',#992,#946,#509,.T.);
#1325=EDGE_CURVE('',#915,#1050,#846,.T.);
#1326=EDGE_CURVE('',#916,#1050,#510,.T.);
#1327=EDGE_CURVE('',#1050,#1051,#511,.T.);
#1328=EDGE_CURVE('',#917,#1051,#512,.T.);
#1329=EDGE_CURVE('',#908,#1052,#513,.T.);
#1330=EDGE_CURVE('',#1052,#1053,#514,.T.);
#1331=EDGE_CURVE('',#909,#1053,#515,.T.);
#1332=EDGE_CURVE('',#923,#1054,#516,.T.);
#1333=EDGE_CURVE('',#1054,#1052,#847,.T.);
#1334=EDGE_CURVE('',#922,#1055,#517,.T.);
#1335=EDGE_CURVE('',#1055,#1054,#518,.T.);
#1336=EDGE_CURVE('',#1051,#1055,#848,.T.);
#1337=EDGE_CURVE('',#1053,#910,#849,.T.);
#1338=EDGE_CURVE('',#1056,#914,#850,.T.);
#1339=EDGE_CURVE('',#1057,#1056,#519,.T.);
#1340=EDGE_CURVE('',#1058,#1057,#851,.T.);
#1341=EDGE_CURVE('',#1059,#1058,#520,.T.);
#1342=EDGE_CURVE('',#1060,#1059,#852,.T.);
#1343=EDGE_CURVE('',#1061,#1060,#521,.T.);
#1344=EDGE_CURVE('',#911,#1061,#853,.T.);
#1345=EDGE_CURVE('',#1060,#1062,#522,.T.);
#1346=EDGE_CURVE('',#1063,#1062,#523,.T.);
#1347=EDGE_CURVE('',#1061,#1063,#524,.T.);
#1348=EDGE_CURVE('',#1059,#1064,#525,.T.);
#1349=EDGE_CURVE('',#1062,#1064,#854,.T.);
#1350=EDGE_CURVE('',#1058,#1065,#526,.T.);
#1351=EDGE_CURVE('',#1064,#1065,#527,.T.);
#1352=EDGE_CURVE('',#1057,#1066,#528,.T.);
#1353=EDGE_CURVE('',#1065,#1066,#855,.T.);
#1354=EDGE_CURVE('',#1056,#1067,#529,.T.);
#1355=EDGE_CURVE('',#1066,#1067,#530,.T.);
#1356=EDGE_CURVE('',#913,#1068,#531,.T.);
#1357=EDGE_CURVE('',#1067,#1068,#856,.T.);
#1358=EDGE_CURVE('',#1068,#1069,#532,.T.);
#1359=EDGE_CURVE('',#912,#1069,#533,.T.);
#1360=EDGE_CURVE('',#1069,#1063,#857,.T.);
#1361=EDGE_CURVE('',#1070,#1070,#858,.T.);
#1362=EDGE_CURVE('',#1070,#1071,#534,.T.);
#1363=EDGE_CURVE('',#1071,#1071,#859,.T.);
#1364=EDGE_CURVE('',#1072,#1072,#860,.T.);
#1365=EDGE_CURVE('',#1072,#1073,#535,.T.);
#1366=EDGE_CURVE('',#1073,#1073,#861,.T.);
#1367=EDGE_CURVE('',#1045,#1074,#536,.T.);
#1368=EDGE_CURVE('',#1074,#1075,#537,.T.);
#1369=EDGE_CURVE('',#1046,#1075,#538,.T.);
#1370=EDGE_CURVE('',#1075,#1076,#539,.T.);
#1371=EDGE_CURVE('',#1047,#1076,#540,.T.);
#1372=EDGE_CURVE('',#1076,#1077,#541,.T.);
#1373=EDGE_CURVE('',#1048,#1077,#542,.T.);
#1374=EDGE_CURVE('',#1077,#1074,#543,.T.);
#1375=EDGE_CURVE('',#1002,#1044,#544,.T.);
#1376=EDGE_CURVE('',#1001,#1049,#545,.T.);
#1377=EDGE_CURVE('',#1030,#1078,#546,.T.);
#1378=EDGE_CURVE('',#1078,#1034,#547,.T.);
#1379=EDGE_CURVE('',#1078,#1079,#862,.T.);
#1380=EDGE_CURVE('',#1079,#1033,#548,.T.);
#1381=EDGE_CURVE('',#1079,#1031,#549,.T.);
#1382=EDGE_CURVE('',#1080,#1081,#550,.T.);
#1383=EDGE_CURVE('',#1080,#1040,#551,.T.);
#1384=EDGE_CURVE('',#1081,#1039,#552,.T.);
#1385=EDGE_CURVE('',#1082,#1080,#863,.T.);
#1386=EDGE_CURVE('',#1082,#1041,#553,.T.);
#1387=EDGE_CURVE('',#1083,#1082,#554,.T.);
#1388=EDGE_CURVE('',#1083,#1042,#555,.T.);
#1389=EDGE_CURVE('',#1011,#1036,#556,.T.);
#1390=EDGE_CURVE('',#1012,#1035,#557,.T.);
#1391=EDGE_CURVE('',#1010,#1037,#558,.T.);
#1392=EDGE_CURVE('',#1009,#1038,#559,.T.);
#1393=EDGE_CURVE('',#1008,#1084,#560,.T.);
#1394=EDGE_CURVE('',#1084,#1081,#561,.T.);
#1395=EDGE_CURVE('',#1007,#1085,#562,.T.);
#1396=EDGE_CURVE('',#1085,#1084,#864,.T.);
#1397=EDGE_CURVE('',#1006,#1086,#563,.T.);
#1398=EDGE_CURVE('',#1086,#1085,#564,.T.);
#1399=EDGE_CURVE('',#1005,#1087,#565,.T.);
#1400=EDGE_CURVE('',#1087,#1086,#865,.T.);
#1401=EDGE_CURVE('',#1004,#1083,#566,.T.);
#1402=EDGE_CURVE('',#1083,#1087,#866,.T.);
#1403=EDGE_CURVE('',#1003,#1043,#567,.T.);
#1404=EDGE_CURVE('',#1088,#1088,#867,.T.);
#1405=EDGE_CURVE('',#1088,#1019,#868,.T.);
#1406=EDGE_CURVE('',#1089,#1089,#869,.T.);
#1407=EDGE_CURVE('',#1089,#1022,#870,.T.);
#1408=EDGE_CURVE('',#1090,#1090,#871,.T.);
#1409=EDGE_CURVE('',#1090,#1020,#872,.T.);
#1410=EDGE_CURVE('',#1091,#1091,#873,.T.);
#1411=EDGE_CURVE('',#1091,#1021,#874,.T.);
#1412=EDGE_CURVE('',#1092,#1092,#875,.T.);
#1413=EDGE_CURVE('',#1093,#1093,#876,.T.);
#1414=EDGE_CURVE('',#1094,#1094,#877,.T.);
#1415=EDGE_CURVE('',#1095,#1095,#878,.T.);
#1416=EDGE_CURVE('',#1096,#1096,#879,.T.);
#1417=EDGE_CURVE('',#1096,#1095,#568,.T.);
#1418=EDGE_CURVE('',#1097,#1097,#880,.T.);
#1419=EDGE_CURVE('',#1097,#1093,#569,.T.);
#1420=EDGE_CURVE('',#1098,#1098,#881,.T.);
#1421=EDGE_CURVE('',#1098,#1092,#570,.T.);
#1422=EDGE_CURVE('',#1099,#1099,#882,.T.);
#1423=EDGE_CURVE('',#1099,#1094,#571,.T.);
#1424=EDGE_CURVE('',#935,#1017,#572,.T.);
#1425=EDGE_CURVE('',#1018,#934,#573,.F.);
#1426=ORIENTED_EDGE('',*,*,#1100,.F.);
#1427=ORIENTED_EDGE('',*,*,#1101,.T.);
#1428=ORIENTED_EDGE('',*,*,#1102,.T.);
#1429=ORIENTED_EDGE('',*,*,#1101,.F.);
#1430=ORIENTED_EDGE('',*,*,#1102,.F.);
#1431=ORIENTED_EDGE('',*,*,#1103,.F.);
#1432=ORIENTED_EDGE('',*,*,#1104,.T.);
#1433=ORIENTED_EDGE('',*,*,#1105,.T.);
#1434=ORIENTED_EDGE('',*,*,#1104,.F.);
#1435=ORIENTED_EDGE('',*,*,#1105,.F.);
#1436=ORIENTED_EDGE('',*,*,#1106,.F.);
#1437=ORIENTED_EDGE('',*,*,#1107,.T.);
#1438=ORIENTED_EDGE('',*,*,#1108,.T.);
#1439=ORIENTED_EDGE('',*,*,#1107,.F.);
#1440=ORIENTED_EDGE('',*,*,#1108,.F.);
#1441=ORIENTED_EDGE('',*,*,#1109,.F.);
#1442=ORIENTED_EDGE('',*,*,#1110,.T.);
#1443=ORIENTED_EDGE('',*,*,#1111,.T.);
#1444=ORIENTED_EDGE('',*,*,#1110,.F.);
#1445=ORIENTED_EDGE('',*,*,#1111,.F.);
#1446=ORIENTED_EDGE('',*,*,#1112,.T.);
#1447=ORIENTED_EDGE('',*,*,#1113,.T.);
#1448=ORIENTED_EDGE('',*,*,#1114,.T.);
#1449=ORIENTED_EDGE('',*,*,#1115,.T.);
#1450=ORIENTED_EDGE('',*,*,#1113,.F.);
#1451=ORIENTED_EDGE('',*,*,#1116,.F.);
#1452=ORIENTED_EDGE('',*,*,#1117,.F.);
#1453=ORIENTED_EDGE('',*,*,#1118,.F.);
#1454=ORIENTED_EDGE('',*,*,#1112,.F.);
#1455=ORIENTED_EDGE('',*,*,#1119,.T.);
#1456=ORIENTED_EDGE('',*,*,#1120,.F.);
#1457=ORIENTED_EDGE('',*,*,#1121,.T.);
#1458=ORIENTED_EDGE('',*,*,#1122,.F.);
#1459=ORIENTED_EDGE('',*,*,#1123,.T.);
#1460=ORIENTED_EDGE('',*,*,#1124,.T.);
#1461=ORIENTED_EDGE('',*,*,#1125,.F.);
#1462=ORIENTED_EDGE('',*,*,#1116,.T.);
#1463=ORIENTED_EDGE('',*,*,#1100,.T.);
#1464=ORIENTED_EDGE('',*,*,#1103,.T.);
#1465=ORIENTED_EDGE('',*,*,#1106,.T.);
#1466=ORIENTED_EDGE('',*,*,#1109,.T.);
#1467=ORIENTED_EDGE('',*,*,#1126,.T.);
#1468=ORIENTED_EDGE('',*,*,#1127,.T.);
#1469=ORIENTED_EDGE('',*,*,#1128,.T.);
#1470=ORIENTED_EDGE('',*,*,#1129,.T.);
#1471=ORIENTED_EDGE('',*,*,#1128,.F.);
#1472=ORIENTED_EDGE('',*,*,#1130,.T.);
#1473=ORIENTED_EDGE('',*,*,#1131,.T.);
#1474=ORIENTED_EDGE('',*,*,#1132,.T.);
#1475=ORIENTED_EDGE('',*,*,#1133,.T.);
#1476=ORIENTED_EDGE('',*,*,#1134,.T.);
#1477=ORIENTED_EDGE('',*,*,#1135,.T.);
#1478=ORIENTED_EDGE('',*,*,#1136,.T.);
#1479=ORIENTED_EDGE('',*,*,#1137,.T.);
#1480=ORIENTED_EDGE('',*,*,#1138,.T.);
#1481=ORIENTED_EDGE('',*,*,#1139,.T.);
#1482=ORIENTED_EDGE('',*,*,#1140,.T.);
#1483=ORIENTED_EDGE('',*,*,#1141,.T.);
#1484=ORIENTED_EDGE('',*,*,#1142,.T.);
#1485=ORIENTED_EDGE('',*,*,#1143,.F.);
#1486=ORIENTED_EDGE('',*,*,#1144,.T.);
#1487=ORIENTED_EDGE('',*,*,#1120,.T.);
#1488=ORIENTED_EDGE('',*,*,#1145,.T.);
#1489=ORIENTED_EDGE('',*,*,#1127,.F.);
#1490=ORIENTED_EDGE('',*,*,#1146,.F.);
#1491=ORIENTED_EDGE('',*,*,#1147,.F.);
#1492=ORIENTED_EDGE('',*,*,#1142,.F.);
#1493=ORIENTED_EDGE('',*,*,#1148,.T.);
#1494=ORIENTED_EDGE('',*,*,#1149,.T.);
#1495=ORIENTED_EDGE('',*,*,#1150,.T.);
#1496=ORIENTED_EDGE('',*,*,#1130,.F.);
#1497=ORIENTED_EDGE('',*,*,#1151,.T.);
#1498=ORIENTED_EDGE('',*,*,#1152,.T.);
#1499=ORIENTED_EDGE('',*,*,#1143,.T.);
#1500=ORIENTED_EDGE('',*,*,#1147,.T.);
#1501=ORIENTED_EDGE('',*,*,#1153,.T.);
#1502=ORIENTED_EDGE('',*,*,#1154,.T.);
#1503=ORIENTED_EDGE('',*,*,#1122,.T.);
#1504=ORIENTED_EDGE('',*,*,#1155,.T.);
#1505=ORIENTED_EDGE('',*,*,#1154,.F.);
#1506=ORIENTED_EDGE('',*,*,#1156,.F.);
#1507=ORIENTED_EDGE('',*,*,#1157,.F.);
#1508=ORIENTED_EDGE('',*,*,#1123,.F.);
#1509=ORIENTED_EDGE('',*,*,#1114,.F.);
#1510=ORIENTED_EDGE('',*,*,#1118,.T.);
#1511=ORIENTED_EDGE('',*,*,#1158,.F.);
#1512=ORIENTED_EDGE('',*,*,#1159,.T.);
#1513=ORIENTED_EDGE('',*,*,#1156,.T.);
#1514=ORIENTED_EDGE('',*,*,#1153,.F.);
#1515=ORIENTED_EDGE('',*,*,#1160,.T.);
#1516=ORIENTED_EDGE('',*,*,#1151,.F.);
#1517=ORIENTED_EDGE('',*,*,#1146,.T.);
#1518=ORIENTED_EDGE('',*,*,#1126,.F.);
#1519=ORIENTED_EDGE('',*,*,#1161,.T.);
#1520=ORIENTED_EDGE('',*,*,#1162,.F.);
#1521=ORIENTED_EDGE('',*,*,#1163,.T.);
#1522=ORIENTED_EDGE('',*,*,#1164,.F.);
#1523=ORIENTED_EDGE('',*,*,#1165,.T.);
#1524=ORIENTED_EDGE('',*,*,#1166,.T.);
#1525=ORIENTED_EDGE('',*,*,#1167,.T.);
#1526=ORIENTED_EDGE('',*,*,#1168,.F.);
#1527=ORIENTED_EDGE('',*,*,#1169,.T.);
#1528=ORIENTED_EDGE('',*,*,#1170,.F.);
#1529=ORIENTED_EDGE('',*,*,#1171,.T.);
#1530=ORIENTED_EDGE('',*,*,#1172,.F.);
#1531=ORIENTED_EDGE('',*,*,#1173,.T.);
#1532=ORIENTED_EDGE('',*,*,#1174,.F.);
#1533=ORIENTED_EDGE('',*,*,#1175,.T.);
#1534=ORIENTED_EDGE('',*,*,#1176,.T.);
#1535=ORIENTED_EDGE('',*,*,#1177,.F.);
#1536=ORIENTED_EDGE('',*,*,#1178,.T.);
#1537=ORIENTED_EDGE('',*,*,#1179,.T.);
#1538=ORIENTED_EDGE('',*,*,#1180,.F.);
#1539=ORIENTED_EDGE('',*,*,#1181,.T.);
#1540=ORIENTED_EDGE('',*,*,#1182,.F.);
#1541=ORIENTED_EDGE('',*,*,#1183,.T.);
#1542=ORIENTED_EDGE('',*,*,#1184,.F.);
#1543=ORIENTED_EDGE('',*,*,#1185,.T.);
#1544=ORIENTED_EDGE('',*,*,#1186,.F.);
#1545=ORIENTED_EDGE('',*,*,#1187,.T.);
#1546=ORIENTED_EDGE('',*,*,#1188,.F.);
#1547=ORIENTED_EDGE('',*,*,#1189,.T.);
#1548=ORIENTED_EDGE('',*,*,#1190,.F.);
#1549=ORIENTED_EDGE('',*,*,#1191,.T.);
#1550=ORIENTED_EDGE('',*,*,#1192,.F.);
#1551=ORIENTED_EDGE('',*,*,#1193,.T.);
#1552=ORIENTED_EDGE('',*,*,#1194,.F.);
#1553=ORIENTED_EDGE('',*,*,#1195,.T.);
#1554=ORIENTED_EDGE('',*,*,#1196,.F.);
#1555=ORIENTED_EDGE('',*,*,#1197,.T.);
#1556=ORIENTED_EDGE('',*,*,#1198,.F.);
#1557=ORIENTED_EDGE('',*,*,#1199,.T.);
#1558=ORIENTED_EDGE('',*,*,#1158,.T.);
#1559=ORIENTED_EDGE('',*,*,#1117,.T.);
#1560=ORIENTED_EDGE('',*,*,#1125,.T.);
#1561=ORIENTED_EDGE('',*,*,#1200,.T.);
#1562=ORIENTED_EDGE('',*,*,#1200,.F.);
#1563=ORIENTED_EDGE('',*,*,#1124,.F.);
#1564=ORIENTED_EDGE('',*,*,#1157,.T.);
#1565=ORIENTED_EDGE('',*,*,#1159,.F.);
#1566=ORIENTED_EDGE('',*,*,#1162,.T.);
#1567=ORIENTED_EDGE('',*,*,#1201,.T.);
#1568=ORIENTED_EDGE('',*,*,#1202,.T.);
#1569=ORIENTED_EDGE('',*,*,#1203,.T.);
#1570=ORIENTED_EDGE('',*,*,#1201,.F.);
#1571=ORIENTED_EDGE('',*,*,#1199,.F.);
#1572=ORIENTED_EDGE('',*,*,#1204,.F.);
#1573=ORIENTED_EDGE('',*,*,#1205,.F.);
#1574=ORIENTED_EDGE('',*,*,#1206,.F.);
#1575=ORIENTED_EDGE('',*,*,#1207,.T.);
#1576=ORIENTED_EDGE('',*,*,#1164,.T.);
#1577=ORIENTED_EDGE('',*,*,#1208,.T.);
#1578=ORIENTED_EDGE('',*,*,#1207,.F.);
#1579=ORIENTED_EDGE('',*,*,#1209,.F.);
#1580=ORIENTED_EDGE('',*,*,#1210,.T.);
#1581=ORIENTED_EDGE('',*,*,#1165,.F.);
#1582=ORIENTED_EDGE('',*,*,#1198,.T.);
#1583=ORIENTED_EDGE('',*,*,#1211,.T.);
#1584=ORIENTED_EDGE('',*,*,#1212,.T.);
#1585=ORIENTED_EDGE('',*,*,#1204,.T.);
#1586=ORIENTED_EDGE('',*,*,#1211,.F.);
#1587=ORIENTED_EDGE('',*,*,#1197,.F.);
#1588=ORIENTED_EDGE('',*,*,#1213,.F.);
#1589=ORIENTED_EDGE('',*,*,#1214,.F.);
#1590=ORIENTED_EDGE('',*,*,#1215,.F.);
#1591=ORIENTED_EDGE('',*,*,#1213,.T.);
#1592=ORIENTED_EDGE('',*,*,#1196,.T.);
#1593=ORIENTED_EDGE('',*,*,#1216,.T.);
#1594=ORIENTED_EDGE('',*,*,#1206,.T.);
#1595=ORIENTED_EDGE('',*,*,#1217,.T.);
#1596=ORIENTED_EDGE('',*,*,#1202,.F.);
#1597=ORIENTED_EDGE('',*,*,#1205,.T.);
#1598=ORIENTED_EDGE('',*,*,#1212,.F.);
#1599=ORIENTED_EDGE('',*,*,#1214,.T.);
#1600=ORIENTED_EDGE('',*,*,#1215,.T.);
#1601=ORIENTED_EDGE('',*,*,#1218,.T.);
#1602=ORIENTED_EDGE('',*,*,#1219,.T.);
#1603=ORIENTED_EDGE('',*,*,#1220,.T.);
#1604=ORIENTED_EDGE('',*,*,#1221,.T.);
#1605=ORIENTED_EDGE('',*,*,#1222,.T.);
#1606=ORIENTED_EDGE('',*,*,#1223,.F.);
#1607=ORIENTED_EDGE('',*,*,#1224,.T.);
#1608=ORIENTED_EDGE('',*,*,#1225,.T.);
#1609=ORIENTED_EDGE('',*,*,#1226,.T.);
#1610=ORIENTED_EDGE('',*,*,#1227,.F.);
#1611=ORIENTED_EDGE('',*,*,#1228,.T.);
#1612=ORIENTED_EDGE('',*,*,#1229,.T.);
#1613=ORIENTED_EDGE('',*,*,#1230,.T.);
#1614=ORIENTED_EDGE('',*,*,#1231,.T.);
#1615=ORIENTED_EDGE('',*,*,#1232,.T.);
#1616=ORIENTED_EDGE('',*,*,#1233,.F.);
#1617=ORIENTED_EDGE('',*,*,#1234,.T.);
#1618=ORIENTED_EDGE('',*,*,#1235,.T.);
#1619=ORIENTED_EDGE('',*,*,#1236,.F.);
#1620=ORIENTED_EDGE('',*,*,#1237,.T.);
#1621=ORIENTED_EDGE('',*,*,#1238,.T.);
#1622=ORIENTED_EDGE('',*,*,#1239,.F.);
#1623=ORIENTED_EDGE('',*,*,#1240,.T.);
#1624=ORIENTED_EDGE('',*,*,#1241,.F.);
#1625=ORIENTED_EDGE('',*,*,#1242,.T.);
#1626=ORIENTED_EDGE('',*,*,#1243,.T.);
#1627=ORIENTED_EDGE('',*,*,#1244,.T.);
#1628=ORIENTED_EDGE('',*,*,#1245,.T.);
#1629=ORIENTED_EDGE('',*,*,#1246,.T.);
#1630=ORIENTED_EDGE('',*,*,#1247,.T.);
#1631=ORIENTED_EDGE('',*,*,#1248,.T.);
#1632=ORIENTED_EDGE('',*,*,#1249,.T.);
#1633=ORIENTED_EDGE('',*,*,#1250,.T.);
#1634=ORIENTED_EDGE('',*,*,#1251,.T.);
#1635=ORIENTED_EDGE('',*,*,#1252,.T.);
#1636=ORIENTED_EDGE('',*,*,#1253,.T.);
#1637=ORIENTED_EDGE('',*,*,#1254,.T.);
#1638=ORIENTED_EDGE('',*,*,#1255,.T.);
#1639=ORIENTED_EDGE('',*,*,#1256,.T.);
#1640=ORIENTED_EDGE('',*,*,#1257,.T.);
#1641=ORIENTED_EDGE('',*,*,#1258,.T.);
#1642=ORIENTED_EDGE('',*,*,#1259,.T.);
#1643=ORIENTED_EDGE('',*,*,#1260,.T.);
#1644=ORIENTED_EDGE('',*,*,#1261,.T.);
#1645=ORIENTED_EDGE('',*,*,#1209,.T.);
#1646=ORIENTED_EDGE('',*,*,#1262,.F.);
#1647=ORIENTED_EDGE('',*,*,#1263,.F.);
#1648=ORIENTED_EDGE('',*,*,#1264,.F.);
#1649=ORIENTED_EDGE('',*,*,#1265,.F.);
#1650=ORIENTED_EDGE('',*,*,#1216,.F.);
#1651=ORIENTED_EDGE('',*,*,#1195,.F.);
#1652=ORIENTED_EDGE('',*,*,#1266,.F.);
#1653=ORIENTED_EDGE('',*,*,#1218,.F.);
#1654=ORIENTED_EDGE('',*,*,#1221,.F.);
#1655=ORIENTED_EDGE('',*,*,#1267,.T.);
#1656=ORIENTED_EDGE('',*,*,#1192,.T.);
#1657=ORIENTED_EDGE('',*,*,#1268,.T.);
#1658=ORIENTED_EDGE('',*,*,#1267,.F.);
#1659=ORIENTED_EDGE('',*,*,#1220,.F.);
#1660=ORIENTED_EDGE('',*,*,#1269,.F.);
#1661=ORIENTED_EDGE('',*,*,#1193,.F.);
#1662=ORIENTED_EDGE('',*,*,#1219,.F.);
#1663=ORIENTED_EDGE('',*,*,#1266,.T.);
#1664=ORIENTED_EDGE('',*,*,#1194,.T.);
#1665=ORIENTED_EDGE('',*,*,#1269,.T.);
#1666=ORIENTED_EDGE('',*,*,#1190,.T.);
#1667=ORIENTED_EDGE('',*,*,#1270,.T.);
#1668=ORIENTED_EDGE('',*,*,#1223,.T.);
#1669=ORIENTED_EDGE('',*,*,#1271,.T.);
#1670=ORIENTED_EDGE('',*,*,#1270,.F.);
#1671=ORIENTED_EDGE('',*,*,#1189,.F.);
#1672=ORIENTED_EDGE('',*,*,#1272,.F.);
#1673=ORIENTED_EDGE('',*,*,#1224,.F.);
#1674=ORIENTED_EDGE('',*,*,#1229,.F.);
#1675=ORIENTED_EDGE('',*,*,#1273,.T.);
#1676=ORIENTED_EDGE('',*,*,#1184,.T.);
#1677=ORIENTED_EDGE('',*,*,#1274,.T.);
#1678=ORIENTED_EDGE('',*,*,#1273,.F.);
#1679=ORIENTED_EDGE('',*,*,#1228,.F.);
#1680=ORIENTED_EDGE('',*,*,#1275,.F.);
#1681=ORIENTED_EDGE('',*,*,#1185,.F.);
#1682=ORIENTED_EDGE('',*,*,#1231,.F.);
#1683=ORIENTED_EDGE('',*,*,#1276,.T.);
#1684=ORIENTED_EDGE('',*,*,#1182,.T.);
#1685=ORIENTED_EDGE('',*,*,#1277,.T.);
#1686=ORIENTED_EDGE('',*,*,#1277,.F.);
#1687=ORIENTED_EDGE('',*,*,#1181,.F.);
#1688=ORIENTED_EDGE('',*,*,#1278,.F.);
#1689=ORIENTED_EDGE('',*,*,#1232,.F.);
#1690=ORIENTED_EDGE('',*,*,#1177,.T.);
#1691=ORIENTED_EDGE('',*,*,#1279,.T.);
#1692=ORIENTED_EDGE('',*,*,#1236,.T.);
#1693=ORIENTED_EDGE('',*,*,#1280,.T.);
#1694=ORIENTED_EDGE('',*,*,#1279,.F.);
#1695=ORIENTED_EDGE('',*,*,#1176,.F.);
#1696=ORIENTED_EDGE('',*,*,#1281,.F.);
#1697=ORIENTED_EDGE('',*,*,#1237,.F.);
#1698=ORIENTED_EDGE('',*,*,#1257,.F.);
#1699=ORIENTED_EDGE('',*,*,#1282,.T.);
#1700=ORIENTED_EDGE('',*,*,#1170,.T.);
#1701=ORIENTED_EDGE('',*,*,#1283,.T.);
#1702=ORIENTED_EDGE('',*,*,#1283,.F.);
#1703=ORIENTED_EDGE('',*,*,#1169,.F.);
#1704=ORIENTED_EDGE('',*,*,#1284,.F.);
#1705=ORIENTED_EDGE('',*,*,#1258,.F.);
#1706=ORIENTED_EDGE('',*,*,#1241,.T.);
#1707=ORIENTED_EDGE('',*,*,#1285,.T.);
#1708=ORIENTED_EDGE('',*,*,#1286,.T.);
#1709=ORIENTED_EDGE('',*,*,#1287,.T.);
#1710=ORIENTED_EDGE('',*,*,#1287,.F.);
#1711=ORIENTED_EDGE('',*,*,#1288,.T.);
#1712=ORIENTED_EDGE('',*,*,#1289,.F.);
#1713=ORIENTED_EDGE('',*,*,#1242,.F.);
#1714=ORIENTED_EDGE('',*,*,#1290,.F.);
#1715=ORIENTED_EDGE('',*,*,#1291,.T.);
#1716=ORIENTED_EDGE('',*,*,#1172,.T.);
#1717=ORIENTED_EDGE('',*,*,#1292,.T.);
#1718=ORIENTED_EDGE('',*,*,#1282,.F.);
#1719=ORIENTED_EDGE('',*,*,#1256,.F.);
#1720=ORIENTED_EDGE('',*,*,#1293,.T.);
#1721=ORIENTED_EDGE('',*,*,#1294,.T.);
#1722=ORIENTED_EDGE('',*,*,#1295,.F.);
#1723=ORIENTED_EDGE('',*,*,#1296,.T.);
#1724=ORIENTED_EDGE('',*,*,#1292,.F.);
#1725=ORIENTED_EDGE('',*,*,#1171,.F.);
#1726=ORIENTED_EDGE('',*,*,#1174,.T.);
#1727=ORIENTED_EDGE('',*,*,#1297,.T.);
#1728=ORIENTED_EDGE('',*,*,#1239,.T.);
#1729=ORIENTED_EDGE('',*,*,#1298,.T.);
#1730=ORIENTED_EDGE('',*,*,#1285,.F.);
#1731=ORIENTED_EDGE('',*,*,#1240,.F.);
#1732=ORIENTED_EDGE('',*,*,#1297,.F.);
#1733=ORIENTED_EDGE('',*,*,#1173,.F.);
#1734=ORIENTED_EDGE('',*,*,#1291,.F.);
#1735=ORIENTED_EDGE('',*,*,#1299,.T.);
#1736=ORIENTED_EDGE('',*,*,#1300,.T.);
#1737=ORIENTED_EDGE('',*,*,#1301,.T.);
#1738=ORIENTED_EDGE('',*,*,#1186,.T.);
#1739=ORIENTED_EDGE('',*,*,#1275,.T.);
#1740=ORIENTED_EDGE('',*,*,#1227,.T.);
#1741=ORIENTED_EDGE('',*,*,#1302,.T.);
#1742=ORIENTED_EDGE('',*,*,#1302,.F.);
#1743=ORIENTED_EDGE('',*,*,#1226,.F.);
#1744=ORIENTED_EDGE('',*,*,#1303,.F.);
#1745=ORIENTED_EDGE('',*,*,#1187,.F.);
#1746=ORIENTED_EDGE('',*,*,#1225,.F.);
#1747=ORIENTED_EDGE('',*,*,#1272,.T.);
#1748=ORIENTED_EDGE('',*,*,#1188,.T.);
#1749=ORIENTED_EDGE('',*,*,#1303,.T.);
#1750=ORIENTED_EDGE('',*,*,#1180,.T.);
#1751=ORIENTED_EDGE('',*,*,#1304,.T.);
#1752=ORIENTED_EDGE('',*,*,#1233,.T.);
#1753=ORIENTED_EDGE('',*,*,#1278,.T.);
#1754=ORIENTED_EDGE('',*,*,#1286,.F.);
#1755=ORIENTED_EDGE('',*,*,#1301,.F.);
#1756=ORIENTED_EDGE('',*,*,#1305,.F.);
#1757=ORIENTED_EDGE('',*,*,#1306,.F.);
#1758=ORIENTED_EDGE('',*,*,#1307,.F.);
#1759=ORIENTED_EDGE('',*,*,#1294,.F.);
#1760=ORIENTED_EDGE('',*,*,#1308,.F.);
#1761=ORIENTED_EDGE('',*,*,#1309,.F.);
#1762=ORIENTED_EDGE('',*,*,#1310,.F.);
#1763=ORIENTED_EDGE('',*,*,#1311,.F.);
#1764=ORIENTED_EDGE('',*,*,#1312,.F.);
#1765=ORIENTED_EDGE('',*,*,#1313,.F.);
#1766=ORIENTED_EDGE('',*,*,#1314,.F.);
#1767=ORIENTED_EDGE('',*,*,#1315,.F.);
#1768=ORIENTED_EDGE('',*,*,#1316,.F.);
#1769=ORIENTED_EDGE('',*,*,#1317,.F.);
#1770=ORIENTED_EDGE('',*,*,#1318,.F.);
#1771=ORIENTED_EDGE('',*,*,#1319,.F.);
#1772=ORIENTED_EDGE('',*,*,#1320,.F.);
#1773=ORIENTED_EDGE('',*,*,#1321,.F.);
#1774=ORIENTED_EDGE('',*,*,#1322,.F.);
#1775=ORIENTED_EDGE('',*,*,#1323,.F.);
#1776=ORIENTED_EDGE('',*,*,#1288,.F.);
#1777=ORIENTED_EDGE('',*,*,#1203,.F.);
#1778=ORIENTED_EDGE('',*,*,#1217,.F.);
#1779=ORIENTED_EDGE('',*,*,#1208,.F.);
#1780=ORIENTED_EDGE('',*,*,#1163,.F.);
#1781=ORIENTED_EDGE('',*,*,#1268,.F.);
#1782=ORIENTED_EDGE('',*,*,#1191,.F.);
#1783=ORIENTED_EDGE('',*,*,#1271,.F.);
#1784=ORIENTED_EDGE('',*,*,#1222,.F.);
#1785=ORIENTED_EDGE('',*,*,#1274,.F.);
#1786=ORIENTED_EDGE('',*,*,#1183,.F.);
#1787=ORIENTED_EDGE('',*,*,#1276,.F.);
#1788=ORIENTED_EDGE('',*,*,#1230,.F.);
#1789=ORIENTED_EDGE('',*,*,#1298,.F.);
#1790=ORIENTED_EDGE('',*,*,#1238,.F.);
#1791=ORIENTED_EDGE('',*,*,#1281,.T.);
#1792=ORIENTED_EDGE('',*,*,#1175,.F.);
#1793=ORIENTED_EDGE('',*,*,#1280,.F.);
#1794=ORIENTED_EDGE('',*,*,#1235,.F.);
#1795=ORIENTED_EDGE('',*,*,#1324,.T.);
#1796=ORIENTED_EDGE('',*,*,#1178,.F.);
#1797=ORIENTED_EDGE('',*,*,#1139,.F.);
#1798=ORIENTED_EDGE('',*,*,#1325,.T.);
#1799=ORIENTED_EDGE('',*,*,#1326,.F.);
#1800=ORIENTED_EDGE('',*,*,#1140,.F.);
#1801=ORIENTED_EDGE('',*,*,#1326,.T.);
#1802=ORIENTED_EDGE('',*,*,#1327,.T.);
#1803=ORIENTED_EDGE('',*,*,#1328,.F.);
#1804=ORIENTED_EDGE('',*,*,#1132,.F.);
#1805=ORIENTED_EDGE('',*,*,#1329,.T.);
#1806=ORIENTED_EDGE('',*,*,#1330,.T.);
#1807=ORIENTED_EDGE('',*,*,#1331,.F.);
#1808=ORIENTED_EDGE('',*,*,#1131,.F.);
#1809=ORIENTED_EDGE('',*,*,#1150,.F.);
#1810=ORIENTED_EDGE('',*,*,#1332,.T.);
#1811=ORIENTED_EDGE('',*,*,#1333,.T.);
#1812=ORIENTED_EDGE('',*,*,#1329,.F.);
#1813=ORIENTED_EDGE('',*,*,#1149,.F.);
#1814=ORIENTED_EDGE('',*,*,#1334,.T.);
#1815=ORIENTED_EDGE('',*,*,#1335,.T.);
#1816=ORIENTED_EDGE('',*,*,#1332,.F.);
#1817=ORIENTED_EDGE('',*,*,#1148,.F.);
#1818=ORIENTED_EDGE('',*,*,#1141,.F.);
#1819=ORIENTED_EDGE('',*,*,#1328,.T.);
#1820=ORIENTED_EDGE('',*,*,#1336,.T.);
#1821=ORIENTED_EDGE('',*,*,#1334,.F.);
#1822=ORIENTED_EDGE('',*,*,#1133,.F.);
#1823=ORIENTED_EDGE('',*,*,#1331,.T.);
#1824=ORIENTED_EDGE('',*,*,#1337,.T.);
#1825=ORIENTED_EDGE('',*,*,#1134,.F.);
#1826=ORIENTED_EDGE('',*,*,#1337,.F.);
#1827=ORIENTED_EDGE('',*,*,#1330,.F.);
#1828=ORIENTED_EDGE('',*,*,#1333,.F.);
#1829=ORIENTED_EDGE('',*,*,#1335,.F.);
#1830=ORIENTED_EDGE('',*,*,#1336,.F.);
#1831=ORIENTED_EDGE('',*,*,#1327,.F.);
#1832=ORIENTED_EDGE('',*,*,#1325,.F.);
#1833=ORIENTED_EDGE('',*,*,#1138,.F.);
#1834=ORIENTED_EDGE('',*,*,#1338,.F.);
#1835=ORIENTED_EDGE('',*,*,#1339,.F.);
#1836=ORIENTED_EDGE('',*,*,#1340,.F.);
#1837=ORIENTED_EDGE('',*,*,#1341,.F.);
#1838=ORIENTED_EDGE('',*,*,#1342,.F.);
#1839=ORIENTED_EDGE('',*,*,#1343,.F.);
#1840=ORIENTED_EDGE('',*,*,#1344,.F.);
#1841=ORIENTED_EDGE('',*,*,#1343,.T.);
#1842=ORIENTED_EDGE('',*,*,#1345,.T.);
#1843=ORIENTED_EDGE('',*,*,#1346,.F.);
#1844=ORIENTED_EDGE('',*,*,#1347,.F.);
#1845=ORIENTED_EDGE('',*,*,#1342,.T.);
#1846=ORIENTED_EDGE('',*,*,#1348,.T.);
#1847=ORIENTED_EDGE('',*,*,#1349,.F.);
#1848=ORIENTED_EDGE('',*,*,#1345,.F.);
#1849=ORIENTED_EDGE('',*,*,#1341,.T.);
#1850=ORIENTED_EDGE('',*,*,#1350,.T.);
#1851=ORIENTED_EDGE('',*,*,#1351,.F.);
#1852=ORIENTED_EDGE('',*,*,#1348,.F.);
#1853=ORIENTED_EDGE('',*,*,#1340,.T.);
#1854=ORIENTED_EDGE('',*,*,#1352,.T.);
#1855=ORIENTED_EDGE('',*,*,#1353,.F.);
#1856=ORIENTED_EDGE('',*,*,#1350,.F.);
#1857=ORIENTED_EDGE('',*,*,#1339,.T.);
#1858=ORIENTED_EDGE('',*,*,#1354,.T.);
#1859=ORIENTED_EDGE('',*,*,#1355,.F.);
#1860=ORIENTED_EDGE('',*,*,#1352,.F.);
#1861=ORIENTED_EDGE('',*,*,#1338,.T.);
#1862=ORIENTED_EDGE('',*,*,#1137,.F.);
#1863=ORIENTED_EDGE('',*,*,#1356,.T.);
#1864=ORIENTED_EDGE('',*,*,#1357,.F.);
#1865=ORIENTED_EDGE('',*,*,#1354,.F.);
#1866=ORIENTED_EDGE('',*,*,#1358,.F.);
#1867=ORIENTED_EDGE('',*,*,#1356,.F.);
#1868=ORIENTED_EDGE('',*,*,#1136,.F.);
#1869=ORIENTED_EDGE('',*,*,#1359,.T.);
#1870=ORIENTED_EDGE('',*,*,#1344,.T.);
#1871=ORIENTED_EDGE('',*,*,#1347,.T.);
#1872=ORIENTED_EDGE('',*,*,#1360,.F.);
#1873=ORIENTED_EDGE('',*,*,#1359,.F.);
#1874=ORIENTED_EDGE('',*,*,#1135,.F.);
#1875=ORIENTED_EDGE('',*,*,#1361,.F.);
#1876=ORIENTED_EDGE('',*,*,#1362,.T.);
#1877=ORIENTED_EDGE('',*,*,#1363,.T.);
#1878=ORIENTED_EDGE('',*,*,#1362,.F.);
#1879=ORIENTED_EDGE('',*,*,#1363,.F.);
#1880=ORIENTED_EDGE('',*,*,#1364,.F.);
#1881=ORIENTED_EDGE('',*,*,#1365,.T.);
#1882=ORIENTED_EDGE('',*,*,#1366,.T.);
#1883=ORIENTED_EDGE('',*,*,#1365,.F.);
#1884=ORIENTED_EDGE('',*,*,#1366,.F.);
#1885=ORIENTED_EDGE('',*,*,#1319,.T.);
#1886=ORIENTED_EDGE('',*,*,#1367,.T.);
#1887=ORIENTED_EDGE('',*,*,#1368,.T.);
#1888=ORIENTED_EDGE('',*,*,#1369,.F.);
#1889=ORIENTED_EDGE('',*,*,#1320,.T.);
#1890=ORIENTED_EDGE('',*,*,#1369,.T.);
#1891=ORIENTED_EDGE('',*,*,#1370,.T.);
#1892=ORIENTED_EDGE('',*,*,#1371,.F.);
#1893=ORIENTED_EDGE('',*,*,#1321,.T.);
#1894=ORIENTED_EDGE('',*,*,#1371,.T.);
#1895=ORIENTED_EDGE('',*,*,#1372,.T.);
#1896=ORIENTED_EDGE('',*,*,#1373,.F.);
#1897=ORIENTED_EDGE('',*,*,#1372,.F.);
#1898=ORIENTED_EDGE('',*,*,#1370,.F.);
#1899=ORIENTED_EDGE('',*,*,#1368,.F.);
#1900=ORIENTED_EDGE('',*,*,#1374,.F.);
#1901=ORIENTED_EDGE('',*,*,#1318,.T.);
#1902=ORIENTED_EDGE('',*,*,#1375,.F.);
#1903=ORIENTED_EDGE('',*,*,#1244,.F.);
#1904=ORIENTED_EDGE('',*,*,#1376,.T.);
#1905=ORIENTED_EDGE('',*,*,#1322,.T.);
#1906=ORIENTED_EDGE('',*,*,#1373,.T.);
#1907=ORIENTED_EDGE('',*,*,#1374,.T.);
#1908=ORIENTED_EDGE('',*,*,#1367,.F.);
#1909=ORIENTED_EDGE('',*,*,#1355,.T.);
#1910=ORIENTED_EDGE('',*,*,#1357,.T.);
#1911=ORIENTED_EDGE('',*,*,#1358,.T.);
#1912=ORIENTED_EDGE('',*,*,#1360,.T.);
#1913=ORIENTED_EDGE('',*,*,#1346,.T.);
#1914=ORIENTED_EDGE('',*,*,#1349,.T.);
#1915=ORIENTED_EDGE('',*,*,#1351,.T.);
#1916=ORIENTED_EDGE('',*,*,#1353,.T.);
#1917=ORIENTED_EDGE('',*,*,#1377,.F.);
#1918=ORIENTED_EDGE('',*,*,#1295,.T.);
#1919=ORIENTED_EDGE('',*,*,#1307,.T.);
#1920=ORIENTED_EDGE('',*,*,#1378,.F.);
#1921=ORIENTED_EDGE('',*,*,#1379,.F.);
#1922=ORIENTED_EDGE('',*,*,#1378,.T.);
#1923=ORIENTED_EDGE('',*,*,#1306,.T.);
#1924=ORIENTED_EDGE('',*,*,#1380,.F.);
#1925=ORIENTED_EDGE('',*,*,#1381,.F.);
#1926=ORIENTED_EDGE('',*,*,#1380,.T.);
#1927=ORIENTED_EDGE('',*,*,#1305,.T.);
#1928=ORIENTED_EDGE('',*,*,#1300,.F.);
#1929=ORIENTED_EDGE('',*,*,#1382,.F.);
#1930=ORIENTED_EDGE('',*,*,#1383,.T.);
#1931=ORIENTED_EDGE('',*,*,#1313,.T.);
#1932=ORIENTED_EDGE('',*,*,#1384,.F.);
#1933=ORIENTED_EDGE('',*,*,#1385,.F.);
#1934=ORIENTED_EDGE('',*,*,#1386,.T.);
#1935=ORIENTED_EDGE('',*,*,#1314,.T.);
#1936=ORIENTED_EDGE('',*,*,#1383,.F.);
#1937=ORIENTED_EDGE('',*,*,#1387,.F.);
#1938=ORIENTED_EDGE('',*,*,#1388,.T.);
#1939=ORIENTED_EDGE('',*,*,#1315,.T.);
#1940=ORIENTED_EDGE('',*,*,#1386,.F.);
#1941=ORIENTED_EDGE('',*,*,#1290,.T.);
#1942=ORIENTED_EDGE('',*,*,#1296,.F.);
#1943=ORIENTED_EDGE('',*,*,#1377,.T.);
#1944=ORIENTED_EDGE('',*,*,#1379,.T.);
#1945=ORIENTED_EDGE('',*,*,#1381,.T.);
#1946=ORIENTED_EDGE('',*,*,#1299,.F.);
#1947=ORIENTED_EDGE('',*,*,#1361,.T.);
#1948=ORIENTED_EDGE('',*,*,#1254,.F.);
#1949=ORIENTED_EDGE('',*,*,#1389,.T.);
#1950=ORIENTED_EDGE('',*,*,#1309,.T.);
#1951=ORIENTED_EDGE('',*,*,#1390,.F.);
#1952=ORIENTED_EDGE('',*,*,#1253,.F.);
#1953=ORIENTED_EDGE('',*,*,#1391,.T.);
#1954=ORIENTED_EDGE('',*,*,#1310,.T.);
#1955=ORIENTED_EDGE('',*,*,#1389,.F.);
#1956=ORIENTED_EDGE('',*,*,#1252,.F.);
#1957=ORIENTED_EDGE('',*,*,#1392,.T.);
#1958=ORIENTED_EDGE('',*,*,#1311,.T.);
#1959=ORIENTED_EDGE('',*,*,#1391,.F.);
#1960=ORIENTED_EDGE('',*,*,#1251,.F.);
#1961=ORIENTED_EDGE('',*,*,#1393,.T.);
#1962=ORIENTED_EDGE('',*,*,#1394,.T.);
#1963=ORIENTED_EDGE('',*,*,#1384,.T.);
#1964=ORIENTED_EDGE('',*,*,#1312,.T.);
#1965=ORIENTED_EDGE('',*,*,#1392,.F.);
#1966=ORIENTED_EDGE('',*,*,#1250,.F.);
#1967=ORIENTED_EDGE('',*,*,#1395,.T.);
#1968=ORIENTED_EDGE('',*,*,#1396,.T.);
#1969=ORIENTED_EDGE('',*,*,#1393,.F.);
#1970=ORIENTED_EDGE('',*,*,#1249,.F.);
#1971=ORIENTED_EDGE('',*,*,#1397,.T.);
#1972=ORIENTED_EDGE('',*,*,#1398,.T.);
#1973=ORIENTED_EDGE('',*,*,#1395,.F.);
#1974=ORIENTED_EDGE('',*,*,#1248,.F.);
#1975=ORIENTED_EDGE('',*,*,#1399,.T.);
#1976=ORIENTED_EDGE('',*,*,#1400,.T.);
#1977=ORIENTED_EDGE('',*,*,#1397,.F.);
#1978=ORIENTED_EDGE('',*,*,#1247,.F.);
#1979=ORIENTED_EDGE('',*,*,#1401,.T.);
#1980=ORIENTED_EDGE('',*,*,#1402,.T.);
#1981=ORIENTED_EDGE('',*,*,#1399,.F.);
#1982=ORIENTED_EDGE('',*,*,#1246,.F.);
#1983=ORIENTED_EDGE('',*,*,#1403,.T.);
#1984=ORIENTED_EDGE('',*,*,#1316,.T.);
#1985=ORIENTED_EDGE('',*,*,#1388,.F.);
#1986=ORIENTED_EDGE('',*,*,#1401,.F.);
#1987=ORIENTED_EDGE('',*,*,#1245,.F.);
#1988=ORIENTED_EDGE('',*,*,#1375,.T.);
#1989=ORIENTED_EDGE('',*,*,#1317,.T.);
#1990=ORIENTED_EDGE('',*,*,#1403,.F.);
#1991=ORIENTED_EDGE('',*,*,#1243,.F.);
#1992=ORIENTED_EDGE('',*,*,#1289,.T.);
#1993=ORIENTED_EDGE('',*,*,#1323,.T.);
#1994=ORIENTED_EDGE('',*,*,#1376,.F.);
#1995=ORIENTED_EDGE('',*,*,#1255,.F.);
#1996=ORIENTED_EDGE('',*,*,#1390,.T.);
#1997=ORIENTED_EDGE('',*,*,#1308,.T.);
#1998=ORIENTED_EDGE('',*,*,#1293,.F.);
#1999=ORIENTED_EDGE('',*,*,#1382,.T.);
#2000=ORIENTED_EDGE('',*,*,#1394,.F.);
#2001=ORIENTED_EDGE('',*,*,#1396,.F.);
#2002=ORIENTED_EDGE('',*,*,#1398,.F.);
#2003=ORIENTED_EDGE('',*,*,#1400,.F.);
#2004=ORIENTED_EDGE('',*,*,#1402,.F.);
#2005=ORIENTED_EDGE('',*,*,#1387,.T.);
#2006=ORIENTED_EDGE('',*,*,#1385,.T.);
#2007=ORIENTED_EDGE('',*,*,#1364,.T.);
#2008=ORIENTED_EDGE('',*,*,#1404,.F.);
#2009=ORIENTED_EDGE('',*,*,#1405,.T.);
#2010=ORIENTED_EDGE('',*,*,#1262,.T.);
#2011=ORIENTED_EDGE('',*,*,#1405,.F.);
#2012=ORIENTED_EDGE('',*,*,#1406,.F.);
#2013=ORIENTED_EDGE('',*,*,#1407,.T.);
#2014=ORIENTED_EDGE('',*,*,#1265,.T.);
#2015=ORIENTED_EDGE('',*,*,#1407,.F.);
#2016=ORIENTED_EDGE('',*,*,#1408,.F.);
#2017=ORIENTED_EDGE('',*,*,#1409,.T.);
#2018=ORIENTED_EDGE('',*,*,#1263,.T.);
#2019=ORIENTED_EDGE('',*,*,#1409,.F.);
#2020=ORIENTED_EDGE('',*,*,#1410,.F.);
#2021=ORIENTED_EDGE('',*,*,#1411,.T.);
#2022=ORIENTED_EDGE('',*,*,#1264,.T.);
#2023=ORIENTED_EDGE('',*,*,#1411,.F.);
#2024=ORIENTED_EDGE('',*,*,#1412,.F.);
#2025=ORIENTED_EDGE('',*,*,#1413,.F.);
#2026=ORIENTED_EDGE('',*,*,#1414,.F.);
#2027=ORIENTED_EDGE('',*,*,#1415,.F.);
#2028=ORIENTED_EDGE('',*,*,#1416,.F.);
#2029=ORIENTED_EDGE('',*,*,#1417,.T.);
#2030=ORIENTED_EDGE('',*,*,#1415,.T.);
#2031=ORIENTED_EDGE('',*,*,#1417,.F.);
#2032=ORIENTED_EDGE('',*,*,#1404,.T.);
#2033=ORIENTED_EDGE('',*,*,#1416,.T.);
#2034=ORIENTED_EDGE('',*,*,#1418,.F.);
#2035=ORIENTED_EDGE('',*,*,#1419,.T.);
#2036=ORIENTED_EDGE('',*,*,#1413,.T.);
#2037=ORIENTED_EDGE('',*,*,#1419,.F.);
#2038=ORIENTED_EDGE('',*,*,#1410,.T.);
#2039=ORIENTED_EDGE('',*,*,#1418,.T.);
#2040=ORIENTED_EDGE('',*,*,#1420,.F.);
#2041=ORIENTED_EDGE('',*,*,#1421,.T.);
#2042=ORIENTED_EDGE('',*,*,#1412,.T.);
#2043=ORIENTED_EDGE('',*,*,#1421,.F.);
#2044=ORIENTED_EDGE('',*,*,#1406,.T.);
#2045=ORIENTED_EDGE('',*,*,#1420,.T.);
#2046=ORIENTED_EDGE('',*,*,#1422,.F.);
#2047=ORIENTED_EDGE('',*,*,#1423,.T.);
#2048=ORIENTED_EDGE('',*,*,#1414,.T.);
#2049=ORIENTED_EDGE('',*,*,#1423,.F.);
#2050=ORIENTED_EDGE('',*,*,#1408,.T.);
#2051=ORIENTED_EDGE('',*,*,#1422,.T.);
#2052=ORIENTED_EDGE('',*,*,#1259,.F.);
#2053=ORIENTED_EDGE('',*,*,#1284,.T.);
#2054=ORIENTED_EDGE('',*,*,#1168,.T.);
#2055=ORIENTED_EDGE('',*,*,#1424,.T.);
#2056=ORIENTED_EDGE('',*,*,#1424,.F.);
#2057=ORIENTED_EDGE('',*,*,#1167,.F.);
#2058=ORIENTED_EDGE('',*,*,#1425,.F.);
#2059=ORIENTED_EDGE('',*,*,#1260,.F.);
#2060=ORIENTED_EDGE('',*,*,#1304,.F.);
#2061=ORIENTED_EDGE('',*,*,#1179,.F.);
#2062=ORIENTED_EDGE('',*,*,#1324,.F.);
#2063=ORIENTED_EDGE('',*,*,#1234,.F.);
#2064=ORIENTED_EDGE('',*,*,#1261,.F.);
#2065=ORIENTED_EDGE('',*,*,#1425,.T.);
#2066=ORIENTED_EDGE('',*,*,#1166,.F.);
#2067=ORIENTED_EDGE('',*,*,#1210,.F.);
#2068=ORIENTED_EDGE('',*,*,#1115,.F.);
#2069=ORIENTED_EDGE('',*,*,#1161,.F.);
#2070=ORIENTED_EDGE('',*,*,#1129,.F.);
#2071=ORIENTED_EDGE('',*,*,#1145,.F.);
#2072=ORIENTED_EDGE('',*,*,#1119,.F.);
#2073=ORIENTED_EDGE('',*,*,#1152,.F.);
#2074=ORIENTED_EDGE('',*,*,#1160,.F.);
#2075=ORIENTED_EDGE('',*,*,#1155,.F.);
#2076=ORIENTED_EDGE('',*,*,#1121,.F.);
#2077=ORIENTED_EDGE('',*,*,#1144,.F.);
#2078=CYLINDRICAL_SURFACE('',#2262,5.50000000000001);
#2079=CYLINDRICAL_SURFACE('',#2266,5.5);
#2080=CYLINDRICAL_SURFACE('',#2270,5.50000000000001);
#2081=CYLINDRICAL_SURFACE('',#2274,5.5);
#2082=CYLINDRICAL_SURFACE('',#2278,50.);
#2083=CYLINDRICAL_SURFACE('',#2287,10.);
#2084=CYLINDRICAL_SURFACE('',#2289,33.);
#2085=CYLINDRICAL_SURFACE('',#2294,223.042528751132);
#2086=CYLINDRICAL_SURFACE('',#2297,10.);
#2087=CYLINDRICAL_SURFACE('',#2299,10.);
#2088=CYLINDRICAL_SURFACE('',#2301,114.252952549047);
#2089=CYLINDRICAL_SURFACE('',#2326,10.);
#2090=CYLINDRICAL_SURFACE('',#2327,290.78027257967);
#2091=CYLINDRICAL_SURFACE('',#2328,1.6509999800474);
#2092=CYLINDRICAL_SURFACE('',#2331,1.53684209884317);
#2093=CYLINDRICAL_SURFACE('',#2333,290.3672680782);
#2094=CYLINDRICAL_SURFACE('',#2335,1.65099998004738);
#2095=CYLINDRICAL_SURFACE('',#2338,1.52399998158215);
#2096=CYLINDRICAL_SURFACE('',#2368,2.79399996623395);
#2097=CYLINDRICAL_SURFACE('',#2370,2.79399996623379);
#2098=CYLINDRICAL_SURFACE('',#2371,1.01599998772146);
#2099=CYLINDRICAL_SURFACE('',#2373,1.5239999815822);
#2100=CYLINDRICAL_SURFACE('',#2375,1.52399998158217);
#2101=CYLINDRICAL_SURFACE('',#2377,1.01599998772144);
#2102=CYLINDRICAL_SURFACE('',#2379,1.9239999815821);
#2103=CYLINDRICAL_SURFACE('',#2381,2.28599997237323);
#2104=CYLINDRICAL_SURFACE('',#2384,1.52399998158217);
#2105=CYLINDRICAL_SURFACE('',#2387,1.01687873842462);
#2106=CYLINDRICAL_SURFACE('',#2389,1.01599998772144);
#2107=CYLINDRICAL_SURFACE('',#2391,1.52490506084581);
#2108=CYLINDRICAL_SURFACE('',#2392,1.01599998772148);
#2109=CYLINDRICAL_SURFACE('',#2403,2.02312484725232);
#2110=CYLINDRICAL_SURFACE('',#2404,2.02399998158223);
#2111=CYLINDRICAL_SURFACE('',#2405,1.99999995529653);
#2112=CYLINDRICAL_SURFACE('',#2409,1.95064087671289);
#2113=CYLINDRICAL_SURFACE('',#2412,1.95064087671289);
#2114=CYLINDRICAL_SURFACE('',#2414,1.99999995529652);
#2115=CYLINDRICAL_SURFACE('',#2422,1.39699998465178);
#2116=CYLINDRICAL_SURFACE('',#2425,1.39699998311701);
#2117=CYLINDRICAL_SURFACE('',#2428,1.39700002609195);
#2118=CYLINDRICAL_SURFACE('',#2431,1.397000093624);
#2119=CYLINDRICAL_SURFACE('',#2433,0.800000000000001);
#2120=CYLINDRICAL_SURFACE('',#2437,0.800000000000001);
#2121=CYLINDRICAL_SURFACE('',#2447,2.2699999846518);
#2122=CYLINDRICAL_SURFACE('',#2451,1.72031701271818);
#2123=CYLINDRICAL_SURFACE('',#2455,1.52399998158218);
#2124=CYLINDRICAL_SURFACE('',#2457,1.01599998772144);
#2125=CYLINDRICAL_SURFACE('',#2459,1.52399998158211);
#2126=CYLINDRICAL_SURFACE('',#2462,1.52399998158229);
#2127=CYLINDRICAL_SURFACE('',#2464,1.01599998772144);
#2128=CYLINDRICAL_SURFACE('',#2467,1.5239999815822);
#2129=CYLINDRICAL_SURFACE('',#2468,1.52399998158217);
#2130=CYLINDRICAL_SURFACE('',#2491,0.800000000000001);
#2131=CYLINDRICAL_SURFACE('',#2494,0.800000000000001);
#2132=CYLINDRICAL_SURFACE('',#2497,0.800000000000001);
#2133=CYLINDRICAL_SURFACE('',#2500,0.800000000000001);
#2134=CYLINDRICAL_SURFACE('',#2503,0.749999999999994);
#2135=ADVANCED_FACE('',(#116),#2078,.F.);
#2136=ADVANCED_FACE('',(#117),#52,.T.);
#2137=ADVANCED_FACE('',(#118),#2079,.F.);
#2138=ADVANCED_FACE('',(#119),#53,.T.);
#2139=ADVANCED_FACE('',(#120),#2080,.F.);
#2140=ADVANCED_FACE('',(#121),#54,.T.);
#2141=ADVANCED_FACE('',(#122),#2081,.F.);
#2142=ADVANCED_FACE('',(#123),#55,.T.);
#2143=ADVANCED_FACE('',(#124),#2082,.T.);
#2144=ADVANCED_FACE('',(#125),#56,.T.);
#2145=ADVANCED_FACE('',(#126,#31,#32,#33,#34),#57,.F.);
#2146=ADVANCED_FACE('',(#127),#2083,.T.);
#2147=ADVANCED_FACE('',(#128),#2084,.T.);
#2148=ADVANCED_FACE('',(#129),#2085,.T.);
#2149=ADVANCED_FACE('',(#130),#2086,.T.);
#2150=ADVANCED_FACE('',(#131),#2087,.T.);
#2151=ADVANCED_FACE('',(#132),#2088,.T.);
#2152=ADVANCED_FACE('',(#133,#35),#58,.T.);
#2153=ADVANCED_FACE('',(#134),#2089,.T.);
#2154=ADVANCED_FACE('',(#135),#2090,.F.);
#2155=ADVANCED_FACE('',(#136),#2091,.T.);
#2156=ADVANCED_FACE('',(#137),#59,.T.);
#2157=ADVANCED_FACE('',(#138),#2092,.F.);
#2158=ADVANCED_FACE('',(#139),#2093,.T.);
#2159=ADVANCED_FACE('',(#140),#2094,.T.);
#2160=ADVANCED_FACE('',(#141),#60,.T.);
#2161=ADVANCED_FACE('',(#142),#2095,.F.);
#2162=ADVANCED_FACE('',(#143,#36,#37,#38,#39),#61,.T.);
#2163=ADVANCED_FACE('',(#144),#62,.T.);
#2164=ADVANCED_FACE('',(#145),#2096,.F.);
#2165=ADVANCED_FACE('',(#146),#63,.T.);
#2166=ADVANCED_FACE('',(#147),#2097,.F.);
#2167=ADVANCED_FACE('',(#148),#2098,.T.);
#2168=ADVANCED_FACE('',(#149),#64,.T.);
#2169=ADVANCED_FACE('',(#150),#2099,.F.);
#2170=ADVANCED_FACE('',(#151),#65,.T.);
#2171=ADVANCED_FACE('',(#152),#2100,.F.);
#2172=ADVANCED_FACE('',(#153),#66,.T.);
#2173=ADVANCED_FACE('',(#154),#2101,.T.);
#2174=ADVANCED_FACE('',(#155),#67,.T.);
#2175=ADVANCED_FACE('',(#156),#2102,.F.);
#2176=ADVANCED_FACE('',(#157),#68,.T.);
#2177=ADVANCED_FACE('',(#158),#2103,.T.);
#2178=ADVANCED_FACE('',(#159),#69,.F.);
#2179=ADVANCED_FACE('',(#160),#2104,.F.);
#2180=ADVANCED_FACE('',(#161),#70,.T.);
#2181=ADVANCED_FACE('',(#162),#2105,.T.);
#2182=ADVANCED_FACE('',(#163),#71,.T.);
#2183=ADVANCED_FACE('',(#164),#2106,.T.);
#2184=ADVANCED_FACE('',(#165),#72,.T.);
#2185=ADVANCED_FACE('',(#166),#2107,.F.);
#2186=ADVANCED_FACE('',(#167),#2108,.T.);
#2187=ADVANCED_FACE('',(#168),#73,.T.);
#2188=ADVANCED_FACE('',(#169),#74,.T.);
#2189=ADVANCED_FACE('',(#170),#75,.T.);
#2190=ADVANCED_FACE('',(#171),#76,.T.);
#2191=ADVANCED_FACE('',(#172),#2109,.F.);
#2192=ADVANCED_FACE('',(#173),#2110,.F.);
#2193=ADVANCED_FACE('',(#174),#2111,.F.);
#2194=ADVANCED_FACE('',(#175),#77,.F.);
#2195=ADVANCED_FACE('',(#176),#78,.F.);
#2196=ADVANCED_FACE('',(#177),#2112,.F.);
#2197=ADVANCED_FACE('',(#178),#79,.F.);
#2198=ADVANCED_FACE('',(#179),#2113,.F.);
#2199=ADVANCED_FACE('',(#180),#2114,.F.);
#2200=ADVANCED_FACE('',(#181),#80,.T.);
#2201=ADVANCED_FACE('',(#182),#81,.F.);
#2202=ADVANCED_FACE('',(#183),#2115,.F.);
#2203=ADVANCED_FACE('',(#184),#82,.F.);
#2204=ADVANCED_FACE('',(#185),#2116,.F.);
#2205=ADVANCED_FACE('',(#186),#83,.F.);
#2206=ADVANCED_FACE('',(#187),#2117,.F.);
#2207=ADVANCED_FACE('',(#188),#84,.F.);
#2208=ADVANCED_FACE('',(#189),#2118,.F.);
#2209=ADVANCED_FACE('',(#190),#2119,.F.);
#2210=ADVANCED_FACE('',(#191),#85,.T.);
#2211=ADVANCED_FACE('',(#192),#2120,.F.);
#2212=ADVANCED_FACE('',(#193),#86,.T.);
#2213=ADVANCED_FACE('',(#194),#87,.F.);
#2214=ADVANCED_FACE('',(#195),#88,.F.);
#2215=ADVANCED_FACE('',(#196),#89,.F.);
#2216=ADVANCED_FACE('',(#197),#90,.F.);
#2217=ADVANCED_FACE('',(#198,#40),#91,.F.);
#2218=ADVANCED_FACE('',(#199),#92,.F.);
#2219=ADVANCED_FACE('',(#200),#2121,.T.);
#2220=ADVANCED_FACE('',(#201),#93,.F.);
#2221=ADVANCED_FACE('',(#202),#94,.F.);
#2222=ADVANCED_FACE('',(#203),#2122,.T.);
#2223=ADVANCED_FACE('',(#204),#95,.F.);
#2224=ADVANCED_FACE('',(#205,#41),#96,.T.);
#2225=ADVANCED_FACE('',(#206),#2123,.F.);
#2226=ADVANCED_FACE('',(#207),#97,.F.);
#2227=ADVANCED_FACE('',(#208),#2124,.T.);
#2228=ADVANCED_FACE('',(#209),#98,.F.);
#2229=ADVANCED_FACE('',(#210),#2125,.F.);
#2230=ADVANCED_FACE('',(#211),#99,.F.);
#2231=ADVANCED_FACE('',(#212),#2126,.F.);
#2232=ADVANCED_FACE('',(#213),#2127,.T.);
#2233=ADVANCED_FACE('',(#214),#100,.F.);
#2234=ADVANCED_FACE('',(#215),#2128,.F.);
#2235=ADVANCED_FACE('',(#216),#2129,.F.);
#2236=ADVANCED_FACE('',(#217),#101,.F.);
#2237=ADVANCED_FACE('',(#218,#42),#102,.T.);
#2238=ADVANCED_FACE('',(#219),#15,.F.);
#2239=ADVANCED_FACE('',(#220),#16,.F.);
#2240=ADVANCED_FACE('',(#221),#17,.F.);
#2241=ADVANCED_FACE('',(#222),#18,.F.);
#2242=ADVANCED_FACE('',(#223),#103,.F.);
#2243=ADVANCED_FACE('',(#224),#104,.F.);
#2244=ADVANCED_FACE('',(#225),#105,.F.);
#2245=ADVANCED_FACE('',(#226),#106,.F.);
#2246=ADVANCED_FACE('',(#227),#2130,.F.);
#2247=ADVANCED_FACE('',(#228,#43),#107,.T.);
#2248=ADVANCED_FACE('',(#229),#2131,.F.);
#2249=ADVANCED_FACE('',(#230,#44),#108,.T.);
#2250=ADVANCED_FACE('',(#231),#2132,.F.);
#2251=ADVANCED_FACE('',(#232,#45),#109,.T.);
#2252=ADVANCED_FACE('',(#233),#2133,.F.);
#2253=ADVANCED_FACE('',(#234,#46),#110,.T.);
#2254=ADVANCED_FACE('',(#235),#2134,.T.);
#2255=ADVANCED_FACE('',(#236),#111,.T.);
#2256=ADVANCED_FACE('',(#237),#112,.T.);
#2257=ADVANCED_FACE('',(#238),#113,.T.);
#2258=ADVANCED_FACE('',(#239),#114,.T.);
#2259=ADVANCED_FACE('',(#240),#115,.T.);
#2260=CLOSED_SHELL('',(#2135,#2136,#2137,#2138,#2139,#2140,#2141,#2142,
#2143,#2144,#2145,#2146,#2147,#2148,#2149,#2150,#2151,#2152,#2153,#2154,
#2155,#2156,#2157,#2158,#2159,#2160,#2161,#2162,#2163,#2164,#2165,#2166,
#2167,#2168,#2169,#2170,#2171,#2172,#2173,#2174,#2175,#2176,#2177,#2178,
#2179,#2180,#2181,#2182,#2183,#2184,#2185,#2186,#2187,#2188,#2189,#2190,
#2191,#2192,#2193,#2194,#2195,#2196,#2197,#2198,#2199,#2200,#2201,#2202,
#2203,#2204,#2205,#2206,#2207,#2208,#2209,#2210,#2211,#2212,#2213,#2214,
#2215,#2216,#2217,#2218,#2219,#2220,#2221,#2222,#2223,#2224,#2225,#2226,
#2227,#2228,#2229,#2230,#2231,#2232,#2233,#2234,#2235,#2236,#2237,#2238,
#2239,#2240,#2241,#2242,#2243,#2244,#2245,#2246,#2247,#2248,#2249,#2250,
#2251,#2252,#2253,#2254,#2255,#2256,#2257,#2258,#2259));
#2261=AXIS2_PLACEMENT_3D('',#3197,#2509,#2510);
#2262=AXIS2_PLACEMENT_3D('',#3198,#2511,#2512);
#2263=AXIS2_PLACEMENT_3D('',#3200,#2513,#2514);
#2264=AXIS2_PLACEMENT_3D('',#3203,#2516,#2517);
#2265=AXIS2_PLACEMENT_3D('',#3204,#2518,#2519);
#2266=AXIS2_PLACEMENT_3D('',#3205,#2520,#2521);
#2267=AXIS2_PLACEMENT_3D('',#3207,#2522,#2523);
#2268=AXIS2_PLACEMENT_3D('',#3210,#2525,#2526);
#2269=AXIS2_PLACEMENT_3D('',#3211,#2527,#2528);
#2270=AXIS2_PLACEMENT_3D('',#3212,#2529,#2530);
#2271=AXIS2_PLACEMENT_3D('',#3214,#2531,#2532);
#2272=AXIS2_PLACEMENT_3D('',#3217,#2534,#2535);
#2273=AXIS2_PLACEMENT_3D('',#3218,#2536,#2537);
#2274=AXIS2_PLACEMENT_3D('',#3219,#2538,#2539);
#2275=AXIS2_PLACEMENT_3D('',#3221,#2540,#2541);
#2276=AXIS2_PLACEMENT_3D('',#3224,#2543,#2544);
#2277=AXIS2_PLACEMENT_3D('',#3225,#2545,#2546);
#2278=AXIS2_PLACEMENT_3D('',#3226,#2547,#2548);
#2279=AXIS2_PLACEMENT_3D('',#3229,#2549,#2550);
#2280=AXIS2_PLACEMENT_3D('',#3233,#2552,#2553);
#2281=AXIS2_PLACEMENT_3D('',#3235,#2555,#2556);
#2282=AXIS2_PLACEMENT_3D('',#3241,#2560,#2561);
#2283=AXIS2_PLACEMENT_3D('',#3249,#2565,#2566);
#2284=AXIS2_PLACEMENT_3D('',#3251,#2567,#2568);
#2285=AXIS2_PLACEMENT_3D('',#3253,#2569,#2570);
#2286=AXIS2_PLACEMENT_3D('',#3254,#2571,#2572);
#2287=AXIS2_PLACEMENT_3D('',#3255,#2573,#2574);
#2288=AXIS2_PLACEMENT_3D('',#3258,#2575,#2576);
#2289=AXIS2_PLACEMENT_3D('',#3273,#2579,#2580);
#2290=AXIS2_PLACEMENT_3D('',#3293,#2581,#2582);
#2291=AXIS2_PLACEMENT_3D('',#3333,#2586,#2587);
#2292=AXIS2_PLACEMENT_3D('',#3363,#2588,#2589);
#2293=AXIS2_PLACEMENT_3D('',#3364,#2590,#2591);
#2294=AXIS2_PLACEMENT_3D('',#3365,#2592,#2593);
#2295=AXIS2_PLACEMENT_3D('',#3367,#2594,#2595);
#2296=AXIS2_PLACEMENT_3D('',#3379,#2597,#2598);
#2297=AXIS2_PLACEMENT_3D('',#3388,#2599,#2600);
#2298=AXIS2_PLACEMENT_3D('',#3390,#2601,#2602);
#2299=AXIS2_PLACEMENT_3D('',#3392,#2604,#2605);
#2300=AXIS2_PLACEMENT_3D('',#3395,#2606,#2607);
#2301=AXIS2_PLACEMENT_3D('',#3398,#2610,#2611);
#2302=AXIS2_PLACEMENT_3D('',#3400,#2612,#2613);
#2303=AXIS2_PLACEMENT_3D('',#3402,#2615,#2616);
#2304=AXIS2_PLACEMENT_3D('',#3404,#2617,#2618);
#2305=AXIS2_PLACEMENT_3D('',#3405,#2619,#2620);
#2306=AXIS2_PLACEMENT_3D('',#3410,#2623,#2624);
#2307=AXIS2_PLACEMENT_3D('',#3414,#2626,#2627);
#2308=AXIS2_PLACEMENT_3D('',#3416,#2628,#2629);
#2309=AXIS2_PLACEMENT_3D('',#3422,#2632,#2633);
#2310=AXIS2_PLACEMENT_3D('',#3426,#2635,#2636);
#2311=AXIS2_PLACEMENT_3D('',#3430,#2638,#2639);
#2312=AXIS2_PLACEMENT_3D('',#3434,#2641,#2642);
#2313=AXIS2_PLACEMENT_3D('',#3436,#2643,#2644);
#2314=AXIS2_PLACEMENT_3D('',#3440,#2646,#2647);
#2315=AXIS2_PLACEMENT_3D('',#3442,#2648,#2649);
#2316=AXIS2_PLACEMENT_3D('',#3446,#2651,#2652);
#2317=AXIS2_PLACEMENT_3D('',#3450,#2654,#2655);
#2318=AXIS2_PLACEMENT_3D('',#3454,#2657,#2658);
#2319=AXIS2_PLACEMENT_3D('',#3458,#2660,#2661);
#2320=AXIS2_PLACEMENT_3D('',#3462,#2663,#2664);
#2321=AXIS2_PLACEMENT_3D('',#3466,#2666,#2667);
#2322=AXIS2_PLACEMENT_3D('',#3470,#2669,#2670);
#2323=AXIS2_PLACEMENT_3D('',#3474,#2672,#2673);
#2324=AXIS2_PLACEMENT_3D('',#3478,#2675,#2676);
#2325=AXIS2_PLACEMENT_3D('',#3482,#2678,#2679);
#2326=AXIS2_PLACEMENT_3D('',#3484,#2681,#2682);
#2327=AXIS2_PLACEMENT_3D('',#3486,#2684,#2685);
#2328=AXIS2_PLACEMENT_3D('',#3487,#2686,#2687);
#2329=AXIS2_PLACEMENT_3D('',#3491,#2689,#2690);
#2330=AXIS2_PLACEMENT_3D('',#3493,#2692,#2693);
#2331=AXIS2_PLACEMENT_3D('',#3497,#2696,#2697);
#2332=AXIS2_PLACEMENT_3D('',#3500,#2698,#2699);
#2333=AXIS2_PLACEMENT_3D('',#3503,#2702,#2703);
#2334=AXIS2_PLACEMENT_3D('',#3505,#2704,#2705);
#2335=AXIS2_PLACEMENT_3D('',#3507,#2707,#2708);
#2336=AXIS2_PLACEMENT_3D('',#3510,#2710,#2711);
#2337=AXIS2_PLACEMENT_3D('',#3511,#2712,#2713);
#2338=AXIS2_PLACEMENT_3D('',#3515,#2716,#2717);
#2339=AXIS2_PLACEMENT_3D('',#3517,#2718,#2719);
#2340=AXIS2_PLACEMENT_3D('',#3519,#2721,#2722);
#2341=AXIS2_PLACEMENT_3D('',#3524,#2725,#2726);
#2342=AXIS2_PLACEMENT_3D('',#3528,#2728,#2729);
#2343=AXIS2_PLACEMENT_3D('',#3532,#2731,#2732);
#2344=AXIS2_PLACEMENT_3D('',#3536,#2734,#2735);
#2345=AXIS2_PLACEMENT_3D('',#3540,#2737,#2738);
#2346=AXIS2_PLACEMENT_3D('',#3544,#2740,#2741);
#2347=AXIS2_PLACEMENT_3D('',#3548,#2743,#2744);
#2348=AXIS2_PLACEMENT_3D('',#3552,#2746,#2747);
#2349=AXIS2_PLACEMENT_3D('',#3556,#2749,#2750);
#2350=AXIS2_PLACEMENT_3D('',#3558,#2751,#2752);
#2351=AXIS2_PLACEMENT_3D('',#3562,#2754,#2755);
#2352=AXIS2_PLACEMENT_3D('',#3564,#2756,#2757);
#2353=AXIS2_PLACEMENT_3D('',#3568,#2759,#2760);
#2354=AXIS2_PLACEMENT_3D('',#3572,#2762,#2763);
#2355=AXIS2_PLACEMENT_3D('',#3576,#2765,#2766);
#2356=AXIS2_PLACEMENT_3D('',#3580,#2768,#2769);
#2357=AXIS2_PLACEMENT_3D('',#3582,#2770,#2771);
#2358=AXIS2_PLACEMENT_3D('',#3586,#2773,#2774);
#2359=AXIS2_PLACEMENT_3D('',#3590,#2776,#2777);
#2360=AXIS2_PLACEMENT_3D('',#3594,#2779,#2780);
#2361=AXIS2_PLACEMENT_3D('',#3600,#2783,#2784);
#2362=AXIS2_PLACEMENT_3D('',#3604,#2786,#2787);
#2363=AXIS2_PLACEMENT_3D('',#3609,#2790,#2791);
#2364=AXIS2_PLACEMENT_3D('',#3611,#2792,#2793);
#2365=AXIS2_PLACEMENT_3D('',#3613,#2794,#2795);
#2366=AXIS2_PLACEMENT_3D('',#3615,#2796,#2797);
#2367=AXIS2_PLACEMENT_3D('',#3616,#2798,#2799);
#2368=AXIS2_PLACEMENT_3D('',#3618,#2801,#2802);
#2369=AXIS2_PLACEMENT_3D('',#3621,#2805,#2806);
#2370=AXIS2_PLACEMENT_3D('',#3623,#2808,#2809);
#2371=AXIS2_PLACEMENT_3D('',#3624,#2810,#2811);
#2372=AXIS2_PLACEMENT_3D('',#3627,#2814,#2815);
#2373=AXIS2_PLACEMENT_3D('',#3629,#2817,#2818);
#2374=AXIS2_PLACEMENT_3D('',#3632,#2821,#2822);
#2375=AXIS2_PLACEMENT_3D('',#3634,#2824,#2825);
#2376=AXIS2_PLACEMENT_3D('',#3637,#2828,#2829);
#2377=AXIS2_PLACEMENT_3D('',#3639,#2831,#2832);
#2378=AXIS2_PLACEMENT_3D('',#3642,#2835,#2836);
#2379=AXIS2_PLACEMENT_3D('',#3644,#2838,#2839);
#2380=AXIS2_PLACEMENT_3D('',#3647,#2842,#2843);
#2381=AXIS2_PLACEMENT_3D('',#3649,#2845,#2846);
#2382=AXIS2_PLACEMENT_3D('',#3653,#2848,#2849);
#2383=AXIS2_PLACEMENT_3D('',#3655,#2851,#2852);
#2384=AXIS2_PLACEMENT_3D('',#3659,#2855,#2856);
#2385=AXIS2_PLACEMENT_3D('',#3662,#2857,#2858);
#2386=AXIS2_PLACEMENT_3D('',#3665,#2861,#2862);
#2387=AXIS2_PLACEMENT_3D('',#3673,#2867,#2868);
#2388=AXIS2_PLACEMENT_3D('',#3676,#2871,#2872);
#2389=AXIS2_PLACEMENT_3D('',#3682,#2876,#2877);
#2390=AXIS2_PLACEMENT_3D('',#3684,#2879,#2880);
#2391=AXIS2_PLACEMENT_3D('',#3686,#2882,#2883);
#2392=AXIS2_PLACEMENT_3D('',#3687,#2884,#2885);
#2393=AXIS2_PLACEMENT_3D('',#3689,#2887,#2888);
#2394=AXIS2_PLACEMENT_3D('',#3693,#2890,#2891);
#2395=AXIS2_PLACEMENT_3D('',#3698,#2894,#2895);
#2396=AXIS2_PLACEMENT_3D('',#3702,#2897,#2898);
#2397=AXIS2_PLACEMENT_3D('',#3708,#2901,#2902);
#2398=AXIS2_PLACEMENT_3D('',#3714,#2905,#2906);
#2399=AXIS2_PLACEMENT_3D('',#3725,#2912,#2913);
#2400=AXIS2_PLACEMENT_3D('',#3726,#2914,#2915);
#2401=AXIS2_PLACEMENT_3D('',#3727,#2916,#2917);
#2402=AXIS2_PLACEMENT_3D('',#3728,#2918,#2919);
#2403=AXIS2_PLACEMENT_3D('',#3729,#2920,#2921);
#2404=AXIS2_PLACEMENT_3D('',#3730,#2922,#2923);
#2405=AXIS2_PLACEMENT_3D('',#3732,#2925,#2926);
#2406=AXIS2_PLACEMENT_3D('',#3734,#2927,#2928);
#2407=AXIS2_PLACEMENT_3D('',#3736,#2930,#2931);
#2408=AXIS2_PLACEMENT_3D('',#3740,#2934,#2935);
#2409=AXIS2_PLACEMENT_3D('',#3746,#2939,#2940);
#2410=AXIS2_PLACEMENT_3D('',#3749,#2942,#2943);
#2411=AXIS2_PLACEMENT_3D('',#3750,#2944,#2945);
#2412=AXIS2_PLACEMENT_3D('',#3754,#2948,#2949);
#2413=AXIS2_PLACEMENT_3D('',#3755,#2950,#2951);
#2414=AXIS2_PLACEMENT_3D('',#3756,#2952,#2953);
#2415=AXIS2_PLACEMENT_3D('',#3757,#2954,#2955);
#2416=AXIS2_PLACEMENT_3D('',#3758,#2956,#2957);
#2417=AXIS2_PLACEMENT_3D('',#3760,#2958,#2959);
#2418=AXIS2_PLACEMENT_3D('',#3764,#2961,#2962);
#2419=AXIS2_PLACEMENT_3D('',#3768,#2964,#2965);
#2420=AXIS2_PLACEMENT_3D('',#3771,#2967,#2968);
#2421=AXIS2_PLACEMENT_3D('',#3772,#2969,#2970);
#2422=AXIS2_PLACEMENT_3D('',#3778,#2974,#2975);
#2423=AXIS2_PLACEMENT_3D('',#3781,#2977,#2978);
#2424=AXIS2_PLACEMENT_3D('',#3782,#2979,#2980);
#2425=AXIS2_PLACEMENT_3D('',#3786,#2983,#2984);
#2426=AXIS2_PLACEMENT_3D('',#3789,#2986,#2987);
#2427=AXIS2_PLACEMENT_3D('',#3790,#2988,#2989);
#2428=AXIS2_PLACEMENT_3D('',#3794,#2992,#2993);
#2429=AXIS2_PLACEMENT_3D('',#3797,#2995,#2996);
#2430=AXIS2_PLACEMENT_3D('',#3798,#2997,#2998);
#2431=AXIS2_PLACEMENT_3D('',#3802,#3001,#3002);
#2432=AXIS2_PLACEMENT_3D('',#3803,#3003,#3004);
#2433=AXIS2_PLACEMENT_3D('',#3804,#3005,#3006);
#2434=AXIS2_PLACEMENT_3D('',#3806,#3007,#3008);
#2435=AXIS2_PLACEMENT_3D('',#3809,#3010,#3011);
#2436=AXIS2_PLACEMENT_3D('',#3810,#3012,#3013);
#2437=AXIS2_PLACEMENT_3D('',#3811,#3014,#3015);
#2438=AXIS2_PLACEMENT_3D('',#3813,#3016,#3017);
#2439=AXIS2_PLACEMENT_3D('',#3816,#3019,#3020);
#2440=AXIS2_PLACEMENT_3D('',#3817,#3021,#3022);
#2441=AXIS2_PLACEMENT_3D('',#3818,#3023,#3024);
#2442=AXIS2_PLACEMENT_3D('',#3824,#3028,#3029);
#2443=AXIS2_PLACEMENT_3D('',#3828,#3032,#3033);
#2444=AXIS2_PLACEMENT_3D('',#3832,#3036,#3037);
#2445=AXIS2_PLACEMENT_3D('',#3834,#3039,#3040);
#2446=AXIS2_PLACEMENT_3D('',#3837,#3043,#3044);
#2447=AXIS2_PLACEMENT_3D('',#3841,#3047,#3048);
#2448=AXIS2_PLACEMENT_3D('',#3843,#3049,#3050);
#2449=AXIS2_PLACEMENT_3D('',#3845,#3052,#3053);
#2450=AXIS2_PLACEMENT_3D('',#3847,#3055,#3056);
#2451=AXIS2_PLACEMENT_3D('',#3853,#3060,#3061);
#2452=AXIS2_PLACEMENT_3D('',#3855,#3062,#3063);
#2453=AXIS2_PLACEMENT_3D('',#3857,#3065,#3066);
#2454=AXIS2_PLACEMENT_3D('',#3861,#3069,#3070);
#2455=AXIS2_PLACEMENT_3D('',#3862,#3071,#3072);
#2456=AXIS2_PLACEMENT_3D('',#3865,#3075,#3076);
#2457=AXIS2_PLACEMENT_3D('',#3867,#3078,#3079);
#2458=AXIS2_PLACEMENT_3D('',#3869,#3081,#3082);
#2459=AXIS2_PLACEMENT_3D('',#3873,#3085,#3086);
#2460=AXIS2_PLACEMENT_3D('',#3876,#3088,#3089);
#2461=AXIS2_PLACEMENT_3D('',#3877,#3090,#3091);
#2462=AXIS2_PLACEMENT_3D('',#3881,#3094,#3095);
#2463=AXIS2_PLACEMENT_3D('',#3884,#3097,#3098);
#2464=AXIS2_PLACEMENT_3D('',#3885,#3099,#3100);
#2465=AXIS2_PLACEMENT_3D('',#3887,#3102,#3103);
#2466=AXIS2_PLACEMENT_3D('',#3888,#3104,#3105);
#2467=AXIS2_PLACEMENT_3D('',#3890,#3107,#3108);
#2468=AXIS2_PLACEMENT_3D('',#3891,#3109,#3110);
#2469=AXIS2_PLACEMENT_3D('',#3892,#3111,#3112);
#2470=AXIS2_PLACEMENT_3D('',#3893,#3113,#3114);
#2471=AXIS2_PLACEMENT_3D('',#3894,#3115,#3116);
#2472=AXIS2_PLACEMENT_3D('',#3896,#3117,#3118);
#2473=AXIS2_PLACEMENT_3D('',#3897,#3119,#3120);
#2474=AXIS2_PLACEMENT_3D('',#3898,#3121,#3122);
#2475=AXIS2_PLACEMENT_3D('',#3900,#3123,#3124);
#2476=AXIS2_PLACEMENT_3D('',#3901,#3125,#3126);
#2477=AXIS2_PLACEMENT_3D('',#3902,#3127,#3128);
#2478=AXIS2_PLACEMENT_3D('',#3904,#3129,#3130);
#2479=AXIS2_PLACEMENT_3D('',#3905,#3131,#3132);
#2480=AXIS2_PLACEMENT_3D('',#3906,#3133,#3134);
#2481=AXIS2_PLACEMENT_3D('',#3908,#3135,#3136);
#2482=AXIS2_PLACEMENT_3D('',#3909,#3137,#3138);
#2483=AXIS2_PLACEMENT_3D('',#3910,#3139,#3140);
#2484=AXIS2_PLACEMENT_3D('',#3912,#3141,#3142);
#2485=AXIS2_PLACEMENT_3D('',#3913,#3143,#3144);
#2486=AXIS2_PLACEMENT_3D('',#3915,#3145,#3146);
#2487=AXIS2_PLACEMENT_3D('',#3916,#3147,#3148);
#2488=AXIS2_PLACEMENT_3D('',#3918,#3149,#3150);
#2489=AXIS2_PLACEMENT_3D('',#3919,#3151,#3152);
#2490=AXIS2_PLACEMENT_3D('',#3921,#3153,#3154);
#2491=AXIS2_PLACEMENT_3D('',#3922,#3155,#3156);
#2492=AXIS2_PLACEMENT_3D('',#3924,#3157,#3158);
#2493=AXIS2_PLACEMENT_3D('',#3926,#3160,#3161);
#2494=AXIS2_PLACEMENT_3D('',#3927,#3162,#3163);
#2495=AXIS2_PLACEMENT_3D('',#3929,#3164,#3165);
#2496=AXIS2_PLACEMENT_3D('',#3931,#3167,#3168);
#2497=AXIS2_PLACEMENT_3D('',#3932,#3169,#3170);
#2498=AXIS2_PLACEMENT_3D('',#3934,#3171,#3172);
#2499=AXIS2_PLACEMENT_3D('',#3936,#3174,#3175);
#2500=AXIS2_PLACEMENT_3D('',#3937,#3176,#3177);
#2501=AXIS2_PLACEMENT_3D('',#3939,#3178,#3179);
#2502=AXIS2_PLACEMENT_3D('',#3941,#3181,#3182);
#2503=AXIS2_PLACEMENT_3D('',#3942,#3183,#3184);
#2504=AXIS2_PLACEMENT_3D('',#3944,#3186,#3187);
#2505=AXIS2_PLACEMENT_3D('',#3946,#3189,#3190);
#2506=AXIS2_PLACEMENT_3D('',#3947,#3191,#3192);
#2507=AXIS2_PLACEMENT_3D('',#3948,#3193,#3194);
#2508=AXIS2_PLACEMENT_3D('',#3949,#3195,#3196);
#2509=DIRECTION('axis',(0.,0.,1.));
#2510=DIRECTION('refdir',(1.,0.,0.));
#2511=DIRECTION('center_axis',(0.,0.116841248960166,0.993150604159021));
#2512=DIRECTION('ref_axis',(1.,5.90028713801147E-17,-6.94151436390284E-18));
#2513=DIRECTION('center_axis',(-6.98938744520118E-18,0.116841248960169,
0.993150604159021));
#2514=DIRECTION('ref_axis',(1.,5.90028713801147E-17,-6.94151436390284E-18));
#2515=DIRECTION('',(0.,0.116841248960166,0.993150604159021));
#2516=DIRECTION('center_axis',(-6.98938744520117E-18,0.116841248960169,
0.993150604159021));
#2517=DIRECTION('ref_axis',(1.,5.98195201386784E-17,0.));
#2518=DIRECTION('center_axis',(6.98938744520117E-18,-0.116841248960169,
-0.993150604159021));
#2519=DIRECTION('ref_axis',(1.,5.98195201386784E-17,0.));
#2520=DIRECTION('center_axis',(0.,0.116841248960166,0.993150604159021));
#2521=DIRECTION('ref_axis',(1.,5.90028713801147E-17,-6.94151436390284E-18));
#2522=DIRECTION('center_axis',(-6.98938744520118E-18,0.116841248960169,
0.993150604159021));
#2523=DIRECTION('ref_axis',(1.,5.90028713801147E-17,-6.94151436390284E-18));
#2524=DIRECTION('',(0.,0.116841248960166,0.993150604159021));
#2525=DIRECTION('center_axis',(-6.98938744520117E-18,0.116841248960169,
0.993150604159021));
#2526=DIRECTION('ref_axis',(1.,5.98195201386784E-17,0.));
#2527=DIRECTION('center_axis',(6.98938744520117E-18,-0.116841248960169,
-0.993150604159021));
#2528=DIRECTION('ref_axis',(1.,5.98195201386784E-17,0.));
#2529=DIRECTION('center_axis',(0.,0.116841248960169,0.993150604159021));
#2530=DIRECTION('ref_axis',(1.,5.90028713801146E-17,-6.94151436390301E-18));
#2531=DIRECTION('center_axis',(-6.98938744520118E-18,0.116841248960169,
0.993150604159021));
#2532=DIRECTION('ref_axis',(1.,5.90028713801146E-17,-6.94151436390301E-18));
#2533=DIRECTION('',(0.,0.116841248960169,0.993150604159021));
#2534=DIRECTION('center_axis',(-6.98938744520117E-18,0.116841248960169,
0.993150604159021));
#2535=DIRECTION('ref_axis',(1.,5.98195201386784E-17,0.));
#2536=DIRECTION('center_axis',(6.98938744520117E-18,-0.116841248960169,
-0.993150604159021));
#2537=DIRECTION('ref_axis',(1.,5.98195201386784E-17,0.));
#2538=DIRECTION('center_axis',(0.,0.116841248960169,0.993150604159021));
#2539=DIRECTION('ref_axis',(1.,5.90028713801146E-17,-6.94151436390301E-18));
#2540=DIRECTION('center_axis',(-6.98938744520118E-18,0.116841248960169,
0.993150604159021));
#2541=DIRECTION('ref_axis',(1.,5.90028713801146E-17,-6.94151436390301E-18));
#2542=DIRECTION('',(0.,0.116841248960169,0.993150604159021));
#2543=DIRECTION('center_axis',(-6.98938744520117E-18,0.116841248960169,
0.993150604159021));
#2544=DIRECTION('ref_axis',(1.,5.98195201386784E-17,0.));
#2545=DIRECTION('center_axis',(6.98938744520117E-18,-0.116841248960169,
-0.993150604159021));
#2546=DIRECTION('ref_axis',(1.,5.98195201386784E-17,0.));
#2547=DIRECTION('center_axis',(0.,0.,-1.));
#2548=DIRECTION('ref_axis',(-0.98971564067566,-0.14304877001208,0.));
#2549=DIRECTION('center_axis',(-6.98938744520118E-18,0.116841248960169,
0.993150604159021));
#2550=DIRECTION('ref_axis',(5.95414080535174E-16,-0.993150604159021,0.116841248960169));
#2551=DIRECTION('',(0.,0.,1.));
#2552=DIRECTION('center_axis',(0.,0.,-1.));
#2553=DIRECTION('ref_axis',(-0.98971564067566,-0.14304877001208,0.));
#2554=DIRECTION('',(0.,0.,-1.));
#2555=DIRECTION('center_axis',(-0.959074098796062,-0.283155210120742,0.));
#2556=DIRECTION('ref_axis',(0.283155210120742,-0.959074098796062,0.));
#2557=DIRECTION('',(-0.281369798908163,0.953026738237326,-0.112120794088805));
#2558=DIRECTION('',(0.,0.,-1.));
#2559=DIRECTION('',(0.283155210120742,-0.959074098796062,0.));
#2560=DIRECTION('center_axis',(-6.98938744520118E-18,0.116841248960169,
0.993150604159021));
#2561=DIRECTION('ref_axis',(1.,0.,7.03759068960105E-18));
#2562=DIRECTION('',(0.,0.993150604159021,-0.116841248960169));
#2563=DIRECTION('',(-1.,-2.16669971499923E-18,-6.78268483769703E-18));
#2564=DIRECTION('',(-4.11350663725218E-16,-0.993150604159021,0.116841248960169));
#2565=DIRECTION('center_axis',(-6.98938744520118E-18,0.116841248960169,
0.993150604159021));
#2566=DIRECTION('ref_axis',(-2.97707040267587E-15,-0.993150604159021,0.116841248960169));
#2567=DIRECTION('center_axis',(6.98938744520118E-18,-0.116841248960169,
-0.993150604159021));
#2568=DIRECTION('ref_axis',(-3.37773794961262E-17,-0.993150604159021,0.116841248960169));
#2569=DIRECTION('center_axis',(-6.98938744520118E-18,0.116841248960169,
0.993150604159021));
#2570=DIRECTION('ref_axis',(-1.5167723145395E-16,0.993150604159021,-0.116841248960169));
#2571=DIRECTION('center_axis',(-6.98938744520118E-18,0.116841248960169,
0.993150604159021));
#2572=DIRECTION('ref_axis',(-1.92958266840103E-15,-0.993150604159021,0.116841248960169));
#2573=DIRECTION('center_axis',(0.,0.,1.));
#2574=DIRECTION('ref_axis',(-0.801220792760372,0.59836881707559,0.));
#2575=DIRECTION('center_axis',(0.,0.,-1.));
#2576=DIRECTION('ref_axis',(-0.801220792760372,0.59836881707559,0.));
#2577=DIRECTION('',(0.,0.,-1.));
#2578=DIRECTION('',(0.,0.,1.));
#2579=DIRECTION('center_axis',(-1.,-2.16669971499923E-18,-6.78268483769703E-18));
#2580=DIRECTION('ref_axis',(0.,0.35268247742226,-0.935743057745713));
#2581=DIRECTION('center_axis',(-1.,0.,0.));
#2582=DIRECTION('ref_axis',(0.,0.35268247742226,-0.935743057745713));
#2583=DIRECTION('',(1.,2.16669971499923E-18,6.78268483769703E-18));
#2584=DIRECTION('',(1.,2.16669971499923E-18,6.78268483769703E-18));
#2585=DIRECTION('',(1.,2.16669971499923E-18,6.78268483769703E-18));
#2586=DIRECTION('center_axis',(1.,0.,0.));
#2587=DIRECTION('ref_axis',(0.,0.35268247742226,-0.935743057745713));
#2588=DIRECTION('center_axis',(-1.,4.14187598540043E-16,0.));
#2589=DIRECTION('ref_axis',(0.,0.35268247742226,-0.935743057745713));
#2590=DIRECTION('center_axis',(1.,0.,0.));
#2591=DIRECTION('ref_axis',(0.,0.35268247742226,-0.935743057745713));
#2592=DIRECTION('center_axis',(0.,0.,1.));
#2593=DIRECTION('ref_axis',(0.316015075420994,0.948754168426502,0.));
#2594=DIRECTION('center_axis',(0.,0.,1.));
#2595=DIRECTION('ref_axis',(0.316015075420994,0.948754168426502,0.));
#2596=DIRECTION('',(0.,0.,1.));
#2597=DIRECTION('center_axis',(0.,0.,1.));
#2598=DIRECTION('ref_axis',(0.316015075420994,0.948754168426502,0.));
#2599=DIRECTION('center_axis',(0.,0.,1.));
#2600=DIRECTION('ref_axis',(0.801220792760372,0.59836881707559,0.));
#2601=DIRECTION('center_axis',(0.,0.,-1.));
#2602=DIRECTION('ref_axis',(0.801220792760372,0.59836881707559,0.));
#2603=DIRECTION('',(0.,0.,-1.));
#2604=DIRECTION('center_axis',(0.,0.,1.));
#2605=DIRECTION('ref_axis',(0.827153147634168,-0.561976574564179,0.));
#2606=DIRECTION('center_axis',(0.,0.,-1.));
#2607=DIRECTION('ref_axis',(0.827153147634168,-0.561976574564179,0.));
#2608=DIRECTION('',(0.,0.,-1.));
#2609=DIRECTION('',(0.,0.,1.));
#2610=DIRECTION('center_axis',(0.,0.,1.));
#2611=DIRECTION('ref_axis',(-0.00975828466396387,-0.9999523868067,0.));
#2612=DIRECTION('center_axis',(0.,0.,1.));
#2613=DIRECTION('ref_axis',(-0.00975828466396387,-0.9999523868067,0.));
#2614=DIRECTION('',(0.,0.,1.));
#2615=DIRECTION('center_axis',(0.,0.,1.));
#2616=DIRECTION('ref_axis',(1.,0.,0.));
#2617=DIRECTION('center_axis',(0.,0.,-1.));
#2618=DIRECTION('ref_axis',(-0.494889673205794,-0.868955816687053,0.));
#2619=DIRECTION('center_axis',(0.,0.,-1.));
#2620=DIRECTION('ref_axis',(-0.277666935452679,0.960677403167326,0.));
#2621=DIRECTION('',(4.14187598540043E-16,1.,0.));
#2622=DIRECTION('',(0.,-1.,0.));
#2623=DIRECTION('center_axis',(0.,0.,-1.));
#2624=DIRECTION('ref_axis',(-0.707106781186548,0.707106781186548,0.));
#2625=DIRECTION('',(0.,1.,0.));
#2626=DIRECTION('center_axis',(0.,0.,1.));
#2627=DIRECTION('ref_axis',(0.708087176828558,-0.706125024348353,0.));
#2628=DIRECTION('center_axis',(0.,0.,-1.));
#2629=DIRECTION('ref_axis',(-0.259464062576289,0.965752763512177,0.));
#2630=DIRECTION('',(0.26757752861364,-0.963536333607102,0.));
#2631=DIRECTION('',(0.965842837234668,0.259128566087351,0.));
#2632=DIRECTION('center_axis',(0.,0.,-1.));
#2633=DIRECTION('ref_axis',(0.259128566087352,-0.965842837234668,0.));
#2634=DIRECTION('',(-1.,0.,0.));
#2635=DIRECTION('center_axis',(0.,0.,1.));
#2636=DIRECTION('ref_axis',(-0.70710678118655,-0.707106781186545,0.));
#2637=DIRECTION('',(0.,-1.,0.));
#2638=DIRECTION('center_axis',(0.,0.,1.));
#2639=DIRECTION('ref_axis',(-0.707106781186547,0.707106781186547,0.));
#2640=DIRECTION('',(-1.,0.,0.));
#2641=DIRECTION('center_axis',(0.,0.,-1.));
#2642=DIRECTION('ref_axis',(0.646345619692244,-0.763044782371683,0.));
#2643=DIRECTION('center_axis',(0.,0.,1.));
#2644=DIRECTION('ref_axis',(5.83129098906354E-15,1.,0.));
#2645=DIRECTION('',(-1.,6.72454898874874E-17,0.));
#2646=DIRECTION('center_axis',(0.,0.,-1.));
#2647=DIRECTION('ref_axis',(0.646346004137367,-0.763044456722974,0.));
#2648=DIRECTION('center_axis',(0.,0.,1.));
#2649=DIRECTION('ref_axis',(-4.07955971984074E-14,1.,0.));
#2650=DIRECTION('',(-1.,0.,0.));
#2651=DIRECTION('center_axis',(0.,0.,-1.));
#2652=DIRECTION('ref_axis',(0.707106781186547,-0.707106781186547,0.));
#2653=DIRECTION('',(0.,-1.,0.));
#2654=DIRECTION('center_axis',(0.,0.,1.));
#2655=DIRECTION('ref_axis',(-0.707106781186547,0.707106781186548,0.));
#2656=DIRECTION('',(-1.,0.,0.));
#2657=DIRECTION('center_axis',(0.,0.,1.));
#2658=DIRECTION('ref_axis',(0.707106781186547,0.707106781186547,0.));
#2659=DIRECTION('',(0.,1.,0.));
#2660=DIRECTION('center_axis',(0.,0.,-1.));
#2661=DIRECTION('ref_axis',(-0.707106781186548,-0.707106781186548,0.));
#2662=DIRECTION('',(-1.,0.,0.));
#2663=DIRECTION('center_axis',(0.,0.,1.));
#2664=DIRECTION('ref_axis',(0.707106781186543,0.707106781186552,0.));
#2665=DIRECTION('',(0.,1.,0.));
#2666=DIRECTION('center_axis',(0.,0.,-1.));
#2667=DIRECTION('ref_axis',(-0.707106781186554,-0.707106781186541,0.));
#2668=DIRECTION('',(-1.,0.,0.));
#2669=DIRECTION('center_axis',(0.,0.,1.));
#2670=DIRECTION('ref_axis',(0.707106781186545,0.70710678118655,0.));
#2671=DIRECTION('',(0.,1.,0.));
#2672=DIRECTION('center_axis',(0.,0.,1.));
#2673=DIRECTION('ref_axis',(0.707106781186547,-0.707106781186547,0.));
#2674=DIRECTION('',(1.,0.,0.));
#2675=DIRECTION('center_axis',(0.,0.,1.));
#2676=DIRECTION('ref_axis',(-0.707106781186547,-0.707106781186547,0.));
#2677=DIRECTION('',(0.,-1.,0.));
#2678=DIRECTION('center_axis',(0.,0.,-1.));
#2679=DIRECTION('ref_axis',(0.707106781186548,0.707106781186548,0.));
#2680=DIRECTION('',(1.,0.,0.));
#2681=DIRECTION('center_axis',(0.,0.,1.));
#2682=DIRECTION('ref_axis',(-0.494889673205794,-0.868955816687053,0.));
#2683=DIRECTION('',(0.,0.,1.));
#2684=DIRECTION('center_axis',(0.,0.,1.));
#2685=DIRECTION('ref_axis',(-0.277666935452679,0.960677403167326,0.));
#2686=DIRECTION('center_axis',(0.,0.,-1.));
#2687=DIRECTION('ref_axis',(-0.707106781186548,0.707106781186548,0.));
#2688=DIRECTION('',(0.,0.,-1.));
#2689=DIRECTION('center_axis',(0.,0.,-1.));
#2690=DIRECTION('ref_axis',(-0.707106781186548,0.707106781186548,0.));
#2691=DIRECTION('',(0.,0.,1.));
#2692=DIRECTION('center_axis',(0.,1.,0.));
#2693=DIRECTION('ref_axis',(-1.,0.,0.));
#2694=DIRECTION('',(0.,0.,1.));
#2695=DIRECTION('',(1.,0.,0.));
#2696=DIRECTION('center_axis',(0.,0.,1.));
#2697=DIRECTION('ref_axis',(0.708087176828558,-0.706125024348353,0.));
#2698=DIRECTION('center_axis',(0.,0.,1.));
#2699=DIRECTION('ref_axis',(0.708087176828558,-0.706125024348353,0.));
#2700=DIRECTION('',(0.,0.,1.));
#2701=DIRECTION('',(0.,0.,-1.));
#2702=DIRECTION('center_axis',(0.,0.,1.));
#2703=DIRECTION('ref_axis',(-0.259464062576289,0.965752763512177,0.));
#2704=DIRECTION('center_axis',(0.,0.,-1.));
#2705=DIRECTION('ref_axis',(-0.259464062576289,0.965752763512177,0.));
#2706=DIRECTION('',(0.,0.,1.));
#2707=DIRECTION('center_axis',(0.,0.,1.));
#2708=DIRECTION('ref_axis',(0.707106781186548,0.707106781186548,0.));
#2709=DIRECTION('',(0.,0.,-1.));
#2710=DIRECTION('center_axis',(0.,0.,-1.));
#2711=DIRECTION('ref_axis',(0.707106781186548,0.707106781186548,0.));
#2712=DIRECTION('center_axis',(1.,0.,0.));
#2713=DIRECTION('ref_axis',(0.,1.,0.));
#2714=DIRECTION('',(0.,0.,1.));
#2715=DIRECTION('',(0.,-1.,0.));
#2716=DIRECTION('center_axis',(0.,0.,-1.));
#2717=DIRECTION('ref_axis',(-0.707106781186547,-0.707106781186547,0.));
#2718=DIRECTION('center_axis',(0.,0.,1.));
#2719=DIRECTION('ref_axis',(-0.707106781186547,-0.707106781186547,0.));
#2720=DIRECTION('',(0.,0.,-1.));
#2721=DIRECTION('center_axis',(0.,0.,1.));
#2722=DIRECTION('ref_axis',(1.,0.,0.));
#2723=DIRECTION('',(0.,1.,0.));
#2724=DIRECTION('',(1.,0.,0.));
#2725=DIRECTION('center_axis',(0.,0.,1.));
#2726=DIRECTION('ref_axis',(0.707106781186547,-0.707106781186547,0.));
#2727=DIRECTION('',(0.,1.,0.));
#2728=DIRECTION('center_axis',(0.,0.,1.));
#2729=DIRECTION('ref_axis',(0.707106781186545,0.70710678118655,0.));
#2730=DIRECTION('',(-1.,0.,0.));
#2731=DIRECTION('center_axis',(0.,0.,-1.));
#2732=DIRECTION('ref_axis',(-0.707106781186554,-0.707106781186541,0.));
#2733=DIRECTION('',(0.,1.,0.));
#2734=DIRECTION('center_axis',(0.,0.,1.));
#2735=DIRECTION('ref_axis',(0.707106781186543,0.707106781186552,0.));
#2736=DIRECTION('',(-1.,0.,0.));
#2737=DIRECTION('center_axis',(0.,0.,-1.));
#2738=DIRECTION('ref_axis',(-0.707106781186548,-0.707106781186548,0.));
#2739=DIRECTION('',(0.,1.,0.));
#2740=DIRECTION('center_axis',(0.,0.,1.));
#2741=DIRECTION('ref_axis',(0.707106781186547,0.707106781186547,0.));
#2742=DIRECTION('',(-1.,0.,0.));
#2743=DIRECTION('center_axis',(0.,0.,1.));
#2744=DIRECTION('ref_axis',(-0.707106781186547,0.707106781186548,0.));
#2745=DIRECTION('',(0.,-1.,0.));
#2746=DIRECTION('center_axis',(0.,0.,-1.));
#2747=DIRECTION('ref_axis',(0.707106781186547,-0.707106781186547,0.));
#2748=DIRECTION('',(-1.,0.,0.));
#2749=DIRECTION('center_axis',(0.,0.,1.));
#2750=DIRECTION('ref_axis',(-4.07955971984074E-14,1.,0.));
#2751=DIRECTION('center_axis',(0.,0.,-1.));
#2752=DIRECTION('ref_axis',(0.646346004137367,-0.763044456722974,0.));
#2753=DIRECTION('',(-1.,6.72454898874874E-17,0.));
#2754=DIRECTION('center_axis',(0.,0.,1.));
#2755=DIRECTION('ref_axis',(5.83129098906354E-15,1.,0.));
#2756=DIRECTION('center_axis',(0.,0.,-1.));
#2757=DIRECTION('ref_axis',(0.646345619692244,-0.763044782371683,0.));
#2758=DIRECTION('',(1.,0.,0.));
#2759=DIRECTION('center_axis',(0.,0.,-1.));
#2760=DIRECTION('ref_axis',(0.707106781186548,-0.707106781186547,0.));
#2761=DIRECTION('',(0.,1.,0.));
#2762=DIRECTION('center_axis',(0.,0.,-1.));
#2763=DIRECTION('ref_axis',(-5.82794245691557E-15,1.,0.));
#2764=DIRECTION('',(1.,0.,0.));
#2765=DIRECTION('center_axis',(0.,0.,-1.));
#2766=DIRECTION('ref_axis',(1.,1.78480737743035E-14,0.));
#2767=DIRECTION('',(0.,-1.,0.));
#2768=DIRECTION('center_axis',(0.,0.,1.));
#2769=DIRECTION('ref_axis',(-1.,4.37095684268668E-15,0.));
#2770=DIRECTION('center_axis',(0.,0.,-1.));
#2771=DIRECTION('ref_axis',(1.,7.86772231683539E-14,0.));
#2772=DIRECTION('',(0.,-1.,0.));
#2773=DIRECTION('center_axis',(0.,0.,-1.));
#2774=DIRECTION('ref_axis',(-3.49676547414947E-14,-1.,0.));
#2775=DIRECTION('',(-1.,0.,0.));
#2776=DIRECTION('center_axis',(0.,0.,1.));
#2777=DIRECTION('ref_axis',(-2.18547842134334E-15,1.,0.));
#2778=DIRECTION('',(0.,-1.,0.));
#2779=DIRECTION('center_axis',(0.,0.,-1.));
#2780=DIRECTION('ref_axis',(1.01988992996022E-14,-1.,0.));
#2781=DIRECTION('',(-1.,0.,0.));
#2782=DIRECTION('',(0.,-1.,0.));
#2783=DIRECTION('center_axis',(0.,0.,1.));
#2784=DIRECTION('ref_axis',(-0.70710678118655,-0.707106781186545,0.));
#2785=DIRECTION('',(1.,0.,0.));
#2786=DIRECTION('center_axis',(0.,0.,-1.));
#2787=DIRECTION('ref_axis',(0.259128566087352,-0.965842837234668,0.));
#2788=DIRECTION('',(-0.965842837234668,-0.259128566087351,0.));
#2789=DIRECTION('',(0.26757752861364,-0.963536333607102,0.));
#2790=DIRECTION('center_axis',(0.,0.,1.));
#2791=DIRECTION('ref_axis',(1.,0.,0.));
#2792=DIRECTION('center_axis',(0.,0.,1.));
#2793=DIRECTION('ref_axis',(1.,0.,0.));
#2794=DIRECTION('center_axis',(0.,0.,1.));
#2795=DIRECTION('ref_axis',(1.,0.,0.));
#2796=DIRECTION('center_axis',(0.,0.,1.));
#2797=DIRECTION('ref_axis',(1.,0.,0.));
#2798=DIRECTION('center_axis',(0.,1.,0.));
#2799=DIRECTION('ref_axis',(-1.,0.,0.));
#2800=DIRECTION('',(0.,0.,1.));
#2801=DIRECTION('center_axis',(0.,0.,1.));
#2802=DIRECTION('ref_axis',(0.707106781186545,0.70710678118655,0.));
#2803=DIRECTION('',(0.,0.,1.));
#2804=DIRECTION('',(0.,0.,-1.));
#2805=DIRECTION('center_axis',(-1.,0.,0.));
#2806=DIRECTION('ref_axis',(0.,-1.,0.));
#2807=DIRECTION('',(0.,0.,-1.));
#2808=DIRECTION('center_axis',(0.,0.,-1.));
#2809=DIRECTION('ref_axis',(0.707106781186547,-0.707106781186547,0.));
#2810=DIRECTION('center_axis',(0.,0.,1.));
#2811=DIRECTION('ref_axis',(-0.707106781186554,-0.707106781186541,0.));
#2812=DIRECTION('',(0.,0.,-1.));
#2813=DIRECTION('',(0.,0.,1.));
#2814=DIRECTION('center_axis',(-1.,0.,0.));
#2815=DIRECTION('ref_axis',(0.,-1.,0.));
#2816=DIRECTION('',(0.,0.,1.));
#2817=DIRECTION('center_axis',(0.,0.,1.));
#2818=DIRECTION('ref_axis',(0.707106781186547,0.707106781186547,0.));
#2819=DIRECTION('',(0.,0.,1.));
#2820=DIRECTION('',(0.,0.,-1.));
#2821=DIRECTION('center_axis',(-1.,0.,0.));
#2822=DIRECTION('ref_axis',(0.,-1.,0.));
#2823=DIRECTION('',(0.,0.,-1.));
#2824=DIRECTION('center_axis',(0.,0.,-1.));
#2825=DIRECTION('ref_axis',(-0.707106781186547,0.707106781186548,0.));
#2826=DIRECTION('',(0.,0.,1.));
#2827=DIRECTION('',(0.,0.,-1.));
#2828=DIRECTION('center_axis',(1.,0.,0.));
#2829=DIRECTION('ref_axis',(0.,1.,0.));
#2830=DIRECTION('',(0.,0.,1.));
#2831=DIRECTION('center_axis',(0.,0.,-1.));
#2832=DIRECTION('ref_axis',(0.646346004137367,-0.763044456722974,0.));
#2833=DIRECTION('',(0.,0.,-1.));
#2834=DIRECTION('',(0.,0.,1.));
#2835=DIRECTION('center_axis',(-6.72454898874874E-17,-1.,0.));
#2836=DIRECTION('ref_axis',(1.,-6.72454898874874E-17,0.));
#2837=DIRECTION('',(0.,0.,1.));
#2838=DIRECTION('center_axis',(0.,0.,1.));
#2839=DIRECTION('ref_axis',(-0.70710678118655,-0.707106781186545,0.));
#2840=DIRECTION('',(0.,0.,1.));
#2841=DIRECTION('',(0.,0.,-1.));
#2842=DIRECTION('center_axis',(0.,1.,0.));
#2843=DIRECTION('ref_axis',(-1.,0.,0.));
#2844=DIRECTION('',(0.,0.,1.));
#2845=DIRECTION('center_axis',(0.,0.,1.));
#2846=DIRECTION('ref_axis',(0.707106781186548,-0.707106781186547,0.));
#2847=DIRECTION('',(0.,0.,-1.));
#2848=DIRECTION('center_axis',(0.,0.,-1.));
#2849=DIRECTION('ref_axis',(0.707106781186548,-0.707106781186547,0.));
#2850=DIRECTION('',(0.,0.,1.));
#2851=DIRECTION('center_axis',(-1.,0.,0.));
#2852=DIRECTION('ref_axis',(0.,1.,0.));
#2853=DIRECTION('',(0.,1.,0.));
#2854=DIRECTION('',(0.,0.,-1.));
#2855=DIRECTION('center_axis',(0.,0.,1.));
#2856=DIRECTION('ref_axis',(-0.707106781186547,0.707106781186547,0.));
#2857=DIRECTION('center_axis',(0.,0.,1.));
#2858=DIRECTION('ref_axis',(-0.707106781186547,0.707106781186547,0.));
#2859=DIRECTION('',(0.,0.,1.));
#2860=DIRECTION('',(0.,0.,-1.));
#2861=DIRECTION('center_axis',(1.,0.,0.));
#2862=DIRECTION('ref_axis',(0.,1.,0.));
#2863=DIRECTION('',(0.,0.,-1.));
#2864=DIRECTION('',(0.,-1.,0.));
#2865=DIRECTION('',(0.,0.,1.));
#2866=DIRECTION('',(0.,-1.,0.));
#2867=DIRECTION('center_axis',(0.,0.,1.));
#2868=DIRECTION('ref_axis',(0.646345619692244,-0.763044782371683,0.));
#2869=DIRECTION('',(0.,0.,-1.));
#2870=DIRECTION('',(0.,0.,1.));
#2871=DIRECTION('center_axis',(0.,-1.,0.));
#2872=DIRECTION('ref_axis',(1.,0.,0.));
#2873=DIRECTION('',(-1.,0.,0.));
#2874=DIRECTION('',(0.,0.,-1.));
#2875=DIRECTION('',(-1.,0.,0.));
#2876=DIRECTION('center_axis',(0.,0.,-1.));
#2877=DIRECTION('ref_axis',(-0.707106781186548,-0.707106781186548,0.));
#2878=DIRECTION('',(0.,0.,1.));
#2879=DIRECTION('center_axis',(0.,-1.,0.));
#2880=DIRECTION('ref_axis',(1.,0.,0.));
#2881=DIRECTION('',(0.,0.,-1.));
#2882=DIRECTION('center_axis',(0.,0.,-1.));
#2883=DIRECTION('ref_axis',(0.707106781186543,0.707106781186552,0.));
#2884=DIRECTION('center_axis',(0.,0.,-1.));
#2885=DIRECTION('ref_axis',(0.707106781186547,-0.707106781186547,0.));
#2886=DIRECTION('',(0.,0.,-1.));
#2887=DIRECTION('center_axis',(0.,0.,1.));
#2888=DIRECTION('ref_axis',(1.,0.,0.));
#2889=DIRECTION('',(0.,1.,0.));
#2890=DIRECTION('center_axis',(0.,0.,1.));
#2891=DIRECTION('ref_axis',(-1.95634014472552E-15,-1.,0.));
#2892=DIRECTION('',(1.,0.,0.));
#2893=DIRECTION('',(-1.,0.,0.));
#2894=DIRECTION('center_axis',(0.,0.,-1.));
#2895=DIRECTION('ref_axis',(1.01988992996022E-14,-1.,0.));
#2896=DIRECTION('',(0.,-1.,0.));
#2897=DIRECTION('center_axis',(0.,0.,1.));
#2898=DIRECTION('ref_axis',(-2.18547842134334E-15,1.,0.));
#2899=DIRECTION('',(-1.,0.,0.));
#2900=DIRECTION('',(0.,-1.,0.));
#2901=DIRECTION('center_axis',(0.,0.,1.));
#2902=DIRECTION('ref_axis',(5.16287645319952E-15,1.,0.));
#2903=DIRECTION('',(-1.,0.,0.));
#2904=DIRECTION('',(0.,-1.,0.));
#2905=DIRECTION('center_axis',(0.,0.,-1.));
#2906=DIRECTION('ref_axis',(1.,1.78480737743035E-14,0.));
#2907=DIRECTION('',(1.,0.,0.));
#2908=DIRECTION('',(0.,1.,0.));
#2909=DIRECTION('',(1.,0.,0.));
#2910=DIRECTION('',(0.,-1.,0.));
#2911=DIRECTION('',(1.,0.,0.));
#2912=DIRECTION('center_axis',(0.,0.,-1.));
#2913=DIRECTION('ref_axis',(-5.82794245691557E-15,1.,0.));
#2914=DIRECTION('center_axis',(-1.,0.,0.));
#2915=DIRECTION('ref_axis',(0.,-1.,0.));
#2916=DIRECTION('center_axis',(0.,-1.,0.));
#2917=DIRECTION('ref_axis',(1.,0.,0.));
#2918=DIRECTION('center_axis',(0.,-1.,0.));
#2919=DIRECTION('ref_axis',(1.,0.,0.));
#2920=DIRECTION('center_axis',(0.,0.,1.));
#2921=DIRECTION('ref_axis',(5.83129098906354E-15,1.,0.));
#2922=DIRECTION('center_axis',(0.,0.,1.));
#2923=DIRECTION('ref_axis',(-4.07955971984074E-14,1.,0.));
#2924=DIRECTION('',(0.,0.,1.));
#2925=DIRECTION('center_axis',(0.,-1.,0.));
#2926=DIRECTION('ref_axis',(1.,0.,-3.05311338596157E-15));
#2927=DIRECTION('center_axis',(0.,-1.,0.));
#2928=DIRECTION('ref_axis',(1.,0.,-3.05311338596157E-15));
#2929=DIRECTION('',(0.,-1.,0.));
#2930=DIRECTION('center_axis',(1.,0.,0.));
#2931=DIRECTION('ref_axis',(0.,0.,1.));
#2932=DIRECTION('',(0.,0.,1.));
#2933=DIRECTION('',(0.,-1.,0.));
#2934=DIRECTION('center_axis',(-1.,0.,0.));
#2935=DIRECTION('ref_axis',(0.,0.,-1.));
#2936=DIRECTION('',(0.,-1.,0.));
#2937=DIRECTION('',(0.,0.,-1.));
#2938=DIRECTION('',(0.,-1.,0.));
#2939=DIRECTION('center_axis',(0.,-1.,0.));
#2940=DIRECTION('ref_axis',(-0.999671430909481,0.,-0.0256326007925508));
#2941=DIRECTION('',(0.,-1.,0.));
#2942=DIRECTION('center_axis',(0.,-1.,0.));
#2943=DIRECTION('ref_axis',(-0.999671430909481,0.,-0.0256326007925508));
#2944=DIRECTION('center_axis',(0.,0.,1.));
#2945=DIRECTION('ref_axis',(-1.,0.,0.));
#2946=DIRECTION('',(0.,-1.,0.));
#2947=DIRECTION('',(-1.,0.,0.));
#2948=DIRECTION('center_axis',(0.,-1.,0.));
#2949=DIRECTION('ref_axis',(-0.0256326007925508,0.,0.999671430909481));
#2950=DIRECTION('center_axis',(0.,-1.,0.));
#2951=DIRECTION('ref_axis',(-0.0256326007925508,0.,0.999671430909481));
#2952=DIRECTION('center_axis',(0.,-1.,0.));
#2953=DIRECTION('ref_axis',(-4.44089219776228E-15,0.,-1.));
#2954=DIRECTION('center_axis',(0.,-1.,0.));
#2955=DIRECTION('ref_axis',(-4.44089219776228E-15,0.,-1.));
#2956=DIRECTION('center_axis',(0.,1.,0.));
#2957=DIRECTION('ref_axis',(1.,0.,0.));
#2958=DIRECTION('center_axis',(0.,1.,0.));
#2959=DIRECTION('ref_axis',(1.,0.,-8.74191341645179E-15));
#2960=DIRECTION('',(-6.83767510545129E-11,0.,-1.));
#2961=DIRECTION('center_axis',(0.,1.,0.));
#2962=DIRECTION('ref_axis',(1.90732662226324E-14,0.,1.));
#2963=DIRECTION('',(1.,0.,6.55643526403006E-17));
#2964=DIRECTION('center_axis',(0.,1.,0.));
#2965=DIRECTION('ref_axis',(-1.,0.,-1.70864676390033E-14));
#2966=DIRECTION('',(0.,0.,1.));
#2967=DIRECTION('center_axis',(0.,1.,0.));
#2968=DIRECTION('ref_axis',(0.,0.,-1.));
#2969=DIRECTION('center_axis',(-1.,0.,0.));
#2970=DIRECTION('ref_axis',(0.,0.,-1.));
#2971=DIRECTION('',(0.,-1.,0.));
#2972=DIRECTION('',(0.,0.,1.));
#2973=DIRECTION('',(0.,-1.,0.));
#2974=DIRECTION('center_axis',(0.,-1.,0.));
#2975=DIRECTION('ref_axis',(-1.,0.,-1.70864676390033E-14));
#2976=DIRECTION('',(0.,-1.,0.));
#2977=DIRECTION('center_axis',(0.,1.,0.));
#2978=DIRECTION('ref_axis',(-1.,0.,-1.70864676390033E-14));
#2979=DIRECTION('center_axis',(-6.55643526403006E-17,0.,1.));
#2980=DIRECTION('ref_axis',(-1.,0.,-6.55643526403006E-17));
#2981=DIRECTION('',(0.,-1.,0.));
#2982=DIRECTION('',(1.,0.,6.55643526403006E-17));
#2983=DIRECTION('center_axis',(0.,-1.,0.));
#2984=DIRECTION('ref_axis',(1.90732662226324E-14,0.,1.));
#2985=DIRECTION('',(0.,-1.,0.));
#2986=DIRECTION('center_axis',(0.,1.,0.));
#2987=DIRECTION('ref_axis',(1.90732662226324E-14,0.,1.));
#2988=DIRECTION('center_axis',(1.,0.,-6.83767510545129E-11));
#2989=DIRECTION('ref_axis',(6.83767510545129E-11,0.,1.));
#2990=DIRECTION('',(0.,-1.,0.));
#2991=DIRECTION('',(-6.83767510545129E-11,0.,-1.));
#2992=DIRECTION('center_axis',(0.,-1.,0.));
#2993=DIRECTION('ref_axis',(1.,0.,-8.74191341645179E-15));
#2994=DIRECTION('',(0.,-1.,0.));
#2995=DIRECTION('center_axis',(0.,1.,0.));
#2996=DIRECTION('ref_axis',(1.,0.,-8.74191341645179E-15));
#2997=DIRECTION('center_axis',(0.,0.,-1.));
#2998=DIRECTION('ref_axis',(1.,0.,0.));
#2999=DIRECTION('',(-1.,0.,0.));
#3000=DIRECTION('',(0.,-1.,0.));
#3001=DIRECTION('center_axis',(0.,-1.,0.));
#3002=DIRECTION('ref_axis',(0.,0.,-1.));
#3003=DIRECTION('center_axis',(0.,1.,0.));
#3004=DIRECTION('ref_axis',(0.,0.,-1.));
#3005=DIRECTION('center_axis',(0.,0.,-1.));
#3006=DIRECTION('ref_axis',(1.,0.,0.));
#3007=DIRECTION('center_axis',(0.,0.,-1.));
#3008=DIRECTION('ref_axis',(1.,0.,0.));
#3009=DIRECTION('',(0.,0.,-1.));
#3010=DIRECTION('center_axis',(0.,0.,-1.));
#3011=DIRECTION('ref_axis',(1.,0.,0.));
#3012=DIRECTION('center_axis',(0.,0.,1.));
#3013=DIRECTION('ref_axis',(1.,0.,0.));
#3014=DIRECTION('center_axis',(0.,0.,-1.));
#3015=DIRECTION('ref_axis',(1.,0.,0.));
#3016=DIRECTION('center_axis',(0.,0.,-1.));
#3017=DIRECTION('ref_axis',(1.,0.,0.));
#3018=DIRECTION('',(0.,0.,-1.));
#3019=DIRECTION('center_axis',(0.,0.,-1.));
#3020=DIRECTION('ref_axis',(1.,0.,0.));
#3021=DIRECTION('center_axis',(0.,0.,1.));
#3022=DIRECTION('ref_axis',(1.,0.,0.));
#3023=DIRECTION('center_axis',(1.,0.,0.));
#3024=DIRECTION('ref_axis',(0.,-1.,0.));
#3025=DIRECTION('',(0.,0.,-1.));
#3026=DIRECTION('',(0.,-1.,0.));
#3027=DIRECTION('',(0.,0.,-1.));
#3028=DIRECTION('center_axis',(0.,-1.,0.));
#3029=DIRECTION('ref_axis',(-1.,0.,0.));
#3030=DIRECTION('',(-1.,0.,0.));
#3031=DIRECTION('',(0.,0.,-1.));
#3032=DIRECTION('center_axis',(-1.,0.,0.));
#3033=DIRECTION('ref_axis',(0.,1.,0.));
#3034=DIRECTION('',(0.,1.,0.));
#3035=DIRECTION('',(0.,0.,-1.));
#3036=DIRECTION('center_axis',(0.,0.,-1.));
#3037=DIRECTION('ref_axis',(-1.,0.,0.));
#3038=DIRECTION('',(1.,0.,0.));
#3039=DIRECTION('center_axis',(0.,1.,0.));
#3040=DIRECTION('ref_axis',(1.,0.,0.));
#3041=DIRECTION('',(0.,0.,-1.));
#3042=DIRECTION('',(0.,0.,-1.));
#3043=DIRECTION('center_axis',(0.,1.,0.));
#3044=DIRECTION('ref_axis',(1.,0.,0.));
#3045=DIRECTION('',(1.,0.,0.));
#3046=DIRECTION('',(0.,0.,-1.));
#3047=DIRECTION('center_axis',(0.,0.,-1.));
#3048=DIRECTION('ref_axis',(-1.95634014472552E-15,-1.,0.));
#3049=DIRECTION('center_axis',(0.,0.,1.));
#3050=DIRECTION('ref_axis',(-1.95634014472552E-15,-1.,0.));
#3051=DIRECTION('',(0.,0.,-1.));
#3052=DIRECTION('center_axis',(-1.,0.,0.));
#3053=DIRECTION('ref_axis',(0.,1.,0.));
#3054=DIRECTION('',(0.,1.,0.));
#3055=DIRECTION('center_axis',(1.,0.,0.));
#3056=DIRECTION('ref_axis',(0.,-1.,0.));
#3057=DIRECTION('',(0.,-1.,0.));
#3058=DIRECTION('',(0.,0.,-1.));
#3059=DIRECTION('',(0.,0.,-1.));
#3060=DIRECTION('center_axis',(0.,0.,-1.));
#3061=DIRECTION('ref_axis',(5.16287645319952E-15,1.,0.));
#3062=DIRECTION('center_axis',(0.,0.,1.));
#3063=DIRECTION('ref_axis',(5.16287645319952E-15,1.,0.));
#3064=DIRECTION('',(0.,0.,-1.));
#3065=DIRECTION('center_axis',(0.,-1.,0.));
#3066=DIRECTION('ref_axis',(-1.,0.,0.));
#3067=DIRECTION('',(-1.,0.,0.));
#3068=DIRECTION('',(0.,0.,-1.));
#3069=DIRECTION('center_axis',(0.,0.,1.));
#3070=DIRECTION('ref_axis',(1.,0.,0.));
#3071=DIRECTION('center_axis',(0.,0.,-1.));
#3072=DIRECTION('ref_axis',(1.01988992996022E-14,-1.,0.));
#3073=DIRECTION('',(0.,0.,-1.));
#3074=DIRECTION('',(0.,0.,-1.));
#3075=DIRECTION('center_axis',(1.,0.,0.));
#3076=DIRECTION('ref_axis',(0.,-1.,0.));
#3077=DIRECTION('',(0.,0.,-1.));
#3078=DIRECTION('center_axis',(0.,0.,-1.));
#3079=DIRECTION('ref_axis',(-2.18547842134334E-15,1.,0.));
#3080=DIRECTION('',(0.,0.,-1.));
#3081=DIRECTION('center_axis',(0.,-1.,0.));
#3082=DIRECTION('ref_axis',(-1.,0.,0.));
#3083=DIRECTION('',(0.,0.,-1.));
#3084=DIRECTION('',(-1.,0.,0.));
#3085=DIRECTION('center_axis',(0.,0.,-1.));
#3086=DIRECTION('ref_axis',(-3.49676547414947E-14,-1.,0.));
#3087=DIRECTION('',(0.,0.,-1.));
#3088=DIRECTION('center_axis',(0.,0.,-1.));
#3089=DIRECTION('ref_axis',(-3.49676547414947E-14,-1.,0.));
#3090=DIRECTION('center_axis',(1.,0.,0.));
#3091=DIRECTION('ref_axis',(0.,-1.,0.));
#3092=DIRECTION('',(0.,0.,-1.));
#3093=DIRECTION('',(0.,-1.,0.));
#3094=DIRECTION('center_axis',(0.,0.,-1.));
#3095=DIRECTION('ref_axis',(1.,7.86772231683539E-14,0.));
#3096=DIRECTION('',(0.,0.,-1.));
#3097=DIRECTION('center_axis',(0.,0.,-1.));
#3098=DIRECTION('ref_axis',(1.,7.86772231683539E-14,0.));
#3099=DIRECTION('center_axis',(0.,0.,-1.));
#3100=DIRECTION('ref_axis',(-1.,4.37095684268668E-15,0.));
#3101=DIRECTION('',(0.,0.,-1.));
#3102=DIRECTION('center_axis',(0.,0.,1.));
#3103=DIRECTION('ref_axis',(-1.,4.37095684268668E-15,0.));
#3104=DIRECTION('center_axis',(1.,0.,0.));
#3105=DIRECTION('ref_axis',(0.,-1.,0.));
#3106=DIRECTION('',(0.,0.,-1.));
#3107=DIRECTION('center_axis',(0.,0.,-1.));
#3108=DIRECTION('ref_axis',(1.,1.78480737743035E-14,0.));
#3109=DIRECTION('center_axis',(0.,0.,-1.));
#3110=DIRECTION('ref_axis',(-5.82794245691557E-15,1.,0.));
#3111=DIRECTION('center_axis',(0.,-1.,0.));
#3112=DIRECTION('ref_axis',(-1.,0.,0.));
#3113=DIRECTION('center_axis',(0.,0.,1.));
#3114=DIRECTION('ref_axis',(1.,0.,0.));
#3115=DIRECTION('center_axis',(0.,0.,-1.));
#3116=DIRECTION('ref_axis',(-1.,0.,0.));
#3117=DIRECTION('center_axis',(0.,0.,1.));
#3118=DIRECTION('ref_axis',(1.,0.,0.));
#3119=DIRECTION('center_axis',(0.,-1.,0.));
#3120=DIRECTION('ref_axis',(1.,0.,0.));
#3121=DIRECTION('center_axis',(0.,0.,-1.));
#3122=DIRECTION('ref_axis',(-1.,0.,0.));
#3123=DIRECTION('center_axis',(0.,0.,1.));
#3124=DIRECTION('ref_axis',(1.,0.,0.));
#3125=DIRECTION('center_axis',(0.,-1.,0.));
#3126=DIRECTION('ref_axis',(1.,0.,0.));
#3127=DIRECTION('center_axis',(0.,0.,-1.));
#3128=DIRECTION('ref_axis',(-1.,0.,0.));
#3129=DIRECTION('center_axis',(0.,0.,1.));
#3130=DIRECTION('ref_axis',(1.,0.,0.));
#3131=DIRECTION('center_axis',(0.,-1.,0.));
#3132=DIRECTION('ref_axis',(1.,0.,0.));
#3133=DIRECTION('center_axis',(0.,0.,-1.));
#3134=DIRECTION('ref_axis',(-1.,0.,0.));
#3135=DIRECTION('center_axis',(0.,0.,1.));
#3136=DIRECTION('ref_axis',(1.,0.,0.));
#3137=DIRECTION('center_axis',(0.,-1.,0.));
#3138=DIRECTION('ref_axis',(1.,0.,0.));
#3139=DIRECTION('center_axis',(0.,0.,-1.));
#3140=DIRECTION('ref_axis',(1.,0.,0.));
#3141=DIRECTION('center_axis',(0.,0.,-1.));
#3142=DIRECTION('ref_axis',(1.,0.,0.));
#3143=DIRECTION('center_axis',(0.,0.,-1.));
#3144=DIRECTION('ref_axis',(1.,0.,0.));
#3145=DIRECTION('center_axis',(0.,0.,-1.));
#3146=DIRECTION('ref_axis',(1.,0.,0.));
#3147=DIRECTION('center_axis',(0.,0.,-1.));
#3148=DIRECTION('ref_axis',(1.,0.,0.));
#3149=DIRECTION('center_axis',(0.,0.,-1.));
#3150=DIRECTION('ref_axis',(1.,0.,0.));
#3151=DIRECTION('center_axis',(0.,0.,-1.));
#3152=DIRECTION('ref_axis',(1.,0.,0.));
#3153=DIRECTION('center_axis',(0.,0.,-1.));
#3154=DIRECTION('ref_axis',(1.,0.,0.));
#3155=DIRECTION('center_axis',(0.,0.,1.));
#3156=DIRECTION('ref_axis',(1.,0.,0.));
#3157=DIRECTION('center_axis',(0.,0.,-1.));
#3158=DIRECTION('ref_axis',(1.,0.,0.));
#3159=DIRECTION('',(0.,0.,-1.));
#3160=DIRECTION('center_axis',(0.,0.,1.));
#3161=DIRECTION('ref_axis',(1.,0.,0.));
#3162=DIRECTION('center_axis',(0.,0.,1.));
#3163=DIRECTION('ref_axis',(1.,0.,0.));
#3164=DIRECTION('center_axis',(0.,0.,-1.));
#3165=DIRECTION('ref_axis',(1.,0.,0.));
#3166=DIRECTION('',(0.,0.,-1.));
#3167=DIRECTION('center_axis',(0.,0.,1.));
#3168=DIRECTION('ref_axis',(1.,0.,0.));
#3169=DIRECTION('center_axis',(0.,0.,1.));
#3170=DIRECTION('ref_axis',(1.,0.,0.));
#3171=DIRECTION('center_axis',(0.,0.,-1.));
#3172=DIRECTION('ref_axis',(1.,0.,0.));
#3173=DIRECTION('',(0.,0.,-1.));
#3174=DIRECTION('center_axis',(0.,0.,1.));
#3175=DIRECTION('ref_axis',(1.,0.,0.));
#3176=DIRECTION('center_axis',(0.,0.,1.));
#3177=DIRECTION('ref_axis',(1.,0.,0.));
#3178=DIRECTION('center_axis',(0.,0.,-1.));
#3179=DIRECTION('ref_axis',(1.,0.,0.));
#3180=DIRECTION('',(0.,0.,-1.));
#3181=DIRECTION('center_axis',(0.,0.,1.));
#3182=DIRECTION('ref_axis',(1.,0.,0.));
#3183=DIRECTION('center_axis',(0.,0.,1.));
#3184=DIRECTION('ref_axis',(0.259128566087352,-0.965842837234668,0.));
#3185=DIRECTION('',(0.,0.,-1.));
#3186=DIRECTION('center_axis',(0.259128566087351,-0.965842837234668,0.));
#3187=DIRECTION('ref_axis',(0.965842837234668,0.259128566087351,0.));
#3188=DIRECTION('',(0.,0.,-1.));
#3189=DIRECTION('center_axis',(0.,-1.,0.));
#3190=DIRECTION('ref_axis',(1.,0.,0.));
#3191=DIRECTION('center_axis',(0.963536333607102,0.26757752861364,0.));
#3192=DIRECTION('ref_axis',(-0.26757752861364,0.963536333607102,0.));
#3193=DIRECTION('center_axis',(-1.,0.,0.));
#3194=DIRECTION('ref_axis',(0.,-1.,0.));
#3195=DIRECTION('center_axis',(1.,-4.14187598540043E-16,0.));
#3196=DIRECTION('ref_axis',(4.14187598540043E-16,1.,0.));
#3197=CARTESIAN_POINT('',(0.,0.,0.));
#3198=CARTESIAN_POINT('Origin',(134.619998357743,-88.6248723891178,-3.31942665174513));
#3199=CARTESIAN_POINT('',(129.119998357743,-88.6248723891178,-3.31942665174513));
#3200=CARTESIAN_POINT('Origin',(134.619998357743,-88.6248723891178,-3.31942665174519));
#3201=CARTESIAN_POINT('',(129.119998357743,-88.4496105156776,-1.8297007455066));
#3202=CARTESIAN_POINT('',(129.119998357743,-88.6248723891178,-3.31942665174513));
#3203=CARTESIAN_POINT('Origin',(134.619998357743,-88.4496105156776,-1.8297007455066));
#3204=CARTESIAN_POINT('Origin',(134.619998357743,-88.4496105156776,-1.8297007455066));
#3205=CARTESIAN_POINT('Origin',(16.509998357743,-103.760487596501,-1.53876601759215));
#3206=CARTESIAN_POINT('',(11.009998357743,-103.760487596501,-1.53876601759215));
#3207=CARTESIAN_POINT('Origin',(16.509998357743,-103.760487596501,-1.53876601759226));
#3208=CARTESIAN_POINT('',(11.009998357743,-103.585225723061,-0.0490401113536235));
#3209=CARTESIAN_POINT('',(11.009998357743,-103.760487596501,-1.53876601759215));
#3210=CARTESIAN_POINT('Origin',(16.509998357743,-103.585225723061,-0.0490401113536237));
#3211=CARTESIAN_POINT('Origin',(16.509998357743,-103.585225723061,-0.0490401113536237));
#3212=CARTESIAN_POINT('Origin',(134.619998357743,-34.3889178959937,-9.70012725745996));
#3213=CARTESIAN_POINT('',(129.119998357743,-34.3889178959937,-9.70012725745996));
#3214=CARTESIAN_POINT('Origin',(134.619998357743,-34.3889178959937,-9.70012725745994));
#3215=CARTESIAN_POINT('',(129.119998357743,-34.2136560225535,-8.21040135122143));
#3216=CARTESIAN_POINT('',(129.119998357743,-34.3889178959937,-9.70012725745996));
#3217=CARTESIAN_POINT('Origin',(134.619998357743,-34.2136560225535,-8.21040135122143));
#3218=CARTESIAN_POINT('Origin',(134.619998357743,-34.2136560225535,-8.21040135122143));
#3219=CARTESIAN_POINT('Origin',(11.429998357743,-34.3889178959937,-9.70012725745996));
#3220=CARTESIAN_POINT('',(5.92999835774301,-34.3889178959937,-9.70012725745996));
#3221=CARTESIAN_POINT('Origin',(11.429998357743,-34.3889178959937,-9.70012725745994));
#3222=CARTESIAN_POINT('',(5.92999835774301,-34.2136560225535,-8.21040135122143));
#3223=CARTESIAN_POINT('',(5.92999835774301,-34.3889178959937,-9.70012725745996));
#3224=CARTESIAN_POINT('Origin',(11.429998357743,-34.2136560225535,-8.21040135122143));
#3225=CARTESIAN_POINT('Origin',(11.429998357743,-34.2136560225535,-8.21040135122143));
#3226=CARTESIAN_POINT('Origin',(52.5399999693036,-82.9432378016821,0.));
#3227=CARTESIAN_POINT('',(2.53999996930361,-82.9432378016821,-3.98785425834504));
#3228=CARTESIAN_POINT('',(4.58629502950051,-97.1009983077192,-2.32223535515252));
#3229=CARTESIAN_POINT('Origin',(52.5399999693036,-82.9432378016821,-3.98785425834504));
#3230=CARTESIAN_POINT('',(4.58629502950051,-97.1009983077192,18.));
#3231=CARTESIAN_POINT('',(4.58629502950051,-97.1009983077192,0.));
#3232=CARTESIAN_POINT('',(2.53999996930361,-82.9432378016821,18.));
#3233=CARTESIAN_POINT('Origin',(52.5399999693036,-82.9432378016821,18.));
#3234=CARTESIAN_POINT('',(2.53999996930361,-82.9432378016821,0.));
#3235=CARTESIAN_POINT('Origin',(2.53999996930361,-90.1699989102781,0.));
#3236=CARTESIAN_POINT('',(7.64515191565621,-107.461642599537,-1.10333601197274));
#3237=CARTESIAN_POINT('',(5.55548499890137,-100.383738526658,-1.93603061884535));
#3238=CARTESIAN_POINT('',(7.64515191565621,-107.461642599537,18.));
#3239=CARTESIAN_POINT('',(7.64515191565621,-107.461642599537,0.));
#3240=CARTESIAN_POINT('',(2.53999996930361,-90.1699989102781,18.));
#3241=CARTESIAN_POINT('Origin',(73.02499953188,-62.8649994227614,-6.34999997852976));
#3242=CARTESIAN_POINT('',(2.53999996930361,-25.8503462428252,-10.7046651111492));
#3243=CARTESIAN_POINT('',(2.53999996930361,-76.6995469502297,-4.72240613209899));
#3244=CARTESIAN_POINT('',(143.50960306006,-25.8503462428253,-10.7046651111492));
#3245=CARTESIAN_POINT('',(108.267498898767,-25.8503462428253,-10.7046651111492));
#3246=CARTESIAN_POINT('',(143.50960306006,-88.0941355483608,-3.38186628082406));
#3247=CARTESIAN_POINT('',(143.50960306006,-36.6143597345833,-9.43831056740295));
#3248=CARTESIAN_POINT('',(137.193249652883,-97.3909493993094,-2.28812346161201));
#3249=CARTESIAN_POINT('Origin',(133.50960306006,-88.0941355483608,-3.38186628082406));
#3250=CARTESIAN_POINT('',(93.9915868804932,-105.419618823467,-1.34357410617846));
#3251=CARTESIAN_POINT('Origin',(95.1064997151651,8.82789377766541,-14.7844581040414));
#3252=CARTESIAN_POINT('',(19.6934402908974,-114.323410922171,-0.296069140730348));
#3253=CARTESIAN_POINT('Origin',(91.1540702059856,-396.186046426854,32.8642413193929));
#3254=CARTESIAN_POINT('Origin',(17.2358929036169,-104.630090498329,-1.43645979261125));
#3255=CARTESIAN_POINT('Origin',(12.5399999693036,-16.2264708631587,0.));
#3256=CARTESIAN_POINT('',(2.53999996930361,-16.2264708631587,18.));
#3257=CARTESIAN_POINT('',(9.70090479427244,-6.63796010355085,18.));
#3258=CARTESIAN_POINT('Origin',(12.5399999693036,-16.2264708631587,18.));
#3259=CARTESIAN_POINT('',(9.70090479427244,-6.63796010355083,-7.13983879291594));
#3260=CARTESIAN_POINT('',(9.70090479427243,-6.63796010355082,0.));
#3261=CARTESIAN_POINT('',(2.53999996930361,-16.2264708631587,-10.4226766307361));
#3262=CARTESIAN_POINT('Ctrl Pts',(9.70090479427244,-6.63796010355085,-7.13983879291595));
#3263=CARTESIAN_POINT('Ctrl Pts',(9.36662054581555,-6.73693947799979,-7.19187692003154));
#3264=CARTESIAN_POINT('Ctrl Pts',(9.03729300585885,-6.85353141206734,-7.25254364967592));
#3265=CARTESIAN_POINT('Ctrl Pts',(7.49823060407144,-7.49048913661009,-7.5778097207066));
#3266=CARTESIAN_POINT('Ctrl Pts',(6.39844516606913,-8.24145745262031,-7.94251300667247));
#3267=CARTESIAN_POINT('Ctrl Pts',(4.63211530245034,-9.97718803658315,-8.67972977026871));
#3268=CARTESIAN_POINT('Ctrl Pts',(3.85189724878602,-11.0957715929218,-9.10589354085558));
#3269=CARTESIAN_POINT('Ctrl Pts',(2.80536979874523,-13.5723828643644,-9.86412027712585));
#3270=CARTESIAN_POINT('Ctrl Pts',(2.53999996930363,-14.9318278666143,-10.1928461226895));
#3271=CARTESIAN_POINT('Ctrl Pts',(2.53999996930363,-16.2264708631586,-10.4226766307361));
#3272=CARTESIAN_POINT('',(2.53999996930361,-16.2264708631587,0.));
#3273=CARTESIAN_POINT('Origin',(108.267498898767,-21.9945850271397,22.0693048260985));
#3274=CARTESIAN_POINT('',(67.6963166428,2.47634214650753,-0.0705624773440618));
#3275=CARTESIAN_POINT('Ctrl Pts',(9.70090479427244,-6.63796010355084,-7.13983879291594));
#3276=CARTESIAN_POINT('Ctrl Pts',(10.3450518269893,-6.44723239009807,-7.03956423518734));
#3277=CARTESIAN_POINT('Ctrl Pts',(10.9913738021234,-6.25902642692498,-6.93823035832479));
#3278=CARTESIAN_POINT('Ctrl Pts',(18.2671663666235,-4.17617020505659,-5.7909840567468));
#3279=CARTESIAN_POINT('Ctrl Pts',(25.1085271468731,-2.5543808089526,-4.64838572288962));
#3280=CARTESIAN_POINT('Ctrl Pts',(38.9249531451363,0.0299204653129956,-2.56159613222087));
#3281=CARTESIAN_POINT('Ctrl Pts',(45.9052158469207,0.993248049053466,-1.62387388489836));
#3282=CARTESIAN_POINT('Ctrl Pts',(57.8336122621494,2.07955032329185,-0.510937862427608));
#3283=CARTESIAN_POINT('Ctrl Pts',(62.8236567423734,2.35990109400253,-0.199263340983549));
#3284=CARTESIAN_POINT('Ctrl Pts',(67.6963166421877,2.47634214716969,-0.0705624551127592));
#3285=CARTESIAN_POINT('',(67.2999982275069,1.40496555155283,-1.20001043488872));
#3286=CARTESIAN_POINT('Ctrl Pts',(67.6963166822783,2.47634212090177,-0.0705624841463811));
#3287=CARTESIAN_POINT('Ctrl Pts',(67.597534264274,2.35861097131418,-0.200689297656227));
#3288=CARTESIAN_POINT('Ctrl Pts',(67.5169488730349,2.22962892437468,-0.341104612953619));
#3289=CARTESIAN_POINT('Ctrl Pts',(67.3541969713183,1.87206263186046,-0.723001057523199));
#3290=CARTESIAN_POINT('Ctrl Pts',(67.305864778854,1.63253528934204,-0.971167019005912));
#3291=CARTESIAN_POINT('Ctrl Pts',(67.2999982275069,1.40496555155283,-1.20001043488872));
#3292=CARTESIAN_POINT('',(67.2999984957278,-0.890121603896361,-3.29999992623925));
#3293=CARTESIAN_POINT('Origin',(67.2999982275069,-21.9945850271397,22.0693048260985));
#3294=CARTESIAN_POINT('',(67.3243681769805,-1.27,-3.61126322550152));
#3295=CARTESIAN_POINT('Ctrl Pts',(67.2999984957278,-0.890121603896357,-3.29999992623925));
#3296=CARTESIAN_POINT('Ctrl Pts',(67.2999984957278,-1.01283703343935,-3.40208562860833));
#3297=CARTESIAN_POINT('Ctrl Pts',(67.3078660162561,-1.14021115983818,-3.50652177865724));
#3298=CARTESIAN_POINT('Ctrl Pts',(67.3243681769805,-1.27,-3.61126322550152));
#3299=CARTESIAN_POINT('',(68.7169987515007,-1.27,-3.61126322550152));
#3300=CARTESIAN_POINT('',(108.267498898767,-1.27,-3.61126322550152));
#3301=CARTESIAN_POINT('',(69.8499991558492,-2.00968095322834,-4.19099999232591));
#3302=CARTESIAN_POINT('Ctrl Pts',(68.7169987515007,-1.26999999999999,-3.61126322550151));
#3303=CARTESIAN_POINT('Ctrl Pts',(68.7834769459048,-1.38419998623752,-3.70342424468623));
#3304=CARTESIAN_POINT('Ctrl Pts',(68.8624005288557,-1.49199959164907,-3.78913912756269));
#3305=CARTESIAN_POINT('Ctrl Pts',(69.057401199723,-1.69946484889433,-3.95237784805693));
#3306=CARTESIAN_POINT('Ctrl Pts',(69.1909293668308,-1.80844377769865,-4.0368117172197));
#3307=CARTESIAN_POINT('Ctrl Pts',(69.422208749655,-1.9250935957148,-4.12645663238443));
#3308=CARTESIAN_POINT('Ctrl Pts',(69.5044547739515,-1.95637773938756,-4.15036201468496));
#3309=CARTESIAN_POINT('Ctrl Pts',(69.6745361342153,-1.99867058166685,-4.18263111115074));
#3310=CARTESIAN_POINT('Ctrl Pts',(69.762370073812,-2.00968095322834,-4.1909999923259));
#3311=CARTESIAN_POINT('Ctrl Pts',(69.8499991558492,-2.00968095322834,-4.1909999923259));
#3312=CARTESIAN_POINT('',(76.1999990791082,-2.00968095322834,-4.19099999232591));
#3313=CARTESIAN_POINT('',(108.267498898767,-2.00968095322834,-4.19099999232591));
#3314=CARTESIAN_POINT('',(77.3329994059268,-1.27,-3.61126322550152));
#3315=CARTESIAN_POINT('Ctrl Pts',(76.1999990791083,-2.00968095322834,-4.19099999232591));
#3316=CARTESIAN_POINT('Ctrl Pts',(76.28762815687,-2.00968094968621,-4.19099998963023));
#3317=CARTESIAN_POINT('Ctrl Pts',(76.3754620492104,-1.99867058220935,-4.18263111156257));
#3318=CARTESIAN_POINT('Ctrl Pts',(76.545543401186,-1.95637774200382,-4.15036201668314));
#3319=CARTESIAN_POINT('Ctrl Pts',(76.6277894214755,-1.92509359986222,-4.12645663555742));
#3320=CARTESIAN_POINT('Ctrl Pts',(76.8590687930257,-1.80844378753062,-4.03681172480409));
#3321=CARTESIAN_POINT('Ctrl Pts',(76.9925969536134,-1.69946486400386,-3.95237785980413));
#3322=CARTESIAN_POINT('Ctrl Pts',(77.1875976244117,-1.49199960665115,-3.78913913949004));
#3323=CARTESIAN_POINT('Ctrl Pts',(77.2665212104558,-1.38419999402399,-3.70342425097002));
#3324=CARTESIAN_POINT('Ctrl Pts',(77.3329994059268,-1.27,-3.61126322550152));
#3325=CARTESIAN_POINT('',(79.2756285462542,-1.27,-3.61126322550152));
#3326=CARTESIAN_POINT('',(108.267498898767,-1.27,-3.61126322550152));
#3327=CARTESIAN_POINT('',(79.2999982275069,-0.890121603896361,-3.29999992623925));
#3328=CARTESIAN_POINT('Ctrl Pts',(79.2756285462542,-1.27,-3.61126322550152));
#3329=CARTESIAN_POINT('Ctrl Pts',(79.2921735445079,-1.13987424436775,-3.50624988306288));
#3330=CARTESIAN_POINT('Ctrl Pts',(79.2999982275069,-1.01238035960604,-3.40170572634827));
#3331=CARTESIAN_POINT('Ctrl Pts',(79.2999982275069,-0.890121603896356,-3.29999992623925));
#3332=CARTESIAN_POINT('',(79.2999982275069,1.40497595503242,-1.19999997317754));
#3333=CARTESIAN_POINT('Origin',(79.2999982275069,-21.9945850271397,22.0693048260985));
#3334=CARTESIAN_POINT('',(78.9154155038637,2.46220004010353,-0.0861835272344445));
#3335=CARTESIAN_POINT('Ctrl Pts',(79.2999982275069,1.40497595503242,-1.19999997317754));
#3336=CARTESIAN_POINT('Ctrl Pts',(79.2941305221219,1.63254259963575,-0.971159463164986));
#3337=CARTESIAN_POINT('Ctrl Pts',(79.2457982079381,1.8720660239843,-0.722997434586534));
#3338=CARTESIAN_POINT('Ctrl Pts',(79.0854979738717,2.22424599718091,-0.346853814709254));
#3339=CARTESIAN_POINT('Ctrl Pts',(79.0088762065885,2.34831763687193,-0.211894927243248));
#3340=CARTESIAN_POINT('Ctrl Pts',(78.9154155038637,2.46220004010353,-0.0861835272344405));
#3341=CARTESIAN_POINT('',(136.348698235092,-6.63796010355084,-7.13983879291594));
#3342=CARTESIAN_POINT('Ctrl Pts',(78.9154155038637,2.46220004010353,-0.0861835272344397));
#3343=CARTESIAN_POINT('Ctrl Pts',(83.609463825109,2.33818568656362,-0.223079286037351));
#3344=CARTESIAN_POINT('Ctrl Pts',(88.4095178197147,2.06192608689003,-0.528994206420995));
#3345=CARTESIAN_POINT('Ctrl Pts',(100.144387177055,0.99324804967047,-1.62387388428674));
#3346=CARTESIAN_POINT('Ctrl Pts',(107.124649877496,0.0299204663099123,-2.56159613129074));
#3347=CARTESIAN_POINT('Ctrl Pts',(120.941075873137,-2.5543808069407,-4.64838572139008));
#3348=CARTESIAN_POINT('Ctrl Pts',(127.782436652106,-4.17617020240888,-5.79098405499798));
#3349=CARTESIAN_POINT('Ctrl Pts',(135.05822921936,-6.2590264246303,-6.93823035708928));
#3350=CARTESIAN_POINT('Ctrl Pts',(135.704551198449,-6.44723238893556,-7.03956423457615));
#3351=CARTESIAN_POINT('Ctrl Pts',(136.348698235092,-6.63796010355085,-7.13983879291595));
#3352=CARTESIAN_POINT('',(143.50960306006,-16.2264708631587,-10.4226766307361));
#3353=CARTESIAN_POINT('Ctrl Pts',(143.50960306006,-16.2264708631587,-10.4226766307361));
#3354=CARTESIAN_POINT('Ctrl Pts',(143.50960306006,-14.9318278666143,-10.1928461226895));
#3355=CARTESIAN_POINT('Ctrl Pts',(143.244233230619,-13.5723828643644,-9.86412027712586));
#3356=CARTESIAN_POINT('Ctrl Pts',(142.197705780578,-11.0957715929218,-9.10589354085558));
#3357=CARTESIAN_POINT('Ctrl Pts',(141.417487726914,-9.97718803658315,-8.67972977026871));
#3358=CARTESIAN_POINT('Ctrl Pts',(139.651157863295,-8.24145745262031,-7.94251300667246));
#3359=CARTESIAN_POINT('Ctrl Pts',(138.551372425293,-7.49048913661009,-7.5778097207066));
#3360=CARTESIAN_POINT('Ctrl Pts',(137.012310023505,-6.85353141206733,-7.25254364967592));
#3361=CARTESIAN_POINT('Ctrl Pts',(136.682982483549,-6.73693947799979,-7.19187692003154));
#3362=CARTESIAN_POINT('Ctrl Pts',(136.348698235092,-6.63796010355085,-7.13983879291595));
#3363=CARTESIAN_POINT('Origin',(143.50960306006,-21.9945850271397,22.0693048260985));
#3364=CARTESIAN_POINT('Origin',(2.53999996930361,-21.9945850271397,22.0693048260985));
#3365=CARTESIAN_POINT('Origin',(73.024801514682,-220.502528781588,0.));
#3366=CARTESIAN_POINT('',(136.348698235092,-6.63796010355085,18.));
#3367=CARTESIAN_POINT('Origin',(73.024801514682,-220.502528781588,18.));
#3368=CARTESIAN_POINT('',(136.348698235092,-6.63796010355082,0.));
#3369=CARTESIAN_POINT('',(77.3999930393938,2.49708406745278,0.700000118464231));
#3370=CARTESIAN_POINT('Ctrl Pts',(78.9154155038637,2.46220004010354,-0.0861835272344441));
#3371=CARTESIAN_POINT('Ctrl Pts',(78.8577556770415,2.46372338320936,-0.00862689281211314));
#3372=CARTESIAN_POINT('Ctrl Pts',(78.7950894051085,2.46535619166218,0.0635246313244221));
#3373=CARTESIAN_POINT('Ctrl Pts',(78.5561851310237,2.47146845648266,0.302454509185795));
#3374=CARTESIAN_POINT('Ctrl Pts',(78.3368309615147,2.47686433261055,0.452592006909955));
#3375=CARTESIAN_POINT('Ctrl Pts',(77.8724906433719,2.48742560516496,0.644941603050562));
#3376=CARTESIAN_POINT('Ctrl Pts',(77.6302556004257,2.49256637886752,0.694096568283315));
#3377=CARTESIAN_POINT('Ctrl Pts',(77.3999930393938,2.49708406745278,0.70000011846423));
#3378=CARTESIAN_POINT('',(69.2000036838408,2.50720318823696,0.700000118464231));
#3379=CARTESIAN_POINT('Origin',(73.024801514682,-220.502528781588,0.700000118464231));
#3380=CARTESIAN_POINT('Ctrl Pts',(69.2000036838408,2.50720318823698,0.700000118464231));
#3381=CARTESIAN_POINT('Ctrl Pts',(68.9697437084604,2.50325404284953,0.694096634575131));
#3382=CARTESIAN_POINT('Ctrl Pts',(68.7275110426398,2.498711428986,0.644942576167887));
#3383=CARTESIAN_POINT('Ctrl Pts',(68.2631756606168,2.48929690340423,0.45259726877068));
#3384=CARTESIAN_POINT('Ctrl Pts',(68.0438241306736,2.48444283077009,0.302463265096569));
#3385=CARTESIAN_POINT('Ctrl Pts',(67.809347779153,2.47902299194166,0.0679669068439395));
#3386=CARTESIAN_POINT('Ctrl Pts',(67.7507079038848,2.47764192509199,0.00108747778738292));
#3387=CARTESIAN_POINT('Ctrl Pts',(67.6963166711095,2.47634214786082,-0.070562498859057));
#3388=CARTESIAN_POINT('Origin',(133.50960306006,-16.2264708631587,0.));
#3389=CARTESIAN_POINT('',(143.50960306006,-16.2264708631587,18.));
#3390=CARTESIAN_POINT('Origin',(133.50960306006,-16.2264708631587,18.));
#3391=CARTESIAN_POINT('',(143.50960306006,-16.2264708631587,0.));
#3392=CARTESIAN_POINT('Origin',(133.50960306006,-88.0941355483608,0.));
#3393=CARTESIAN_POINT('',(143.50960306006,-88.0941355483608,18.));
#3394=CARTESIAN_POINT('',(137.193249652883,-97.3909493993094,18.));
#3395=CARTESIAN_POINT('Origin',(133.50960306006,-88.0941355483608,18.));
#3396=CARTESIAN_POINT('',(137.193249652883,-97.3909493993094,0.));
#3397=CARTESIAN_POINT('',(143.50960306006,-88.0941355483608,0.));
#3398=CARTESIAN_POINT('Origin',(95.1064997151651,8.82789377766541,0.));
#3399=CARTESIAN_POINT('',(93.9915868804932,-105.419618823467,18.));
#3400=CARTESIAN_POINT('Origin',(95.1064997151651,8.82789377766541,18.));
#3401=CARTESIAN_POINT('',(93.9915868804932,-105.419618823467,0.));
#3402=CARTESIAN_POINT('Origin',(73.0248015162304,-57.1500046515925,18.));
#3403=CARTESIAN_POINT('',(19.6934402908973,-114.323410922171,18.));
#3404=CARTESIAN_POINT('Origin',(17.2358929036169,-104.630090498329,18.));
#3405=CARTESIAN_POINT('Origin',(91.1540702059856,-396.186046426854,18.));
#3406=CARTESIAN_POINT('',(143.50960306006,-94.665471956993,18.));
#3407=CARTESIAN_POINT('',(2.53999996930361,-90.1699989102781,18.));
#3408=CARTESIAN_POINT('',(90.9239989072084,-84.954998979345,18.));
#3409=CARTESIAN_POINT('',(92.5749988872558,-83.3039989992976,18.));
#3410=CARTESIAN_POINT('Origin',(92.5749988872558,-84.954998979345,18.));
#3411=CARTESIAN_POINT('',(90.9239989072084,-100.828092795133,18.));
#3412=CARTESIAN_POINT('',(90.9239989072084,-70.8025018154687,18.));
#3413=CARTESIAN_POINT('',(89.3914213914717,-102.364928977069,18.));
#3414=CARTESIAN_POINT('Origin',(89.3871568083653,-100.828092795133,18.));
#3415=CARTESIAN_POINT('',(14.3785717762274,-112.437140876885,18.));
#3416=CARTESIAN_POINT('Origin',(90.1971615172916,-392.731079128988,18.));
#3417=CARTESIAN_POINT('',(8.90826604870251,-92.7387814828127,18.));
#3418=CARTESIAN_POINT('',(9.28456633733549,-94.0938242710591,18.));
#3419=CARTESIAN_POINT('',(20.0170312392715,-89.7583810658308,18.));
#3420=CARTESIAN_POINT('',(25.1459996961057,-88.3823163578997,18.));
#3421=CARTESIAN_POINT('',(19.8226848147059,-88.2839989379048,18.));
#3422=CARTESIAN_POINT('Origin',(19.8226848147059,-89.0339989379048,18.));
#3423=CARTESIAN_POINT('',(7.51999990791075,-88.2839989379048,18.));
#3424=CARTESIAN_POINT('',(8.01999990791075,-88.2839989379048,18.));
#3425=CARTESIAN_POINT('',(5.59599992632865,-86.3599989563227,18.));
#3426=CARTESIAN_POINT('Origin',(7.51999990791075,-86.3599989563227,18.));
#3427=CARTESIAN_POINT('',(5.59599992632865,-12.1999998465181,18.));
#3428=CARTESIAN_POINT('',(5.59599992632865,-71.7550018039576,18.));
#3429=CARTESIAN_POINT('',(7.11999990791083,-10.6759998649359,18.));
#3430=CARTESIAN_POINT('Origin',(7.11999990791083,-12.1999998465181,18.));
#3431=CARTESIAN_POINT('',(23.6713969723362,-10.6759998649359,18.));
#3432=CARTESIAN_POINT('',(40.3224007120706,-10.6759998649359,18.));
#3433=CARTESIAN_POINT('',(24.6744271498074,-9.82637193141853,18.));
#3434=CARTESIAN_POINT('Origin',(23.6713969723362,-9.65912112651125,18.));
#3435=CARTESIAN_POINT('',(26.6699996776879,-8.13599989563227,18.));
#3436=CARTESIAN_POINT('Origin',(26.6699996776879,-10.1591247428846,18.));
#3437=CARTESIAN_POINT('',(42.7213998054044,-8.13599989563227,18.));
#3438=CARTESIAN_POINT('',(49.8474005969591,-8.13599989563227,18.));
#3439=CARTESIAN_POINT('',(43.7235633679958,-7.28710517073658,18.));
#3440=CARTESIAN_POINT('Origin',(42.7213998054044,-7.11999990791082,18.));
#3441=CARTESIAN_POINT('',(45.7199994474649,-5.59599992632866,18.));
#3442=CARTESIAN_POINT('Origin',(45.719999447465,-7.61999990791089,18.));
#3443=CARTESIAN_POINT('',(61.7299992479384,-5.59599992632866,18.));
#3444=CARTESIAN_POINT('',(59.3724004818477,-5.59599992632866,18.));
#3445=CARTESIAN_POINT('',(62.7459992356598,-4.57999993860718,18.));
#3446=CARTESIAN_POINT('Origin',(61.7299992479384,-4.57999993860718,18.));
#3447=CARTESIAN_POINT('',(62.7459992356598,-2.03999996930361,18.));
#3448=CARTESIAN_POINT('',(62.7459992356598,-31.1150022950999,18.));
#3449=CARTESIAN_POINT('',(64.269999217242,-0.515999987721445,18.));
#3450=CARTESIAN_POINT('Origin',(64.269999217242,-2.03999996930361,18.));
#3451=CARTESIAN_POINT('',(81.7799990177154,-0.515999987721445,18.));
#3452=CARTESIAN_POINT('',(68.8974003667362,-0.515999987721445,18.));
#3453=CARTESIAN_POINT('',(83.3039989992976,-2.03999996930365,18.));
#3454=CARTESIAN_POINT('Origin',(81.7799990177154,-2.03999996930364,18.));
#3455=CARTESIAN_POINT('',(83.3039989992976,-4.57999993860722,18.));
#3456=CARTESIAN_POINT('',(83.3039989992976,-29.8450023104481,18.));
#3457=CARTESIAN_POINT('',(84.3199989870191,-5.59599992632866,18.));
#3458=CARTESIAN_POINT('Origin',(84.3199989870191,-4.57999993860722,18.));
#3459=CARTESIAN_POINT('',(100.829093708229,-5.59599992632866,18.));
#3460=CARTESIAN_POINT('',(59.3724004818477,-5.59599992632866,18.));
#3461=CARTESIAN_POINT('',(102.353998769075,-7.12090498717446,18.));
#3462=CARTESIAN_POINT('Origin',(100.829093708229,-7.12090498717447,18.));
#3463=CARTESIAN_POINT('',(102.353998769075,-14.7399998158216,18.));
#3464=CARTESIAN_POINT('',(102.353998769075,-32.3854546850852,18.));
#3465=CARTESIAN_POINT('',(103.369998756796,-15.7559998035431,18.));
#3466=CARTESIAN_POINT('Origin',(103.369998756796,-14.7399998158216,18.));
#3467=CARTESIAN_POINT('',(137.659998342395,-15.7559998035431,18.));
#3468=CARTESIAN_POINT('',(87.9474001365133,-15.7559998035431,18.));
#3469=CARTESIAN_POINT('',(140.453998308629,-18.549999769777,18.));
#3470=CARTESIAN_POINT('Origin',(137.659998342395,-18.549999769777,18.));
#3471=CARTESIAN_POINT('',(140.453998308629,-90.6699989102783,18.));
#3472=CARTESIAN_POINT('',(140.453998308629,-38.1000022106848,18.));
#3473=CARTESIAN_POINT('',(137.659998342395,-93.4639988765121,18.));
#3474=CARTESIAN_POINT('Origin',(137.659998342395,-90.6699989102783,18.));
#3475=CARTESIAN_POINT('',(102.369998756796,-93.4639988765121,18.));
#3476=CARTESIAN_POINT('',(105.092399929313,-93.4639988765121,18.));
#3477=CARTESIAN_POINT('',(100.845998775214,-91.9399988949299,18.));
#3478=CARTESIAN_POINT('Origin',(102.369998756796,-91.9399988949299,18.));
#3479=CARTESIAN_POINT('',(100.845998775214,-84.954998979345,18.));
#3480=CARTESIAN_POINT('',(100.845998775214,-74.2950017732612,18.));
#3481=CARTESIAN_POINT('',(99.1949987951666,-83.3039989992976,18.));
#3482=CARTESIAN_POINT('Origin',(99.1949987951666,-84.954998979345,18.));
#3483=CARTESIAN_POINT('',(86.3599001556985,-83.3039989992976,18.));
#3484=CARTESIAN_POINT('Origin',(17.2358929036169,-104.630090498329,0.));
#3485=CARTESIAN_POINT('',(19.6934402908974,-114.323410922171,0.));
#3486=CARTESIAN_POINT('Origin',(91.1540702059856,-396.186046426854,0.));
#3487=CARTESIAN_POINT('Origin',(92.5749988872558,-84.954998979345,0.));
#3488=CARTESIAN_POINT('',(92.5749988872558,-83.3039989992976,1.));
#3489=CARTESIAN_POINT('',(92.5749988872558,-83.3039989992976,0.));
#3490=CARTESIAN_POINT('',(90.9239989072084,-84.954998979345,1.));
#3491=CARTESIAN_POINT('Origin',(92.5749988872558,-84.954998979345,1.));
#3492=CARTESIAN_POINT('',(90.9239989072084,-84.954998979345,0.));
#3493=CARTESIAN_POINT('Origin',(99.6949987951666,-83.3039989992976,0.));
#3494=CARTESIAN_POINT('',(99.1949987951666,-83.3039989992976,1.));
#3495=CARTESIAN_POINT('',(99.1949987951666,-83.3039989992976,0.));
#3496=CARTESIAN_POINT('',(86.3599001556985,-83.3039989992976,1.));
#3497=CARTESIAN_POINT('Origin',(89.3871568083653,-100.828092795133,0.));
#3498=CARTESIAN_POINT('',(89.3914213914717,-102.364928977069,1.));
#3499=CARTESIAN_POINT('',(90.9239989072084,-100.828092795133,1.));
#3500=CARTESIAN_POINT('Origin',(89.3871568083653,-100.828092795133,1.));
#3501=CARTESIAN_POINT('',(89.3914213914717,-102.364928977069,0.));
#3502=CARTESIAN_POINT('',(90.9239989072084,-100.828092795133,0.));
#3503=CARTESIAN_POINT('Origin',(90.1971615172916,-392.731079128988,0.));
#3504=CARTESIAN_POINT('',(14.3785717762274,-112.437140876885,1.));
#3505=CARTESIAN_POINT('Origin',(90.1971615172916,-392.731079128988,1.));
#3506=CARTESIAN_POINT('',(14.3785717762274,-112.437140876885,0.));
#3507=CARTESIAN_POINT('Origin',(99.1949987951666,-84.954998979345,0.));
#3508=CARTESIAN_POINT('',(100.845998775214,-84.954998979345,1.));
#3509=CARTESIAN_POINT('',(100.845998775214,-84.954998979345,0.));
#3510=CARTESIAN_POINT('Origin',(99.1949987951666,-84.954998979345,1.));
#3511=CARTESIAN_POINT('Origin',(100.845998775214,-91.4399988949299,0.));
#3512=CARTESIAN_POINT('',(100.845998775214,-91.9399988949299,1.));
#3513=CARTESIAN_POINT('',(100.845998775214,-91.9399988949299,0.));
#3514=CARTESIAN_POINT('',(100.845998775214,-74.2950017732612,1.));
#3515=CARTESIAN_POINT('Origin',(102.369998756796,-91.9399988949299,0.));
#3516=CARTESIAN_POINT('',(102.369998756796,-93.4639988765121,1.));
#3517=CARTESIAN_POINT('Origin',(102.369998756796,-91.9399988949299,1.));
#3518=CARTESIAN_POINT('',(102.369998756796,-93.4639988765121,0.));
#3519=CARTESIAN_POINT('Origin',(73.0248015162304,-57.1500046515925,1.));
#3520=CARTESIAN_POINT('',(90.9239989072084,-70.8025018154687,1.));
#3521=CARTESIAN_POINT('',(137.659998342395,-93.4639988765121,1.));
#3522=CARTESIAN_POINT('',(105.092399929313,-93.4639988765121,1.));
#3523=CARTESIAN_POINT('',(140.453998308629,-90.6699989102783,1.));
#3524=CARTESIAN_POINT('Origin',(137.659998342395,-90.6699989102783,1.));
#3525=CARTESIAN_POINT('',(140.453998308629,-18.549999769777,1.));
#3526=CARTESIAN_POINT('',(140.453998308629,-38.1000022106848,1.));
#3527=CARTESIAN_POINT('',(137.659998342395,-15.7559998035431,1.));
#3528=CARTESIAN_POINT('Origin',(137.659998342395,-18.549999769777,1.));
#3529=CARTESIAN_POINT('',(103.369998756796,-15.7559998035431,1.));
#3530=CARTESIAN_POINT('',(87.9474001365133,-15.7559998035431,1.));
#3531=CARTESIAN_POINT('',(102.353998769075,-14.7399998158216,1.));
#3532=CARTESIAN_POINT('Origin',(103.369998756796,-14.7399998158216,1.));
#3533=CARTESIAN_POINT('',(102.353998769075,-7.12090498717446,1.));
#3534=CARTESIAN_POINT('',(102.353998769075,-32.3854546850852,1.));
#3535=CARTESIAN_POINT('',(100.829093708229,-5.59599992632866,1.));
#3536=CARTESIAN_POINT('Origin',(100.829093708229,-7.12090498717447,1.));
#3537=CARTESIAN_POINT('',(84.3199989870191,-5.59599992632866,1.));
#3538=CARTESIAN_POINT('',(59.3724004818477,-5.59599992632866,1.));
#3539=CARTESIAN_POINT('',(83.3039989992976,-4.57999993860722,1.));
#3540=CARTESIAN_POINT('Origin',(84.3199989870191,-4.57999993860722,1.));
#3541=CARTESIAN_POINT('',(83.3039989992976,-2.03999996930365,1.));
#3542=CARTESIAN_POINT('',(83.3039989992976,-29.8450023104481,1.));
#3543=CARTESIAN_POINT('',(81.7799990177154,-0.515999987721445,1.));
#3544=CARTESIAN_POINT('Origin',(81.7799990177154,-2.03999996930364,1.));
#3545=CARTESIAN_POINT('',(64.269999217242,-0.515999987721445,1.));
#3546=CARTESIAN_POINT('',(68.8974003667362,-0.515999987721445,1.));
#3547=CARTESIAN_POINT('',(62.7459992356598,-2.03999996930361,1.));
#3548=CARTESIAN_POINT('Origin',(64.269999217242,-2.03999996930361,1.));
#3549=CARTESIAN_POINT('',(62.7459992356598,-4.57999993860718,1.));
#3550=CARTESIAN_POINT('',(62.7459992356598,-31.1150022950999,1.));
#3551=CARTESIAN_POINT('',(61.7299992479384,-5.59599992632866,1.));
#3552=CARTESIAN_POINT('Origin',(61.7299992479384,-4.57999993860718,1.));
#3553=CARTESIAN_POINT('',(45.7199994474649,-5.59599992632866,1.));
#3554=CARTESIAN_POINT('',(59.3724004818477,-5.59599992632866,1.));
#3555=CARTESIAN_POINT('',(43.7235633679958,-7.28710517073658,1.));
#3556=CARTESIAN_POINT('Origin',(45.719999447465,-7.61999990791089,1.));
#3557=CARTESIAN_POINT('',(42.7213998054044,-8.13599989563227,1.));
#3558=CARTESIAN_POINT('Origin',(42.7213998054044,-7.11999990791082,1.));
#3559=CARTESIAN_POINT('',(26.6699996776879,-8.13599989563227,1.));
#3560=CARTESIAN_POINT('',(49.8474005969591,-8.13599989563227,1.));
#3561=CARTESIAN_POINT('',(24.6744271498074,-9.82637193141853,1.));
#3562=CARTESIAN_POINT('Origin',(26.6699996776879,-10.1591247428846,1.));
#3563=CARTESIAN_POINT('',(23.6713969723362,-10.6759998649359,1.));
#3564=CARTESIAN_POINT('Origin',(23.6713969723362,-9.65912112651125,1.));
#3565=CARTESIAN_POINT('',(62.2299992479384,-10.6759998649359,1.));
#3566=CARTESIAN_POINT('',(40.3224007120706,-10.6759998649359,1.));
#3567=CARTESIAN_POINT('',(64.5159992203116,-8.38999989256265,1.));
#3568=CARTESIAN_POINT('Origin',(62.2299992479384,-8.38999989256265,1.));
#3569=CARTESIAN_POINT('',(64.5159992203117,-3.80999995395541,1.));
#3570=CARTESIAN_POINT('',(64.5159992203116,-33.0200022720776,1.));
#3571=CARTESIAN_POINT('',(66.0399992018938,-2.28599997237325,1.));
#3572=CARTESIAN_POINT('Origin',(66.0399992018938,-3.80999995395541,1.));
#3573=CARTESIAN_POINT('',(80.0099990330637,-2.28599997237324,1.));
#3574=CARTESIAN_POINT('',(69.5324003590621,-2.28599997237325,1.));
#3575=CARTESIAN_POINT('',(81.5339990146458,-3.80999995395541,1.));
#3576=CARTESIAN_POINT('Origin',(80.0099990330636,-3.80999995395544,1.));
#3577=CARTESIAN_POINT('',(81.5339990146458,-13.9699998311698,1.));
#3578=CARTESIAN_POINT('',(81.5339990146458,-30.480002302774,1.));
#3579=CARTESIAN_POINT('',(82.5499990023673,-14.9859998188913,1.));
#3580=CARTESIAN_POINT('Origin',(82.5499990023673,-13.9699998311698,1.));
#3581=CARTESIAN_POINT('',(84.0739989839494,-16.5099998004735,1.));
#3582=CARTESIAN_POINT('Origin',(82.5499990023671,-16.5099998004736,1.));
#3583=CARTESIAN_POINT('',(84.0739989839494,-20.3199997544289,1.));
#3584=CARTESIAN_POINT('',(84.0739989839494,-36.830002226033,1.));
#3585=CARTESIAN_POINT('',(82.5499990023673,-21.843999736011,1.));
#3586=CARTESIAN_POINT('Origin',(82.5499990023673,-20.3199997544289,1.));
#3587=CARTESIAN_POINT('',(16.5099998004735,-21.843999736011,1.));
#3588=CARTESIAN_POINT('',(77.7874002592988,-21.843999736011,1.));
#3589=CARTESIAN_POINT('',(15.493999812752,-22.8599997237325,1.));
#3590=CARTESIAN_POINT('Origin',(16.5099998004735,-22.8599997237325,1.));
#3591=CARTESIAN_POINT('',(15.493999812752,-30.4799996316433,1.));
#3592=CARTESIAN_POINT('',(15.493999812752,-40.0050021876625,1.));
#3593=CARTESIAN_POINT('',(13.9699998311698,-32.0039996132255,1.));
#3594=CARTESIAN_POINT('Origin',(13.9699998311698,-30.4799996316433,1.));
#3595=CARTESIAN_POINT('',(5.59599992632865,-32.0039996132255,1.));
#3596=CARTESIAN_POINT('',(43.4974006737001,-32.0039996132255,1.));
#3597=CARTESIAN_POINT('',(5.59599992632865,-86.3599989563227,1.));
#3598=CARTESIAN_POINT('',(5.59599992632865,-71.7550018039576,1.));
#3599=CARTESIAN_POINT('',(7.51999990791075,-88.2839989379048,1.));
#3600=CARTESIAN_POINT('Origin',(7.51999990791075,-86.3599989563227,1.));
#3601=CARTESIAN_POINT('',(19.8226848147059,-88.2839989379048,1.));
#3602=CARTESIAN_POINT('',(49.0854006061681,-88.2839989379048,1.));
#3603=CARTESIAN_POINT('',(20.0170312392715,-89.7583810658308,1.));
#3604=CARTESIAN_POINT('Origin',(19.8226848147059,-89.0339989379048,1.));
#3605=CARTESIAN_POINT('',(8.90826604870252,-92.7387814828127,1.));
#3606=CARTESIAN_POINT('',(43.5089020766361,-83.4556840119037,1.));
#3607=CARTESIAN_POINT('',(9.28456633733549,-94.0938242710591,1.));
#3608=CARTESIAN_POINT('',(125.899998541921,-35.5599995702505,1.));
#3609=CARTESIAN_POINT('Origin',(120.649998541921,-35.5599995702505,1.));
#3610=CARTESIAN_POINT('',(35.7299996316433,-92.7099988795817,1.));
#3611=CARTESIAN_POINT('Origin',(30.4799996316433,-92.7099988795817,1.));
#3612=CARTESIAN_POINT('',(30.6499996930361,-27.9399996623397,1.));
#3613=CARTESIAN_POINT('Origin',(25.3999996930361,-27.9399996623397,1.));
#3614=CARTESIAN_POINT('',(125.899998541921,-73.6599991098046,1.));
#3615=CARTESIAN_POINT('Origin',(120.649998541921,-73.6599991098046,1.));
#3616=CARTESIAN_POINT('Origin',(137.159998342395,-93.4639988765121,0.));
#3617=CARTESIAN_POINT('',(137.659998342395,-93.4639988765121,0.));
#3618=CARTESIAN_POINT('Origin',(137.659998342395,-18.549999769777,0.));
#3619=CARTESIAN_POINT('',(140.453998308629,-18.549999769777,0.));
#3620=CARTESIAN_POINT('',(137.659998342395,-15.7559998035431,0.));
#3621=CARTESIAN_POINT('Origin',(140.453998308629,-19.0499997697771,0.));
#3622=CARTESIAN_POINT('',(140.453998308629,-90.6699989102783,0.));
#3623=CARTESIAN_POINT('Origin',(137.659998342395,-90.6699989102783,0.));
#3624=CARTESIAN_POINT('Origin',(103.369998756796,-14.7399998158216,0.));
#3625=CARTESIAN_POINT('',(102.353998769075,-14.7399998158216,0.));
#3626=CARTESIAN_POINT('',(103.369998756796,-15.7559998035431,0.));
#3627=CARTESIAN_POINT('Origin',(102.353998769075,-7.62090471857786,0.));
#3628=CARTESIAN_POINT('',(102.353998769075,-7.12090498717447,0.));
#3629=CARTESIAN_POINT('Origin',(81.7799990177154,-2.03999996930364,0.));
#3630=CARTESIAN_POINT('',(83.3039989992976,-2.03999996930364,0.));
#3631=CARTESIAN_POINT('',(81.7799990177154,-0.515999987721443,0.));
#3632=CARTESIAN_POINT('Origin',(83.3039989992976,-2.53999996930361,0.));
#3633=CARTESIAN_POINT('',(83.3039989992976,-4.57999993860722,0.));
#3634=CARTESIAN_POINT('Origin',(64.269999217242,-2.03999996930361,0.));
#3635=CARTESIAN_POINT('',(64.269999217242,-0.515999987721443,0.));
#3636=CARTESIAN_POINT('',(62.7459992356598,-2.03999996930361,0.));
#3637=CARTESIAN_POINT('Origin',(62.7459992356598,-5.07999993860722,0.));
#3638=CARTESIAN_POINT('',(62.7459992356598,-4.57999993860718,0.));
#3639=CARTESIAN_POINT('Origin',(42.7213998054044,-7.11999990791082,0.));
#3640=CARTESIAN_POINT('',(42.7213998054044,-8.13599989563227,0.));
#3641=CARTESIAN_POINT('',(43.7235633679958,-7.28710517073658,0.));
#3642=CARTESIAN_POINT('Origin',(26.6699996776879,-8.13599989563227,0.));
#3643=CARTESIAN_POINT('',(26.6699996776879,-8.13599989563227,0.));
#3644=CARTESIAN_POINT('Origin',(7.51999990791075,-86.3599989563227,0.));
#3645=CARTESIAN_POINT('',(5.59599992632865,-86.3599989563227,0.));
#3646=CARTESIAN_POINT('',(7.51999990791075,-88.2839989379048,0.));
#3647=CARTESIAN_POINT('Origin',(25.1459996961057,-88.2839989379048,0.));
#3648=CARTESIAN_POINT('',(19.8226848147059,-88.2839989379048,0.));
#3649=CARTESIAN_POINT('Origin',(62.2299992479384,-8.38999989256265,0.5));
#3650=CARTESIAN_POINT('',(62.2299992479384,-10.6759998649359,-2.6));
#3651=CARTESIAN_POINT('',(62.2299992479384,-10.6759998649359,0.5));
#3652=CARTESIAN_POINT('',(64.5159992203116,-8.38999989256265,-2.6));
#3653=CARTESIAN_POINT('Origin',(62.2299992479384,-8.38999989256265,-2.6));
#3654=CARTESIAN_POINT('',(64.5159992203116,-8.38999989256265,0.5));
#3655=CARTESIAN_POINT('Origin',(64.5159992203116,-8.88999989256263,1.));
#3656=CARTESIAN_POINT('',(64.5159992203117,-3.80999995395541,-2.6));
#3657=CARTESIAN_POINT('',(64.5159992203116,-8.88999989256263,-2.6));
#3658=CARTESIAN_POINT('',(64.5159992203117,-3.80999995395541,1.));
#3659=CARTESIAN_POINT('Origin',(7.11999990791083,-12.1999998465181,0.));
#3660=CARTESIAN_POINT('',(7.11999990791083,-10.6759998649359,-0.6));
#3661=CARTESIAN_POINT('',(5.59599992632865,-12.1999998465181,-0.6));
#3662=CARTESIAN_POINT('Origin',(7.11999990791083,-12.1999998465181,-0.6));
#3663=CARTESIAN_POINT('',(7.11999990791083,-10.6759998649359,0.));
#3664=CARTESIAN_POINT('',(5.59599992632865,-12.1999998465181,0.));
#3665=CARTESIAN_POINT('Origin',(5.59599992632865,-86.3599989563227,0.));
#3666=CARTESIAN_POINT('',(5.59599992632865,-32.0039996132255,-2.6));
#3667=CARTESIAN_POINT('',(5.59599992632865,-32.0039996132255,0.5));
#3668=CARTESIAN_POINT('',(5.59599992632865,-17.5099998004735,-2.6));
#3669=CARTESIAN_POINT('',(5.59599992632865,-46.6089994367212,-2.6));
#3670=CARTESIAN_POINT('',(5.59599992632865,-17.5099998004735,-0.6));
#3671=CARTESIAN_POINT('',(5.59599992632865,-17.5099998004735,0.5));
#3672=CARTESIAN_POINT('',(5.59599992632865,-51.752499374561,-0.6));
#3673=CARTESIAN_POINT('Origin',(23.6713969723362,-9.65912112651125,0.));
#3674=CARTESIAN_POINT('',(23.6713969723362,-10.6759998649359,0.));
#3675=CARTESIAN_POINT('',(24.6744271498074,-9.82637193141853,0.));
#3676=CARTESIAN_POINT('Origin',(7.61999990791082,-10.6759998649359,0.));
#3677=CARTESIAN_POINT('',(12.4299998618662,-10.6759998649359,-0.6));
#3678=CARTESIAN_POINT('',(26.3524996815249,-10.6759998649359,-0.6));
#3679=CARTESIAN_POINT('',(12.4299998618662,-10.6759998649359,-2.6));
#3680=CARTESIAN_POINT('',(12.4299998618662,-10.6759998649359,0.5));
#3681=CARTESIAN_POINT('',(23.7449997160584,-10.6759998649359,-2.6));
#3682=CARTESIAN_POINT('Origin',(84.3199989870191,-4.57999993860722,0.));
#3683=CARTESIAN_POINT('',(84.3199989870191,-5.59599992632866,0.));
#3684=CARTESIAN_POINT('Origin',(45.7199994474649,-5.59599992632866,0.));
#3685=CARTESIAN_POINT('',(100.829093708229,-5.59599992632866,0.));
#3686=CARTESIAN_POINT('Origin',(100.829093708229,-7.12090498717447,0.));
#3687=CARTESIAN_POINT('Origin',(61.7299992479384,-4.57999993860718,0.));
#3688=CARTESIAN_POINT('',(61.7299992479384,-5.59599992632866,0.));
#3689=CARTESIAN_POINT('Origin',(39.8699995242059,-6.85799991711974,-2.6));
#3690=CARTESIAN_POINT('',(12.4299998618662,-15.2399998158216,-2.6));
#3691=CARTESIAN_POINT('',(12.4299998618662,-11.4299998618662,-2.6));
#3692=CARTESIAN_POINT('',(10.1599998772144,-17.5099998004735,-2.6));
#3693=CARTESIAN_POINT('Origin',(10.1599998772144,-15.2399998158216,-2.6));
#3694=CARTESIAN_POINT('',(6.34999992325902,-17.5099998004735,-2.6));
#3695=CARTESIAN_POINT('',(13.9699998311698,-32.0039996132255,-2.6));
#3696=CARTESIAN_POINT('',(7.61999990791082,-32.0039996132255,-2.6));
#3697=CARTESIAN_POINT('',(15.493999812752,-30.4799996316433,-2.6));
#3698=CARTESIAN_POINT('Origin',(13.9699998311698,-30.4799996316433,-2.6));
#3699=CARTESIAN_POINT('',(15.493999812752,-22.8599997237325,-2.6));
#3700=CARTESIAN_POINT('',(15.493999812752,-30.4799996316433,-2.6));
#3701=CARTESIAN_POINT('',(16.5099998004735,-21.843999736011,-2.6));
#3702=CARTESIAN_POINT('Origin',(16.5099998004735,-22.8599997237325,-2.6));
#3703=CARTESIAN_POINT('',(77.7399990484118,-21.843999736011,-2.6));
#3704=CARTESIAN_POINT('',(16.5099998004735,-21.843999736011,-2.6));
#3705=CARTESIAN_POINT('',(77.7399990484118,-15.690316843888,-2.6));
#3706=CARTESIAN_POINT('',(77.7399990484118,-21.5899997390807,-2.6));
#3707=CARTESIAN_POINT('',(79.46031606113,-13.9699998311698,-2.6));
#3708=CARTESIAN_POINT('Origin',(79.46031606113,-15.690316843888,-2.6));
#3709=CARTESIAN_POINT('',(81.5339990146458,-13.9699998311698,-2.6));
#3710=CARTESIAN_POINT('',(81.2799990177155,-13.9699998311698,-2.6));
#3711=CARTESIAN_POINT('',(81.5339990146458,-3.80999995395541,-2.6));
#3712=CARTESIAN_POINT('',(81.5339990146458,-3.80999995395541,-2.6));
#3713=CARTESIAN_POINT('',(80.0099990330637,-2.28599997237324,-2.6));
#3714=CARTESIAN_POINT('Origin',(80.0099990330636,-3.80999995395544,-2.6));
#3715=CARTESIAN_POINT('',(78.7399990484118,-2.28599997237325,-2.6));
#3716=CARTESIAN_POINT('',(66.0399992018938,-2.28599997237325,-2.6));
#3717=CARTESIAN_POINT('',(78.7399990484118,-11.4299998618662,-2.6));
#3718=CARTESIAN_POINT('',(78.7399990484118,-2.28599997237325,-2.6));
#3719=CARTESIAN_POINT('',(67.3099991865456,-11.4299998618662,-2.6));
#3720=CARTESIAN_POINT('',(78.7399990484118,-11.4299998618662,-2.6));
#3721=CARTESIAN_POINT('',(67.3099991865456,-2.28599997237325,-2.6));
#3722=CARTESIAN_POINT('',(67.3099991865456,-2.28599997237325,-2.6));
#3723=CARTESIAN_POINT('',(66.0399992018938,-2.28599997237325,-2.6));
#3724=CARTESIAN_POINT('',(66.0399992018938,-2.28599997237325,-2.6));
#3725=CARTESIAN_POINT('Origin',(66.0399992018938,-3.80999995395541,-2.6));
#3726=CARTESIAN_POINT('Origin',(90.9239989072084,-84.454998979345,0.));
#3727=CARTESIAN_POINT('Origin',(102.869998756796,-15.7559998035431,0.));
#3728=CARTESIAN_POINT('Origin',(64.769999217242,-0.515999987721443,0.));
#3729=CARTESIAN_POINT('Origin',(26.6699996776879,-10.1591247428846,0.));
#3730=CARTESIAN_POINT('Origin',(45.719999447465,-7.61999990791089,0.));
#3731=CARTESIAN_POINT('',(45.7199994474649,-5.59599992632866,0.));
#3732=CARTESIAN_POINT('Origin',(77.2999982722103,5.08,-3.29999992623925));
#3733=CARTESIAN_POINT('',(79.2999982275069,-1.27,-3.29999992623925));
#3734=CARTESIAN_POINT('Origin',(77.2999982722103,-1.27,-3.29999992623925));
#3735=CARTESIAN_POINT('',(79.2999982275069,5.08,-3.29999992623925));
#3736=CARTESIAN_POINT('Origin',(79.2999982275069,5.08,-3.29999992623925));
#3737=CARTESIAN_POINT('',(79.2999982275069,-1.27,-1.19999997317754));
#3738=CARTESIAN_POINT('',(79.2999982275069,-1.27,0.700000118464231));
#3739=CARTESIAN_POINT('',(79.2999982275069,5.08,-1.19999997317754));
#3740=CARTESIAN_POINT('Origin',(67.2999982275069,5.08,-1.20001043488872));
#3741=CARTESIAN_POINT('',(67.2999982275069,-1.27,-1.20001043488872));
#3742=CARTESIAN_POINT('',(67.2999982275069,5.08,-1.20001043488872));
#3743=CARTESIAN_POINT('',(67.2999984957278,-1.27,-3.29999992623925));
#3744=CARTESIAN_POINT('',(67.2999982275069,-1.27,-5.29999988153577));
#3745=CARTESIAN_POINT('',(67.2999984957278,5.08,-3.29999992623925));
#3746=CARTESIAN_POINT('Origin',(69.2499984521419,5.08,-1.24999997206032));
#3747=CARTESIAN_POINT('',(69.2000036838408,-1.27,0.700000118464231));
#3748=CARTESIAN_POINT('',(69.2000036838408,5.08,0.700000118464231));
#3749=CARTESIAN_POINT('Origin',(69.2499984521419,-1.27,-1.24999997206032));
#3750=CARTESIAN_POINT('Origin',(77.3999930393938,5.08,0.700000118464231));
#3751=CARTESIAN_POINT('',(77.3999930393938,-1.27,0.700000118464231));
#3752=CARTESIAN_POINT('',(77.3999930393938,5.08,0.700000118464231));
#3753=CARTESIAN_POINT('',(67.2999982275069,-1.27,0.700000118464231));
#3754=CARTESIAN_POINT('Origin',(77.3499982710928,5.08,-1.24999997206032));
#3755=CARTESIAN_POINT('Origin',(77.3499982710928,-1.27,-1.24999997206032));
#3756=CARTESIAN_POINT('Origin',(69.2999984510243,5.08,-3.29999992623924));
#3757=CARTESIAN_POINT('Origin',(69.2999984510243,-1.27,-3.29999992623924));
#3758=CARTESIAN_POINT('Origin',(73.2999982275069,-1.27,-2.29999988153577));
#3759=CARTESIAN_POINT('',(77.5969990622252,-1.27,-2.79399996623397));
#3760=CARTESIAN_POINT('Origin',(76.1999990361333,-1.27,-2.79399996623396));
#3761=CARTESIAN_POINT('',(77.5969990622252,-1.27,-1.90499997564046));
#3762=CARTESIAN_POINT('',(77.5969990622421,-1.27,-2.54699992403178));
#3763=CARTESIAN_POINT('',(76.1999990791082,-1.27,-0.507999992325902));
#3764=CARTESIAN_POINT('Origin',(76.1999990791082,-1.27,-1.90499997544291));
#3765=CARTESIAN_POINT('',(69.8499991558492,-1.27,-0.507999992325903));
#3766=CARTESIAN_POINT('',(74.7499986533076,-1.27,-0.507999992325902));
#3767=CARTESIAN_POINT('',(68.4529990622252,-1.27,-1.90499997697771));
#3768=CARTESIAN_POINT('Origin',(69.849999046877,-1.27,-1.90499997697768));
#3769=CARTESIAN_POINT('',(68.4529990622252,-1.27,-2.79399996623397));
#3770=CARTESIAN_POINT('',(68.4529990622252,-1.27,-2.10249992925674));
#3771=CARTESIAN_POINT('Origin',(69.8499991558492,-1.27,-2.7939998987019));
#3772=CARTESIAN_POINT('Origin',(68.4529990622252,5.08,-1.90499997697771));
#3773=CARTESIAN_POINT('',(68.4529990622252,-2.28599997237325,-1.90499997697771));
#3774=CARTESIAN_POINT('',(68.4529990622252,5.08,-1.90499997697771));
#3775=CARTESIAN_POINT('',(68.4529990622252,-2.28599997237325,-2.79399996623397));
#3776=CARTESIAN_POINT('',(68.4529990622252,-2.28599997237325,-0.452499988488853));
#3777=CARTESIAN_POINT('',(68.4529990622252,5.08,-2.79399996623397));
#3778=CARTESIAN_POINT('Origin',(69.849999046877,5.08,-1.90499997697768));
#3779=CARTESIAN_POINT('',(69.8499991558492,-2.28599997237325,-0.507999992325903));
#3780=CARTESIAN_POINT('',(69.8499991558492,5.08,-0.507999992325903));
#3781=CARTESIAN_POINT('Origin',(69.849999046877,-2.28599997237325,-1.90499997697768));
#3782=CARTESIAN_POINT('Origin',(76.1999990791082,5.08,-0.507999992325902));
#3783=CARTESIAN_POINT('',(76.1999990791082,-2.28599997237325,-0.507999992325902));
#3784=CARTESIAN_POINT('',(76.1999990791082,5.08,-0.507999992325902));
#3785=CARTESIAN_POINT('',(71.119999140501,-2.28599997237325,-0.507999992325902));
#3786=CARTESIAN_POINT('Origin',(76.1999990791082,5.08,-1.90499997544291));
#3787=CARTESIAN_POINT('',(77.5969990622252,-2.28599997237325,-1.90499997564046));
#3788=CARTESIAN_POINT('',(77.5969990622252,5.08,-1.90499997564046));
#3789=CARTESIAN_POINT('Origin',(76.1999990791082,-2.28599997237325,-1.90499997544291));
#3790=CARTESIAN_POINT('Origin',(77.5969990622252,5.08,-2.79399996623397));
#3791=CARTESIAN_POINT('',(77.5969990622252,-2.28599997237325,-2.79399996623397));
#3792=CARTESIAN_POINT('',(77.5969990622252,5.08,-2.79399996623397));
#3793=CARTESIAN_POINT('',(77.5969990623549,-2.28599997237325,-0.896999983512099));
#3794=CARTESIAN_POINT('Origin',(76.1999990361333,5.08,-2.79399996623396));
#3795=CARTESIAN_POINT('',(76.1999990791082,-2.28599997237325,-4.19099999232591));
#3796=CARTESIAN_POINT('',(76.1999990791082,5.08,-4.19099999232591));
#3797=CARTESIAN_POINT('Origin',(76.1999990361333,-2.28599997237325,-2.79399996623396));
#3798=CARTESIAN_POINT('Origin',(69.8499991558492,5.08,-4.1909999923259));
#3799=CARTESIAN_POINT('',(69.8499991558492,-2.28599997237325,-4.1909999923259));
#3800=CARTESIAN_POINT('',(67.9449991788715,-2.28599997237325,-4.1909999923259));
#3801=CARTESIAN_POINT('',(69.8499991558492,5.08,-4.1909999923259));
#3802=CARTESIAN_POINT('Origin',(69.8499991558492,5.08,-2.7939998987019));
#3803=CARTESIAN_POINT('Origin',(69.8499991558492,-2.28599997237325,-2.7939998987019));
#3804=CARTESIAN_POINT('Origin',(9.52499988488853,-14.6049998234957,1.));
#3805=CARTESIAN_POINT('',(8.72499988488853,-14.6049998234957,-0.6));
#3806=CARTESIAN_POINT('Origin',(9.52499988488853,-14.6049998234957,-0.6));
#3807=CARTESIAN_POINT('',(8.72499988488853,-14.6049998234957,-3.6));
#3808=CARTESIAN_POINT('',(8.72499988488853,-14.6049998234957,1.));
#3809=CARTESIAN_POINT('Origin',(9.52499988488853,-14.6049998234957,-3.6));
#3810=CARTESIAN_POINT('Origin',(9.52499988488853,-14.6049998234957,-3.6));
#3811=CARTESIAN_POINT('Origin',(80.6449990253896,-18.4149997774512,1.));
#3812=CARTESIAN_POINT('',(79.8449990253896,-18.4149997774512,-0.6));
#3813=CARTESIAN_POINT('Origin',(80.6449990253896,-18.4149997774512,-0.6));
#3814=CARTESIAN_POINT('',(79.8449990253896,-18.4149997774512,-3.6));
#3815=CARTESIAN_POINT('',(79.8449990253896,-18.4149997774512,1.));
#3816=CARTESIAN_POINT('Origin',(80.6449990253896,-18.4149997774512,-3.6));
#3817=CARTESIAN_POINT('Origin',(80.6449990253896,-18.4149997774512,-3.6));
#3818=CARTESIAN_POINT('Origin',(78.7399990484118,-2.28599997237325,1.));
#3819=CARTESIAN_POINT('',(78.7399990484118,-2.28599997237325,-4.2));
#3820=CARTESIAN_POINT('',(78.7399990484118,-2.28599997237325,1.));
#3821=CARTESIAN_POINT('',(78.7399990484118,-11.4299998618662,-4.2));
#3822=CARTESIAN_POINT('',(78.7399990484118,-2.53999996930361,-4.2));
#3823=CARTESIAN_POINT('',(78.7399990484118,-11.4299998618662,1.));
#3824=CARTESIAN_POINT('Origin',(78.7399990484118,-11.4299998618662,1.));
#3825=CARTESIAN_POINT('',(67.3099991865456,-11.4299998618662,-4.2));
#3826=CARTESIAN_POINT('',(78.7399990484118,-11.4299998618662,-4.2));
#3827=CARTESIAN_POINT('',(67.3099991865456,-11.4299998618662,1.));
#3828=CARTESIAN_POINT('Origin',(67.3099991865456,-11.4299998618662,1.));
#3829=CARTESIAN_POINT('',(67.3099991865456,-2.28599997237325,-4.2));
#3830=CARTESIAN_POINT('',(67.3099991865456,-2.28599997237325,-4.2));
#3831=CARTESIAN_POINT('',(67.3099991865456,-2.28599997237325,1.));
#3832=CARTESIAN_POINT('Origin',(73.0249991174787,-6.85799991711974,-4.2));
#3833=CARTESIAN_POINT('',(66.0399992018938,-2.28599997237325,-4.2));
#3834=CARTESIAN_POINT('Origin',(66.0399992018938,-2.28599997237325,1.));
#3835=CARTESIAN_POINT('',(80.0099990330637,-2.28599997237324,1.));
#3836=CARTESIAN_POINT('',(66.0399992018938,-2.28599997237325,1.));
#3837=CARTESIAN_POINT('Origin',(6.09599992632866,-17.5099998004735,1.));
#3838=CARTESIAN_POINT('',(10.1599998772144,-17.5099998004735,-0.6));
#3839=CARTESIAN_POINT('',(25.5904996907339,-17.5099998004735,-0.6));
#3840=CARTESIAN_POINT('',(10.1599998772144,-17.5099998004735,1.));
#3841=CARTESIAN_POINT('Origin',(10.1599998772144,-15.2399998158216,1.));
#3842=CARTESIAN_POINT('',(12.4299998618662,-15.2399998158216,-0.6));
#3843=CARTESIAN_POINT('Origin',(10.1599998772144,-15.2399998158216,-0.6));
#3844=CARTESIAN_POINT('',(12.4299998618662,-15.2399998158216,1.));
#3845=CARTESIAN_POINT('Origin',(12.4299998618662,-15.2399998158216,1.));
#3846=CARTESIAN_POINT('',(12.4299998618662,-16.1924998043105,-0.6));
#3847=CARTESIAN_POINT('Origin',(77.7399990484118,-15.690316843888,1.));
#3848=CARTESIAN_POINT('',(77.7399990484118,-15.690316843888,-0.6));
#3849=CARTESIAN_POINT('',(77.7399990484118,-21.843999736011,-0.6));
#3850=CARTESIAN_POINT('',(77.7399990484118,-16.4176583183437,-0.6));
#3851=CARTESIAN_POINT('',(77.7399990484118,-15.690316843888,1.));
#3852=CARTESIAN_POINT('',(77.7399990484118,-21.843999736011,1.));
#3853=CARTESIAN_POINT('Origin',(79.46031606113,-15.690316843888,1.));
#3854=CARTESIAN_POINT('',(79.46031606113,-13.9699998311698,-0.6));
#3855=CARTESIAN_POINT('Origin',(79.46031606113,-15.690316843888,-0.6));
#3856=CARTESIAN_POINT('',(79.46031606113,-13.9699998311698,1.));
#3857=CARTESIAN_POINT('Origin',(81.5339990146458,-13.9699998311698,1.));
#3858=CARTESIAN_POINT('',(81.5339990146458,-13.9699998311698,-0.6));
#3859=CARTESIAN_POINT('',(63.3094992348924,-13.9699998311698,-0.6));
#3860=CARTESIAN_POINT('',(81.5339990146458,-13.9699998311698,1.));
#3861=CARTESIAN_POINT('Origin',(45.084999455139,-17.1449997927994,-0.6));
#3862=CARTESIAN_POINT('Origin',(13.9699998311698,-30.4799996316433,1.));
#3863=CARTESIAN_POINT('',(15.493999812752,-30.4799996316433,1.));
#3864=CARTESIAN_POINT('',(13.9699998311698,-32.0039996132255,1.));
#3865=CARTESIAN_POINT('Origin',(15.493999812752,-22.8599997237325,1.));
#3866=CARTESIAN_POINT('',(15.493999812752,-22.8599997237325,1.));
#3867=CARTESIAN_POINT('Origin',(16.5099998004735,-22.8599997237325,1.));
#3868=CARTESIAN_POINT('',(16.5099998004735,-21.843999736011,1.));
#3869=CARTESIAN_POINT('Origin',(82.5499990023673,-21.843999736011,1.));
#3870=CARTESIAN_POINT('',(82.5499990023673,-21.843999736011,-0.6));
#3871=CARTESIAN_POINT('',(82.5499990023673,-21.843999736011,1.));
#3872=CARTESIAN_POINT('',(16.5099998004735,-21.843999736011,-0.6));
#3873=CARTESIAN_POINT('Origin',(82.5499990023673,-20.3199997544289,1.));
#3874=CARTESIAN_POINT('',(84.0739989839494,-20.3199997544289,-0.6));
#3875=CARTESIAN_POINT('',(84.0739989839494,-20.3199997544289,1.));
#3876=CARTESIAN_POINT('Origin',(82.5499990023673,-20.3199997544289,-0.6));
#3877=CARTESIAN_POINT('Origin',(84.0739989839494,-16.5099998004735,1.));
#3878=CARTESIAN_POINT('',(84.0739989839494,-16.5099998004735,-0.6));
#3879=CARTESIAN_POINT('',(84.0739989839494,-16.5099998004735,1.));
#3880=CARTESIAN_POINT('',(84.0739989839494,-16.5099998004735,-0.6));
#3881=CARTESIAN_POINT('Origin',(82.5499990023671,-16.5099998004736,1.));
#3882=CARTESIAN_POINT('',(82.5499990023673,-14.9859998188913,-0.6));
#3883=CARTESIAN_POINT('',(82.5499990023673,-14.9859998188913,1.));
#3884=CARTESIAN_POINT('Origin',(82.5499990023671,-16.5099998004736,-0.6));
#3885=CARTESIAN_POINT('Origin',(82.5499990023673,-13.9699998311698,1.));
#3886=CARTESIAN_POINT('',(81.5339990146458,-13.9699998311698,1.));
#3887=CARTESIAN_POINT('Origin',(82.5499990023673,-13.9699998311698,-0.6));
#3888=CARTESIAN_POINT('Origin',(81.5339990146458,-3.80999995395541,1.));
#3889=CARTESIAN_POINT('',(81.5339990146458,-3.80999995395541,1.));
#3890=CARTESIAN_POINT('Origin',(80.0099990330636,-3.80999995395544,1.));
#3891=CARTESIAN_POINT('Origin',(66.0399992018938,-3.80999995395541,1.));
#3892=CARTESIAN_POINT('Origin',(13.9699998311698,-32.0039996132255,1.));
#3893=CARTESIAN_POINT('Origin',(45.084999455139,-17.1449997927994,-0.6));
#3894=CARTESIAN_POINT('Origin',(120.649998541921,-35.5599995702505,3.));
#3895=CARTESIAN_POINT('',(123.899998541921,-35.5599995702505,3.));
#3896=CARTESIAN_POINT('Origin',(120.649998541921,-35.5599995702505,3.));
#3897=CARTESIAN_POINT('Origin',(125.899998541921,-35.5599995702505,3.));
#3898=CARTESIAN_POINT('Origin',(120.649998541921,-73.6599991098046,3.));
#3899=CARTESIAN_POINT('',(123.899998541921,-73.6599991098046,3.));
#3900=CARTESIAN_POINT('Origin',(120.649998541921,-73.6599991098046,3.));
#3901=CARTESIAN_POINT('Origin',(125.899998541921,-73.6599991098046,3.));
#3902=CARTESIAN_POINT('Origin',(30.4799996316433,-92.7099988795817,3.));
#3903=CARTESIAN_POINT('',(33.7299996316433,-92.7099988795817,3.));
#3904=CARTESIAN_POINT('Origin',(30.4799996316433,-92.7099988795817,3.));
#3905=CARTESIAN_POINT('Origin',(35.7299996316433,-92.7099988795817,3.));
#3906=CARTESIAN_POINT('Origin',(25.3999996930361,-27.9399996623397,3.));
#3907=CARTESIAN_POINT('',(28.6499996930361,-27.9399996623397,3.));
#3908=CARTESIAN_POINT('Origin',(25.3999996930361,-27.9399996623397,3.));
#3909=CARTESIAN_POINT('Origin',(30.6499996930361,-27.9399996623397,3.));
#3910=CARTESIAN_POINT('Origin',(120.649998541921,-73.6599991098046,0.));
#3911=CARTESIAN_POINT('',(119.849998541921,-73.6599991098046,0.));
#3912=CARTESIAN_POINT('Origin',(120.649998541921,-73.6599991098046,0.));
#3913=CARTESIAN_POINT('Origin',(25.3999996930361,-27.9399996623397,0.));
#3914=CARTESIAN_POINT('',(24.5999996930361,-27.9399996623397,0.));
#3915=CARTESIAN_POINT('Origin',(25.3999996930361,-27.9399996623397,0.));
#3916=CARTESIAN_POINT('Origin',(30.4799996316433,-92.7099988795817,0.));
#3917=CARTESIAN_POINT('',(29.6799996316433,-92.7099988795817,0.));
#3918=CARTESIAN_POINT('Origin',(30.4799996316433,-92.7099988795817,0.));
#3919=CARTESIAN_POINT('Origin',(120.649998541921,-35.5599995702505,0.));
#3920=CARTESIAN_POINT('',(119.849998541921,-35.5599995702505,0.));
#3921=CARTESIAN_POINT('Origin',(120.649998541921,-35.5599995702505,0.));
#3922=CARTESIAN_POINT('Origin',(120.649998541921,-35.5599995702505,1.));
#3923=CARTESIAN_POINT('',(119.849998541921,-35.5599995702505,3.));
#3924=CARTESIAN_POINT('Origin',(120.649998541921,-35.5599995702505,3.));
#3925=CARTESIAN_POINT('',(119.849998541921,-35.5599995702505,1.));
#3926=CARTESIAN_POINT('Origin',(120.649998541921,-35.5599995702505,3.));
#3927=CARTESIAN_POINT('Origin',(25.3999996930361,-27.9399996623397,1.));
#3928=CARTESIAN_POINT('',(24.5999996930361,-27.9399996623397,3.));
#3929=CARTESIAN_POINT('Origin',(25.3999996930361,-27.9399996623397,3.));
#3930=CARTESIAN_POINT('',(24.5999996930361,-27.9399996623397,1.));
#3931=CARTESIAN_POINT('Origin',(25.3999996930361,-27.9399996623397,3.));
#3932=CARTESIAN_POINT('Origin',(120.649998541921,-73.6599991098046,1.));
#3933=CARTESIAN_POINT('',(119.849998541921,-73.6599991098046,3.));
#3934=CARTESIAN_POINT('Origin',(120.649998541921,-73.6599991098046,3.));
#3935=CARTESIAN_POINT('',(119.849998541921,-73.6599991098046,1.));
#3936=CARTESIAN_POINT('Origin',(120.649998541921,-73.6599991098046,3.));
#3937=CARTESIAN_POINT('Origin',(30.4799996316433,-92.7099988795817,1.));
#3938=CARTESIAN_POINT('',(29.6799996316433,-92.7099988795817,3.));
#3939=CARTESIAN_POINT('Origin',(30.4799996316433,-92.7099988795817,3.));
#3940=CARTESIAN_POINT('',(29.6799996316433,-92.7099988795817,1.));
#3941=CARTESIAN_POINT('Origin',(30.4799996316433,-92.7099988795817,3.));
#3942=CARTESIAN_POINT('Origin',(19.8226848147059,-89.0339989379048,0.));
#3943=CARTESIAN_POINT('',(20.0170312392715,-89.7583810658308,0.));
#3944=CARTESIAN_POINT('Origin',(9.39120598925623,-92.6092122304691,0.));
#3945=CARTESIAN_POINT('',(8.90826604870251,-92.7387814828127,0.));
#3946=CARTESIAN_POINT('Origin',(45.7199994474649,-5.59599992632866,0.));
#3947=CARTESIAN_POINT('Origin',(14.2457903044517,-111.958999931536,0.));
#3948=CARTESIAN_POINT('Origin',(2.53999996930361,-8.88999989256263,0.));
#3949=CARTESIAN_POINT('Origin',(143.50960306006,-94.665471956993,0.));
#3950=UNCERTAINTY_MEASURE_WITH_UNIT(LENGTH_MEASURE(0.01),#3954,
'DISTANCE_ACCURACY_VALUE',
'Maximum model space distance between geometric entities at asserted c
onnectivities');
#3951=UNCERTAINTY_MEASURE_WITH_UNIT(LENGTH_MEASURE(0.01),#3954,
'DISTANCE_ACCURACY_VALUE',
'Maximum model space distance between geometric entities at asserted c
onnectivities');
#3952=(
GEOMETRIC_REPRESENTATION_CONTEXT(3)
GLOBAL_UNCERTAINTY_ASSIGNED_CONTEXT((#3950))
GLOBAL_UNIT_ASSIGNED_CONTEXT((#3954,#3955,#3956))
REPRESENTATION_CONTEXT('','3D')
);
#3953=(
GEOMETRIC_REPRESENTATION_CONTEXT(3)
GLOBAL_UNCERTAINTY_ASSIGNED_CONTEXT((#3951))
GLOBAL_UNIT_ASSIGNED_CONTEXT((#3954,#3955,#3956))
REPRESENTATION_CONTEXT('','3D')
);
#3954=(
LENGTH_UNIT()
NAMED_UNIT(*)
SI_UNIT(.MILLI.,.METRE.)
);
#3955=(
NAMED_UNIT(*)
PLANE_ANGLE_UNIT()
SI_UNIT($,.RADIAN.)
);
#3956=(
NAMED_UNIT(*)
SI_UNIT($,.STERADIAN.)
SOLID_ANGLE_UNIT()
);
#3957=SHAPE_DEFINITION_REPRESENTATION(#3958,#3959);
#3958=PRODUCT_DEFINITION_SHAPE('',$,#3961);
#3959=SHAPE_REPRESENTATION('',(#2261),#3952);
#3960=PRODUCT_DEFINITION_CONTEXT('part definition',#3965,'design');
#3961=PRODUCT_DEFINITION('case-model-2','case-model-2 v28',#3962,#3960);
#3962=PRODUCT_DEFINITION_FORMATION('',$,#3967);
#3963=PRODUCT_RELATED_PRODUCT_CATEGORY('case-model-2 v28',
'case-model-2 v28',(#3967));
#3964=APPLICATION_PROTOCOL_DEFINITION('international standard',
'automotive_design',2009,#3965);
#3965=APPLICATION_CONTEXT(
'Core Data for Automotive Mechanical Design Process');
#3966=PRODUCT_CONTEXT('part definition',#3965,'mechanical');
#3967=PRODUCT('case-model-2','case-model-2 v28',$,(#3966));
#3968=PRESENTATION_STYLE_ASSIGNMENT((#3969));
#3969=SURFACE_STYLE_USAGE(.BOTH.,#3970);
#3970=SURFACE_SIDE_STYLE('',(#3971));
#3971=SURFACE_STYLE_FILL_AREA(#3972);
#3972=FILL_AREA_STYLE('Steel - Satin',(#3973));
#3973=FILL_AREA_STYLE_COLOUR('Steel - Satin',#3974);
#3974=COLOUR_RGB('Steel - Satin',0.627450980392157,0.627450980392157,0.627450980392157);
ENDSEC;
END-ISO-10303-21;
